Source File	Size	loadResources	load	generateSnapshots	load-configure	scan	loadDepInfo	loadInfo	checkR4R4B	generateNarratives	validate	loadLists	checkConformanceResources	checkConformanceResources2	checkConformanceResources3	generateLogicalMaps	validateExpressions	scanForUsageStats	checkURLsUnique	processProvenanceDetails	translate	generate1	generate2	generateLogicals	makeDependencies	generateExampleZip	generateValidationPack	scanProfilesForR5	scanExamplesForR5
/fsh-generated/resources/ImplementationGuide-mii-ig-onko-de.json	263042	-	0	0	1	0	0	0	26	70	0	0	0	0	0	0	0	3	0	0	95	505	2878	0	0	0	21	0	4
fsh-generated/resources/AdverseEvent-mii-exa-onko-nebenwirkung-anaemie-grad3.json	1522	5	0	0	1	0	0	0	0	14	0	0	0	0	0	0	0	0	0	0	17	8	53	0	0	0	0	0	0
fsh-generated/resources/AdverseEvent-mii-exa-onko-nebenwirkung-crs-grad4.json	1581	3	0	0	0	0	0	0	0	8	0	0	0	0	0	0	0	0	0	0	11	7	47	0	0	0	0	0	0
fsh-generated/resources/AdverseEvent-mii-exa-onko-nebenwirkung-rektale-mukositis-grad2.json	1425	2	0	0	0	0	0	0	0	949	0	0	0	0	0	0	0	0	0	0	9	6	47	0	0	0	0	0	0
fsh-generated/resources/AdverseEvent-mii-exa-onko-oxaliplatin-neuropathy.json	1373	2	0	0	0	0	0	0	0	10	0	0	0	0	0	0	0	0	0	0	8	7	50	0	0	0	0	0	0
fsh-generated/resources/AdverseEvent-mii-pr-onko-nebenwirkung-0.json	1480	3	0	0	0	0	0	0	0	6	0	0	0	0	0	0	0	0	0	0	8	7	46	0	0	0	0	0	0
fsh-generated/resources/AdverseEvent-mii-pr-onko-nebenwirkung-text.json	774	2	0	0	0	0	0	0	0	5	0	0	0	0	0	0	0	0	0	0	8	6	44	0	0	0	0	0	0
fsh-generated/resources/Bundle-mii-exa-onko-cup-bundle.json	14323	3	14	0	0	0	0	0	1	1424	0	0	0	0	0	0	0	0	0	0	17	31	119	0	0	0	0	0	0
fsh-generated/resources/Bundle-mii-exa-onko-folfox-workflow-bundle.json	40448	7	21	0	1	0	0	0	1	163	0	0	0	0	0	0	0	1	0	0	11	63	327	0	0	0	0	0	0
fsh-generated/resources/Bundle-mii-exa-onko-kim-musterperson-synthesized.json	55446	7	17	0	0	0	0	0	3	476	0	0	0	0	0	0	0	0	0	0	10	74	440	0	0	0	0	0	0
fsh-generated/resources/Bundle-mii-exa-onko-krk-bundle.json	17333	4	6	0	0	0	0	0	1	1871	0	0	0	0	0	0	0	0	0	0	10	29	5460	0	0	0	0	0	0
fsh-generated/resources/Bundle-mii-exa-onko-mamma-example-bundle-1.json	12829	3	2	0	0	0	0	0	0	411	0	0	0	0	0	0	0	0	0	0	10	20	1321	0	0	0	0	0	0
fsh-generated/resources/Bundle-mii-exa-onko-melanom-bundle.json	13730	2	3	0	0	0	0	0	1	2145	0	0	0	0	0	0	0	0	0	0	10	23	6286	0	0	0	0	0	0
fsh-generated/resources/Bundle-mii-exa-onko-prostata-example-bundle-1.json	16870	3	2	0	0	0	0	0	1	11	0	0	0	0	0	0	0	0	0	0	10	27	141	0	0	0	0	0	0
fsh-generated/resources/Bundle-mii-exa-onko-tnm-bundle-legacy.json	10678	1	1	0	0	0	0	0	0	7	0	0	0	0	0	0	0	0	0	0	9	16	62	0	0	0	0	0	0
fsh-generated/resources/Bundle-mii-exa-onko-tnm-bundle-synthesized.json	21870	4	3	0	0	0	0	0	1	12	0	0	0	0	0	0	0	0	0	0	10	31	136	0	0	0	0	0	0
fsh-generated/resources/Bundle-mii-exa-onko-tnm-bundle.json	11218	2	1	0	0	0	0	0	1	5	0	0	0	0	0	0	0	0	0	0	10	17	63	0	0	0	0	0	0
fsh-generated/resources/CapabilityStatement-mii-cps-onko-capabilitystatement.json	93466	9	0	0	0	0	0	0	3	59	0	0	0	0	0	0	0	0	0	0	12	146	193	0	1	0	7	0	1
fsh-generated/resources/CarePlan-PatientKimMusterperson-Tumorkonferenz-1.json	2020	2	0	0	1	0	0	0	0	6	0	0	0	0	0	0	0	0	0	0	10	8	21	0	0	0	0	0	0
fsh-generated/resources/CarePlan-PatientKimMusterperson-Tumorkonferenz-2.json	1406	2	0	0	0	0	0	0	0	3	0	0	0	0	0	0	0	0	0	0	10	6	17	0	0	0	0	0	0
fsh-generated/resources/CarePlan-PatientKimMusterperson-Tumorkonferenz-3.json	1550	2	0	0	0	0	0	0	0	5	0	0	0	0	0	0	0	0	0	0	10	7	21	0	0	0	0	0	0
fsh-generated/resources/CarePlan-PatientKimMusterperson-Tumorkonferenz-4.json	1651	2	0	0	0	0	0	0	0	5	0	0	0	0	0	0	0	1	0	0	10	7	22	0	0	0	0	0	0
fsh-generated/resources/CarePlan-mii-exa-onko-kim-tk1.json	1265	1	0	0	0	0	0	0	0	4	0	0	0	0	0	0	0	0	0	0	9	5	21	0	0	0	0	0	0
fsh-generated/resources/CarePlan-mii-exa-onko-kim-tk2.json	1223	2	0	0	0	0	0	0	0	3	0	0	0	0	0	0	0	0	0	0	9	6	23	0	0	0	0	0	0
fsh-generated/resources/CarePlan-mii-exa-onko-kim-tk3.json	1265	2	0	0	0	0	0	0	0	4	0	0	0	0	0	0	0	0	0	0	9	6	21	0	0	0	0	0	0
fsh-generated/resources/CarePlan-mii-exa-onko-kim-tk4.json	1348	2	0	0	0	0	0	0	1	4	0	0	0	0	0	0	0	0	0	0	10	7	25	0	0	0	0	0	0
fsh-generated/resources/CarePlan-mii-exa-onko-tnm-synth-tumorkonferenz.json	1295	2	0	0	1	0	0	0	0	4	0	0	0	0	0	0	0	0	0	0	8	6	22	0	0	0	0	0	0
fsh-generated/resources/CarePlan-mii-exa-onko-tumorkonferenz-01.json	1013	1	0	0	0	0	0	0	0	4	0	0	0	0	0	0	0	0	0	0	9	5	13	0	0	0	0	0	0
fsh-generated/resources/CarePlan-mii-exa-onko-tumorkonferenz-02.json	1966	2	0	0	0	0	0	0	0	5	0	0	0	0	0	0	0	0	0	0	9	7	16	0	0	0	0	0	0
fsh-generated/resources/CarePlan-mii-exa-onko-tumorkonferenz-folfox-modification.json	1246	1	0	0	0	0	0	0	0	4	0	0	0	0	0	0	0	0	0	0	9	6	21	0	0	0	0	0	0
fsh-generated/resources/CarePlan-mii-exa-onko-tumorkonferenz-folfox.json	1208	1	0	0	0	0	0	0	0	4	0	0	0	0	0	0	0	0	0	0	8	6	21	0	0	0	0	0	0
fsh-generated/resources/CarePlan-mii-exa-onko-tumorkonferenz-mixed-approach.json	1488	1	0	0	0	0	0	0	0	6	0	0	0	0	0	0	0	0	0	0	9	7	20	0	0	0	0	0	0
fsh-generated/resources/CarePlan-mii-exa-onko-tumorkonferenz-molekular.json	2121	2	0	0	0	0	0	0	0	6	0	0	0	0	0	0	0	0	0	0	8	7	17	0	0	0	0	0	0
fsh-generated/resources/CarePlan-mii-exa-onko-tumorkonferenz-pure-molecular.json	1447	1	0	0	0	0	0	0	0	884	0	0	0	0	0	0	0	0	0	0	7	7	25	0	0	0	0	0	0
fsh-generated/resources/CodeSystem-meddra.json	30824	9	0	0	1	0	0	0	4	61	0	0	1	0	0	0	0	0	0	0	10	129	530	0	0	0	11	0	0
fsh-generated/resources/CodeSystem-mii-cs-onko-allgemeiner-leistungszustand-ecog.json	6194	1	0	0	0	0	0	0	0	3	0	0	1	0	0	0	0	0	0	0	9	20	62	0	0	0	1	0	0
fsh-generated/resources/CodeSystem-mii-cs-onko-allgemeiner-leistungszustand-karnofsky.json	5869	1	0	0	0	0	0	0	0	4	0	0	0	0	0	0	0	0	0	0	8	14	61	0	0	0	0	0	0
fsh-generated/resources/CodeSystem-mii-cs-onko-asa-obds.json	6085	2	0	0	0	0	0	0	1	3	0	0	0	0	0	0	0	0	0	0	8	14	58	0	0	0	0	0	0
fsh-generated/resources/CodeSystem-mii-cs-onko-fernmetastasen.json	6066	1	0	0	0	0	0	0	0	3	0	0	1	0	0	0	0	0	0	0	7	18	62	0	0	0	1	0	0
fsh-generated/resources/CodeSystem-mii-cs-onko-genetische-variante-auspraegung.json	5473	1	0	0	0	0	0	0	0	2	0	0	0	0	0	0	0	0	0	0	7	11	55	1	0	0	0	0	0
fsh-generated/resources/CodeSystem-mii-cs-onko-grading.json	6132	1	0	0	0	0	0	0	1	3	0	0	0	0	0	0	0	0	0	0	7	14	58	0	0	0	0	0	0
fsh-generated/resources/CodeSystem-mii-cs-onko-intention.json	5499	1	0	0	0	0	0	0	0	3	0	0	0	0	0	0	0	0	0	0	8	11	54	0	0	0	1	0	0
fsh-generated/resources/CodeSystem-mii-cs-onko-krk-anastomoseninsuffizienz.json	5583	2	0	0	1	0	0	0	0	3	0	0	1	0	0	0	0	0	0	0	8	11	51	0	0	0	0	0	0
fsh-generated/resources/CodeSystem-mii-cs-onko-krk-mrt-mesorektale-faszie-status.json	5798	1	0	0	0	0	0	0	1	3	0	0	0	0	0	0	0	0	0	0	8	11	49	0	0	0	0	0	0
fsh-generated/resources/CodeSystem-mii-cs-onko-krk-operationstyp.json	5581	2	0	0	0	0	0	0	0	3	0	0	0	0	0	0	0	0	0	0	9	11	48	0	0	0	1	0	0
fsh-generated/resources/CodeSystem-mii-cs-onko-krk-stoma-anzeichnung.json	5982	2	0	0	0	0	0	0	0	3	0	0	0	0	0	0	0	0	0	0	8	11	59	0	0	0	0	0	1
fsh-generated/resources/CodeSystem-mii-cs-onko-krk-tme-qualitaet.json	5222	2	0	0	0	0	0	0	1	4	0	0	0	0	0	0	0	0	0	0	8	10	47	0	0	0	0	0	0
fsh-generated/resources/CodeSystem-mii-cs-onko-mamma-her2neu-status-leitlinie.json	5870	2	0	0	0	0	0	0	0	4	0	0	0	0	0	0	0	0	0	0	8	12	46	0	0	0	1	0	0
fsh-generated/resources/CodeSystem-mii-cs-onko-mamma-her2neu-status-obds.json	5395	2	0	0	0	0	0	0	0	4	0	0	1	0	0	0	0	0	0	0	7	10	45	0	0	0	0	0	0
fsh-generated/resources/CodeSystem-mii-cs-onko-mamma-rezeptorstatus-leitlinie.json	5486	2	0	0	0	0	0	0	0	4	0	0	0	0	0	0	0	0	0	0	8	12	45	0	0	0	0	0	0
fsh-generated/resources/CodeSystem-mii-cs-onko-melanom-ulzeration.json	5261	2	0	0	0	0	0	0	1	4	0	0	0	0	0	0	0	0	0	0	8	10	44	0	0	0	1	0	0
fsh-generated/resources/CodeSystem-mii-cs-onko-nebenwirkung-ctcae-grad.json	5733	2	0	0	0	0	0	0	0	3	0	0	0	0	0	0	0	0	0	0	9	11	47	0	0	0	0	0	0
fsh-generated/resources/CodeSystem-mii-cs-onko-nebenwirkung-ctcae-version.json	5366	2	0	0	0	0	0	0	0	4	0	0	0	0	0	0	0	0	0	0	9	10	45	0	0	0	0	0	0
fsh-generated/resources/CodeSystem-mii-cs-onko-nebenwirkung-meddra-de.json	648438	50	0	0	0	0	0	0	34	343	0	0	1	0	0	0	0	4	0	0	59	1111	1709	0	0	0	76	0	3
fsh-generated/resources/CodeSystem-mii-cs-onko-operation-komplikation.json	11591	4	0	0	0	0	0	0	1	10	0	0	0	0	0	0	0	0	0	0	10	33	84	0	0	0	2	0	0
fsh-generated/resources/CodeSystem-mii-cs-onko-operation-urgency.json	5593	2	0	0	0	0	0	0	1	5	0	0	0	0	0	0	0	0	0	0	10	11	44	0	0	0	0	0	0
fsh-generated/resources/CodeSystem-mii-cs-onko-primaertumor-diagnosesicherung.json	8087	2	0	0	1	0	0	0	0	5	0	0	0	0	0	0	0	0	0	0	9	16	49	0	0	0	1	0	0
fsh-generated/resources/CodeSystem-mii-cs-onko-prostata-postsurgical-complications.json	5321	2	0	0	0	0	0	0	0	4	0	0	1	0	0	0	0	0	0	0	9	11	45	0	0	0	0	0	0
fsh-generated/resources/CodeSystem-mii-cs-onko-residualstatus.json	5689	2	0	0	0	0	0	0	1	4	0	0	0	0	0	0	0	0	0	0	9	10	43	0	0	0	1	0	0
fsh-generated/resources/CodeSystem-mii-cs-onko-seitenlokalisation.json	5739	2	0	0	0	0	0	0	0	4	0	0	0	0	0	0	0	0	0	0	9	12	44	0	0	0	0	0	0
fsh-generated/resources/CodeSystem-mii-cs-onko-strahlentherapie-applikationsart.json	7778	2	0	0	0	0	0	0	0	6	0	0	0	0	0	0	0	0	0	0	9	17	52	0	0	0	1	0	0
fsh-generated/resources/CodeSystem-mii-cs-onko-strahlentherapie-boost.json	5525	2	0	0	0	0	0	0	1	4	0	0	0	0	0	0	0	0	0	0	8	11	51	0	0	0	0	0	0
fsh-generated/resources/CodeSystem-mii-cs-onko-strahlentherapie-strahlenart.json	6520	2	0	0	0	0	0	0	0	4	0	0	0	0	0	0	0	0	0	0	9	14	49	0	0	0	0	0	0
fsh-generated/resources/CodeSystem-mii-cs-onko-strahlentherapie-zielgebiet-2014.json	16518	3	0	0	0	0	0	0	1	15	0	0	1	0	0	0	0	0	0	0	10	52	92	0	0	0	3	0	0
fsh-generated/resources/CodeSystem-mii-cs-onko-strahlentherapie-zielgebiet.json	12446	2	0	0	0	0	0	0	1	7	0	0	0	0	0	0	0	0	0	0	9	35	76	0	0	0	1	0	0
fsh-generated/resources/CodeSystem-mii-cs-onko-studienteilnahme.json	5150	1	0	0	0	0	0	0	1	3	0	0	0	0	0	0	0	0	0	0	9	10	46	0	0	0	0	0	0
fsh-generated/resources/CodeSystem-mii-cs-onko-systemische-therapie-protokolle.json	26031	2	0	0	0	0	0	0	1	17	0	0	0	0	0	0	0	0	0	0	11	68	105	0	0	0	4	0	0
fsh-generated/resources/CodeSystem-mii-cs-onko-therapie-ende-grund.json	5878	1	0	0	0	0	0	0	1	4	0	0	0	0	0	0	0	0	0	0	8	12	44	0	0	0	0	0	0
fsh-generated/resources/CodeSystem-mii-cs-onko-therapie-stellungzurop.json	5412	1	0	0	0	0	0	0	0	4	0	0	1	0	0	0	0	0	0	0	9	11	39	0	0	0	1	0	0
fsh-generated/resources/CodeSystem-mii-cs-onko-therapie-typ.json	6240	1	0	0	0	0	0	0	0	5	0	0	0	0	0	0	0	0	0	0	8	15	43	0	0	0	0	1	0
fsh-generated/resources/CodeSystem-mii-cs-onko-therapieabweichung.json	5191	1	0	0	0	0	0	0	1	3	0	0	0	0	0	0	0	0	0	0	8	10	38	0	0	0	0	0	0
fsh-generated/resources/CodeSystem-mii-cs-onko-therapieplanung-typ.json	5502	2	0	0	0	0	0	0	0	3	0	0	0	0	0	0	0	1	0	0	8	11	39	0	0	0	1	0	0
fsh-generated/resources/CodeSystem-mii-cs-onko-tnm-formel.json	5267	1	0	0	0	0	0	0	0	3	0	0	0	0	0	0	0	0	0	0	8	9	39	0	0	0	0	0	0
fsh-generated/resources/CodeSystem-mii-cs-onko-tnm-uicc.json	14646	2	0	0	1	0	0	0	2	9	0	0	1	0	0	0	0	0	0	0	9	42	76	0	0	0	2	0	1
fsh-generated/resources/CodeSystem-mii-cs-onko-tnm-version.json	5662	1	0	0	0	0	0	0	0	3	0	0	0	0	0	0	0	0	0	0	8	12	39	0	0	0	0	0	0
fsh-generated/resources/CodeSystem-mii-cs-onko-tod.json	5359	1	0	0	0	0	0	0	0	2	0	0	0	0	0	0	0	0	0	0	8	10	38	0	0	0	0	0	0
fsh-generated/resources/CodeSystem-mii-cs-onko-verlauf-fernmetastasen.json	5661	2	0	0	0	0	0	0	0	3	0	0	0	0	0	0	0	0	0	0	7	13	58	0	0	0	1	0	0
fsh-generated/resources/CodeSystem-mii-cs-onko-verlauf-gesamtbeurteilung.json	5918	1	0	0	0	0	0	0	1	3	0	0	0	0	0	0	0	0	0	0	8	13	57	0	0	0	0	0	0
fsh-generated/resources/CodeSystem-mii-cs-onko-verlauf-lymphknoten.json	5667	1	0	0	0	0	0	0	0	2	0	0	1	0	0	0	0	0	0	0	8	11	38	0	0	0	0	0	0
fsh-generated/resources/CodeSystem-mii-cs-onko-verlauf-primaertumor.json	5625	1	0	0	0	0	0	0	0	3	0	0	0	0	0	0	0	0	0	0	8	12	39	0	0	0	1	0	0
fsh-generated/resources/CodeSystem-mii-cs-onko-weitere-klassifikationen-obds.json	45220	3	0	0	0	0	0	0	3	19	0	0	0	0	0	0	0	0	0	0	11	118	269	0	0	0	7	0	0
fsh-generated/resources/CodeSystem-radelement.json	893	1	0	0	0	0	0	0	0	2	0	0	0	0	0	0	0	0	0	0	8	7	39	0	0	0	1	0	0
fsh-generated/resources/ConceptMap-mii-cm-mii-to-mvgenomseq-condition-diagnose-primaertumor.json	4745	2	0	0	0	0	0	0	0	856	0	0	0	0	0	0	0	0	0	0	8	16	43	0	0	0	0	0	0
fsh-generated/resources/ConceptMap-mii-cm-onko-allgemeiner-leistungszustand-ecog-loinc.json	7793	1	0	0	1	0	0	0	1	5	0	0	0	0	0	0	0	0	0	0	7	22	37	0	0	0	1	0	0
fsh-generated/resources/ConceptMap-mii-cm-onko-allgemeiner-leistungszustand-karnofsky-loinc.json	8471	1	0	0	0	0	0	0	0	5	0	0	0	0	0	0	0	0	0	0	7	22	52	0	0	0	1	0	0
fsh-generated/resources/ConceptMap-mii-cm-onko-allgemeiner-leistungszustand-sct.json	8591	2	0	0	0	0	0	0	1	856	0	0	0	0	0	0	0	0	0	0	7	17	76	0	0	0	0	0	0
fsh-generated/resources/ConceptMap-mii-cm-onko-asa-obds-loinc.json	6896	1	0	0	0	0	0	0	0	3	0	0	0	0	0	0	0	0	0	0	8	14	53	0	0	0	1	0	0
fsh-generated/resources/ConceptMap-mii-cm-onko-atc-transitions-2021.json	22943	2	0	0	0	0	0	0	1	9	0	0	0	0	0	0	0	0	0	0	8	44	118	0	0	0	3	0	0
fsh-generated/resources/ConceptMap-mii-cm-onko-atc-transitions-2022.json	12162	2	0	0	0	0	0	0	1	6	0	0	0	0	0	0	0	0	0	0	7	22	77	0	0	0	0	0	0
fsh-generated/resources/ConceptMap-mii-cm-onko-atc-transitions-2023.json	6387	1	0	0	0	0	0	0	0	5	0	0	0	0	0	0	0	0	0	0	8	12	45	0	1	0	1	0	0
fsh-generated/resources/ConceptMap-mii-cm-onko-atc-transitions-2024.json	9881	1	0	0	0	0	0	0	1	5	0	0	0	0	0	0	0	0	0	0	7	18	62	0	0	0	2	0	1
fsh-generated/resources/ConceptMap-mii-cm-onko-atc-transitions-2025.json	5919	2	0	0	0	0	0	0	0	4	0	0	0	0	0	0	0	0	0	0	8	10	64	0	0	0	0	0	0
fsh-generated/resources/ConceptMap-mii-cm-onko-atc-transitions-2026.json	6019	1	0	0	0	0	0	0	0	4	0	0	0	0	0	0	0	0	0	0	8	13	52	0	0	0	1	0	0
fsh-generated/resources/ConceptMap-mii-cm-onko-fernmetastasen-sct.json	9576	1	0	0	0	0	0	0	1	5	0	0	0	0	0	0	0	0	0	0	7	15	59	0	0	0	1	0	0
fsh-generated/resources/ConceptMap-mii-cm-onko-genetische-variante-auspraegung-sct.json	7810	2	0	0	0	0	0	0	0	6	0	0	0	0	0	0	0	1	0	0	6	14	63	0	0	0	0	0	0
fsh-generated/resources/ConceptMap-mii-cm-onko-grading-sct.json	10071	1	0	0	0	0	0	0	1	5	0	0	0	0	0	0	0	0	0	0	7	18	55	0	0	0	1	0	0
fsh-generated/resources/ConceptMap-mii-cm-onko-icdo3-transitions-2019.json	28849	2	0	0	0	0	0	0	1	11	0	0	0	0	0	0	0	0	0	0	8	63	88	0	0	0	2	0	0
fsh-generated/resources/ConceptMap-mii-cm-onko-intention-sct.json	8151	1	0	0	1	0	0	0	0	6	0	0	1	0	0	0	0	0	0	0	7	15	56	0	0	0	1	0	0
fsh-generated/resources/ConceptMap-mii-cm-onko-krk-stoma-obds-sct.json	6580	1	0	0	0	0	0	0	1	3	0	1	0	0	0	0	0	0	0	0	6	12	33	0	0	0	0	0	0
fsh-generated/resources/ConceptMap-mii-cm-onko-nebenwirkung-meddra-sct.json	254950	14	0	0	0	0	0	0	13	71	0	0	0	0	0	0	0	1	0	0	28	464	540	0	0	0	30	0	1
fsh-generated/resources/ConceptMap-mii-cm-onko-nebenwirkung-sct.json	7958	1	0	0	0	0	0	0	0	7	0	0	0	0	0	0	0	0	0	0	10	19	49	0	0	0	0	0	0
fsh-generated/resources/ConceptMap-mii-cm-onko-operation-komplikation-sct.json	31864	2	0	0	0	0	0	0	2	18	0	0	0	0	0	0	0	0	0	0	10	58	85	0	0	0	3	0	0
fsh-generated/resources/ConceptMap-mii-cm-onko-primaertumor-diagnosesicherung-sct.json	11340	2	0	0	0	0	0	0	0	7	0	0	0	0	0	0	0	0	0	0	9	21	47	0	0	0	1	0	0
fsh-generated/resources/ConceptMap-mii-cm-onko-residualstatus-uicc-sct.json	7693	1	0	0	0	0	0	0	1	5	0	0	0	0	0	0	0	0	0	0	8	14	40	0	0	0	0	0	0
fsh-generated/resources/ConceptMap-mii-cm-onko-seitenlokalisation-sct.json	7694	2	0	0	0	0	0	0	0	5	0	0	0	0	0	0	0	0	0	0	9	14	47	0	0	0	1	0	0
fsh-generated/resources/ConceptMap-mii-cm-onko-strahlentherapie-applikationsart-sct.json	12861	1	0	0	0	0	0	0	0	7	0	0	0	0	0	0	0	1	0	0	9	27	48	0	0	0	2	0	0
fsh-generated/resources/ConceptMap-mii-cm-onko-strahlentherapie-boost-sct.json	7514	2	0	0	0	0	0	0	1	5	0	0	0	0	0	0	0	0	0	0	8	14	38	0	0	0	0	0	0
fsh-generated/resources/ConceptMap-mii-cm-onko-strahlentherapie-strahlenart-sct.json	12193	1	0	0	0	0	0	0	1	6	0	0	0	0	0	0	0	0	0	0	9	21	46	0	0	0	1	0	0
fsh-generated/resources/ConceptMap-mii-cm-onko-strahlentherapie-strahleneinheit-sct.json	7122	1	0	0	1	0	0	0	0	6	0	0	0	0	0	0	0	0	0	0	8	12	39	0	0	0	0	0	0
fsh-generated/resources/ConceptMap-mii-cm-onko-strahlentherapie-zielgebiet-sct.json	37515	3	0	0	0	0	0	0	2	13	0	0	0	0	0	0	0	0	0	0	10	69	85	0	0	0	3	0	0
fsh-generated/resources/ConceptMap-mii-cm-onko-studienteilnahme-sct.json	6838	1	0	0	0	0	0	0	0	5	0	0	0	0	0	0	0	0	0	0	8	12	41	0	0	0	1	0	0
fsh-generated/resources/ConceptMap-mii-cm-onko-therapie-ende-sct.json	9149	2	0	0	0	0	0	0	1	6	0	0	0	0	0	0	0	0	0	0	8	16	44	0	0	0	0	0	0
fsh-generated/resources/ConceptMap-mii-cm-onko-therapie-stellung-sct.json	7646	1	0	0	0	0	0	0	0	5	0	0	0	0	0	0	0	0	0	0	9	13	41	0	0	0	1	0	0
fsh-generated/resources/ConceptMap-mii-cm-onko-therapie-typ-sct.json	11820	1	0	0	0	0	0	0	1	6	0	0	0	0	0	0	0	0	0	0	8	21	48	0	0	0	1	0	1
fsh-generated/resources/ConceptMap-mii-cm-onko-therapieabweichung-sct.json	6844	2	0	0	0	0	0	0	0	5	0	0	0	0	0	0	0	0	0	0	7	11	40	0	0	0	0	0	0
fsh-generated/resources/ConceptMap-mii-cm-onko-therapieplanung-sct.json	7310	1	0	0	0	0	0	0	0	5	0	0	0	0	0	0	0	0	0	0	8	13	41	0	0	0	0	0	0
fsh-generated/resources/ConceptMap-mii-cm-onko-tnm-uicc-sct-clinical.json	41072	4	0	0	0	0	0	0	3	12	0	0	0	0	0	0	0	0	0	0	9	68	82	0	0	0	3	0	0
fsh-generated/resources/ConceptMap-mii-cm-onko-tnm-uicc-sct-pathological.json	40970	2	0	0	0	0	0	0	2	12	0	0	0	0	0	0	0	0	0	0	9	68	80	0	0	0	3	0	0
fsh-generated/resources/ConceptMap-mii-cm-onko-tod-sct.json	7000	2	0	0	0	0	0	0	0	6	0	0	0	0	0	0	0	0	0	0	7	12	44	0	0	0	0	0	0
fsh-generated/resources/ConceptMap-mii-cm-onko-verlauf-fernmetastasen-sct.json	8751	1	0	0	0	0	0	0	1	6	0	0	0	0	0	0	0	0	0	0	7	18	44	0	0	0	1	0	0
fsh-generated/resources/ConceptMap-mii-cm-onko-verlauf-gesamtbeurteilung-sct.json	9278	1	0	0	0	0	0	0	0	6	0	0	0	0	0	0	0	1	0	0	6	17	46	0	0	0	0	0	0
fsh-generated/resources/ConceptMap-mii-cm-onko-verlauf-lymphknoten-sct.json	8421	2	0	0	0	0	0	0	0	5	0	0	0	0	0	0	0	0	0	0	6	19	40	0	0	0	1	0	0
fsh-generated/resources/ConceptMap-mii-cm-onko-verlauf-primaertumor-sct.json	8385	1	0	0	0	0	0	0	1	5	0	0	0	0	0	0	0	0	0	0	7	15	41	0	0	0	0	0	0
fsh-generated/resources/ConceptMap-mii-cm-onkologie-to-mvgenomseq.json	13521	1	0	0	0	0	0	0	0	863	0	0	0	0	0	0	0	0	0	0	6	24	65	0	0	0	1	0	0
fsh-generated/resources/Condition-PatientKimMusterperson-Diagnosis-1.json	1839	2	0	0	0	0	0	0	0	2	0	0	0	0	0	0	0	0	0	0	6	8	22	0	0	0	0	0	0
fsh-generated/resources/Condition-PatientKimMusterperson-PrimaryDiagnosis-2.json	1803	1	0	0	1	0	0	0	1	2	0	0	0	0	0	0	0	0	0	0	6	6	19	0	0	0	0	0	0
fsh-generated/resources/Condition-mii-exa-onko-ascending-colon-cancer-diagnosis.json	1716	1	0	0	0	0	0	0	0	2	0	0	0	0	0	0	0	0	0	0	5	6	18	0	0	0	0	0	0
fsh-generated/resources/Condition-mii-exa-onko-colorectal-cancer-diagnosis.json	1730	1	0	0	0	0	0	0	0	2	0	0	0	0	0	0	0	0	0	0	6	7	22	0	0	0	0	0	0
fsh-generated/resources/Condition-mii-exa-onko-cup-diagnose-aufgeloest.json	2338	1	0	0	0	0	0	0	0	2	0	0	0	0	0	0	0	0	0	0	6	7	18	0	0	0	0	0	0
fsh-generated/resources/Condition-mii-exa-onko-cup-diagnose.json	2355	2	0	0	0	0	0	0	0	1	0	0	0	0	0	0	0	0	0	0	6	7	16	0	0	0	0	0	0
fsh-generated/resources/Condition-mii-exa-onko-diagnose-aml-transformation.json	2642	1	0	0	0	0	0	0	0	2	0	0	0	0	0	0	0	0	0	0	6	7	22	0	0	0	0	0	0
fsh-generated/resources/Condition-mii-exa-onko-diagnose-angiosarkom-nach-radiatio.json	2412	2	0	0	0	0	0	0	0	2	0	0	0	0	0	0	0	0	0	0	6	7	19	0	0	0	0	0	0
fsh-generated/resources/Condition-mii-exa-onko-diagnose-mds.json	2202	1	0	0	0	0	0	0	0	2	0	0	0	0	0	0	0	0	0	0	6	6	14	0	0	0	0	0	0
fsh-generated/resources/Condition-mii-exa-onko-diagnose-meningeom-benigne.json	2152	2	0	0	0	0	0	0	0	1	0	0	0	0	0	0	0	0	0	0	7	6	14	0	0	0	0	0	0
fsh-generated/resources/Condition-mii-exa-onko-diagnose-meningeom-maligne-transformation.json	2421	1	0	0	0	0	0	0	0	2	0	0	0	0	0	0	0	0	0	0	8	6	18	0	0	0	0	0	0
fsh-generated/resources/Condition-mii-exa-onko-diagnose-taml-nach-chemo.json	2385	1	0	0	0	0	0	0	1	2	0	0	0	0	0	0	0	0	0	0	8	7	18	0	0	0	0	0	0
fsh-generated/resources/Condition-mii-exa-onko-diagnose.json	2743	1	0	0	0	0	0	0	0	1	0	0	0	0	0	0	0	0	0	0	8	7	16	0	0	0	0	0	0
fsh-generated/resources/Condition-mii-exa-onko-fruehere-tumorerkrankung-cervix.json	1524	1	0	0	0	0	0	0	0	2	0	0	0	0	0	0	0	0	0	0	8	6	13	0	0	0	0	0	0
fsh-generated/resources/Condition-mii-exa-onko-fruehere-tumorerkrankung-freetext.json	1280	1	0	0	0	0	0	0	0	2	0	0	0	0	0	0	0	0	0	0	8	5	12	0	0	0	0	0	0
fsh-generated/resources/Condition-mii-exa-onko-fruehere-tumorerkrankung-mamma.json	1843	1	0	0	0	0	0	0	0	2	0	0	0	0	0	0	0	0	0	0	7	6	14	0	0	0	0	0	0
fsh-generated/resources/Condition-mii-exa-onko-fruehere-tumorerkrankung-prostata.json	1819	1	0	0	0	0	0	0	0	3	0	0	0	0	0	0	0	0	0	0	7	5	13	0	0	0	0	0	0
fsh-generated/resources/Condition-mii-exa-onko-kim-synth-diagnose.json	1310	1	0	0	0	0	0	0	0	1	0	0	0	0	0	0	0	0	0	0	7	7	14	0	0	0	0	0	0
fsh-generated/resources/Condition-mii-exa-onko-krk-diagnose.json	1261	1	0	0	0	0	0	0	0	2	0	0	0	0	0	0	0	0	0	0	7	6	13	0	0	0	0	0	0
fsh-generated/resources/Condition-mii-exa-onko-mamma-diagnose.json	1298	1	0	0	0	0	0	0	0	1	0	0	0	0	0	0	0	0	0	0	7	4	13	0	0	0	0	0	0
fsh-generated/resources/Condition-mii-exa-onko-melanom-diagnose.json	1644	1	0	0	0	0	0	0	0	1	0	0	0	0	0	0	0	0	0	0	6	6	17	0	0	0	0	0	0
fsh-generated/resources/Condition-mii-exa-onko-prostata-diagnose.json	1289	1	0	0	1	0	0	0	0	2	0	0	0	0	0	0	0	0	0	0	7	5	13	0	0	0	0	0	0
fsh-generated/resources/Condition-mii-exa-onko-tnm-bundle-diagnose.json	1285	1	0	0	0	0	0	0	0	1	0	0	0	0	0	0	0	0	0	0	6	5	14	0	0	0	0	0	0
fsh-generated/resources/Condition-mii-exa-onko-tnm-bundle-legacy-diagnose.json	1299	1	0	0	0	0	0	0	0	2	0	0	0	0	0	0	0	0	0	0	6	5	13	0	0	0	0	0	0
fsh-generated/resources/Condition-mii-exa-onko-tnm-synth-diagnose.json	1283	1	0	0	0	0	0	0	1	1	0	0	0	0	0	0	0	0	0	0	7	5	14	0	0	0	0	0	0
fsh-generated/resources/Condition-primaertumor-example.json	1306	1	0	0	0	0	0	0	0	2	0	0	0	0	0	0	0	0	0	0	7	5	13	0	0	0	0	0	0
fsh-generated/resources/Device-mii-exa-onko-kim-synthesis-device.json	260	1	0	0	0	0	0	0	0	2	0	0	0	0	0	0	0	0	0	0	6	4	6	0	0	0	0	0	0
fsh-generated/resources/DiagnosticReport-PatientKimMusterperson-PathoReport-1.json	855	1	0	0	0	0	0	0	0	3	0	0	0	0	0	0	0	0	0	0	7	4	17	0	0	0	0	0	0
fsh-generated/resources/DiagnosticReport-mii-exa-onko-befund-1.json	747	1	0	0	0	0	0	0	0	853	0	0	0	0	0	0	0	0	0	0	6	4	18	0	0	0	0	0	0
fsh-generated/resources/Encounter-example-chemo-phase1.json	289	1	0	0	0	0	0	0	0	3	0	0	0	0	0	0	0	0	0	0	6	3	9	0	0	0	0	0	0
fsh-generated/resources/Encounter-example-chemo-phase2.json	289	1	0	0	0	0	0	0	0	1	0	0	0	0	0	0	0	0	0	0	5	3	10	0	0	0	0	0	0
fsh-generated/resources/Encounter-example-diagnosis-modification.json	299	1	0	0	0	0	0	0	0	1	0	0	0	0	0	0	0	0	0	0	5	3	10	0	0	0	0	0	0
fsh-generated/resources/Encounter-example-surgery-modification.json	306	0	0	0	0	0	0	0	0	2	0	0	0	0	0	0	0	0	0	0	4	3	9	0	0	0	0	0	0
fsh-generated/resources/Encounter-example.json	263	1	0	0	0	0	0	0	0	1	0	0	0	0	0	0	0	0	0	0	5	3	10	0	0	0	0	0	0
fsh-generated/resources/Encounter-mii-exa-onko-folfox-encounter-chemo.json	311	1	0	0	0	0	0	0	0	1	0	0	0	0	0	0	0	0	0	0	5	3	9	0	0	0	0	0	0
fsh-generated/resources/Encounter-mii-exa-onko-folfox-encounter-diagnosis.json	315	1	0	0	0	0	0	0	0	1	0	0	0	0	0	0	0	0	0	0	6	3	10	0	0	0	0	0	0
fsh-generated/resources/Encounter-mii-exa-onko-folfox-encounter-surgery.json	322	1	0	0	0	0	0	0	0	2	0	0	0	0	0	0	0	0	0	0	5	3	9	0	0	0	0	0	0
fsh-generated/resources/Encounter-mii-exa-onko-krk-bundle-encounter.json	322	1	0	0	0	0	0	0	0	1	0	0	0	0	0	0	0	0	0	0	5	4	11	0	0	1	0	0	0
fsh-generated/resources/Encounter-mii-exa-onko-mamma-bundle-encounter.json	326	1	0	0	0	0	0	0	0	1	0	0	0	0	0	0	0	0	0	0	6	3	13	0	0	0	0	0	0
fsh-generated/resources/Encounter-mii-exa-onko-melanom-bundle-encounter.json	330	1	0	0	0	0	0	0	0	2	0	0	0	0	0	0	0	0	0	0	5	3	10	0	0	0	0	0	0
fsh-generated/resources/Encounter-mii-exa-onko-prostata-bundle-encounter.json	332	1	0	0	0	0	0	0	0	1	0	0	0	0	0	0	0	0	0	0	6	3	10	0	0	0	0	0	0
fsh-generated/resources/Library-mii-lib-onko-synthesize-tnm.json	5398	1	0	0	0	0	0	0	0	33	0	0	0	0	0	0	0	0	0	0	6	8	10	0	0	0	1	0	0
fsh-generated/resources/List-mii-exa-onko-liste-evidenz-erstdiagnose-1.json	1400	1	0	0	0	0	0	0	0	1253	0	6	0	0	0	0	0	0	0	0	6	8	66	0	0	0	0	0	0
fsh-generated/resources/MedicationRequest-mii-exa-onko-cdk46-class-medication.json	1049	1	0	0	0	0	0	0	0	4	0	0	0	0	0	0	0	0	0	0	7	5	23	0	0	0	0	0	0
fsh-generated/resources/MedicationRequest-mii-exa-onko-folfox-5fu-request.json	769	1	0	0	0	0	0	0	0	2	0	0	0	0	0	0	0	0	0	0	7	4	15	0	0	0	0	0	0
fsh-generated/resources/MedicationRequest-mii-exa-onko-folfox-leucovorin-request.json	781	1	0	0	0	0	0	0	0	2	0	0	0	0	0	0	0	0	0	0	7	5	15	0	0	0	0	0	0
fsh-generated/resources/MedicationRequest-mii-exa-onko-folfox-oxaliplatin-request.json	766	1	0	0	1	0	0	0	0	3	0	0	0	0	0	0	0	0	0	0	7	5	20	0	0	0	0	0	0
fsh-generated/resources/MedicationRequest-mii-exa-onko-modification-5fu-request.json	860	1	0	0	0	0	0	0	0	3	0	0	0	0	0	0	0	0	0	0	6	5	15	0	0	0	0	0	0
fsh-generated/resources/MedicationRequest-mii-exa-onko-modification-leucovorin-request.json	872	1	0	0	0	0	0	0	0	3	0	0	0	0	0	0	0	0	0	0	6	5	16	0	0	0	0	0	0
fsh-generated/resources/MedicationRequest-mii-exa-onko-modification-oxaliplatin-request.json	1246	1	0	0	0	0	0	0	1	3	0	0	0	0	0	0	0	0	0	0	7	8	16	0	0	0	0	0	0
fsh-generated/resources/MedicationRequest-mii-exa-onko-tdm1-option.json	893	1	0	0	0	0	0	0	0	2	0	0	0	0	0	0	0	0	0	0	6	5	15	0	0	0	0	0	0
fsh-generated/resources/MedicationRequest-mii-exa-onko-tucatinib-option.json	898	1	0	0	0	0	0	0	0	2	0	0	0	0	0	0	0	0	0	0	6	5	16	0	0	0	0	0	0
fsh-generated/resources/MedicationStatement-PatientKimMusterperson-SystemicTherapyMedication-1a.json	806	2	0	0	0	0	0	0	0	2	0	0	0	0	0	0	0	0	0	0	7	4	18	0	0	0	0	0	1
fsh-generated/resources/MedicationStatement-PatientKimMusterperson-SystemicTherapyMedication-1b.json	807	1	0	0	0	0	0	0	0	2	0	0	0	0	0	0	0	0	0	0	7	5	16	0	0	0	0	0	0
fsh-generated/resources/MedicationStatement-PatientKimMusterperson-SystemicTherapyMedication-2a.json	807	1	0	0	0	0	0	0	0	2	0	0	0	0	0	0	0	0	0	0	6	5	15	0	0	0	0	0	0
fsh-generated/resources/MedicationStatement-PatientKimMusterperson-SystemicTherapyMedication-2b.json	808	1	0	0	0	0	0	0	0	2	0	0	0	0	0	0	0	0	0	0	6	4	16	0	0	0	0	0	0
fsh-generated/resources/MedicationStatement-PatientKimMusterperson-SystemicTherapyMedication-3.json	780	1	0	0	0	0	0	0	0	2	0	0	0	0	0	0	0	0	0	0	6	5	15	0	0	0	0	0	0
fsh-generated/resources/MedicationStatement-mii-exa-onko-folfox-5fu-statement.json	917	2	0	0	0	0	0	0	0	3	0	0	0	0	0	0	0	0	0	0	6	4	19	0	0	0	0	0	0
fsh-generated/resources/MedicationStatement-mii-exa-onko-folfox-leucovorin-statement.json	929	0	0	0	0	0	0	0	0	3	0	0	0	0	0	0	0	0	0	0	5	5	20	0	0	0	0	0	0
fsh-generated/resources/MedicationStatement-mii-exa-onko-folfox-oxaliplatin-statement.json	914	2	0	0	0	0	0	0	0	3	0	0	0	0	0	0	0	0	0	0	6	5	20	0	0	0	0	0	0
fsh-generated/resources/MedicationStatement-mii-exa-onko-medikation-iberdomide-unii.json	952	1	0	0	0	0	0	0	0	3	0	0	0	0	0	0	0	0	0	0	6	5	19	0	0	0	0	0	0
fsh-generated/resources/MedicationStatement-mii-exa-onko-medikation-imatinib-atc-version-transition.json	1158	1	0	0	0	0	0	0	0	4	0	0	0	0	0	0	0	0	0	0	6	5	21	0	0	0	0	0	0
fsh-generated/resources/MedicationStatement-mii-exa-onko-modification-5fu-phase1.json	936	1	0	0	0	0	0	0	0	2	0	0	0	0	0	0	0	0	0	0	6	4	19	0	0	0	0	0	0
fsh-generated/resources/MedicationStatement-mii-exa-onko-modification-5fu-phase2.json	956	1	0	0	0	0	0	1	0	3	0	0	0	0	0	0	0	0	0	0	5	5	20	0	0	0	0	0	0
fsh-generated/resources/MedicationStatement-mii-exa-onko-modification-leucovorin-phase1.json	948	1	0	0	0	0	0	0	0	2	0	0	0	0	0	0	0	0	0	0	5	5	20	0	0	0	0	0	0
fsh-generated/resources/MedicationStatement-mii-exa-onko-modification-leucovorin-phase2.json	968	2	0	0	0	0	0	0	0	2	0	0	0	0	0	0	0	0	0	0	5	5	19	0	0	0	0	0	0
fsh-generated/resources/MedicationStatement-mii-exa-onko-modification-oxaliplatin-phase1.json	1409	1	0	0	0	0	0	0	0	3	0	0	0	0	0	0	0	0	0	0	5	6	22	0	0	0	0	0	0
fsh-generated/resources/MedicationStatement-mii-exa-onko-systemische-therapie-medikation1.json	822	1	0	0	0	0	0	0	0	2	0	0	0	0	0	0	0	0	0	0	5	4	15	0	0	0	0	0	0
fsh-generated/resources/MedicationStatement-mii-exa-onko-systemische-therapie-medikation2.json	818	2	0	0	0	0	0	0	0	2	0	0	0	0	0	0	0	0	0	0	4	4	17	0	0	0	0	0	0
fsh-generated/resources/Observation-PatientKimMusterperson-Verlauf-2022-01-22.json	2087	1	0	0	1	0	0	0	1	2	0	0	0	0	0	0	0	0	0	0	5	8	16	0	0	0	0	0	0
fsh-generated/resources/Observation-TNM-Klassifikation-Observation-2.json	877	1	0	0	0	0	0	0	0	1	0	0	0	0	0	0	0	0	0	0	5	5	14	0	0	0	0	0	0
fsh-generated/resources/Observation-TNM-L-Observation-2.json	957	2	0	0	0	0	0	0	0	836	0	0	0	0	0	0	0	0	0	0	5	5	16	0	0	0	0	0	0
fsh-generated/resources/Observation-TNM-M-Observation-2.json	1377	1	0	0	0	0	0	0	0	3	0	0	0	0	0	0	0	0	0	0	6	5	15	0	0	0	0	0	0
fsh-generated/resources/Observation-TNM-Pn-Observation-2.json	960	1	0	0	0	0	0	0	0	1046	0	0	0	0	0	0	0	0	0	0	5	4	15	0	0	0	0	0	0
fsh-generated/resources/Observation-TNM-T-Observation-2.json	1377	1	0	0	0	0	0	0	0	3	0	0	0	0	0	0	0	0	0	0	7	5	16	0	0	0	0	0	0
fsh-generated/resources/Observation-TNM-V-Observation-2.json	957	2	0	0	0	0	0	0	0	820	0	0	0	0	0	0	0	0	0	0	5	5	15	0	0	0	0	0	0
fsh-generated/resources/Observation-TNM-y-Symbol-Observation-2.json	949	1	0	0	0	0	0	0	0	1268	0	0	0	0	0	0	0	0	0	0	6	5	16	0	0	0	0	0	0
fsh-generated/resources/Observation-mii-exa-onko-allgemeiner-leistungszustand-ecog.json	1218	1	0	0	0	0	0	0	0	2	0	0	0	0	0	0	0	0	0	0	6	5	12	0	0	0	0	0	0
fsh-generated/resources/Observation-mii-exa-onko-allgemeiner-leistungszustand-karnofsky.json	1019	1	0	0	0	0	0	0	0	882	0	0	0	0	0	0	0	0	0	0	6	5	12	0	0	0	0	0	0
fsh-generated/resources/Observation-mii-exa-onko-anzahl-befallene-lymphknoten-0.json	887	1	0	0	0	0	0	0	0	901	0	0	0	0	0	0	0	0	0	0	6	5	14	0	0	0	0	0	0
fsh-generated/resources/Observation-mii-exa-onko-anzahl-befallene-sentinel-lymphknoten-0.json	922	2	0	0	0	0	0	0	0	834	0	0	0	0	0	0	0	0	0	0	6	4	13	0	0	0	0	0	0
fsh-generated/resources/Observation-mii-exa-onko-anzahl-untersuchte-lymphknoten-23.json	893	1	0	0	1	0	0	0	0	817	0	0	0	0	0	0	0	0	0	0	7	6	13	0	0	0	0	0	0
fsh-generated/resources/Observation-mii-exa-onko-anzahl-untersuchte-sentinel-lymphknoten-0.json	939	1	0	0	0	0	0	0	0	820	0	0	0	0	0	0	0	0	0	0	6	4	13	0	0	0	0	0	0
fsh-generated/resources/Observation-mii-exa-onko-asa-klassifikation.json	913	2	0	0	0	0	0	0	0	2	0	0	0	0	0	0	0	0	0	0	7	5	15	0	0	0	0	0	0
fsh-generated/resources/Observation-mii-exa-onko-ascending-colon-tnm-m.json	1185	2	0	0	0	0	0	0	0	2	0	0	0	0	0	0	0	0	0	0	6	5	16	0	0	0	0	0	0
fsh-generated/resources/Observation-mii-exa-onko-ascending-colon-tnm-n.json	1185	1	0	0	0	0	0	0	0	2	0	0	0	0	0	0	0	0	0	0	6	4	15	0	0	0	0	0	0
fsh-generated/resources/Observation-mii-exa-onko-ascending-colon-tnm-t.json	1185	2	0	0	0	0	0	0	0	1	0	0	0	0	0	0	0	0	0	0	5	5	15	0	0	0	0	0	0
fsh-generated/resources/Observation-mii-exa-onko-ascending-colon-tnm.json	1299	2	0	0	0	0	0	0	1	2	0	0	0	0	0	0	0	0	0	0	6	5	27	0	0	0	0	0	0
fsh-generated/resources/Observation-mii-exa-onko-colorectal-tnm-m.json	1379	1	0	0	0	0	0	0	0	2	0	0	0	0	0	0	0	0	0	0	5	6	16	0	0	0	0	0	0
fsh-generated/resources/Observation-mii-exa-onko-colorectal-tnm-n.json	1379	2	0	0	0	0	0	0	0	2	0	0	0	0	0	0	0	0	0	0	5	4	17	0	0	0	0	0	0
fsh-generated/resources/Observation-mii-exa-onko-colorectal-tnm-t.json	1379	2	0	0	1	0	0	0	0	1	0	0	0	0	0	0	0	0	0	0	5	6	16	0	0	0	0	0	0
fsh-generated/resources/Observation-mii-exa-onko-colorectal-tnm.json	1248	1	0	0	0	0	0	0	0	2	0	0	0	0	0	0	0	0	0	0	6	6	27	0	0	0	0	0	0
fsh-generated/resources/Observation-mii-exa-onko-cup-fernmetastase-hep.json	845	2	0	0	0	0	0	0	0	1	0	0	0	0	0	0	0	0	0	0	5	4	15	0	0	0	0	0	0
fsh-generated/resources/Observation-mii-exa-onko-cup-fernmetastase-pul.json	845	1	0	0	0	0	0	0	0	2	0	0	0	0	0	0	0	0	0	0	5	5	15	0	0	0	0	0	0
fsh-generated/resources/Observation-mii-exa-onko-cup-tnm-klassifikation.json	1126	1	0	0	0	0	0	0	0	1	0	0	0	0	0	0	0	0	0	0	6	5	27	0	0	0	0	0	0
fsh-generated/resources/Observation-mii-exa-onko-cup-tnm-m-cM1.json	1619	1	0	0	0	0	0	0	0	1	0	0	0	0	0	0	0	0	0	0	5	5	17	0	0	0	0	0	0
fsh-generated/resources/Observation-mii-exa-onko-cup-tnm-n-cNX.json	1446	1	0	0	0	0	0	0	0	2	0	0	0	0	0	0	0	0	0	0	6	5	17	0	0	0	0	0	0
fsh-generated/resources/Observation-mii-exa-onko-cup-tnm-t-cTX.json	1446	1	0	0	0	0	0	0	0	1	0	0	0	0	0	0	0	0	0	0	5	5	16	0	0	0	0	0	0
fsh-generated/resources/Observation-mii-exa-onko-fernmetastasen-1.json	736	1	0	0	0	0	0	0	0	1	0	0	0	0	0	0	0	0	0	0	6	4	11	0	0	0	0	0	0
fsh-generated/resources/Observation-mii-exa-onko-folfox-verlauf-6months.json	2958	2	0	0	0	0	0	0	0	2	0	0	0	0	0	0	0	0	0	0	7	9	18	0	0	0	0	0	0
fsh-generated/resources/Observation-mii-exa-onko-genetische-variante-braf.json	1158	1	0	0	0	0	0	0	0	828	0	0	0	0	0	0	0	0	0	0	6	5	12	0	0	0	0	0	0
fsh-generated/resources/Observation-mii-exa-onko-grading-1.json	1012	1	0	0	0	0	0	0	0	4	0	0	0	0	0	0	0	0	0	0	7	4	16	0	0	0	0	0	0
fsh-generated/resources/Observation-mii-exa-onko-histologie-icdo3.json	998	1	0	0	0	0	0	0	0	842	0	0	0	0	0	0	0	0	0	0	6	5	15	0	0	0	0	0	0
fsh-generated/resources/Observation-mii-exa-onko-kim-klass1-cM1.json	1539	1	0	0	1	0	0	0	1	1	0	0	0	0	0	0	0	0	0	0	7	4	14	0	0	0	0	0	0
fsh-generated/resources/Observation-mii-exa-onko-kim-klass1-cN1.json	1539	1	0	0	0	0	0	0	0	2	0	0	0	0	0	0	0	0	0	0	8	5	12	0	0	0	0	0	0
fsh-generated/resources/Observation-mii-exa-onko-kim-klass1-cT3c.json	1543	1	0	0	0	0	0	0	0	1	0	0	0	0	0	0	0	0	0	0	7	4	14	0	0	0	0	0	0
fsh-generated/resources/Observation-mii-exa-onko-kim-klass1.json	1311	1	0	0	0	0	0	0	0	2	0	0	0	0	0	0	0	0	0	0	8	5	28	0	0	0	0	0	0
fsh-generated/resources/Observation-mii-exa-onko-kim-klass2-ycM1b.json	1918	1	0	0	0	0	0	0	0	1	0	0	0	0	0	0	0	0	0	0	7	6	14	0	0	0	0	0	0
fsh-generated/resources/Observation-mii-exa-onko-kim-klass2-ycN1.json	1914	2	0	0	0	0	0	0	0	2	0	0	0	0	0	0	0	0	0	0	7	5	13	0	0	0	0	0	0
fsh-generated/resources/Observation-mii-exa-onko-kim-klass2-ycT3c.json	1918	1	0	0	0	0	0	0	0	1	0	0	0	0	0	0	0	0	0	0	6	7	15	0	0	0	0	0	0
fsh-generated/resources/Observation-mii-exa-onko-kim-klass2-ysym.json	943	1	0	0	0	0	0	0	0	2	0	0	0	0	0	0	0	0	0	0	7	4	13	0	0	0	0	0	0
fsh-generated/resources/Observation-mii-exa-onko-kim-klass2.json	1390	1	0	0	0	0	1	0	0	2	0	0	0	0	0	0	0	0	0	0	6	5	32	0	0	0	0	0	0
fsh-generated/resources/Observation-mii-exa-onko-kim-klass3-L1.json	1011	1	0	0	0	0	0	0	0	1	0	0	0	0	0	0	0	0	0	0	6	5	12	0	0	0	0	0	0
fsh-generated/resources/Observation-mii-exa-onko-kim-klass3-Pn0.json	1029	1	0	0	0	0	0	0	0	2	0	0	0	0	0	0	0	0	0	0	6	5	12	0	0	0	0	0	0
fsh-generated/resources/Observation-mii-exa-onko-kim-klass3-V0.json	1008	1	0	0	0	0	0	0	0	1	0	0	0	0	0	0	0	0	0	0	7	4	13	0	0	0	0	0	0
fsh-generated/resources/Observation-mii-exa-onko-kim-klass3-ypM1b.json	1918	1	0	0	0	0	0	0	1	1	0	0	0	0	0	0	0	0	0	0	8	5	13	0	0	0	0	0	0
fsh-generated/resources/Observation-mii-exa-onko-kim-klass3-ypT3c.json	1918	1	0	0	0	0	0	0	0	1	0	0	0	0	0	0	0	0	0	0	7	5	14	0	0	0	0	0	0
fsh-generated/resources/Observation-mii-exa-onko-kim-klass3-ysym.json	943	1	0	0	0	0	0	0	0	2	0	0	0	0	0	0	0	0	0	0	7	4	13	0	0	0	0	0	0
fsh-generated/resources/Observation-mii-exa-onko-kim-klass3.json	1537	1	0	0	1	0	0	0	0	1	0	0	0	0	0	0	0	0	0	0	7	6	39	0	0	0	0	0	0
fsh-generated/resources/Observation-mii-exa-onko-kim-synth1.json	1493	1	0	0	0	0	0	0	0	2	0	0	0	0	0	0	0	0	0	0	6	6	34	0	0	0	0	0	0
fsh-generated/resources/Observation-mii-exa-onko-kim-synth2.json	1572	1	0	0	0	0	0	0	0	2	0	0	0	0	0	0	0	0	0	0	7	6	41	0	0	0	0	0	0
fsh-generated/resources/Observation-mii-exa-onko-kim-synth3.json	1862	1	0	0	0	0	0	0	0	2	0	0	0	0	0	0	0	0	0	0	6	7	84	0	0	0	0	0	0
fsh-generated/resources/Observation-mii-exa-onko-kim-synth4.json	1862	1	0	0	0	0	0	0	0	2	0	0	0	0	0	0	0	0	0	0	7	7	65	0	0	0	0	0	0
fsh-generated/resources/Observation-mii-exa-onko-krk-abstand-circumferelle-resektionsebene.json	966	1	0	0	0	0	0	0	0	834	0	0	0	0	0	0	0	0	0	0	6	5	20	0	0	0	0	0	0
fsh-generated/resources/Observation-mii-exa-onko-krk-abstand-mesorektale-fascie.json	869	2	0	0	0	0	0	0	0	819	0	0	0	0	0	0	0	0	0	0	7	4	20	0	0	0	0	0	0
fsh-generated/resources/Observation-mii-exa-onko-krk-abstand-resektionsrand-aboral.json	916	1	0	0	0	0	0	0	0	924	0	0	0	0	0	0	0	0	0	0	6	60	19	0	0	0	0	0	0
fsh-generated/resources/Observation-mii-exa-onko-krk-abstand-tumor-anokutanlinie.json	869	1	1	0	0	0	0	0	0	1000	0	0	0	0	0	0	0	0	0	0	7	6	19	0	0	0	0	0	0
fsh-generated/resources/Observation-mii-exa-onko-krk-anastomoseninsuffizienz.json	1058	1	0	0	0	0	0	0	1	2	0	0	0	0	0	0	0	0	0	0	6	5	23	0	0	0	0	0	0
fsh-generated/resources/Observation-mii-exa-onko-mamma-her2neu-status.json	1617	1	0	0	0	0	0	0	0	2	0	0	0	0	0	0	0	0	0	0	7	8	16	0	0	0	0	0	0
fsh-generated/resources/Observation-mii-exa-onko-mamma-menopause-status-1.json	842	1	0	0	0	0	0	0	0	1	0	0	0	0	0	0	0	0	0	0	6	4	16	0	0	0	0	0	0
fsh-generated/resources/Observation-mii-exa-onko-mamma-rezeptorstatus-estrogen-1.json	1825	1	0	0	0	0	0	0	0	2	0	0	0	0	0	0	0	0	0	0	29	6	17	0	0	0	0	0	0
fsh-generated/resources/Observation-mii-exa-onko-mamma-rezeptorstatus-progesteron-1.json	1840	1	0	0	0	0	0	0	0	1	0	0	0	0	0	0	0	1	0	0	9	7	18	0	0	0	0	0	0
fsh-generated/resources/Observation-mii-exa-onko-mamma-tumorgroesse-1.json	1146	2	0	0	0	0	0	0	0	828	0	0	0	0	0	0	0	0	0	0	8	8	16	0	0	0	0	0	0
fsh-generated/resources/Observation-mii-exa-onko-melanom-breslow-tiefe.json	1100	0	0	0	1	0	0	0	0	814	0	0	0	0	0	0	0	0	0	0	8	5	20	0	0	0	0	0	0
fsh-generated/resources/Observation-mii-exa-onko-melanom-ldh.json	1727	1	0	0	0	0	0	0	0	2473	0	0	0	0	0	0	0	0	0	0	8	7	22	0	0	0	0	0	0
fsh-generated/resources/Observation-mii-exa-onko-melanom-sicherheitsabstand.json	977	1	0	0	0	0	0	0	0	874	0	0	0	0	0	0	0	0	0	0	7	5	20	0	0	0	0	0	0
fsh-generated/resources/Observation-mii-exa-onko-melanom-ulzeration.json	1235	1	0	0	0	0	0	0	0	2	0	0	0	0	0	0	0	0	0	0	7	8	20	0	0	0	0	0	0
fsh-generated/resources/Observation-mii-exa-onko-modification-verlauf-6months.json	3087	1	0	0	0	0	0	0	0	2	0	0	0	0	0	0	0	0	0	0	7	9	18	0	0	0	0	0	0
fsh-generated/resources/Observation-mii-exa-onko-prostata-anzahl-positiver-stanzen-1.json	732	1	0	0	0	0	0	0	0	2	0	0	0	0	0	0	0	0	0	0	6	5	15	0	0	0	0	0	0
fsh-generated/resources/Observation-mii-exa-onko-prostata-anzahl-stanzen-1.json	704	1	0	0	0	0	0	0	0	1	0	0	0	0	0	0	0	0	0	0	7	4	19	0	0	0	0	0	0
fsh-generated/resources/Observation-mii-exa-onko-prostata-ca-befall-stanze-1.json	838	1	0	0	0	0	0	0	0	1	0	0	0	0	0	0	0	0	0	0	6	4	18	0	0	0	0	0	0
fsh-generated/resources/Observation-mii-exa-onko-prostata-gleason-pattern-grade-group-1.json	1468	1	0	0	0	0	0	0	0	1	0	0	0	0	0	0	0	0	0	0	8	6	24	0	0	0	0	0	0
fsh-generated/resources/Observation-mii-exa-onko-prostata-gleason-pattern-primary-1.json	1036	1	0	0	0	0	0	0	1	1	0	0	0	0	0	0	0	0	0	0	8	4	14	0	0	0	0	0	0
fsh-generated/resources/Observation-mii-exa-onko-prostata-gleason-pattern-secondary-1.json	1042	0	0	0	0	0	0	0	0	1	0	0	0	0	0	0	0	0	0	0	8	7	15	0	0	0	0	0	0
fsh-generated/resources/Observation-mii-exa-onko-prostata-gleason-score-gesamt-1.json	1046	1	0	0	0	0	0	0	0	2	0	0	0	0	0	0	0	0	0	0	9	7	15	0	0	0	0	0	0
fsh-generated/resources/Observation-mii-exa-onko-prostata-psa-diagnose-1.json	748	1	0	0	0	0	0	0	0	1	0	0	0	0	0	0	0	0	0	0	8	4	14	0	0	0	0	0	0
fsh-generated/resources/Observation-mii-exa-onko-prostata-psa-verlauf-1.json	748	1	0	0	0	0	0	0	0	1	0	0	0	0	0	0	0	0	0	0	8	4	15	0	0	0	0	0	0
fsh-generated/resources/Observation-mii-exa-onko-prostata-surgical-complication-1.json	1212	1	0	0	0	0	0	0	0	1	0	0	0	0	0	0	0	0	0	0	7	5	20	0	0	0	0	0	0
fsh-generated/resources/Observation-mii-exa-onko-residualstatus-1.json	699	1	0	0	1	0	0	0	0	989	0	0	0	0	0	0	0	0	0	0	7	5	11	0	0	0	0	0	0
fsh-generated/resources/Observation-mii-exa-onko-studienteilnahme-prob.json	1232	1	0	0	0	0	0	0	0	3	0	0	0	0	0	0	0	0	0	0	7	5	19	0	0	0	0	0	0
fsh-generated/resources/Observation-mii-exa-onko-studienteilnahme.json	817	0	0	0	0	0	0	0	0	839	0	0	0	0	0	0	0	0	0	0	7	7	14	0	0	0	0	0	0
fsh-generated/resources/Observation-mii-exa-onko-tnm-biopsy-cT4cN1cM0.json	1207	1	0	0	0	0	0	0	0	2	0	0	0	0	0	0	0	0	0	0	6	7	23	0	0	0	0	0	0
fsh-generated/resources/Observation-mii-exa-onko-tnm-bundle-klassifikation-cT2cN3cM0.json	1377	1	0	0	0	0	0	0	0	2	0	0	0	0	0	0	0	0	0	0	6	6	27	0	0	0	0	0	0
fsh-generated/resources/Observation-mii-exa-onko-tnm-bundle-legacy-klassifikation-cT2cN3cM0.json	1389	1	0	0	0	0	0	0	0	2	0	0	0	0	0	0	0	0	0	0	6	6	28	0	0	0	0	0	0
fsh-generated/resources/Observation-mii-exa-onko-tnm-bundle-legacy-m-cM0.json	1383	1	0	0	0	0	0	0	0	1	0	0	0	0	0	0	0	0	0	0	7	5	12	0	0	0	0	0	0
fsh-generated/resources/Observation-mii-exa-onko-tnm-bundle-legacy-n-cN3.json	1383	1	0	0	0	0	0	0	0	1	0	0	0	0	0	0	0	0	0	0	6	4	13	0	0	0	0	0	0
fsh-generated/resources/Observation-mii-exa-onko-tnm-bundle-legacy-t-cT2.json	1383	1	0	0	0	0	0	0	0	1	0	0	0	0	0	0	0	0	0	0	8	5	11	0	0	0	0	0	0
fsh-generated/resources/Observation-mii-exa-onko-tnm-bundle-m-kategorie-cM0.json	1552	1	0	0	0	0	0	0	0	1	0	0	0	0	0	0	0	0	0	0	8	5	12	0	0	0	0	0	0
fsh-generated/resources/Observation-mii-exa-onko-tnm-bundle-n-kategorie-cN3.json	1552	1	0	0	0	0	0	0	0	1	0	0	0	0	0	0	0	0	0	0	8	5	12	0	0	0	0	0	0
fsh-generated/resources/Observation-mii-exa-onko-tnm-bundle-t-kategorie-cT2.json	1552	0	0	0	0	0	0	0	1	2	0	0	0	0	0	0	0	0	0	0	8	6	13	0	0	0	0	0	0
fsh-generated/resources/Observation-mii-exa-onko-tnm-clinical-cT3cN1cM0.json	1209	1	0	0	1	0	0	0	0	1	0	0	0	0	0	0	0	0	0	0	8	5	25	0	0	0	0	0	0
fsh-generated/resources/Observation-mii-exa-onko-tnm-journey-l-kategorie-L0.json	985	1	0	0	0	0	0	0	0	1	0	0	0	0	0	0	0	0	0	0	7	4	14	0	0	0	0	0	0
fsh-generated/resources/Observation-mii-exa-onko-tnm-journey-pn-kategorie-Pn0.json	1004	1	0	0	0	0	0	0	0	1	0	0	0	0	0	0	0	0	0	0	8	6	14	0	0	0	0	0	0
fsh-generated/resources/Observation-mii-exa-onko-tnm-journey-residualstatus-R0.json	696	1	0	0	0	0	0	0	0	1	0	0	0	0	0	0	0	0	0	0	8	4	13	0	0	0	0	0	0
fsh-generated/resources/Observation-mii-exa-onko-tnm-journey-v-kategorie-V0.json	982	1	0	0	0	0	0	0	0	1	0	0	0	0	0	0	0	0	0	0	8	4	13	0	0	0	0	0	0
fsh-generated/resources/Observation-mii-exa-onko-tnm-klassifikation-TisN0M0.json	1221	1	0	0	0	0	0	0	0	2	0	0	0	0	0	0	0	0	0	0	9	5	97	0	0	0	0	0	0
fsh-generated/resources/Observation-mii-exa-onko-tnm-klassifikation-uT2a2pN0023i-sncM1.json	1512	1	0	0	0	0	0	0	0	1	0	0	0	0	0	0	0	0	0	0	8	6	36	0	0	0	0	0	0
fsh-generated/resources/Observation-mii-exa-onko-tnm-l-kategorie-L.json	992	1	0	0	0	0	0	0	0	1	0	0	0	0	0	0	0	0	0	0	9	6	13	0	0	0	0	0	0
fsh-generated/resources/Observation-mii-exa-onko-tnm-l-kategorie-L1.json	993	0	0	0	0	0	0	0	0	1	0	0	0	0	0	0	0	0	0	0	8	7	12	0	0	0	0	0	0
fsh-generated/resources/Observation-mii-exa-onko-tnm-m-kategorie-M0.json	1347	1	0	0	0	0	0	0	0	1	0	0	0	0	0	0	0	0	0	0	8	4	18	0	0	0	0	0	0
fsh-generated/resources/Observation-mii-exa-onko-tnm-m-kategorie-cM0.json	1505	1	0	0	0	0	0	0	0	1	0	0	0	0	0	0	0	0	0	0	7	5	12	0	0	0	0	0	0
fsh-generated/resources/Observation-mii-exa-onko-tnm-m-kategorie-cM1.json	1348	1	0	0	0	0	0	0	0	1	0	0	0	0	0	0	0	0	0	0	7	6	13	0	0	0	0	0	0
fsh-generated/resources/Observation-mii-exa-onko-tnm-m-kategorie-rcM1.json	1880	1	0	0	1	0	0	0	0	1	0	0	0	0	0	0	0	0	0	0	8	5	14	0	0	0	0	0	0
fsh-generated/resources/Observation-mii-exa-onko-tnm-n-kategorie-N0.json	1347	1	0	0	0	0	0	0	0	2	0	0	0	0	0	0	0	0	0	0	7	5	16	0	0	0	0	0	0
fsh-generated/resources/Observation-mii-exa-onko-tnm-n-kategorie-cN1.json	1505	1	0	0	0	0	0	0	0	1	0	0	0	0	0	0	0	0	0	0	7	5	12	0	0	0	0	0	0
fsh-generated/resources/Observation-mii-exa-onko-tnm-n-kategorie-pN0i-sn.json	2124	1	0	0	0	0	0	0	1	1	0	0	0	0	0	0	0	0	0	0	7	6	13	0	0	0	0	0	0
fsh-generated/resources/Observation-mii-exa-onko-tnm-n-kategorie-rcN1.json	1880	1	0	0	0	0	0	0	0	1	0	0	0	0	0	0	0	0	0	0	6	5	14	0	0	0	0	0	0
fsh-generated/resources/Observation-mii-exa-onko-tnm-n-kategorie-ycN0.json	1880	1	0	0	0	0	0	0	0	1	0	0	0	0	0	0	0	0	0	0	7	5	13	0	0	0	0	0	0
fsh-generated/resources/Observation-mii-exa-onko-tnm-n-kategorie-ypN0.json	1880	1	0	0	0	0	0	0	0	1	0	0	0	0	0	0	0	0	0	0	6	5	12	0	0	1	0	0	0
fsh-generated/resources/Observation-mii-exa-onko-tnm-pn-kategorie-Pn1.json	1012	1	0	0	0	0	0	0	0	1	0	0	0	0	0	0	0	0	0	0	6	4	12	0	0	0	0	0	0
fsh-generated/resources/Observation-mii-exa-onko-tnm-post-chemo-ycT2ycN0cM0.json	1213	1	0	0	0	0	0	0	0	1	0	0	0	0	0	0	0	0	0	0	6	7	22	0	0	0	0	0	0
fsh-generated/resources/Observation-mii-exa-onko-tnm-post-surgery-ypT0ypN0cM0.json	1475	1	0	0	0	0	0	0	0	2	0	0	0	0	0	0	0	0	0	0	6	7	36	0	0	0	0	0	0
fsh-generated/resources/Observation-mii-exa-onko-tnm-recurrence-rcT2cN1cM1.json	1211	1	0	0	0	0	0	0	0	1	0	0	0	0	0	0	0	0	0	0	6	5	24	0	0	0	0	0	0
fsh-generated/resources/Observation-mii-exa-onko-tnm-s-kategorie-S1.json	968	1	0	0	0	0	0	0	0	1	0	0	0	0	0	0	0	0	0	0	7	4	12	0	0	0	0	0	0
fsh-generated/resources/Observation-mii-exa-onko-tnm-synth-klassifikation.json	1918	1	0	0	1	0	0	0	0	2	0	0	0	0	0	0	0	0	0	1	6	7	39	0	0	0	0	0	0
fsh-generated/resources/Observation-mii-exa-onko-tnm-synth-meldung1-klassifikation.json	1367	1	0	0	0	0	0	0	0	1	0	0	0	0	0	0	0	0	0	0	7	5	28	0	0	0	0	0	0
fsh-generated/resources/Observation-mii-exa-onko-tnm-synth-meldung1-m-cM0.json	1549	1	0	0	0	0	0	0	0	1	0	0	0	0	0	0	0	0	0	0	7	6	13	0	0	0	0	0	0
fsh-generated/resources/Observation-mii-exa-onko-tnm-synth-meldung1-n-cN2.json	1549	1	0	0	0	0	0	0	0	1	0	0	0	0	0	0	0	0	0	0	7	4	12	0	0	0	0	0	0
fsh-generated/resources/Observation-mii-exa-onko-tnm-synth-meldung1-t-cT3.json	1549	2	0	0	0	0	0	0	1	1	0	0	0	0	0	0	0	0	0	0	8	5	13	0	0	0	0	0	0
fsh-generated/resources/Observation-mii-exa-onko-tnm-synth-meldung2-klassifikation.json	1285	1	0	0	0	0	0	0	0	2	0	0	0	0	0	0	0	0	0	0	8	5	23	0	0	0	0	0	0
fsh-generated/resources/Observation-mii-exa-onko-tnm-synth-meldung2-n-pN1.json	1549	1	0	0	0	0	0	0	0	1	0	0	0	0	0	0	0	0	0	0	8	5	12	0	0	0	0	0	0
fsh-generated/resources/Observation-mii-exa-onko-tnm-synth-meldung2-t-pT2.json	1549	1	0	0	0	0	0	0	0	1	0	0	0	0	0	0	0	0	0	0	7	5	13	0	0	0	0	0	0
fsh-generated/resources/Observation-mii-exa-onko-tnm-t-kategorie-Tis.json	1350	1	0	0	0	0	0	0	0	1	0	0	0	0	0	0	0	0	0	0	8	6	11	0	0	0	0	0	0
fsh-generated/resources/Observation-mii-exa-onko-tnm-t-kategorie-cT3.json	1505	1	0	0	0	0	0	0	0	1	0	0	0	0	0	0	0	0	0	0	8	5	12	0	0	0	0	0	0
fsh-generated/resources/Observation-mii-exa-onko-tnm-t-kategorie-cT4.json	1505	1	0	0	0	0	0	0	0	1	0	0	0	0	0	0	0	0	0	0	8	4	12	0	0	0	0	0	0
fsh-generated/resources/Observation-mii-exa-onko-tnm-t-kategorie-rcT2.json	1880	1	0	0	0	0	0	0	0	1	0	0	0	0	0	0	0	0	0	0	8	5	13	0	0	0	0	0	0
fsh-generated/resources/Observation-mii-exa-onko-tnm-t-kategorie-uT2a2.json	1354	1	0	0	0	0	0	0	0	1	0	0	0	0	0	0	0	0	0	0	7	5	12	0	0	0	0	0	0
fsh-generated/resources/Observation-mii-exa-onko-tnm-t-kategorie-ycT2.json	1880	1	0	0	1	0	0	0	0	1	0	0	0	0	0	0	0	0	0	0	8	5	13	0	0	0	0	0	0
fsh-generated/resources/Observation-mii-exa-onko-tnm-t-kategorie-ypT0.json	1880	1	0	0	0	0	0	0	0	1	0	0	0	0	0	0	0	0	0	0	7	5	12	0	0	0	0	0	0
fsh-generated/resources/Observation-mii-exa-onko-tnm-v-kategorie-V1.json	990	1	0	0	0	0	0	0	0	1	0	0	0	0	0	0	0	0	0	0	8	5	11	0	0	0	0	0	1
fsh-generated/resources/Observation-mii-exa-onko-tod-j.json	1121	1	0	0	0	0	0	0	0	832	0	0	0	0	0	0	0	0	0	0	7	4	11	0	0	0	0	0	0
fsh-generated/resources/Observation-mii-exa-onko-tod-n.json	1125	1	0	0	0	0	0	0	0	1	0	0	0	0	0	0	0	0	0	0	6	6	12	0	0	0	0	0	0
fsh-generated/resources/Observation-mii-exa-onko-tod-u.json	1031	1	0	0	0	0	0	0	1	2	0	0	0	0	0	0	0	0	0	0	6	5	12	0	0	0	0	0	0
fsh-generated/resources/Observation-mii-exa-onko-tumorgroesse.json	1050	1	0	0	0	0	0	0	0	820	0	0	0	0	0	0	0	0	0	0	7	5	16	0	0	0	0	0	0
fsh-generated/resources/Observation-mii-exa-onko-tumormarker-cea.json	1686	1	0	0	0	0	0	0	0	902	0	0	0	0	0	0	0	0	0	0	7	5	15	0	0	0	0	0	0
fsh-generated/resources/Observation-mii-exa-onko-verlauf-journey-post-chemo.json	2632	2	0	0	0	0	0	0	0	2	0	0	0	0	0	0	0	0	0	0	8	7	17	0	0	0	0	0	0
fsh-generated/resources/Observation-mii-exa-onko-verlauf-journey-post-surgery.json	2631	1	0	0	0	0	0	0	0	2	0	0	0	0	0	0	0	0	0	0	8	8	17	0	0	0	0	0	0
fsh-generated/resources/Observation-mii-exa-onko-verlauf-journey-recurrence.json	2618	1	0	0	0	0	0	0	0	2	0	0	0	0	0	0	0	0	0	0	7	7	16	0	0	0	0	0	0
fsh-generated/resources/Observation-mii-exa-onko-verlauf-tumor.json	2702	1	0	0	1	0	0	0	0	1	0	0	0	0	0	0	0	0	0	0	8	8	17	0	0	0	0	0	0
fsh-generated/resources/Observation-mii-exa-onko-weitere-klassifikationen-1.json	1330	1	0	0	0	0	0	0	0	1	0	0	0	0	0	0	0	0	0	0	7	5	14	0	0	0	0	0	0
fsh-generated/resources/Observation-mii-exa-onko-weitere-klassifikationen-2.json	1170	1	0	0	0	0	0	0	0	2	0	0	0	0	0	0	0	0	0	0	7	5	15	0	0	0	0	0	0
fsh-generated/resources/Observation-mii-exa-onko-weitere-klassifikationen-3.json	1121	1	0	0	0	0	0	0	0	1	0	0	0	0	0	0	0	0	0	0	6	5	19	0	0	0	0	0	0
fsh-generated/resources/Observation-mii-exa-onko-weitere-klassifikationen-4.json	1175	1	0	0	0	0	0	0	0	2	0	0	0	0	0	0	0	0	0	0	7	6	15	0	0	0	0	0	0
fsh-generated/resources/Patient-PatientKimMusterperson.json	195	1	0	0	0	0	0	0	0	1	0	0	0	0	0	0	0	0	0	0	6	2	5	0	0	0	0	0	0
fsh-generated/resources/Patient-example-modification.json	212	1	0	0	0	0	0	0	0	0	0	0	0	0	0	0	0	0	0	0	7	3	5	0	0	0	0	0	0
fsh-generated/resources/Patient-example.json	200	1	0	0	0	0	0	0	0	1	0	0	0	0	0	0	0	0	0	0	6	2	5	0	0	0	0	0	0
fsh-generated/resources/Patient-mii-exa-onko-cup-patient.json	215	1	0	0	0	0	0	0	0	1	0	0	0	0	0	0	0	0	0	0	7	3	5	0	0	0	0	0	0
fsh-generated/resources/Patient-mii-exa-onko-folfox-patient.json	366	1	0	0	0	0	0	0	0	1	0	0	0	0	0	0	0	0	0	0	7	2	5	0	0	0	0	0	0
fsh-generated/resources/Patient-mii-exa-onko-kim-synth-patient.json	225	1	0	0	0	0	0	0	0	0	0	0	0	1	0	0	0	0	0	0	7	3	5	0	0	0	0	0	0
fsh-generated/resources/Patient-mii-exa-onko-krk-bundle-patient.json	177	0	0	0	0	0	0	0	0	1	0	0	0	0	0	0	0	0	0	0	8	3	5	0	0	0	0	0	0
fsh-generated/resources/Patient-mii-exa-onko-mamma-bundle-patient.json	175	1	0	0	0	0	0	0	0	1	0	0	0	0	0	0	0	0	0	0	7	2	6	0	0	0	0	0	0
fsh-generated/resources/Patient-mii-exa-onko-melanom-bundle-patient.json	176	1	0	0	0	0	0	0	0	0	0	0	0	0	0	0	0	0	0	0	8	3	5	0	0	0	0	0	0
fsh-generated/resources/Patient-mii-exa-onko-molecular-board-patient.json	375	1	0	0	0	0	0	0	0	1	0	0	0	0	0	0	0	0	0	0	6	3	5	0	0	0	0	0	0
fsh-generated/resources/Patient-mii-exa-onko-prostata-bundle-patient.json	180	1	0	0	0	0	0	0	0	1	0	0	0	0	0	0	0	0	0	0	7	2	6	0	0	0	0	0	0
fsh-generated/resources/Patient-mii-exa-onko-tnm-bundle-legacy-patient.json	231	1	0	0	1	0	0	0	1	1	0	0	0	0	0	0	0	0	0	0	6	5	5	0	0	0	0	0	0
fsh-generated/resources/Patient-mii-exa-onko-tnm-bundle-patient.json	226	1	0	0	0	0	0	0	0	0	0	0	0	0	0	0	0	0	0	0	6	3	5	0	0	0	0	0	0
fsh-generated/resources/Patient-mii-exa-onko-tnm-synth-patient.json	222	1	0	0	0	0	0	0	0	1	0	0	0	0	0	0	0	0	0	0	7	3	4	0	0	0	0	0	0
fsh-generated/resources/Procedure-PatientKimMusterperson-Procedure-1.json	769	1	0	0	0	0	0	0	0	2	0	0	0	0	0	0	0	0	0	0	6	4	16	0	0	0	0	0	0
fsh-generated/resources/Procedure-PatientKimMusterperson-Procedure-2.json	816	1	0	0	0	0	0	0	0	1	0	0	0	0	0	0	0	0	0	0	7	4	11	0	0	0	0	0	0
fsh-generated/resources/Procedure-PatientKimMusterperson-Procedure-3.json	755	1	0	0	0	0	0	0	0	1	0	0	0	0	0	0	0	0	0	0	8	4	12	0	0	0	0	0	0
fsh-generated/resources/Procedure-PatientKimMusterperson-Procedure-4.json	1457	1	0	0	0	0	0	0	0	1	0	0	0	0	0	0	0	0	0	0	8	5	14	0	0	0	0	0	0
fsh-generated/resources/Procedure-PatientKimMusterperson-Procedure-4a.json	1103	1	0	0	0	0	0	0	0	1	0	0	0	0	0	0	0	0	0	0	7	6	16	0	0	0	0	0	0
fsh-generated/resources/Procedure-PatientKimMusterperson-Procedure-4b.json	1051	1	0	0	0	0	0	0	0	2	0	0	0	0	0	0	0	0	0	0	8	5	16	0	0	0	0	0	0
fsh-generated/resources/Procedure-PatientKimMusterperson-Procedure-4c.json	1031	1	0	0	0	0	0	0	0	1	0	0	0	0	0	0	0	0	0	0	7	5	16	0	0	0	0	0	0
fsh-generated/resources/Procedure-PatientKimMusterperson-Procedure-4d.json	1107	1	0	0	0	0	0	0	0	1	0	0	0	0	0	0	0	0	0	0	8	4	16	0	0	0	0	0	0
fsh-generated/resources/Procedure-PatientKimMusterperson-SystemicTherapy-1.json	1781	1	0	0	1	0	0	0	0	827	0	0	0	0	0	0	0	0	0	0	8	7	16	0	0	0	0	0	0
fsh-generated/resources/Procedure-PatientKimMusterperson-SystemicTherapy-2.json	1676	1	0	0	0	0	0	0	0	2	0	0	0	0	0	0	0	0	0	0	8	5	13	0	0	0	0	0	0
fsh-generated/resources/Procedure-PatientKimMusterperson-SystemicTherapy-3.json	1651	2	0	0	0	0	0	0	0	1	0	0	0	0	0	0	0	0	0	0	7	6	13	0	0	0	0	0	0
fsh-generated/resources/Procedure-mii-exa-onko-folfox-phase1.json	2886	1	0	0	0	0	0	0	0	3	0	0	0	0	0	0	0	0	0	0	7	8	26	0	0	0	0	0	0
fsh-generated/resources/Procedure-mii-exa-onko-folfox-procedure.json	2917	1	0	0	0	0	0	0	0	2	0	0	0	0	0	0	0	0	0	0	7	8	27	0	0	0	0	0	0
fsh-generated/resources/Procedure-mii-exa-onko-krk-operation.json	1565	1	0	0	0	0	0	0	0	2	0	0	0	0	0	0	0	0	0	0	7	6	20	0	0	0	0	0	0
fsh-generated/resources/Procedure-mii-exa-onko-krk-stoma-markierung.json	1301	1	0	0	0	0	0	0	1	2	0	0	0	0	0	0	0	0	0	0	6	5	18	0	0	0	0	0	0
fsh-generated/resources/Procedure-mii-exa-onko-lv5fu2-phase2.json	2997	1	0	0	0	0	0	0	0	2	0	0	0	0	0	0	0	0	0	0	6	8	30	0	0	0	0	0	0
fsh-generated/resources/Procedure-mii-exa-onko-mamma-praeoperative-markierung-1.json	948	1	0	0	0	0	0	0	0	2	0	0	0	0	0	0	0	0	0	0	7	6	15	0	0	0	0	0	0
fsh-generated/resources/Procedure-mii-exa-onko-melanom-exzision-oberarm.json	2009	1	0	0	0	0	0	0	0	1	0	0	0	0	0	0	0	0	0	0	7	6	16	0	0	0	0	0	0
fsh-generated/resources/Procedure-mii-exa-onko-melanom-exzision-ruecken.json	2109	1	0	0	0	0	0	0	0	1	0	0	0	0	0	0	0	0	0	0	7	6	18	0	0	0	0	0	0
fsh-generated/resources/Procedure-mii-exa-onko-operation-1.json	1914	1	0	0	0	0	0	0	0	2	0	0	0	0	0	0	0	0	0	0	7	6	20	0	0	0	0	0	0
fsh-generated/resources/Procedure-mii-exa-onko-palbociclib-therapie.json	1698	1	0	0	0	0	0	0	0	3	0	0	0	0	0	0	0	0	0	0	7	7	22	0	0	0	0	0	0
fsh-generated/resources/Procedure-mii-exa-onko-pertuzumab-therapie.json	1479	1	0	0	0	0	0	0	0	2	0	0	0	0	0	0	0	0	0	0	7	5	17	0	0	0	0	0	0
fsh-generated/resources/Procedure-mii-exa-onko-prostata-operation-prostatektomie.json	1785	1	0	0	0	0	0	0	0	1	0	0	0	0	0	0	0	0	0	0	7	5	17	0	0	0	0	0	0
fsh-generated/resources/Procedure-mii-exa-onko-prostata-operation-turp.json	1782	1	0	0	0	0	0	0	0	2	0	0	0	0	0	0	0	0	0	0	7	6	17	0	0	0	0	0	0
fsh-generated/resources/Procedure-mii-exa-onko-prostata-surgery-1.json	1324	1	0	0	1	0	0	0	0	1	0	0	0	0	0	0	0	0	0	0	7	5	16	0	0	0	0	0	0
fsh-generated/resources/Procedure-mii-exa-onko-prostata-surgery-2.json	2133	1	0	0	0	0	0	0	0	1	0	0	0	0	0	0	0	0	0	0	7	6	21	0	0	0	0	0	0
fsh-generated/resources/Procedure-mii-exa-onko-right-hemicolectomy.json	1939	1	0	0	0	0	0	0	1	2	0	0	0	0	0	0	0	0	0	0	6	6	21	0	0	0	0	0	0
fsh-generated/resources/Procedure-mii-exa-onko-sigmoid-resection-part1.json	1651	1	0	0	0	0	0	0	0	2	0	0	0	0	0	0	0	0	0	0	7	6	24	0	0	0	0	0	0
fsh-generated/resources/Procedure-mii-exa-onko-sigmoid-resection-part2.json	1703	1	0	0	0	0	0	0	0	2	0	0	0	0	0	0	0	0	0	0	7	6	25	0	0	0	0	0	0
fsh-generated/resources/Procedure-mii-exa-onko-sigmoid-resection-part3.json	1609	1	0	0	0	0	0	0	0	2	0	0	0	0	0	0	0	0	0	0	7	6	24	0	0	0	0	0	0
fsh-generated/resources/Procedure-mii-exa-onko-sigmoid-resection.json	2070	1	0	0	0	0	0	0	0	2	0	0	0	0	0	0	0	0	0	0	7	7	21	0	0	0	0	0	0
fsh-generated/resources/Procedure-mii-exa-onko-strahlentherapie-2014-mamma-mit-lk.json	1893	1	0	0	0	0	0	0	0	1603	0	0	0	0	0	0	0	0	0	0	7	6	21	0	0	0	0	0	0
fsh-generated/resources/Procedure-mii-exa-onko-strahlentherapie-2014-prostata-mit-lk.json	1885	2	0	0	0	0	0	0	0	1621	0	0	0	0	0	0	0	0	0	0	7	6	21	0	0	0	0	0	0
fsh-generated/resources/Procedure-mii-exa-onko-strahlentherapie-2021-mamma-lymphknoten.json	2536	1	0	0	0	0	0	0	0	1703	0	0	0	0	0	0	0	0	0	0	6	7	26	0	0	0	0	0	0
fsh-generated/resources/Procedure-mii-exa-onko-strahlentherapie-2021-mamma-primaer.json	2419	2	0	0	0	0	0	0	0	1670	0	0	0	0	0	0	0	0	0	0	6	6	23	0	0	0	0	0	0
fsh-generated/resources/Procedure-mii-exa-onko-strahlentherapie-bestrahlung-nuklearmedizin-1.json	2991	1	0	0	0	0	0	0	0	3	0	0	0	0	0	0	0	0	0	0	6	7	15	0	0	0	0	0	0
fsh-generated/resources/Procedure-mii-exa-onko-strahlentherapie-bestrahlung-pci-sclc.json	2309	1	0	0	0	0	0	0	0	943	0	0	0	0	0	0	0	0	0	0	5	7	18	0	0	0	0	0	0
fsh-generated/resources/Procedure-mii-exa-onko-strahlentherapie-bestrahlung-strahlentherapie-1.json	3059	1	0	0	0	0	0	0	1	4	0	0	0	0	0	0	0	0	0	0	6	7	14	0	0	0	0	0	0
fsh-generated/resources/Procedure-mii-exa-onko-strahlentherapie-nuklearmedizin-1.json	1586	1	0	0	0	0	0	0	0	834	0	0	0	0	0	0	0	0	0	0	6	8	14	0	0	0	0	0	0
fsh-generated/resources/Procedure-mii-exa-onko-strahlentherapie-pci-sclc.json	1583	1	0	0	0	0	0	0	0	3	0	0	0	0	0	0	0	0	0	0	6	6	12	0	0	0	0	0	0
fsh-generated/resources/Procedure-mii-exa-onko-strahlentherapie-strahlentherapie-1.json	1593	1	0	0	0	0	0	0	0	2	0	0	0	0	0	0	0	0	0	0	6	6	13	0	0	0	0	0	0
fsh-generated/resources/Procedure-mii-exa-onko-systemische-therapie-1.json	2021	1	0	0	0	0	0	0	0	2	0	0	0	0	0	0	0	0	0	0	7	6	13	0	0	0	0	0	0
fsh-generated/resources/Procedure-mii-exa-onko-trastuzumab-therapie.json	1492	1	0	0	0	0	0	0	0	2	0	0	0	0	0	0	0	0	0	0	5	6	18	0	0	0	0	0	0
fsh-generated/resources/Provenance-mii-exa-onko-kim-synthesis-provenance.json	1803	0	0	0	1	0	0	0	0	1	0	0	0	0	0	0	0	0	0	0	6	6	42	0	0	0	0	0	0
fsh-generated/resources/RequestGroup-mii-exa-onko-folfox-requestgroup-modification.json	2093	1	0	0	0	0	0	0	0	3	0	0	0	0	0	0	0	0	0	0	7	12	61	0	0	0	0	0	0
fsh-generated/resources/RequestGroup-mii-exa-onko-folfox-requestgroup.json	2061	1	0	0	0	0	0	0	0	3	0	0	0	0	0	0	0	0	0	0	7	7	61	0	0	0	0	0	0
fsh-generated/resources/RequestGroup-mii-exa-onko-molecular-cdk46-protocol.json	1131	1	0	0	0	0	0	0	0	2	0	0	0	0	0	0	0	1	0	0	7	6	54	0	0	0	0	0	0
fsh-generated/resources/RequestGroup-mii-exa-onko-molecular-her2-alternatives.json	1418	1	0	0	0	0	0	0	0	3	0	0	0	0	0	0	0	0	0	0	6	10	56	0	0	0	0	0	0
fsh-generated/resources/ResearchStudy-mii-exa-onko-studie-prob.json	1122	1	0	0	0	0	0	0	0	1	0	0	0	0	0	0	0	0	0	0	7	5	36	0	0	0	0	0	0
fsh-generated/resources/SearchParameter-mii-sp-onko-condition-ext-morphology-behavior-icdo3.json	5437	1	0	0	0	0	0	0	1	5	0	0	0	0	0	0	0	0	0	0	6	11	13	0	0	0	0	0	0
fsh-generated/resources/SearchParameter-mii-sp-onko-ext-strahlentherapie-stellungzurop.json	4908	2	0	0	0	0	0	0	0	3	0	0	0	0	0	0	0	0	0	0	8	10	11	0	0	0	1	0	0
fsh-generated/resources/SearchParameter-mii-sp-onko-ext-systemischetherapie-stellungzurop.json	4927	1	0	0	0	0	0	0	0	2	0	0	0	0	0	0	0	0	0	0	7	10	12	0	0	0	0	0	0
fsh-generated/resources/SearchParameter-mii-sp-onko-observation-ext-tnm-n-itc.json	5318	1	0	0	0	0	0	0	0	3	0	0	0	0	0	0	0	0	0	0	8	10	12	0	0	0	0	0	0
fsh-generated/resources/SearchParameter-mii-sp-onko-observation-ext-tnm-n-sn-suffix.json	5362	1	0	0	0	0	0	0	1	3	0	0	0	0	0	0	0	0	0	0	7	14	12	0	0	0	1	0	0
fsh-generated/resources/SearchParameter-mii-sp-onko-observation-tnm-cp-praefix.json	5531	1	0	0	1	0	0	0	0	2	0	0	0	0	0	0	0	0	0	0	7	11	12	0	0	0	0	0	0
fsh-generated/resources/SearchParameter-mii-sp-onko-observation-tnm-r-praefix.json	5541	2	0	0	0	0	0	0	0	2	0	0	0	0	0	0	0	0	0	0	7	11	12	0	0	0	0	0	0
fsh-generated/resources/SearchParameter-mii-sp-onko-observation-tnm-y-praefix.json	5561	1	0	0	0	0	0	0	1	3	0	0	0	0	0	0	0	0	0	0	8	11	12	0	0	0	1	0	0
fsh-generated/resources/SearchParameter-mii-sp-onko-procedure-ext-operation-intention.json	5370	1	0	0	0	0	0	0	0	2	0	0	0	0	0	0	0	0	0	0	7	10	12	0	0	0	0	0	0
fsh-generated/resources/SearchParameter-mii-sp-onko-procedure-ext-strahlentherapie-bs-boost.json	5420	1	0	0	0	0	0	0	0	2	0	0	0	0	0	0	0	0	0	0	8	12	12	0	0	0	0	0	0
fsh-generated/resources/SearchParameter-mii-sp-onko-procedure-ext-strahlentherapie-bs-einzeldosis.json	5465	2	0	0	0	0	0	0	0	3	0	0	0	0	0	0	0	0	0	0	7	11	11	0	0	0	1	0	0
fsh-generated/resources/SearchParameter-mii-sp-onko-procedure-ext-strahlentherapie-bs-gesamtdosis.json	5465	1	0	0	0	0	0	0	1	2	0	0	0	0	0	0	0	0	0	0	7	12	11	0	0	0	0	0	0
fsh-generated/resources/SearchParameter-mii-sp-onko-procedure-ext-strahlentherapie-intention.json	5412	1	0	0	0	0	0	0	0	2	0	0	0	0	0	0	0	0	0	0	7	10	12	0	0	0	0	0	0
fsh-generated/resources/SearchParameter-mii-sp-onko-procedure-ext-systemischetherapie-intention.json	5431	2	0	0	0	0	0	0	0	3	0	0	0	0	0	0	0	0	0	0	7	11	11	0	0	0	1	0	0
fsh-generated/resources/SearchParameter-mii-sp-onko-procedure-strahlentherapie-applikationsart.json	5413	1	0	0	1	0	0	0	0	2	0	0	0	0	0	0	0	0	0	0	8	10	11	0	0	0	0	0	0
fsh-generated/resources/SearchParameter-mii-sp-onko-procedure-strahlentherapie-lateralitaet.json	5452	1	0	0	0	0	0	0	1	3	0	0	0	0	0	0	0	0	0	0	7	11	12	0	0	0	0	0	1
fsh-generated/resources/SearchParameter-mii-sp-onko-procedure-strahlentherapie-strahlenart.json	5385	1	0	0	0	0	0	0	0	2	0	0	0	0	0	0	0	0	0	0	8	10	12	0	0	0	1	0	0
fsh-generated/resources/ServiceRequest-mii-exa-onko-molecular-surgery-request.json	869	1	0	0	0	0	0	0	0	828	0	0	0	0	0	0	0	0	0	0	8	5	23	0	0	0	0	0	0
fsh-generated/resources/Specimen-PatientKimMusterperson-Specimen-1.json	270	1	0	0	0	0	0	0	0	2	0	0	0	0	0	0	0	0	0	0	7	3	10	0	0	0	0	0	0
fsh-generated/resources/Specimen-mii-exa-onko-krk-specimen.json	1077	2	0	0	0	0	0	0	0	2	0	0	0	0	0	0	0	0	0	0	7	5	11	0	0	0	0	0	0
fsh-generated/resources/Specimen-mii-exa-onko-prostata-specimen-stanze.json	457	1	0	0	0	0	0	0	0	1	0	0	0	0	0	0	0	0	0	0	7	4	11	0	0	0	0	0	0
fsh-generated/resources/Specimen-mii-exa-onko-specimen-1.json	410	1	0	0	0	0	0	0	0	1	0	0	0	0	0	0	0	0	0	0	7	3	11	0	0	0	0	0	0
fsh-generated/resources/StructureDefinition-mii-ex-onko-histology-morphology-behavior-icdo3.json	7088	1	0	35	0	0	0	0	1	101	0	0	0	0	0	0	0	0	0	0	1	62	1028	0	0	0	2	0	0
fsh-generated/resources/StructureDefinition-mii-ex-onko-nebenwirkung-ctcae-version.json	6852	1	0	16	0	0	0	0	0	25	0	0	0	0	0	0	0	0	0	0	0	39	332	0	0	0	1	0	0
fsh-generated/resources/StructureDefinition-mii-ex-onko-operation-intention.json	6917	1	0	32	0	0	0	0	0	17	0	0	1	0	0	0	0	0	0	0	1	62	376	0	1	0	2	0	0
fsh-generated/resources/StructureDefinition-mii-ex-onko-operation-urgency.json	7334	2	0	25	0	0	0	0	0	17	0	0	0	0	0	0	0	0	0	0	0	63	468	0	0	0	2	0	0
fsh-generated/resources/StructureDefinition-mii-ex-onko-strahlentherapie-bestrahlung-boost.json	6615	1	0	19	0	0	0	0	0	12	0	0	0	0	0	0	0	0	0	0	1	40	300	0	0	0	1	0	0
fsh-generated/resources/StructureDefinition-mii-ex-onko-strahlentherapie-bestrahlung-einzeldosis.json	6876	1	0	20	0	0	0	0	0	14	0	0	1	0	0	0	0	1	0	0	0	50	325	0	0	0	1	0	0
fsh-generated/resources/StructureDefinition-mii-ex-onko-strahlentherapie-bestrahlung-gesamtdosis.json	6845	1	0	78	0	0	0	0	0	14	0	0	0	0	0	0	0	0	0	0	0	50	303	0	0	0	2	0	0
fsh-generated/resources/StructureDefinition-mii-ex-onko-strahlentherapie-bestrahlung-seitenlokalisation.json	6792	1	0	14	0	0	0	0	0	12	0	0	0	0	0	0	0	0	0	0	1	41	262	0	0	0	1	0	0
fsh-generated/resources/StructureDefinition-mii-ex-onko-strahlentherapie-intention.json	6934	2	0	22	0	0	0	0	0	17	0	0	0	0	0	0	0	0	0	0	0	62	313	0	0	0	1	0	1
fsh-generated/resources/StructureDefinition-mii-ex-onko-strahlentherapie-stellungzurop.json	6973	1	0	24	0	0	0	0	0	16	0	0	1	0	0	0	0	0	0	0	1	63	313	0	0	0	2	0	0
fsh-generated/resources/StructureDefinition-mii-ex-onko-systemische-therapie-intention.json	6970	1	0	24	0	0	0	0	0	18	0	0	0	0	0	0	0	0	0	0	0	62	309	0	0	0	2	0	0
fsh-generated/resources/StructureDefinition-mii-ex-onko-systemische-therapie-stellungzurop.json	7009	1	0	22	0	0	0	0	0	16	0	0	0	0	0	0	0	0	0	0	1	62	320	0	0	0	2	0	0
fsh-generated/resources/StructureDefinition-mii-ex-onko-tnm-a-praefix.json	7079	1	0	22	0	0	0	0	0	20	0	0	1	0	0	0	0	0	0	0	0	59	327	0	0	0	2	0	0
fsh-generated/resources/StructureDefinition-mii-ex-onko-tnm-cp-praefix.json	6981	1	0	28	0	0	0	0	0	15	0	0	0	0	0	0	0	1	0	0	0	60	321	0	0	0	2	0	0
fsh-generated/resources/StructureDefinition-mii-ex-onko-tnm-itc-suffix.json	6517	1	0	22	0	0	0	0	0	14	0	0	0	0	0	0	0	0	0	0	1	59	311	0	0	0	2	0	0
fsh-generated/resources/StructureDefinition-mii-ex-onko-tnm-r-praefix.json	7078	1	0	21	0	0	0	0	0	16	0	0	0	0	0	0	0	0	0	0	0	60	394	0	0	0	2	0	0
fsh-generated/resources/StructureDefinition-mii-ex-onko-tnm-sn-suffix.json	6548	1	0	23	0	0	0	0	0	14	0	0	1	0	0	0	0	0	0	0	1	60	321	0	0	0	1	0	0
fsh-generated/resources/StructureDefinition-mii-ex-onko-tnm-y-praefix.json	7138	1	0	22	0	0	0	0	0	15	0	0	0	0	0	0	0	0	0	0	0	62	338	0	0	0	2	0	1
fsh-generated/resources/StructureDefinition-mii-ex-onko-transformation-von.json	7574	2	0	12	0	0	0	0	0	18	0	0	0	0	0	0	0	0	0	0	1	41	362	0	0	0	1	0	0
fsh-generated/resources/StructureDefinition-mii-lm-mvgenomseq-onkologie.json	69274	4	0	91	0	0	0	0	0	156	0	0	1	0	0	0	0	2	0	0	6	511	1177	0	0	0	18	1	1
fsh-generated/resources/StructureDefinition-mii-lm-onko-organspezifische-zusatzmodule.json	63719	3	0	95	0	0	0	0	0	85	0	0	1	0	0	0	0	1	0	0	9	436	1426	0	0	0	14	0	0
fsh-generated/resources/StructureDefinition-mii-lm-onko.json	87056	4	0	89	0	0	0	0	0	114	0	0	0	0	0	0	0	1	0	0	10	482	1401	0	0	0	19	0	1
fsh-generated/resources/StructureDefinition-mii-pr-onko-allgemeiner-leistungszustand-ecog.json	12439	2	0	119	1	0	0	0	0	62	0	0	1	0	0	0	0	1	0	0	0	233	1656	0	0	0	9	0	1
fsh-generated/resources/StructureDefinition-mii-pr-onko-allgemeiner-leistungszustand-karnofsky.json	12469	2	0	112	0	0	0	0	0	27	0	0	0	0	0	0	0	1	0	0	1	235	1861	0	0	0	9	0	0
fsh-generated/resources/StructureDefinition-mii-pr-onko-anzahl-befallene-lymphknoten.json	11818	1	0	127	0	0	0	0	0	28	0	0	0	0	0	0	0	1	0	0	0	209	886	0	0	0	9	0	1
fsh-generated/resources/StructureDefinition-mii-pr-onko-anzahl-befallene-sentinel-lymphknoten.json	11884	2	0	81	0	0	0	0	0	36	0	0	1	0	0	0	0	1	0	0	0	208	785	0	0	0	9	0	0
fsh-generated/resources/StructureDefinition-mii-pr-onko-anzahl-untersuchte-lymphknoten.json	11842	1	0	82	0	0	0	0	0	36	0	0	0	0	0	0	0	0	0	0	1	208	745	0	0	0	8	1	1
fsh-generated/resources/StructureDefinition-mii-pr-onko-anzahl-untersuchte-sentinel-lymphknoten.json	11914	2	0	87	0	0	0	0	0	36	0	0	0	0	0	0	0	1	0	0	0	212	789	0	0	0	9	0	0
fsh-generated/resources/StructureDefinition-mii-pr-onko-asa-klassifikation.json	10304	1	0	101	0	0	0	0	0	27	0	0	1	0	0	0	0	1	0	0	0	162	1837	0	0	0	6	0	1
fsh-generated/resources/StructureDefinition-mii-pr-onko-befund.json	10272	2	0	59	0	0	0	0	0	26	0	0	0	0	0	0	0	0	0	0	0	134	617	0	0	0	6	0	0
fsh-generated/resources/StructureDefinition-mii-pr-onko-diagnose-primaertumor.json	30630	2	0	382	0	0	0	0	2	108	0	0	1	0	0	0	0	3	0	0	1	576	35086	0	0	0	22	0	2
fsh-generated/resources/StructureDefinition-mii-pr-onko-fernmetastasen.json	13182	2	0	96	0	0	0	0	0	34	0	0	0	0	0	0	0	1	0	0	0	315	1842	0	1	0	9	1	1
fsh-generated/resources/StructureDefinition-mii-pr-onko-fruehere-tumorerkrankung.json	15868	2	0	121	0	0	0	0	0	36	0	0	0	0	0	0	0	1	0	0	1	225	710	0	0	0	9	0	0
fsh-generated/resources/StructureDefinition-mii-pr-onko-genetische-variante.json	13767	2	0	639	0	0	0	0	0	52	0	0	1	0	0	0	0	3	0	0	0	666	3870	0	0	0	20	1	3
fsh-generated/resources/StructureDefinition-mii-pr-onko-grading.json	11545	1	0	186	0	0	0	0	0	36	0	0	0	0	0	0	0	1	0	0	0	211	967	0	0	0	9	0	0
fsh-generated/resources/StructureDefinition-mii-pr-onko-histologie-icdo3.json	17520	2	0	168	0	0	0	0	0	23	0	0	1	0	0	0	0	1	0	0	1	222	1812	0	0	0	9	0	1
fsh-generated/resources/StructureDefinition-mii-pr-onko-krk-abstand-aboral.json	11530	2	0	103	0	0	0	0	0	16	0	0	0	0	0	0	0	0	0	0	0	159	1422	0	0	0	7	0	0
fsh-generated/resources/StructureDefinition-mii-pr-onko-krk-abstand-anokutan.json	11385	1	0	106	0	0	0	0	0	207	0	0	0	0	0	0	0	1	0	0	1	164	696	0	0	0	7	0	1
fsh-generated/resources/StructureDefinition-mii-pr-onko-krk-abstand-circumferelle-resektionsebene.json	11675	2	0	153	0	0	0	0	0	16	0	0	1	0	0	0	0	1	0	0	0	158	1133	0	0	0	7	0	0
fsh-generated/resources/StructureDefinition-mii-pr-onko-krk-anastomoseninsuffizienz.json	10898	2	0	108	0	0	0	0	0	16	0	0	0	0	0	0	0	0	0	0	1	164	651	0	0	0	6	0	0
fsh-generated/resources/StructureDefinition-mii-pr-onko-krk-mrt-mesorektale-faszie.json	13983	1	0	93	0	0	0	0	0	25	0	0	0	0	0	0	0	1	0	0	0	200	695	0	0	0	9	0	1
fsh-generated/resources/StructureDefinition-mii-pr-onko-krk-operation.json	8121	2	0	394	0	0	0	0	1	27	0	0	1	0	0	0	0	2	0	0	1	312	1131	0	0	0	11	1	1
fsh-generated/resources/StructureDefinition-mii-pr-onko-krk-specimen.json	8503	1	0	106	0	0	0	0	0	12	0	0	0	0	0	0	0	1	0	0	0	203	476	0	0	0	5	0	0
fsh-generated/resources/StructureDefinition-mii-pr-onko-krk-stoma-markierung.json	10670	2	0	221	0	0	0	0	0	24	0	0	1	0	0	0	0	1	0	0	0	269	902	0	0	0	10	0	1
fsh-generated/resources/StructureDefinition-mii-pr-onko-liste-evidenz-erstdiagnose.json	7542	1	0	53	0	0	0	0	0	11	0	0	0	0	0	0	0	0	0	0	1	97	420	0	0	0	3	0	1
fsh-generated/resources/StructureDefinition-mii-pr-onko-mamma-her2neu-status.json	13066	2	0	125	0	0	0	0	0	35	0	0	0	0	0	0	0	1	0	0	0	272	2131	0	0	0	11	0	0
fsh-generated/resources/StructureDefinition-mii-pr-onko-mamma-menopause-status.json	8511	1	0	102	0	0	0	0	0	16	0	0	0	0	0	0	0	1	0	0	0	161	1299	0	0	0	7	1	1
fsh-generated/resources/StructureDefinition-mii-pr-onko-mamma-operation.json	11211	2	0	17285	1	0	0	0	0	35	0	0	1	0	0	0	0	2	0	0	1	365	1274	0	0	0	13	0	1
fsh-generated/resources/StructureDefinition-mii-pr-onko-mamma-praeoperative-markierung.json	9050	1	0	116	0	0	0	0	0	15	0	0	0	0	0	0	0	0	0	0	0	130	515	0	0	0	5	0	0
fsh-generated/resources/StructureDefinition-mii-pr-onko-mamma-rezeptorstatus-estrogen.json	14403	2	0	308	0	0	0	0	0	35	0	0	0	0	0	0	0	1	0	0	1	303	1974	0	0	0	12	0	1
fsh-generated/resources/StructureDefinition-mii-pr-onko-mamma-rezeptorstatus-progesteron.json	13632	2	0	307	0	0	0	0	0	40	0	0	1	0	0	0	0	2	0	0	0	279	1264	0	0	0	11	0	1
fsh-generated/resources/StructureDefinition-mii-pr-onko-mamma-sozialdienst.json	7883	1	0	332	0	0	0	0	0	25	0	0	0	0	0	0	0	2	0	0	1	308	1183	0	0	0	11	1	1
fsh-generated/resources/StructureDefinition-mii-pr-onko-melanom-breslow-tiefe.json	11984	2	0	121	0	0	0	0	0	20	0	0	0	0	0	0	0	1	0	0	0	183	642	0	1	0	7	0	0
fsh-generated/resources/StructureDefinition-mii-pr-onko-melanom-exzision.json	7010	1	0	1051	0	0	0	0	0	24	0	0	1	0	0	0	0	3	0	0	0	296	1152	0	0	0	13	0	1
fsh-generated/resources/StructureDefinition-mii-pr-onko-melanom-ldh.json	12602	2	0	122	0	0	0	0	0	20	0	0	0	0	0	0	0	1	0	0	1	310	1188	0	0	0	7	0	1
fsh-generated/resources/StructureDefinition-mii-pr-onko-melanom-sicherheitsabstand.json	12443	1	0	86	0	0	0	0	0	18	0	0	0	0	0	0	0	0	0	0	0	168	592	0	0	0	8	0	0
fsh-generated/resources/StructureDefinition-mii-pr-onko-melanom-ulzeration.json	11485	1	0	84	0	0	0	0	0	18	0	0	1	0	0	0	0	1	0	0	1	164	583	0	0	0	6	1	1
fsh-generated/resources/StructureDefinition-mii-pr-onko-nebenwirkung-adverse-event.json	18571	2	0	199	0	0	0	0	0	29	0	0	0	0	0	0	0	1	0	0	0	214	640	0	0	0	9	0	0
fsh-generated/resources/StructureDefinition-mii-pr-onko-operation.json	22914	2	0	425	0	0	0	0	0	2199	0	0	0	0	0	0	0	2	0	0	1	398	1221	0	0	0	14	0	1
fsh-generated/resources/StructureDefinition-mii-pr-onko-prostata-operation.json	7087	1	0	1620	0	0	0	0	0	29	0	0	1	0	0	0	0	1	0	0	0	297	1097	0	0	0	11	0	1
fsh-generated/resources/StructureDefinition-mii-pr-onko-prostate-anzahl-positive-stanzen.json	10627	2	0	79	0	0	0	0	1	15	0	0	0	0	0	0	0	1	0	0	1	145	570	0	0	0	6	0	1
fsh-generated/resources/StructureDefinition-mii-pr-onko-prostate-anzahl-stanzen.json	10506	1	0	77	0	0	0	0	0	15	0	0	0	0	0	0	0	0	0	0	0	144	841	0	0	0	6	0	0
fsh-generated/resources/StructureDefinition-mii-pr-onko-prostate-ca-befall-stanze.json	10022	2	0	85	0	0	0	0	0	17	0	0	1	0	0	0	0	1	0	0	1	163	625	0	0	0	7	1	1
fsh-generated/resources/StructureDefinition-mii-pr-onko-prostate-clavien-dindo.json	12687	1	0	103	0	0	0	0	0	23	0	0	0	0	0	0	0	1	0	0	0	217	4057	0	0	0	8	0	0
fsh-generated/resources/StructureDefinition-mii-pr-onko-prostate-gleason-grade-group.json	13029	2	0	106	0	0	0	0	0	21	0	0	0	0	0	0	0	1	0	0	0	209	1380	0	0	0	9	0	1
fsh-generated/resources/StructureDefinition-mii-pr-onko-prostate-gleason-patterns.json	13683	1	0	109	0	0	0	0	0	21	0	0	1	0	0	0	0	0	0	0	1	200	2590	0	0	0	8	0	0
fsh-generated/resources/StructureDefinition-mii-pr-onko-prostate-gleason-score-gesamt.json	13435	2	0	118	0	0	0	0	0	21	0	0	0	0	0	0	0	1	0	0	0	204	1337	0	0	0	8	0	1
fsh-generated/resources/StructureDefinition-mii-pr-onko-prostate-psa.json	10524	1	0	90	0	0	0	0	0	16	0	0	0	0	0	0	0	1	0	0	1	291	1101	0	0	0	7	0	0
fsh-generated/resources/StructureDefinition-mii-pr-onko-residualstatus.json	11479	2	0	135	0	0	0	0	0	21	0	0	1	0	0	0	0	0	0	0	0	221	659	0	0	0	8	0	1
fsh-generated/resources/StructureDefinition-mii-pr-onko-specimen.json	10071	1	0	68	0	0	0	0	0	17	0	0	0	0	0	0	0	0	0	0	1	124	473	0	0	0	5	0	0
fsh-generated/resources/StructureDefinition-mii-pr-onko-strahlentherapie-bestrahlung-nuklearmedizin.json	29223	2	0	318	0	0	0	0	0	49	0	0	1	0	0	0	0	1	0	0	0	463	1302	0	1	0	17	1	1
fsh-generated/resources/StructureDefinition-mii-pr-onko-strahlentherapie-bestrahlung-strahlentherapie.json	23704	2	0	295	1	0	0	0	0	46	0	0	0	0	0	0	0	1	0	0	1	460	1412	0	0	0	17	0	2
fsh-generated/resources/StructureDefinition-mii-pr-onko-strahlentherapie.json	18050	2	0	234	0	0	0	0	1	33	0	0	1	0	0	0	0	1	0	0	1	342	1246	0	0	0	13	0	1
fsh-generated/resources/StructureDefinition-mii-pr-onko-studienteilnahme.json	12924	2	0	98	0	0	0	0	0	19	0	0	0	0	0	0	0	0	0	0	0	177	618	0	0	0	8	0	1
fsh-generated/resources/StructureDefinition-mii-pr-onko-systemische-therapie-medikation.json	18545	1	0	364	0	0	0	0	0	40	0	0	0	0	0	0	0	1	0	0	1	478	2126	0	0	0	17	0	1
fsh-generated/resources/StructureDefinition-mii-pr-onko-systemische-therapie.json	23215	2	0	314	0	0	0	0	0	39	0	0	1	0	0	0	0	1	0	0	0	409	1200	0	0	0	15	0	1
fsh-generated/resources/StructureDefinition-mii-pr-onko-therapieempfehlung-kombinationstherapie.json	10583	2	0	129	0	0	0	0	0	18	0	0	0	0	0	0	0	1	0	0	1	330	616	0	0	0	7	0	0
fsh-generated/resources/StructureDefinition-mii-pr-onko-therapieempfehlung-medikation.json	9485	1	0	380	0	0	0	0	0	35	0	0	1	0	0	0	0	1	0	0	0	557	2425	0	1	0	17	0	2
fsh-generated/resources/StructureDefinition-mii-pr-onko-therapieempfehlung-operation.json	7771	1	0	69	0	0	0	0	0	14	0	0	0	0	0	0	0	0	0	0	0	121	598	0	0	0	4	0	0
fsh-generated/resources/StructureDefinition-mii-pr-onko-tnm-a-symbol.json	11774	2	0	107	0	0	0	0	0	18	0	0	0	0	0	0	0	0	0	0	1	176	2349	0	0	0	7	0	1
fsh-generated/resources/StructureDefinition-mii-pr-onko-tnm-klassifikation-synthetisiert.json	12868	1	0	136	0	0	0	0	0	20	0	0	1	0	0	0	0	1	0	0	0	196	1404	0	0	0	9	0	0
fsh-generated/resources/StructureDefinition-mii-pr-onko-tnm-klassifikation.json	14888	2	0	114	0	0	0	0	0	18	0	0	0	0	0	0	0	0	0	0	1	177	611	0	0	0	7	1	1
fsh-generated/resources/StructureDefinition-mii-pr-onko-tnm-l-kategorie.json	11804	1	0	114	0	0	0	0	0	18	0	0	0	0	0	0	0	0	0	0	0	180	625	0	0	0	8	0	0
fsh-generated/resources/StructureDefinition-mii-pr-onko-tnm-m-kategorie.json	21154	2	0	220	0	0	0	0	1	39	0	0	1	0	0	0	0	1	0	0	1	359	4566	0	0	0	13	0	1
fsh-generated/resources/StructureDefinition-mii-pr-onko-tnm-m-symbol.json	11984	2	0	155	0	0	0	0	0	18	0	0	0	0	0	0	0	0	0	0	0	175	1538	0	0	0	8	0	0
fsh-generated/resources/StructureDefinition-mii-pr-onko-tnm-n-kategorie.json	21704	2	0	231	0	0	0	0	0	38	0	0	1	0	0	0	0	1	0	0	1	360	5847	0	1	0	13	0	1
fsh-generated/resources/StructureDefinition-mii-pr-onko-tnm-pn-kategorie.json	12853	1	0	116	0	0	0	0	0	20	0	0	0	0	0	0	0	0	0	0	0	188	637	0	0	0	8	0	1
fsh-generated/resources/StructureDefinition-mii-pr-onko-tnm-r-symbol.json	11772	2	0	119	0	0	0	0	0	17	0	0	0	0	0	0	0	1	0	0	1	175	2493	0	0	0	8	0	0
fsh-generated/resources/StructureDefinition-mii-pr-onko-tnm-s-kategorie.json	11864	1	0	113	0	0	0	0	0	18	0	0	1	0	0	0	0	0	0	0	0	178	1489	0	0	0	8	0	1
fsh-generated/resources/StructureDefinition-mii-pr-onko-tnm-t-kategorie.json	22019	2	0	229	0	0	0	0	0	40	0	0	0	0	0	0	0	1	0	0	1	381	6055	0	0	0	14	0	1
fsh-generated/resources/StructureDefinition-mii-pr-onko-tnm-v-kategorie.json	11888	1	0	118	0	0	0	0	0	18	0	0	0	0	0	0	0	0	0	0	0	316	653	0	0	0	8	0	0
fsh-generated/resources/StructureDefinition-mii-pr-onko-tnm-y-symbol.json	11883	2	0	111	0	0	0	0	0	17	0	0	1	0	0	0	0	1	0	0	1	176	615	0	0	0	7	0	1
fsh-generated/resources/StructureDefinition-mii-pr-onko-tod.json	12936	1	0	116	0	0	0	0	0	220	0	0	0	0	0	0	0	0	0	0	0	194	650	0	0	0	8	0	0
fsh-generated/resources/StructureDefinition-mii-pr-onko-tumorgroesse.json	12237	2	0	118	0	0	0	0	0	28	0	0	0	0	0	0	0	0	0	0	1	214	687	0	0	0	9	0	1
fsh-generated/resources/StructureDefinition-mii-pr-onko-tumorkonferenz.json	21313	2	0	269	0	0	0	0	0	41	0	0	1	0	0	0	0	1	0	0	0	318	1111	0	0	0	13	0	1
fsh-generated/resources/StructureDefinition-mii-pr-onko-tumormarker.json	9447	1	0	312	1	0	0	0	0	31	0	0	0	0	0	0	0	1	0	0	1	296	2755	0	0	0	12	0	1
fsh-generated/resources/StructureDefinition-mii-pr-onko-verlauf.json	22724	2	0	243	0	0	0	0	1	43	0	0	0	0	0	0	0	1	0	0	0	398	1088	0	1	0	15	0	1
fsh-generated/resources/StructureDefinition-mii-pr-onko-weitere-klassifikationen.json	15743	2	0	117	0	0	0	0	0	17	0	0	1	0	0	0	0	0	0	0	1	183	2630	0	0	0	8	0	0
fsh-generated/resources/ValueSet-mii-vs-onko-allgemeiner-leistungszustand-ecog-loinc.json	6396	1	0	0	0	0	0	0	0	1168	0	0	0	0	0	0	0	0	0	0	9	13	127	0	0	0	1	0	0
fsh-generated/resources/ValueSet-mii-vs-onko-allgemeiner-leistungszustand-ecog.json	5390	1	0	0	0	0	0	0	0	3	0	0	0	0	0	0	0	0	0	0	9	10	91	0	0	0	0	0	0
fsh-generated/resources/ValueSet-mii-vs-onko-allgemeiner-leistungszustand-karnofsky-loinc.json	6927	1	0	0	0	0	0	0	1	589	0	0	0	0	0	0	0	0	0	0	9	13	96	0	0	0	0	0	0
fsh-generated/resources/ValueSet-mii-vs-onko-allgemeiner-leistungszustand-karnofsky.json	5420	1	0	0	0	0	0	1	0	3	0	0	0	0	0	0	0	0	0	0	8	10	91	0	0	0	1	0	0
fsh-generated/resources/ValueSet-mii-vs-onko-asa-loinc.json	5790	1	0	0	0	0	0	0	0	545	0	0	0	0	0	0	0	0	0	0	9	11	612	0	0	0	0	0	0
fsh-generated/resources/ValueSet-mii-vs-onko-asa-obds.json	5329	1	0	0	0	0	0	0	0	3	0	0	0	0	0	0	0	0	0	0	9	9	52	0	0	0	0	0	0
fsh-generated/resources/ValueSet-mii-vs-onko-beurteilung-lokaler-residualstatus.json	5374	1	0	0	0	0	0	0	1	3	0	0	0	0	0	0	0	0	0	0	8	9	54	0	0	0	0	0	0
fsh-generated/resources/ValueSet-mii-vs-onko-fernmetastasen.json	5262	1	0	0	0	0	0	0	0	2	0	0	0	0	0	0	0	0	0	0	8	10	55	0	0	0	1	0	0
fsh-generated/resources/ValueSet-mii-vs-onko-genetische-variante-auspraegung.json	5369	1	0	0	0	0	0	0	0	3	0	0	0	0	0	0	0	0	0	0	9	10	53	0	0	0	0	0	0
fsh-generated/resources/ValueSet-mii-vs-onko-gesamtbeurteilung-residualstatus.json	5364	1	0	0	0	0	0	0	0	3	0	0	0	0	0	0	0	0	0	0	8	9	51	0	0	0	0	0	0
fsh-generated/resources/ValueSet-mii-vs-onko-grading.json	5296	1	0	0	0	0	0	0	1	2	0	0	0	0	0	0	0	0	0	0	8	9	52	0	0	0	0	0	1
fsh-generated/resources/ValueSet-mii-vs-onko-icd10-meldepflichtige-tumoren.json	7540	1	0	0	0	0	0	0	0	4194	0	0	0	0	0	0	0	0	0	0	8	14	4698	0	0	0	1	0	0
fsh-generated/resources/ValueSet-mii-vs-onko-icdo3-morphologie-2014.json	5512	1	0	0	0	0	0	0	1	824	0	0	0	0	0	0	0	0	0	0	8	9	938	0	0	0	0	0	0
fsh-generated/resources/ValueSet-mii-vs-onko-icdo3-morphologie-2019.json	5513	1	0	0	0	0	0	0	0	417	0	0	0	0	0	0	0	0	0	0	8	11	192	0	0	0	0	0	0
fsh-generated/resources/ValueSet-mii-vs-onko-icdo3-morphologie.json	5696	1	0	0	0	0	0	0	0	3	0	0	0	0	0	0	0	0	0	0	8	10	158	0	0	0	1	0	0
fsh-generated/resources/ValueSet-mii-vs-onko-icdo3-topographie-2014.json	5488	1	0	0	0	0	0	0	0	417	0	0	0	0	0	0	0	0	0	0	8	9	647	0	0	0	0	0	0
fsh-generated/resources/ValueSet-mii-vs-onko-icdo3-topographie-2019.json	5489	1	0	0	0	0	0	0	1	434	0	0	0	0	0	0	0	0	0	0	8	10	97	0	0	0	0	0	0
fsh-generated/resources/ValueSet-mii-vs-onko-icdo3-topographie.json	5668	1	0	0	0	0	0	0	0	3	0	0	0	0	0	0	0	0	0	0	7	10	94	0	0	0	0	0	0
fsh-generated/resources/ValueSet-mii-vs-onko-ighv-gensegmente-hgnc.json	21303	2	0	0	0	0	0	0	1	2222	0	0	0	0	0	0	0	0	0	0	9	64	469	0	0	0	4	0	0
fsh-generated/resources/ValueSet-mii-vs-onko-kdl-dokumentklassen.json	10240	1	0	0	0	0	0	0	1	983	0	0	0	0	0	0	0	0	0	0	8	38	97	0	0	0	2	0	0
fsh-generated/resources/ValueSet-mii-vs-onko-koerperstruktur-sct.json	5747	1	0	0	0	0	0	0	0	478	0	0	0	0	0	0	0	0	0	0	8	10	266	0	0	0	0	0	0
fsh-generated/resources/ValueSet-mii-vs-onko-krk-abstand-circumferelle-resektionsrand.json	5727	1	0	0	0	0	0	0	1	551	0	0	0	0	0	0	0	0	0	0	8	10	70	0	0	0	1	0	0
fsh-generated/resources/ValueSet-mii-vs-onko-krk-abstand-resektionslinie-aboral.json	5687	1	0	0	0	0	0	0	0	547	0	0	0	0	0	0	0	0	0	0	7	10	63	0	0	0	0	0	0
fsh-generated/resources/ValueSet-mii-vs-onko-krk-anastomoseninsuffizienz.json	5365	1	0	0	0	0	0	0	0	4	0	0	0	0	0	0	0	0	0	0	6	11	60	0	0	0	0	0	0
fsh-generated/resources/ValueSet-mii-vs-onko-krk-mrt-mesorektale-faszie-status.json	5445	1	0	0	1	0	0	0	0	4	0	0	0	0	0	0	0	0	0	0	7	10	53	0	0	0	0	0	0
fsh-generated/resources/ValueSet-mii-vs-onko-krk-stoma-anzeichnung.json	5350	1	0	0	0	0	0	0	1	2	0	0	0	0	0	0	0	0	0	0	7	10	54	0	0	0	1	0	0
fsh-generated/resources/ValueSet-mii-vs-onko-krk-stoma-status-reason.json	6127	1	0	0	0	0	0	0	0	680	0	0	0	0	0	0	0	0	0	0	7	10	767	0	0	0	0	0	0
fsh-generated/resources/ValueSet-mii-vs-onko-krk-tme-qualitaet.json	5355	1	0	0	0	0	0	0	0	3	0	0	0	0	0	0	0	0	0	0	7	11	55	0	0	0	0	0	0
fsh-generated/resources/ValueSet-mii-vs-onko-mamma-faerbeintensitaet.json	5607	1	0	0	0	0	0	0	0	532	0	0	0	0	0	0	0	0	0	0	8	10	59	0	0	0	0	0	0
fsh-generated/resources/ValueSet-mii-vs-onko-mamma-her2neu-ihc-score.json	5753	1	0	0	0	0	0	0	1	567	0	0	0	0	0	0	0	0	0	0	7	10	55	0	0	0	1	0	0
fsh-generated/resources/ValueSet-mii-vs-onko-mamma-her2neu-status-leitlinie.json	5368	1	0	0	0	0	0	0	0	4	0	0	0	0	0	0	0	0	0	0	7	11	58	0	0	0	0	0	0
fsh-generated/resources/ValueSet-mii-vs-onko-mamma-her2neu-status-obds.json	5311	1	0	0	0	0	0	0	0	3	0	0	0	0	0	0	0	0	0	0	7	9	55	0	0	0	0	0	0
fsh-generated/resources/ValueSet-mii-vs-onko-mamma-intraoperatives-imaging-praeparat.json	5863	1	0	0	0	0	0	0	1	423	0	0	0	0	0	0	0	0	0	0	8	10	733	0	0	0	1	0	0
fsh-generated/resources/ValueSet-mii-vs-onko-mamma-ish-ergebnis.json	5553	1	0	0	0	0	0	0	0	557	0	0	0	0	0	0	0	0	0	0	8	10	57	0	1	0	0	0	0
fsh-generated/resources/ValueSet-mii-vs-onko-mamma-menopause-status.json	5987	1	0	0	0	0	0	0	0	670	0	0	0	0	0	0	0	0	0	0	7	11	59	0	0	0	0	0	0
fsh-generated/resources/ValueSet-mii-vs-onko-mamma-operation-ops.json	5362	1	0	0	0	0	0	0	1	964	0	0	0	0	0	0	0	0	0	0	7	10	693	0	0	0	0	0	0
fsh-generated/resources/ValueSet-mii-vs-onko-mamma-operation-sct.json	6176	1	0	0	0	0	0	0	0	1245	0	0	0	0	0	0	0	0	0	0	7	11	1017	0	0	0	1	0	0
fsh-generated/resources/ValueSet-mii-vs-onko-mamma-praeoperative-markierung-modalitaet.json	6411	1	0	0	0	0	0	0	0	667	0	0	0	0	0	0	0	0	0	0	6	12	755	0	0	0	0	0	0
fsh-generated/resources/ValueSet-mii-vs-onko-mamma-rezeptorstatus-leitlinie.json	5337	1	0	0	0	0	0	0	1	3	0	0	0	0	0	0	0	0	0	0	7	10	48	0	0	0	0	0	0
fsh-generated/resources/ValueSet-mii-vs-onko-mamma-rezeptorstatus-obds.json	5519	1	0	0	0	0	0	0	0	551	0	0	0	0	0	0	0	0	0	0	7	10	49	0	0	0	1	0	1
fsh-generated/resources/ValueSet-mii-vs-onko-marker-gene-hgnc.json	9178	1	0	0	0	0	0	0	0	31	0	0	0	0	0	0	0	1	0	0	7	22	128	0	0	0	0	0	0
fsh-generated/resources/ValueSet-mii-vs-onko-melanom-exzision-snomedct.json	5892	1	0	0	0	0	0	0	1	682	0	0	0	0	0	0	0	0	0	0	7	10	742	0	0	0	1	0	0
fsh-generated/resources/ValueSet-mii-vs-onko-melanom-ldh.json	5737	1	0	0	0	0	0	0	0	568	0	0	0	0	0	0	0	0	0	0	7	11	70	0	0	0	0	0	0
fsh-generated/resources/ValueSet-mii-vs-onko-melanom-ulzeration.json	5500	1	0	0	0	0	0	0	0	4	0	0	0	0	0	0	0	0	0	0	6	11	52	0	0	0	0	0	0
fsh-generated/resources/ValueSet-mii-vs-onko-nebenwirkung-art.json	49500	3	0	0	0	0	0	0	4	185	0	0	0	0	0	0	0	0	0	0	8	208	384	0	0	0	14	0	0
fsh-generated/resources/ValueSet-mii-vs-onko-nebenwirkung-ctcae-grad.json	5247	1	0	0	0	0	0	0	0	3	0	0	0	0	0	0	0	0	0	0	7	11	55	0	0	0	1	0	0
fsh-generated/resources/ValueSet-mii-vs-onko-nebenwirkung-ctcae-version.json	5333	1	0	0	0	0	0	0	1	3	0	0	0	0	0	0	0	0	0	0	6	9	52	0	0	0	0	0	0
fsh-generated/resources/ValueSet-mii-vs-onko-operation-intention.json	5858	2	0	0	0	0	0	0	0	4	0	0	0	0	1	0	0	0	0	0	7	12	52	0	0	0	0	0	0
fsh-generated/resources/ValueSet-mii-vs-onko-operation-komplikation.json	5339	1	0	0	0	0	0	0	0	7	0	0	0	0	0	0	0	0	0	0	7	9	63	0	0	0	0	0	0
fsh-generated/resources/ValueSet-mii-vs-onko-operation-urgency.json	5339	1	0	0	0	0	0	0	0	3	0	0	0	0	0	0	0	0	0	0	7	10	50	0	0	0	1	0	0
fsh-generated/resources/ValueSet-mii-vs-onko-ops-nuklearmedizin.json	5519	1	0	0	0	0	0	0	1	974	0	0	0	0	0	0	0	0	0	0	7	11	1280	0	0	0	0	0	0
fsh-generated/resources/ValueSet-mii-vs-onko-ops-strahlentherapie.json	5515	1	0	0	0	0	0	0	0	1011	0	0	0	0	0	0	0	0	0	0	7	11	1257	0	0	0	0	0	0
fsh-generated/resources/ValueSet-mii-vs-onko-praedispositionsgene-hgnc.json	15477	1	0	0	1	0	0	0	1	86	0	0	0	0	0	0	0	0	0	0	8	42	347	0	0	0	2	0	0
fsh-generated/resources/ValueSet-mii-vs-onko-praedispositionssyndrome-orpha.json	11639	1	0	0	0	0	0	0	1	1032	0	0	0	0	0	0	0	0	0	0	8	19	701	0	0	0	1	0	0
fsh-generated/resources/ValueSet-mii-vs-onko-primaertumor-diagnosesicherung.json	5400	1	0	0	0	0	0	0	0	3	0	0	0	0	0	0	0	0	0	0	7	10	51	0	0	0	0	0	0
fsh-generated/resources/ValueSet-mii-vs-onko-prostata-clavien-dindo.json	6811	1	0	0	0	0	0	0	0	670	0	0	0	0	0	0	0	0	0	0	8	12	54	0	0	0	1	0	0
fsh-generated/resources/ValueSet-mii-vs-onko-prostata-gleason-pattern-loinc.json	5825	1	0	0	0	0	0	0	1	544	0	0	0	0	0	0	0	0	0	0	8	11	50	0	0	0	0	0	0
fsh-generated/resources/ValueSet-mii-vs-onko-prostata-gleason-patterns.json	6359	1	0	0	0	0	0	0	0	690	0	0	0	0	0	0	0	0	0	0	7	11	52	0	0	0	0	0	0
fsh-generated/resources/ValueSet-mii-vs-onko-prostata-gleason-primary-secondary-tertiary.json	6472	1	0	0	0	0	0	0	0	822	0	0	0	0	0	0	0	0	0	0	8	10	54	0	0	0	1	0	0
fsh-generated/resources/ValueSet-mii-vs-onko-prostata-gleason-score-gesamt.json	7328	2	0	0	0	0	0	0	1	667	0	0	0	0	0	0	0	0	0	0	9	13	106	0	0	0	0	0	0
fsh-generated/resources/ValueSet-mii-vs-onko-prostata-gleason-score.json	7612	1	0	0	0	0	0	0	0	881	0	0	0	0	0	0	0	0	0	0	8	13	53	0	0	0	0	0	0
fsh-generated/resources/ValueSet-mii-vs-onko-prostata-operation-snomedct.json	6077	1	0	0	0	0	0	0	0	1065	0	0	0	0	0	0	0	0	0	0	8	11	822	0	0	0	1	0	0
fsh-generated/resources/ValueSet-mii-vs-onko-prostata-postsurgical-complications.json	5365	1	0	0	0	0	0	0	1	3	0	0	0	0	0	0	0	0	0	0	8	9	48	0	0	0	0	0	0
fsh-generated/resources/ValueSet-mii-vs-onko-prostata-psa-loinc.json	5600	1	0	0	0	0	0	0	0	559	0	0	0	0	0	0	0	0	0	0	9	11	53	0	0	0	0	0	0
fsh-generated/resources/ValueSet-mii-vs-onko-seitenlokalisation.json	5332	1	0	0	0	0	0	0	0	4	0	0	0	0	0	0	0	0	0	0	8	10	51	0	0	0	1	0	0
fsh-generated/resources/ValueSet-mii-vs-onko-strahlentherapie-applikationsart.json	5396	1	0	0	0	0	0	0	0	4	0	0	0	0	0	0	0	0	0	0	9	9	55	0	0	0	0	0	0
fsh-generated/resources/ValueSet-mii-vs-onko-strahlentherapie-boost.json	5336	1	0	0	0	0	0	0	1	3	0	0	0	0	0	0	0	0	0	0	8	10	50	0	0	0	0	0	0
fsh-generated/resources/ValueSet-mii-vs-onko-strahlentherapie-ende-grund.json	6217	1	0	0	0	0	0	0	0	5	0	0	0	0	0	0	0	0	0	0	9	12	54	0	0	0	0	0	0
fsh-generated/resources/ValueSet-mii-vs-onko-strahlentherapie-intention.json	5825	1	0	0	0	0	0	0	0	5	0	0	0	0	0	0	0	0	0	0	8	10	52	0	0	0	1	0	0
fsh-generated/resources/ValueSet-mii-vs-onko-strahlentherapie-stellungzurop.json	5357	1	0	0	0	0	0	0	0	3	0	0	0	0	0	0	0	0	0	0	9	10	48	0	0	0	0	0	1
fsh-generated/resources/ValueSet-mii-vs-onko-strahlentherapie-strahlenart.json	5370	1	0	0	0	0	0	0	1	3	0	0	0	0	0	0	0	0	0	0	8	9	51	0	0	0	0	0	0
fsh-generated/resources/ValueSet-mii-vs-onko-strahlentherapie-strahlungseinheit.json	5674	1	0	0	0	0	0	0	0	599	0	0	0	0	0	0	0	0	0	0	7	10	592	0	0	0	1	0	0
fsh-generated/resources/ValueSet-mii-vs-onko-strahlentherapie-zielgebiet.json	5585	1	0	0	0	0	0	0	1	3	0	0	0	0	0	0	0	0	0	0	8	10	117	0	0	0	0	0	0
fsh-generated/resources/ValueSet-mii-vs-onko-studienteilnahme.json	5280	1	0	0	0	0	0	0	0	3	0	0	0	0	0	0	0	0	0	0	7	8	56	0	0	0	0	0	0
fsh-generated/resources/ValueSet-mii-vs-onko-systemische-therapie-art.json	6775	1	0	0	1	0	0	0	0	4	0	0	0	0	0	0	0	0	0	0	8	118	55	0	0	0	1	0	0
fsh-generated/resources/ValueSet-mii-vs-onko-systemische-therapie-ende-grund.json	6330	1	0	0	0	0	0	0	0	4	0	0	0	0	0	0	0	0	0	0	7	20	56	0	0	0	0	0	0
fsh-generated/resources/ValueSet-mii-vs-onko-systemische-therapie-intention.json	5733	1	0	0	0	0	0	0	1	4	0	0	0	0	0	0	0	0	0	0	8	20	52	0	0	0	0	0	0
fsh-generated/resources/ValueSet-mii-vs-onko-systemische-therapie-protokolle.json	5367	1	0	0	0	0	0	0	0	3	0	0	0	0	0	0	0	0	1	0	7	13	78	0	0	0	1	0	0
fsh-generated/resources/ValueSet-mii-vs-onko-systemische-therapie-stellungzurop.json	5852	1	0	0	0	0	0	0	0	5	0	0	0	0	0	0	0	0	0	0	8	11	55	0	0	0	0	0	0
fsh-generated/resources/ValueSet-mii-vs-onko-systemische-therapie-substanzen-2018.json	34929	2	0	0	0	0	0	0	3	2158	0	0	0	0	0	0	0	0	0	0	9	51	3516	0	0	0	3	0	0
fsh-generated/resources/ValueSet-mii-vs-onko-systemische-therapie-substanzen-2019.json	35873	3	0	0	0	0	0	0	2	751	0	0	0	0	0	0	0	0	0	0	9	53	900	0	0	0	2	0	0
fsh-generated/resources/ValueSet-mii-vs-onko-systemische-therapie-substanzen-2020.json	37084	2	0	0	0	0	0	0	3	745	0	0	0	0	0	0	0	0	0	0	9	64	879	0	0	0	4	0	0
fsh-generated/resources/ValueSet-mii-vs-onko-systemische-therapie-substanzen-2021.json	39033	3	0	0	0	0	0	0	2	762	0	0	0	0	0	0	0	1	0	0	11	63	894	0	0	0	4	0	0
fsh-generated/resources/ValueSet-mii-vs-onko-systemische-therapie-substanzen-2022.json	42300	2	0	0	0	0	0	0	3	779	0	0	0	0	0	0	0	0	0	0	11	66	924	0	0	0	4	0	0
fsh-generated/resources/ValueSet-mii-vs-onko-systemische-therapie-substanzen-2023.json	43952	3	0	0	0	0	0	0	4	1563	0	0	0	0	0	0	0	0	0	0	10	70	3401	0	0	0	4	0	1
fsh-generated/resources/ValueSet-mii-vs-onko-systemische-therapie-substanzen-2024.json	44600	3	0	0	0	0	0	0	3	752	0	0	0	0	0	0	0	0	0	0	11	69	940	0	0	0	4	0	0
fsh-generated/resources/ValueSet-mii-vs-onko-systemische-therapie-substanzen-2025.json	44972	2	0	0	0	0	0	0	3	896	0	0	0	0	0	0	0	0	0	0	11	70	947	0	0	0	5	0	0
fsh-generated/resources/ValueSet-mii-vs-onko-systemische-therapie-substanzen-2026.json	47158	3	0	0	0	0	0	0	3	775	0	0	0	0	0	0	0	0	0	0	11	70	901	0	0	0	4	0	0
fsh-generated/resources/ValueSet-mii-vs-onko-systemische-therapie-substanzen-unii.json	15252	1	0	0	0	0	0	0	1	748	0	0	0	0	0	0	0	0	0	0	33	25	739	0	0	0	1	0	0
fsh-generated/resources/ValueSet-mii-vs-onko-systemische-therapie-substanzen.json	54670	3	0	0	0	0	0	0	4	2563	0	0	0	0	0	0	0	0	0	0	12	81	5958	0	0	0	6	0	0
fsh-generated/resources/ValueSet-mii-vs-onko-therapieabweichung.json	5316	1	0	0	0	0	0	0	0	2	0	0	0	0	0	0	0	0	0	0	10	10	47	0	0	0	0	0	0
fsh-generated/resources/ValueSet-mii-vs-onko-therapieempfehlung-typ.json	5305	2	0	0	0	0	0	0	0	3	0	0	0	0	0	0	0	0	0	0	8	10	47	0	0	0	1	0	1
fsh-generated/resources/ValueSet-mii-vs-onko-therapieplanung-typ.json	5297	1	0	0	0	0	0	0	0	2	0	0	0	0	0	0	0	0	0	0	9	10	45	0	0	0	0	0	0
fsh-generated/resources/ValueSet-mii-vs-onko-tnm-cp-praefix.json	5545	1	0	0	0	0	0	0	1	3	0	0	0	0	0	0	0	0	0	0	8	11	48	0	0	0	0	0	0
fsh-generated/resources/ValueSet-mii-vs-onko-tnm-itc-suffix.json	5670	1	0	0	0	0	0	0	0	4	0	0	0	0	0	0	0	0	0	0	9	10	49	0	1	0	1	0	0
fsh-generated/resources/ValueSet-mii-vs-onko-tnm-klassifikation-typ.json	6125	1	0	0	0	0	0	0	0	695	0	0	0	0	0	0	0	0	0	0	8	11	48	0	0	0	0	0	0
fsh-generated/resources/ValueSet-mii-vs-onko-tnm-l-kategorie-werte.json	5593	2	0	0	0	0	0	0	1	5	0	0	0	0	0	0	0	1	0	0	9	10	49	0	0	0	0	0	0
fsh-generated/resources/ValueSet-mii-vs-onko-tnm-m-kategorie-werte-sct.json	6445	1	0	0	0	0	0	0	0	1678	0	0	0	0	0	0	0	0	0	0	8	13	63	0	0	0	1	0	0
fsh-generated/resources/ValueSet-mii-vs-onko-tnm-m-kategorie-werte.json	6049	1	0	0	0	0	0	0	0	5	0	0	0	0	0	0	0	0	0	0	9	11	50	0	0	0	0	0	0
fsh-generated/resources/ValueSet-mii-vs-onko-tnm-m-kategorie.json	6012	1	0	0	0	0	0	0	1	679	0	0	0	0	0	0	0	0	0	0	8	10	50	0	0	0	0	0	0
fsh-generated/resources/ValueSet-mii-vs-onko-tnm-m-symbol.json	6046	2	0	0	0	0	0	0	0	4	0	0	0	0	0	0	0	0	0	0	8	12	49	0	0	0	1	0	0
fsh-generated/resources/ValueSet-mii-vs-onko-tnm-n-kategorie-werte-sct.json	6875	1	0	0	1	0	0	0	0	2567	0	0	0	0	0	0	0	0	0	0	8	13	76	0	0	0	0	0	0
fsh-generated/resources/ValueSet-mii-vs-onko-tnm-n-kategorie-werte.json	6531	1	0	0	0	0	0	0	1	5	0	0	0	0	0	0	0	0	0	0	8	12	51	0	0	0	0	0	0
fsh-generated/resources/ValueSet-mii-vs-onko-tnm-n-kategorie.json	6012	1	0	0	0	0	0	0	0	689	0	0	0	0	0	0	0	0	0	0	9	11	49	0	0	0	1	0	0
fsh-generated/resources/ValueSet-mii-vs-onko-tnm-pn-kategorie-werte.json	5597	1	0	0	0	0	0	0	0	4	0	0	0	0	0	0	0	0	0	0	8	11	47	0	0	0	0	0	0
fsh-generated/resources/ValueSet-mii-vs-onko-tnm-s-kategorie-werte.json	5727	1	0	0	0	0	0	0	0	3	1	0	0	0	0	0	0	0	0	0	9	10	47	0	0	0	0	0	0
fsh-generated/resources/ValueSet-mii-vs-onko-tnm-sn-suffix.json	5425	2	0	0	0	0	0	0	1	3	0	0	0	0	0	0	0	0	0	0	8	10	47	0	0	0	1	0	0
fsh-generated/resources/ValueSet-mii-vs-onko-tnm-t-kategorie-werte-sct.json	6875	1	0	0	0	0	0	0	0	2516	0	0	0	0	0	0	0	0	0	0	8	13	92	0	0	0	0	0	0
fsh-generated/resources/ValueSet-mii-vs-onko-tnm-t-kategorie-werte.json	8879	1	0	0	0	0	0	0	1	6	0	0	0	0	0	0	0	0	0	0	9	19	57	0	0	0	1	0	0
fsh-generated/resources/ValueSet-mii-vs-onko-tnm-t-kategorie.json	6011	2	0	0	0	0	0	0	0	702	0	0	0	0	0	0	0	0	0	0	9	10	47	0	0	0	0	0	0
fsh-generated/resources/ValueSet-mii-vs-onko-tnm-uicc-stadium.json	8052	1	0	0	0	0	0	0	0	6	0	0	0	0	0	0	0	0	0	0	9	17	56	0	0	0	0	0	0
fsh-generated/resources/ValueSet-mii-vs-onko-tnm-v-kategorie-werte.json	5665	1	0	0	0	0	0	0	1	3	0	0	0	0	0	0	0	0	0	0	8	11	48	0	0	0	1	0	0
fsh-generated/resources/ValueSet-mii-vs-onko-tnm-version.json	5281	1	0	0	0	0	0	0	0	3	0	0	0	0	0	0	0	0	0	0	8	9	46	0	0	0	0	0	0
fsh-generated/resources/ValueSet-mii-vs-onko-tod.json	5207	1	0	0	0	0	0	0	0	2	0	0	0	0	0	0	0	0	0	0	7	9	45	0	0	0	0	0	0
fsh-generated/resources/ValueSet-mii-vs-onko-tumormarker-loinc.json	11666	2	0	0	0	0	0	0	1	696	0	0	0	0	0	0	0	0	0	0	9	24	61	0	0	0	1	0	0
fsh-generated/resources/ValueSet-mii-vs-onko-verlauf-fernmetastasen.json	5345	1	0	0	0	0	0	0	0	3	0	0	0	0	0	0	0	0	0	0	7	9	46	0	0	0	0	0	0
fsh-generated/resources/ValueSet-mii-vs-onko-verlauf-gesamtbeurteilung.json	5347	1	0	0	0	0	0	0	0	2	0	0	0	0	0	0	0	0	0	0	8	10	45	0	0	0	1	0	0
fsh-generated/resources/ValueSet-mii-vs-onko-verlauf-lymphknoten.json	5327	1	0	0	0	0	0	0	1	3	0	0	0	0	0	0	0	0	0	0	8	11	46	0	0	0	0	0	0
fsh-generated/resources/ValueSet-mii-vs-onko-verlauf-primaertumor.json	5334	1	0	0	0	0	0	0	0	2	0	0	0	0	0	0	0	0	0	0	9	9	47	0	0	0	0	0	0
fsh-generated/resources/ValueSet-mii-vs-onko-weitere-klassifikationen-auspraegungen.json	13075	2	0	0	0	0	0	0	1	679	0	0	0	0	0	0	0	0	0	0	9	31	119	0	1	0	1	0	0
fsh-generated/resources/ValueSet-mii-vs-onko-weitere-klassifikationen.json	14833	1	0	0	0	0	0	0	0	1303	0	0	0	0	0	0	0	0	0	0	10	28	76	0	0	0	1	0	0
input/resources/Parameters-expansion-manifest.json	509	1	0	0	1	0	1	0	3	0	0	0	0	0	0	0	0	0	0	0	9	69	925	0	0	0	0	0	1
/input/includes/menu.xml	6475	-	-	-	0	0	0	0	0	0	0	0	0	0	0	0	0	0	0	0	0	0	2	0	0	0	0	0	0
/fsh-generated/includes/fsh-link-references.md	59491	-	-	-	0	0	0	0	0	0	0	0	0	0	0	0	0	0	0	0	0	0	4	0	0	0	0	0	0
/input/intro-notes/ConceptMap-mii-cm-onko-intention-sct-intro.md	518	-	-	-	0	0	0	0	0	0	0	0	0	0	0	0	0	0	0	0	0	0	0	0	0	0	0	0	0
/input/intro-notes/StructureDefinition-mii-pr-onko-therapieempfehlung-kombinationstherapie-intro.md	7742	-	-	-	0	0	0	0	0	0	0	0	0	0	0	0	0	0	0	0	0	0	2	0	0	0	0	0	0
/input/intro-notes/ConceptMap-mii-cm-onko-therapie-stellung-sct-intro.md	468	-	-	-	0	0	0	0	0	0	0	0	0	0	0	0	0	0	0	0	0	0	0	0	0	0	0	0	0
/input/intro-notes/StructureDefinition-mii-pr-onko-prostate-anzahl-stanzen-intro.md	2167	-	-	-	0	0	0	0	0	0	0	0	0	0	0	0	0	0	0	0	0	0	1	0	0	0	0	0	0
/input/intro-notes/StructureDefinition-mii-pr-onko-prostate-gleason-grade-group-intro.md	3555	-	-	-	0	0	0	0	0	0	0	0	0	0	0	0	0	0	0	0	0	0	0	0	0	0	0	0	0
/input/intro-notes/StructureDefinition-mii-pr-onko-tnm-s-kategorie-intro.md	384	-	-	-	0	0	0	0	0	0	0	0	0	0	0	0	0	0	0	0	0	0	0	0	0	0	0	0	0
/input/intro-notes/ConceptMap-mii-cm-onko-tnm-uicc-sct-clinical-intro.md	534	-	-	-	0	0	0	0	0	0	0	0	0	0	0	0	0	0	0	0	0	0	1	0	0	0	0	0	0
/input/intro-notes/StructureDefinition-mii-pr-onko-genetische-variante-intro.md	3694	-	-	-	0	0	0	0	0	0	0	0	0	0	0	0	0	0	0	0	0	0	0	0	0	0	0	0	0
/input/intro-notes/StructureDefinition-mii-pr-onko-mamma-praeoperative-markierung-intro.md	4098	-	-	-	0	0	0	0	0	0	0	0	0	0	0	0	0	0	0	0	0	0	0	0	0	0	0	0	0
/input/intro-notes/ConceptMap-mii-cm-onko-fernmetastasen-sct-intro.md	379	-	-	-	0	0	0	0	0	0	0	0	0	0	0	0	0	0	0	0	0	0	1	0	0	0	0	0	0
/input/intro-notes/StructureDefinition-mii-pr-onko-prostate-gleason-patterns-intro.md	3756	-	-	-	0	0	0	0	0	0	0	0	0	0	0	0	0	0	0	0	0	0	0	0	0	0	0	0	0
/input/intro-notes/StructureDefinition-mii-pr-onko-mamma-her2neu-status-intro.md	6694	-	-	-	0	0	0	0	0	0	0	0	0	0	0	0	0	0	0	0	0	0	1	0	0	0	0	0	0
/input/intro-notes/ConceptMap-mii-cm-onko-therapieabweichung-sct-intro.md	471	-	-	-	0	0	0	0	0	0	0	0	0	0	0	0	0	0	0	0	0	0	0	0	0	0	0	0	0
/input/intro-notes/StructureDefinition-mii-pr-onko-strahlentherapie-bestrahlung-nuklearmedizin-intro.md	2222	-	-	-	0	0	0	0	0	0	0	0	0	0	0	0	0	0	0	0	0	0	1	0	0	0	0	0	0
/input/intro-notes/StructureDefinition-mii-pr-onko-krk-specimen-intro.md	3043	-	-	-	0	0	0	0	0	0	0	0	0	0	0	0	0	0	0	0	0	0	0	0	0	0	0	0	0
/input/intro-notes/StructureDefinition-mii-pr-onko-melanom-breslow-tiefe-intro.md	2592	-	-	-	0	0	0	0	0	0	0	0	0	0	0	0	0	0	0	0	0	0	1	0	0	0	0	0	0
/input/intro-notes/ConceptMap-mii-cm-onko-nebenwirkung-sct-intro.md	441	-	-	-	0	0	0	0	0	0	0	0	0	0	0	0	0	0	0	0	0	0	0	0	0	0	0	0	0
/input/intro-notes/StructureDefinition-mii-pr-onko-allgemeiner-leistungszustand-ecog-intro.md	3002	-	-	-	0	0	0	0	0	0	0	0	0	0	0	0	0	0	0	0	0	0	1	0	0	0	0	0	0
/input/intro-notes/StructureDefinition-mii-pr-onko-tnm-t-kategorie-intro.md	1248	-	-	-	0	0	0	0	0	0	0	0	0	0	0	0	0	0	0	0	0	0	0	0	0	0	0	0	0
/input/intro-notes/StructureDefinition-mii-pr-onko-tnm-y-symbol-intro.md	565	-	-	-	0	0	0	0	0	0	0	0	0	0	0	0	0	0	0	0	0	0	1	0	0	0	0	0	0
/input/intro-notes/ConceptMap-mii-cm-onko-allgemeiner-leistungszustand-sct-intro.md	847	-	-	-	0	0	0	0	0	0	0	0	0	0	0	0	0	0	0	0	0	0	0	0	0	0	0	0	0
/input/intro-notes/StructureDefinition-mii-pr-onko-melanom-ldh-intro.md	3569	-	-	-	0	0	0	0	0	0	0	0	0	0	0	0	0	0	0	0	0	0	0	0	0	1	0	0	0
/input/intro-notes/StructureDefinition-mii-pr-onko-liste-evidenz-erstdiagnose-intro.md	1009	-	-	-	0	0	0	0	0	0	0	0	0	0	0	0	0	0	0	0	0	0	1	0	0	0	0	0	0
/input/intro-notes/ConceptMap-mii-cm-onko-strahlentherapie-zielgebiet-sct-intro.md	675	-	-	-	0	0	0	0	0	0	0	0	0	0	0	0	0	0	0	0	0	0	0	0	0	0	0	0	0
/input/intro-notes/StructureDefinition-mii-pr-onko-tnm-r-symbol-intro.md	510	-	-	-	0	0	0	0	0	0	0	0	0	0	0	0	0	0	0	0	0	0	0	0	0	0	0	0	0
/input/intro-notes/ConceptMap-mii-cm-onko-verlauf-lymphknoten-sct-intro.md	437	-	-	-	0	0	0	0	0	0	0	0	0	0	0	0	0	0	0	0	0	0	0	0	0	0	0	0	0
/input/intro-notes/ConceptMap-mii-cm-onko-operation-komplikation-sct-intro.md	608	-	-	-	0	0	0	0	0	0	0	0	0	0	0	0	0	0	0	0	0	0	1	0	0	0	0	0	0
/input/intro-notes/StructureDefinition-mii-pr-onko-tod-intro.md	2168	-	-	-	0	0	0	0	0	0	0	0	0	0	0	0	0	0	0	0	0	0	0	0	0	0	0	0	0
/input/intro-notes/StructureDefinition-mii-ex-onko-operation-urgency-intro.md	2249	-	-	-	0	0	0	0	0	0	0	0	0	0	0	0	0	0	0	0	0	0	1	0	0	0	0	0	0
/input/intro-notes/ConceptMap-mii-cm-onko-verlauf-fernmetastasen-sct-intro.md	637	-	-	-	0	0	0	0	0	0	0	0	0	0	0	0	0	0	0	0	0	0	0	0	0	0	0	0	0
/input/intro-notes/ConceptMap-mii-cm-onko-verlauf-primaertumor-sct-intro.md	519	-	-	-	0	0	0	0	0	0	0	0	0	0	0	0	0	0	0	0	0	0	0	0	0	0	0	0	0
/input/intro-notes/ConceptMap-mii-cm-onko-therapie-typ-sct-intro.md	526	-	-	-	0	0	0	0	0	0	0	0	0	0	0	0	0	0	0	0	0	0	1	0	0	0	0	0	0
/input/intro-notes/StructureDefinition-mii-pr-onko-allgemeiner-leistungszustand-karnofsky-intro.md	3056	-	-	-	0	0	0	0	0	0	0	0	0	0	0	0	0	0	0	0	0	0	0	0	0	0	0	0	0
/input/intro-notes/StructureDefinition-mii-pr-onko-mamma-rezeptorstatus-progesteron-intro.md	5079	-	-	-	0	0	0	0	0	0	0	0	0	0	0	0	0	0	0	0	0	0	0	0	0	0	0	0	0
/input/intro-notes/ConceptMap-mii-cm-onko-therapieplanung-sct-intro.md	487	-	-	-	0	0	0	0	0	0	0	0	0	0	0	0	0	0	0	0	0	0	1	0	0	0	0	0	0
/input/intro-notes/StructureDefinition-mii-pr-onko-mamma-menopause-status-intro.md	3200	-	-	-	0	0	0	0	0	0	0	0	0	0	0	0	0	0	0	0	0	0	0	0	0	0	0	0	0
/input/intro-notes/ConceptMap-mii-cm-onko-tnm-uicc-sct-pathological-intro.md	684	-	-	-	0	0	0	0	0	0	0	0	0	0	0	0	0	0	0	0	0	0	0	0	0	0	0	0	0
/input/intro-notes/StructureDefinition-mii-pr-onko-operation-intro.md	8338	-	-	-	0	0	0	0	0	0	0	0	0	0	0	0	0	0	0	0	0	0	1	0	0	0	0	0	0
/input/intro-notes/StructureDefinition-mii-pr-onko-krk-stoma-markierung-intro.md	3214	-	-	-	0	0	0	0	0	0	0	0	0	0	0	0	0	0	0	0	0	0	0	0	0	0	0	0	0
/input/intro-notes/StructureDefinition-mii-pr-onko-krk-operation-intro.md	2675	-	-	-	0	0	0	0	0	0	0	0	0	0	0	0	0	0	0	0	0	0	1	0	0	0	0	0	0
/input/intro-notes/StructureDefinition-mii-pr-onko-tnm-a-symbol-intro.md	573	-	-	-	0	0	0	0	0	0	0	0	0	0	0	0	0	0	0	0	0	0	0	0	0	0	0	0	0
/input/intro-notes/ValueSet-mii-vs-onko-kdl-dokumentklassen-intro.md	15865	-	-	-	0	0	0	0	0	0	0	0	0	0	0	0	0	0	0	0	0	0	1	0	0	0	0	0	0
/input/intro-notes/StructureDefinition-mii-pr-onko-weitere-klassifikationen-intro.md	5541	-	-	-	0	0	0	0	0	0	0	0	0	0	0	0	0	0	0	0	0	0	0	0	0	0	0	0	0
/input/intro-notes/ConceptMap-mii-cm-onko-strahlentherapie-boost-sct-intro.md	522	-	-	-	0	0	0	0	0	0	0	0	0	0	0	0	0	0	0	0	0	0	1	0	0	0	0	0	0
/input/intro-notes/StructureDefinition-mii-pr-onko-befund-intro.md	1626	-	-	-	0	0	0	0	0	0	0	0	0	0	0	0	0	0	0	0	0	0	0	0	0	0	0	0	0
/input/intro-notes/StructureDefinition-mii-pr-onko-tnm-klassifikation-intro.md	6363	-	-	-	0	0	0	0	0	0	0	0	0	0	0	0	0	0	0	0	0	0	0	0	0	0	0	0	0
/input/intro-notes/ConceptMap-mii-cm-onko-strahlentherapie-strahlenart-sct-intro.md	573	-	-	-	0	0	0	0	0	0	0	0	0	0	0	0	0	0	0	0	0	0	1	0	0	0	0	0	0
/input/intro-notes/StructureDefinition-mii-pr-onko-specimen-intro.md	905	-	-	-	0	0	0	0	0	0	0	0	0	0	0	0	0	0	0	0	0	0	0	0	0	0	0	0	0
/input/intro-notes/ConceptMap-mii-cm-onko-verlauf-gesamtbeurteilung-sct-intro.md	479	-	-	-	0	0	0	0	0	0	0	0	0	0	0	0	0	0	0	0	0	0	0	0	0	0	0	0	0
/input/intro-notes/StructureDefinition-mii-pr-onko-krk-abstand-anokutan-intro.md	2600	-	-	-	0	0	0	0	0	0	0	0	0	0	0	0	0	0	0	0	0	0	1	0	0	0	0	0	0
/input/intro-notes/StructureDefinition-mii-pr-onko-tnm-v-kategorie-intro.md	352	-	-	-	0	0	0	0	0	0	0	0	0	0	0	0	0	0	0	0	0	0	0	0	0	0	0	0	0
/input/intro-notes/StructureDefinition-mii-pr-onko-krk-mrt-mesorektale-faszie-intro.md	3487	-	-	-	0	0	0	0	0	0	0	0	0	0	0	0	0	0	0	0	0	0	0	0	0	0	0	0	0
/input/intro-notes/StructureDefinition-mii-pr-onko-prostate-clavien-dindo-intro.md	3684	-	-	-	0	0	0	0	0	0	0	0	0	0	0	0	0	0	0	0	0	0	1	0	0	0	0	0	0
/input/intro-notes/ConceptMap-mii-cm-onko-seitenlokalisation-sct-intro.md	456	-	-	-	0	0	0	0	0	0	0	0	0	0	0	0	0	0	0	0	0	0	0	0	0	0	0	0	0
/input/intro-notes/StructureDefinition-mii-pr-onko-strahlentherapie-bestrahlung-strahlentherapie-intro.md	2922	-	-	-	0	0	0	0	0	0	0	0	0	0	0	0	0	0	0	0	0	0	0	0	0	0	0	0	0
/input/intro-notes/StructureDefinition-mii-pr-onko-nebenwirkung-adverse-event-intro.md	1976	-	-	-	0	0	0	0	0	0	0	0	0	0	0	0	0	0	0	0	0	0	1	0	0	0	0	0	0
/input/intro-notes/StructureDefinition-mii-pr-onko-melanom-sicherheitsabstand-intro.md	3197	-	-	-	0	0	0	0	0	0	0	0	0	0	0	0	0	0	0	0	0	0	0	0	0	0	0	0	0
/input/intro-notes/ConceptMap-mii-cm-onko-tod-sct-intro.md	645	-	-	-	0	0	0	0	0	0	0	0	0	0	0	0	0	0	0	0	0	0	0	0	0	0	0	0	0
/input/intro-notes/StructureDefinition-mii-pr-onko-residualstatus-intro.md	749	-	-	-	0	0	0	0	0	0	0	0	0	0	0	0	0	0	0	0	0	0	1	0	0	0	0	0	0
/input/intro-notes/StructureDefinition-mii-ex-onko-strahlentherapie-intention-intro.md	211	-	-	-	0	0	0	0	0	0	0	0	0	0	0	0	0	0	0	0	0	0	0	0	0	0	0	0	0
/input/intro-notes/ConceptMap-mii-cm-onko-strahlentherapie-applikationsart-sct-intro.md	642	-	-	-	0	0	0	0	0	0	0	0	0	0	0	0	0	0	0	0	0	0	0	0	0	0	0	0	0
/input/intro-notes/StructureDefinition-mii-pr-onko-therapieempfehlung-medikation-intro.md	4433	-	-	-	0	0	0	0	0	0	0	0	0	0	0	0	0	0	0	0	0	0	1	0	0	0	0	0	0
/input/intro-notes/StructureDefinition-mii-pr-onko-histologie-icdo3-intro.md	796	-	-	-	0	0	0	0	0	0	0	0	0	0	0	0	0	0	0	0	0	0	0	0	0	0	0	0	0
/input/intro-notes/Bundle-mii-exa-onko-mamma-example-bundle-1-intro.md	5171	-	-	-	0	0	0	0	0	0	0	0	0	0	0	0	0	0	0	0	0	0	0	0	0	0	0	0	0
/input/intro-notes/StructureDefinition-mii-pr-onko-prostate-psa-intro.md	2441	-	-	-	0	0	0	0	0	0	0	0	0	0	0	0	0	0	0	0	0	0	1	0	0	0	0	0	0
/input/intro-notes/StructureDefinition-mii-pr-onko-tnm-pn-kategorie-intro.md	336	-	-	-	0	0	0	0	0	0	0	0	0	0	0	0	0	0	0	0	0	0	0	0	0	0	0	0	0
/input/intro-notes/StructureDefinition-mii-ex-onko-strahlentherapie-stellungzurop-intro.md	219	-	-	-	0	0	0	0	0	0	0	0	0	0	0	0	0	0	0	0	0	0	0	0	0	0	0	0	0
/input/intro-notes/ConceptMap-mii-cm-onko-strahlentherapie-strahleneinheit-sct-intro.md	478	-	-	-	0	0	0	0	0	0	0	0	0	0	0	0	0	0	0	0	0	0	0	0	0	0	0	0	0
/input/intro-notes/StructureDefinition-mii-pr-onko-mamma-operation-intro.md	4605	-	-	-	0	0	0	0	0	0	0	0	0	0	0	0	0	0	0	0	0	0	1	0	0	0	0	0	0
/input/intro-notes/StructureDefinition-mii-pr-onko-strahlentherapie-intro.md	9902	-	-	-	0	0	0	0	0	0	0	0	0	0	0	0	0	0	0	0	0	0	1	0	0	0	0	0	0
/input/intro-notes/StructureDefinition-mii-pr-onko-grading-intro.md	348	-	-	-	0	0	0	0	0	0	0	0	0	0	0	0	0	0	0	0	0	0	0	0	0	0	0	0	0
/input/intro-notes/Bundle-mii-exa-onko-krk-bundle-intro.md	7764	-	-	-	0	0	0	0	0	0	0	0	0	0	0	0	0	0	0	0	0	0	0	0	0	0	0	0	0
/input/intro-notes/StructureDefinition-mii-pr-onko-systemische-therapie-intro.md	5803	-	-	-	0	0	0	0	0	0	0	0	0	0	0	0	0	0	0	0	0	0	1	0	0	0	0	0	0
/input/intro-notes/ConceptMap-mii-cm-onko-primaertumor-diagnosesicherung-sct-intro.md	583	-	-	-	0	0	0	0	0	0	0	0	0	0	0	0	0	0	0	0	0	0	0	0	0	0	0	0	0
/input/intro-notes/ConceptMap-mii-cm-onko-genetische-variante-auspraegung-sct-intro.md	928	-	-	-	0	0	0	0	0	0	0	0	0	0	0	0	0	0	0	0	0	0	0	0	0	0	0	0	0
/input/intro-notes/StructureDefinition-mii-pr-onko-verlauf-intro.md	2697	-	-	-	0	0	0	0	0	0	0	0	0	0	0	0	0	0	0	0	0	0	1	0	0	0	0	0	0
/input/intro-notes/StructureDefinition-mii-pr-onko-melanom-ulzeration-intro.md	3388	-	-	-	0	0	0	0	0	0	0	0	0	0	0	0	0	0	0	0	0	0	0	0	0	0	0	0	0
/input/intro-notes/Bundle-mii-exa-onko-melanom-bundle-intro.md	6338	-	-	-	0	0	0	0	0	0	0	0	0	0	0	0	0	0	0	0	0	0	1	0	0	0	0	0	0
/input/intro-notes/StructureDefinition-mii-pr-onko-prostate-ca-befall-stanze-intro.md	1630	-	-	-	0	0	0	0	0	0	0	0	0	0	0	0	0	0	0	0	0	0	0	0	0	0	0	0	0
/input/intro-notes/StructureDefinition-mii-pr-onko-tnm-n-kategorie-intro.md	1292	-	-	-	0	0	0	0	0	0	0	0	0	0	0	0	0	0	0	0	0	0	0	0	0	0	0	0	0
/input/intro-notes/StructureDefinition-mii-pr-onko-tumorgroesse-intro.md	1291	-	-	-	0	0	0	0	0	0	0	0	0	0	0	0	0	0	0	0	0	0	0	0	0	0	0	0	0
/input/intro-notes/StructureDefinition-mii-pr-onko-therapieempfehlung-operation-intro.md	3851	-	-	-	0	0	0	0	0	0	0	0	0	0	0	0	0	0	0	0	0	0	1	0	0	0	0	0	0
/input/intro-notes/StructureDefinition-mii-pr-onko-tnm-m-kategorie-intro.md	1272	-	-	-	0	0	0	0	0	0	0	0	0	0	0	0	0	0	0	0	0	0	0	0	0	0	0	0	0
/input/intro-notes/StructureDefinition-mii-pr-onko-prostate-anzahl-positive-stanzen-intro.md	2366	-	-	-	0	0	0	0	0	0	0	0	0	0	0	0	0	0	0	0	0	0	1	0	0	0	0	0	0
/input/intro-notes/StructureDefinition-mii-pr-onko-krk-abstand-aboral-intro.md	3364	-	-	-	0	0	0	0	0	0	0	0	0	0	0	0	0	0	0	0	0	0	0	0	0	0	0	0	0
/input/intro-notes/StructureDefinition-mii-ex-onko-histology-morphology-behavior-icdo3-intro.md	1562	-	-	-	0	0	0	0	0	0	0	0	0	0	0	0	0	0	0	0	0	0	1	0	0	0	0	0	0
/input/intro-notes/StructureDefinition-mii-pr-onko-fernmetastasen-intro.md	1178	-	-	-	0	0	0	0	0	0	0	0	0	0	0	0	0	0	0	0	0	0	0	0	0	0	0	0	0
/input/intro-notes/StructureDefinition-mii-pr-onko-tumorkonferenz-intro.md	5439	-	-	-	0	0	0	0	0	0	0	0	0	0	0	0	0	0	0	0	0	0	1	0	0	0	0	0	0
/input/intro-notes/StructureDefinition-mii-pr-onko-krk-anastomoseninsuffizienz-intro.md	3303	-	-	-	0	0	0	0	0	0	0	0	0	0	0	0	0	0	0	0	0	0	0	0	0	0	0	0	0
/input/intro-notes/StructureDefinition-mii-pr-onko-mamma-rezeptorstatus-estrogen-intro.md	5063	-	-	-	0	0	0	0	0	0	0	0	0	0	0	0	0	0	0	0	0	0	1	0	0	0	0	0	0
/input/intro-notes/ConceptMap-mii-cm-onko-studienteilnahme-sct-intro.md	370	-	-	-	0	0	0	0	0	0	0	0	0	0	0	0	0	0	0	0	0	0	1	0	0	0	0	0	0
/input/intro-notes/StructureDefinition-mii-ex-onko-tnm-cp-praefix-intro.md	1126	-	-	-	0	0	0	0	0	0	0	0	0	0	0	0	0	0	0	0	0	0	0	0	0	0	0	0	0
/input/intro-notes/StructureDefinition-mii-pr-onko-tnm-m-symbol-intro.md	949	-	-	-	0	0	0	0	0	0	0	0	0	0	0	0	0	0	0	0	0	0	0	0	0	0	0	0	0
/input/intro-notes/StructureDefinition-mii-pr-onko-fruehere-tumorerkrankung-intro.md	5710	-	-	-	0	0	0	0	0	0	0	0	0	0	0	0	0	0	0	0	0	0	1	0	0	0	0	0	0
/input/intro-notes/StructureDefinition-mii-ex-onko-operation-intention-intro.md	463	-	-	-	0	0	0	0	0	0	0	0	0	0	0	0	0	0	0	0	0	0	1	0	0	0	0	0	0
/input/intro-notes/StructureDefinition-mii-pr-onko-tnm-l-kategorie-intro.md	347	-	-	-	0	0	0	0	0	0	0	0	0	0	0	0	0	0	0	0	0	0	0	0	0	0	0	0	0
/input/intro-notes/StructureDefinition-mii-pr-onko-krk-abstand-circumferelle-resektionsebene-intro.md	3436	-	-	-	0	0	0	0	0	0	0	0	0	0	0	0	0	0	0	0	0	0	1	0	0	0	0	0	0
/input/intro-notes/ConceptMap-mii-cm-onko-therapie-ende-sct-intro.md	630	-	-	-	0	0	0	0	0	0	0	0	0	0	0	0	0	0	0	0	0	0	0	0	0	0	0	0	0
/input/intro-notes/ConceptMap-mii-cm-onko-grading-sct-intro.md	394	-	-	-	0	0	0	0	0	0	0	0	0	0	0	0	0	0	0	0	0	0	1	0	0	0	0	0	0
/input/intro-notes/StructureDefinition-mii-pr-onko-systemische-therapie-medikation-intro.md	2267	-	-	-	0	0	0	0	0	0	0	0	0	0	0	0	0	0	0	0	0	0	0	0	0	0	0	0	0
/input/intro-notes/StructureDefinition-mii-pr-onko-diagnose-primaertumor-intro.md	6245	-	-	-	0	0	0	0	0	0	0	0	0	0	0	0	0	0	0	0	0	0	0	0	0	0	0	0	0
/input/intro-notes/StructureDefinition-mii-pr-onko-studienteilnahme-intro.md	2902	-	-	-	0	0	0	0	0	0	0	0	0	0	0	0	0	0	0	0	0	0	1	0	0	0	0	0	0
/input/intro-notes/StructureDefinition-mii-pr-onko-asa-klassifikation-intro.md	2179	-	-	-	0	0	0	0	0	0	0	0	0	0	0	0	0	0	0	0	0	0	0	0	0	0	0	0	0
/input/pagecontent/version-history.md	4464	-	-	-	0	0	0	0	0	0	0	0	0	0	0	0	0	0	0	0	0	0	1	0	0	0	0	0	0
/input/pagecontent/datasets-and-descriptions.md	2730	-	-	-	0	0	0	0	0	0	0	0	0	0	0	0	0	0	0	0	0	0	0	0	0	0	0	0	0
/input/pagecontent/value-sets.md	1479	-	-	-	0	0	0	0	0	0	0	0	0	0	0	0	0	0	0	0	0	0	0	0	0	0	0	0	0
/input/pagecontent/search-parameters.md	1709	-	-	-	0	0	0	0	0	0	0	0	0	0	0	0	0	0	0	0	0	0	1	0	0	0	0	0	0
/input/pagecontent/profiles.md	18346	-	-	-	0	0	0	0	0	0	0	0	0	0	0	0	0	0	0	0	0	0	1	0	0	0	0	0	0
/input/pagecontent/anwendungsfaelle-informationsmodell.md	958	-	-	-	0	0	0	0	0	0	0	0	0	0	0	0	0	0	0	0	0	0	0	0	0	0	0	0	0
/input/pagecontent/ImplementationGuide-mii-ig-onko-de.md	3490	-	-	-	0	0	0	0	0	0	0	0	0	0	0	0	0	0	0	0	0	0	1	0	0	0	0	0	0
/input/pagecontent/molgen-variantentypen.md	12779	-	-	-	0	0	0	0	0	0	0	0	0	0	0	0	0	0	0	0	0	0	1	0	0	0	0	0	0
/input/pagecontent/tnm-breast-cancer-journey.md	8694	-	-	-	0	0	0	0	0	0	0	0	0	0	0	0	0	0	0	0	0	0	1	0	0	0	0	0	0
/input/pagecontent/researcher-guidance.md	2816	-	-	-	0	0	0	0	0	0	0	0	0	0	0	0	0	0	0	0	0	0	0	0	0	0	0	0	0
/input/pagecontent/konformitaets-mappings.md	4542	-	-	-	0	0	0	0	0	0	0	0	0	0	0	0	0	0	0	0	0	0	4482	0	0	0	0	0	0
/input/pagecontent/extensions.md	5394	-	-	-	0	0	0	0	0	0	0	0	0	0	0	0	0	0	0	0	0	0	1	0	0	0	0	0	0
/input/pagecontent/code-systems.md	5351	-	-	-	0	0	0	0	0	0	0	0	0	0	0	0	0	0	0	0	0	0	0	0	0	0	0	0	0
/input/pagecontent/downloads.md	2972	-	-	-	0	0	0	0	0	0	0	0	0	0	0	0	0	0	0	0	0	0	1	0	0	0	0	0	0
/input/pagecontent/examples.md	1312	-	-	-	0	0	0	0	0	0	0	0	0	0	0	0	0	0	0	0	0	0	0	0	0	0	0	0	0
/input/pagecontent/security-and-privacy.md	4430	-	-	-	0	0	0	0	0	0	0	0	0	0	0	0	0	0	0	0	0	0	1	0	0	0	0	0	0
/input/pagecontent/tnm-journey.md	5193	-	-	-	0	0	0	0	0	0	0	0	0	0	0	0	0	0	0	0	0	0	0	0	0	0	0	0	0
/input/pagecontent/therapieziele.md	2875	-	-	-	0	0	0	0	0	0	0	0	0	0	0	0	0	0	0	0	0	0	1	0	0	0	0	0	0
/input/pagecontent/logical-models.md	946	-	-	-	0	0	0	0	0	0	0	0	0	0	0	0	0	0	0	0	0	0	0	0	0	0	0	0	0
/input/pagecontent/metadata.md	21613	-	-	-	0	0	0	0	0	0	0	0	0	0	0	0	0	0	0	0	0	0	1	0	0	0	0	0	0
/input/pagecontent/atc-terminologie.md	10328	-	-	-	0	0	0	0	0	0	0	0	0	0	0	0	0	0	0	0	0	0	1	0	0	0	0	0	0
/input/pagecontent/translationinfo.md	1475	-	-	-	0	0	0	0	0	0	0	0	0	0	0	0	0	0	0	0	0	0	0	0	0	0	0	0	0
/input/pagecontent/guidance.md	8892	-	-	-	0	0	0	0	0	0	0	0	0	0	0	0	0	0	0	0	0	0	1	0	0	0	0	0	0
/input/pagecontent/migration-v2026.md	12745	-	-	-	0	0	0	0	0	0	0	0	0	0	0	0	0	0	0	0	0	0	1	0	0	0	0	0	0
/input/pagecontent/toronto-klassifikation.md	9800	-	-	-	0	0	0	0	0	0	0	0	0	0	0	0	0	0	0	0	0	0	0	0	0	0	0	0	0
/input/pagecontent/icd-o-terminologie.md	5846	-	-	-	0	0	0	0	0	0	0	0	0	0	0	0	0	0	0	0	0	0	1	0	0	0	0	0	0
/input/pagecontent/changes.md	19246	-	-	-	0	0	0	0	0	0	0	0	0	0	0	0	0	0	0	0	0	0	2	0	0	0	0	0	0
/input/pagecontent/capability-statements.md	1270	-	-	-	0	0	0	0	0	0	0	0	0	0	0	0	0	0	0	0	0	0	0	0	0	0	0	0	0
/input/pagecontent/weitere-klassifikationen-terminologien.md	6804	-	-	-	0	0	0	0	0	0	0	0	0	0	0	0	0	0	0	0	0	0	1	0	0	0	0	0	0
/input/pagecontent/uml-diagrams.md	1123	-	-	-	0	0	0	0	0	0	0	0	0	0	0	0	0	0	0	0	0	0	0	0	0	0	0	0	0
/input/pagecontent/tumormarker-loinc.md	11854	-	-	-	0	0	0	0	0	0	0	0	0	0	0	0	0	0	0	0	0	0	1	0	0	0	0	0	0
/input/pagecontent/index.md	7064	-	-	-	0	0	0	0	0	0	0	0	0	0	0	0	0	0	0	0	0	0	0	0	0	0	0	0	0
/input/pagecontent/implementer-guidance.md	8467	-	-	-	0	0	0	0	0	0	0	0	0	0	0	0	0	0	0	0	0	0	2015	0	0	0	0	0	0
/input/intro-notes	0	-	-	-	0	0	0	0	0	0	0	0	0	0	0	0	0	0	0	0	0	0	0	0	0	0	0	0	0
/input/intro-notes/ConceptMap-mii-cm-onko-intention-sct-intro.md	518	-	-	-	0	0	0	0	0	0	0	0	0	0	0	0	0	0	0	0	0	0	0	0	0	0	0	0	0
/input/intro-notes/StructureDefinition-mii-pr-onko-therapieempfehlung-kombinationstherapie-intro.md	7742	-	-	-	0	0	0	0	0	0	0	0	0	0	0	0	0	0	0	0	0	0	1	0	0	0	0	0	0
/input/intro-notes/ConceptMap-mii-cm-onko-therapie-stellung-sct-intro.md	468	-	-	-	0	0	0	0	0	0	0	0	0	0	0	0	0	0	0	0	0	0	0	0	0	0	0	0	0
/input/intro-notes/StructureDefinition-mii-pr-onko-prostate-anzahl-stanzen-intro.md	2167	-	-	-	0	0	0	0	0	0	0	0	0	0	0	0	0	0	0	0	0	0	0	0	0	0	0	0	0
/input/intro-notes/StructureDefinition-mii-pr-onko-prostate-gleason-grade-group-intro.md	3555	-	-	-	0	0	0	0	0	0	0	0	0	0	0	0	0	0	0	0	0	0	0	0	0	0	0	0	0
/input/intro-notes/StructureDefinition-mii-pr-onko-tnm-s-kategorie-intro.md	384	-	-	-	0	0	0	0	0	0	0	0	0	0	0	0	0	0	0	0	0	0	0	0	0	0	0	0	0
/input/intro-notes/ConceptMap-mii-cm-onko-tnm-uicc-sct-clinical-intro.md	534	-	-	-	0	0	0	0	0	0	0	0	0	0	0	0	0	0	0	0	0	0	0	0	0	0	0	0	0
/input/intro-notes/StructureDefinition-mii-pr-onko-genetische-variante-intro.md	3694	-	-	-	0	0	0	0	0	0	0	0	0	0	0	0	0	0	0	0	0	0	1	0	0	0	0	0	0
/input/intro-notes/StructureDefinition-mii-pr-onko-mamma-praeoperative-markierung-intro.md	4098	-	-	-	0	0	0	0	0	0	0	0	0	0	0	0	0	0	0	0	0	0	0	0	0	0	0	0	0
/input/intro-notes/ConceptMap-mii-cm-onko-fernmetastasen-sct-intro.md	379	-	-	-	0	0	0	0	0	0	0	0	0	0	0	0	0	0	0	0	0	0	0	0	0	0	0	0	0
/input/intro-notes/StructureDefinition-mii-pr-onko-prostate-gleason-patterns-intro.md	3756	-	-	-	0	0	0	0	0	0	0	0	0	0	0	0	0	0	0	0	0	0	1	0	0	0	0	0	0
/input/intro-notes/StructureDefinition-mii-pr-onko-mamma-her2neu-status-intro.md	6694	-	-	-	0	0	0	0	0	0	0	0	0	0	0	0	0	0	0	0	0	0	0	0	0	0	0	0	0
/input/intro-notes/ConceptMap-mii-cm-onko-therapieabweichung-sct-intro.md	471	-	-	-	0	0	0	0	0	0	0	0	0	0	0	0	0	0	0	0	0	0	0	0	0	0	0	0	0
/input/intro-notes/StructureDefinition-mii-pr-onko-strahlentherapie-bestrahlung-nuklearmedizin-intro.md	2222	-	-	-	0	0	0	0	0	0	0	0	0	0	0	0	0	0	0	0	0	0	0	0	0	0	0	0	0
/input/intro-notes/StructureDefinition-mii-pr-onko-krk-specimen-intro.md	3043	-	-	-	0	0	0	0	0	0	0	0	0	0	0	0	0	0	0	0	0	0	0	0	0	0	0	0	0
/input/intro-notes/StructureDefinition-mii-pr-onko-melanom-breslow-tiefe-intro.md	2592	-	-	-	0	0	0	0	0	0	0	0	0	0	0	0	0	0	0	0	0	0	0	0	0	0	0	0	0
/input/intro-notes/ConceptMap-mii-cm-onko-nebenwirkung-sct-intro.md	441	-	-	-	0	0	0	0	0	0	0	0	0	0	0	0	0	0	0	0	0	0	1	0	0	0	0	0	0
/input/intro-notes/StructureDefinition-mii-pr-onko-allgemeiner-leistungszustand-ecog-intro.md	3002	-	-	-	0	0	0	0	0	0	0	0	0	0	0	0	0	0	0	0	0	0	0	0	0	0	0	0	0
/input/intro-notes/StructureDefinition-mii-pr-onko-tnm-t-kategorie-intro.md	1248	-	-	-	0	0	0	0	0	0	0	0	0	0	0	0	0	0	0	0	0	0	0	0	0	0	0	0	0
/input/intro-notes/StructureDefinition-mii-pr-onko-tnm-y-symbol-intro.md	565	-	-	-	0	0	0	0	0	0	0	0	0	0	0	0	0	0	0	0	0	0	0	0	0	0	0	0	0
/input/intro-notes/ConceptMap-mii-cm-onko-allgemeiner-leistungszustand-sct-intro.md	847	-	-	-	0	0	0	0	0	0	0	0	0	0	0	0	0	0	0	0	0	0	0	0	0	0	0	0	0
/input/intro-notes/StructureDefinition-mii-pr-onko-melanom-ldh-intro.md	3569	-	-	-	0	0	0	0	0	0	0	0	0	0	0	0	0	0	0	0	0	0	1	0	0	0	0	0	0
/input/intro-notes/StructureDefinition-mii-pr-onko-liste-evidenz-erstdiagnose-intro.md	1009	-	-	-	0	0	0	0	0	0	0	0	0	0	0	0	0	0	0	0	0	0	0	0	0	0	0	0	0
/input/intro-notes/ConceptMap-mii-cm-onko-strahlentherapie-zielgebiet-sct-intro.md	675	-	-	-	0	0	0	0	0	0	0	0	0	0	0	0	0	0	0	0	0	0	0	0	0	0	0	0	0
/input/intro-notes/StructureDefinition-mii-pr-onko-tnm-r-symbol-intro.md	510	-	-	-	0	0	0	0	0	0	0	0	0	0	0	0	0	0	0	0	0	0	0	0	0	0	0	0	0
/input/intro-notes/ConceptMap-mii-cm-onko-verlauf-lymphknoten-sct-intro.md	437	-	-	-	0	0	0	0	0	0	0	0	0	0	0	0	0	0	0	0	0	0	0	0	0	0	0	0	0
/input/intro-notes/ConceptMap-mii-cm-onko-operation-komplikation-sct-intro.md	608	-	-	-	0	0	0	0	0	0	0	0	0	0	0	0	0	0	0	0	0	0	0	0	0	0	0	0	0
/input/intro-notes/StructureDefinition-mii-pr-onko-tod-intro.md	2168	-	-	-	0	0	0	0	0	0	0	0	0	0	0	0	0	0	0	0	0	0	0	0	0	0	0	0	0
/input/intro-notes/StructureDefinition-mii-ex-onko-operation-urgency-intro.md	2249	-	-	-	0	0	0	0	0	0	0	0	0	0	0	0	0	0	0	0	0	0	0	0	0	0	0	0	0
/input/intro-notes/ConceptMap-mii-cm-onko-verlauf-fernmetastasen-sct-intro.md	637	-	-	-	0	0	0	0	0	0	0	0	0	0	0	0	0	0	0	0	0	0	1	0	0	0	0	0	0
/input/intro-notes/ConceptMap-mii-cm-onko-verlauf-primaertumor-sct-intro.md	519	-	-	-	0	0	0	0	0	0	0	0	0	0	0	0	0	0	0	0	0	0	0	0	0	0	0	0	0
/input/intro-notes/ConceptMap-mii-cm-onko-therapie-typ-sct-intro.md	526	-	-	-	0	0	0	0	0	0	0	0	0	0	0	0	0	0	0	0	0	0	0	0	0	0	0	0	0
/input/intro-notes/StructureDefinition-mii-pr-onko-allgemeiner-leistungszustand-karnofsky-intro.md	3056	-	-	-	0	0	0	0	0	0	0	0	0	0	0	0	0	0	0	0	0	0	0	0	0	0	0	0	0
/input/intro-notes/StructureDefinition-mii-pr-onko-mamma-rezeptorstatus-progesteron-intro.md	5079	-	-	-	0	0	0	0	0	0	0	0	0	0	0	0	0	0	0	0	0	0	0	0	0	0	0	0	0
/input/intro-notes/ConceptMap-mii-cm-onko-therapieplanung-sct-intro.md	487	-	-	-	0	0	0	0	0	0	0	0	0	0	0	0	0	0	0	0	0	0	0	0	0	0	0	0	0
/input/intro-notes/StructureDefinition-mii-pr-onko-mamma-menopause-status-intro.md	3200	-	-	-	0	0	0	0	0	0	0	0	0	0	0	0	0	0	0	0	0	0	0	0	0	0	0	0	0
/input/intro-notes/ConceptMap-mii-cm-onko-tnm-uicc-sct-pathological-intro.md	684	-	-	-	0	0	0	0	0	0	0	0	0	0	0	0	0	0	0	0	0	0	0	0	0	0	0	0	0
/input/intro-notes/StructureDefinition-mii-pr-onko-operation-intro.md	8338	-	-	-	0	0	0	0	0	0	0	0	0	0	0	0	0	0	0	0	0	0	1	0	0	0	0	0	0
/input/intro-notes/StructureDefinition-mii-pr-onko-krk-stoma-markierung-intro.md	3214	-	-	-	0	0	0	0	0	0	0	0	0	0	0	0	0	0	0	0	0	0	0	0	0	0	0	0	0
/input/intro-notes/StructureDefinition-mii-pr-onko-krk-operation-intro.md	2675	-	-	-	0	0	0	0	0	0	0	0	0	0	0	0	0	0	0	0	0	0	0	0	0	0	0	0	0
/input/intro-notes/StructureDefinition-mii-pr-onko-tnm-a-symbol-intro.md	573	-	-	-	0	0	0	0	0	0	0	0	0	0	0	0	0	0	0	0	0	0	0	0	0	0	0	0	0
/input/intro-notes/ValueSet-mii-vs-onko-kdl-dokumentklassen-intro.md	15865	-	-	-	0	0	0	0	0	0	0	0	0	0	0	0	0	0	0	0	0	0	1	0	0	0	0	0	0
/input/intro-notes/StructureDefinition-mii-pr-onko-weitere-klassifikationen-intro.md	5541	-	-	-	0	0	0	0	0	0	0	0	0	0	0	0	0	0	0	0	0	0	0	0	0	0	0	0	0
/input/intro-notes/ConceptMap-mii-cm-onko-strahlentherapie-boost-sct-intro.md	522	-	-	-	0	0	0	0	0	0	0	0	0	0	0	0	0	0	0	0	0	0	0	0	0	0	0	0	0
/input/intro-notes/StructureDefinition-mii-pr-onko-befund-intro.md	1626	-	-	-	0	0	0	0	0	0	0	0	0	0	0	0	0	0	0	0	0	0	1	0	0	0	0	0	0
/input/intro-notes/StructureDefinition-mii-pr-onko-tnm-klassifikation-intro.md	6363	-	-	-	0	0	0	0	0	0	0	0	0	0	0	0	0	0	0	0	0	0	0	0	0	0	0	0	0
/input/intro-notes/ConceptMap-mii-cm-onko-strahlentherapie-strahlenart-sct-intro.md	573	-	-	-	0	0	0	0	0	0	0	0	0	0	0	0	0	0	0	0	0	0	0	0	0	0	0	0	0
/input/intro-notes/StructureDefinition-mii-pr-onko-specimen-intro.md	905	-	-	-	0	0	0	0	0	0	0	0	0	0	0	0	0	0	0	0	0	0	0	0	0	0	0	0	0
/input/intro-notes/ConceptMap-mii-cm-onko-verlauf-gesamtbeurteilung-sct-intro.md	479	-	-	-	0	0	0	0	0	0	0	0	0	0	0	0	0	0	0	0	0	0	0	0	0	0	0	0	0
/input/intro-notes/StructureDefinition-mii-pr-onko-krk-abstand-anokutan-intro.md	2600	-	-	-	0	0	0	0	0	0	0	0	0	0	0	0	0	0	0	0	0	0	0	0	0	0	0	0	0
/input/intro-notes/StructureDefinition-mii-pr-onko-tnm-v-kategorie-intro.md	352	-	-	-	0	0	0	0	0	0	0	0	0	0	0	0	0	0	0	0	0	0	0	0	0	0	0	0	0
/input/intro-notes/StructureDefinition-mii-pr-onko-krk-mrt-mesorektale-faszie-intro.md	3487	-	-	-	0	0	0	0	0	0	0	0	0	0	0	0	0	0	0	0	0	0	1	0	0	0	0	0	0
/input/intro-notes/StructureDefinition-mii-pr-onko-prostate-clavien-dindo-intro.md	3684	-	-	-	0	0	0	0	0	0	0	0	0	0	0	0	0	0	0	0	0	0	0	0	0	0	0	0	0
/input/intro-notes/ConceptMap-mii-cm-onko-seitenlokalisation-sct-intro.md	456	-	-	-	0	0	0	0	0	0	0	0	0	0	0	0	0	0	0	0	0	0	0	0	0	0	0	0	0
/input/intro-notes/StructureDefinition-mii-pr-onko-strahlentherapie-bestrahlung-strahlentherapie-intro.md	2922	-	-	-	0	0	0	0	0	0	0	0	0	0	0	0	0	0	0	0	0	0	0	0	0	0	0	0	0
/input/intro-notes/StructureDefinition-mii-pr-onko-nebenwirkung-adverse-event-intro.md	1976	-	-	-	0	0	0	0	0	0	0	0	0	0	0	0	0	0	0	0	0	0	0	0	0	0	0	0	0
/input/intro-notes/StructureDefinition-mii-pr-onko-melanom-sicherheitsabstand-intro.md	3197	-	-	-	0	0	0	0	0	0	0	0	0	0	0	0	0	0	0	0	0	0	1	0	0	0	0	0	0
/input/intro-notes/ConceptMap-mii-cm-onko-tod-sct-intro.md	645	-	-	-	0	0	0	0	0	0	0	0	0	0	0	0	0	0	0	0	0	0	0	0	0	0	0	0	0
/input/intro-notes/StructureDefinition-mii-pr-onko-residualstatus-intro.md	749	-	-	-	0	0	0	0	0	0	0	0	0	0	0	0	0	0	0	0	0	0	0	0	0	0	0	0	0
/input/intro-notes/StructureDefinition-mii-ex-onko-strahlentherapie-intention-intro.md	211	-	-	-	0	0	0	0	0	0	0	0	0	0	0	0	0	0	0	0	0	0	0	0	0	0	0	0	0
/input/intro-notes/ConceptMap-mii-cm-onko-strahlentherapie-applikationsart-sct-intro.md	642	-	-	-	0	0	0	0	0	0	0	0	0	0	0	0	0	0	0	0	0	0	0	0	0	0	0	0	0
/input/intro-notes/StructureDefinition-mii-pr-onko-therapieempfehlung-medikation-intro.md	4433	-	-	-	0	0	0	0	0	0	0	0	0	0	0	0	0	0	0	0	0	0	0	0	0	0	0	0	0
/input/intro-notes/StructureDefinition-mii-pr-onko-histologie-icdo3-intro.md	796	-	-	-	0	0	0	0	0	0	0	0	0	0	0	0	0	0	0	0	0	0	0	0	0	0	0	0	0
/input/intro-notes/Bundle-mii-exa-onko-mamma-example-bundle-1-intro.md	5171	-	-	-	0	0	0	0	0	0	0	0	0	0	0	0	0	0	0	0	0	0	1	0	0	0	0	0	0
/input/intro-notes/StructureDefinition-mii-pr-onko-prostate-psa-intro.md	2441	-	-	-	0	0	0	0	0	0	0	0	0	0	0	0	0	0	0	0	0	0	0	0	0	0	0	0	0
/input/intro-notes/StructureDefinition-mii-pr-onko-tnm-pn-kategorie-intro.md	336	-	-	-	0	0	0	0	0	0	0	0	0	0	0	0	0	0	0	0	0	0	0	0	0	0	0	0	0
/input/intro-notes/StructureDefinition-mii-ex-onko-strahlentherapie-stellungzurop-intro.md	219	-	-	-	0	0	0	0	0	0	0	0	0	0	0	0	0	0	0	0	0	0	0	0	0	0	0	0	0
/input/intro-notes/ConceptMap-mii-cm-onko-strahlentherapie-strahleneinheit-sct-intro.md	478	-	-	-	0	0	0	0	0	0	0	0	0	0	0	0	0	0	0	0	0	0	0	0	0	0	0	0	0
/input/intro-notes/StructureDefinition-mii-pr-onko-mamma-operation-intro.md	4605	-	-	-	0	0	0	0	0	0	0	0	0	0	0	0	0	0	0	0	0	0	0	0	0	0	0	0	0
/input/intro-notes/StructureDefinition-mii-pr-onko-strahlentherapie-intro.md	9902	-	-	-	0	0	0	0	0	0	0	0	0	0	0	0	0	0	0	0	0	0	1	0	0	0	0	0	0
/input/intro-notes/StructureDefinition-mii-pr-onko-grading-intro.md	348	-	-	-	0	0	0	0	0	0	0	0	0	0	0	0	0	0	0	0	0	0	0	0	0	0	0	0	0
/input/intro-notes/Bundle-mii-exa-onko-krk-bundle-intro.md	7764	-	-	-	0	0	0	0	0	0	0	0	0	0	0	0	0	0	0	0	0	0	0	0	0	0	0	0	0
/input/intro-notes/StructureDefinition-mii-pr-onko-systemische-therapie-intro.md	5803	-	-	-	0	0	0	0	0	0	0	0	0	0	0	0	0	0	0	0	0	0	1	0	0	0	0	0	0
/input/intro-notes/ConceptMap-mii-cm-onko-primaertumor-diagnosesicherung-sct-intro.md	583	-	-	-	0	0	0	0	0	0	0	0	0	0	0	0	0	0	0	0	0	0	0	0	0	0	0	0	0
/input/intro-notes/ConceptMap-mii-cm-onko-genetische-variante-auspraegung-sct-intro.md	928	-	-	-	0	0	0	0	0	0	0	0	0	0	0	0	0	0	0	0	0	0	0	0	0	0	0	0	0
/input/intro-notes/StructureDefinition-mii-pr-onko-verlauf-intro.md	2697	-	-	-	0	0	0	0	0	0	0	0	0	0	0	0	0	0	0	0	0	0	0	0	0	0	0	0	0
/input/intro-notes/StructureDefinition-mii-pr-onko-melanom-ulzeration-intro.md	3388	-	-	-	0	0	0	0	0	0	0	0	0	0	0	0	0	0	0	0	0	0	0	0	0	0	0	0	0
/input/intro-notes/Bundle-mii-exa-onko-melanom-bundle-intro.md	6338	-	-	-	0	0	0	0	0	0	0	0	0	0	0	0	0	0	0	0	0	0	0	0	0	0	0	0	0
/input/intro-notes/StructureDefinition-mii-pr-onko-prostate-ca-befall-stanze-intro.md	1630	-	-	-	0	0	0	0	0	0	0	0	0	0	0	0	0	0	0	0	0	0	1	0	0	0	0	0	0
/input/intro-notes/StructureDefinition-mii-pr-onko-tnm-n-kategorie-intro.md	1292	-	-	-	0	0	0	0	0	0	0	0	0	0	0	0	0	0	0	0	0	0	0	0	0	0	0	0	0
/input/intro-notes/StructureDefinition-mii-pr-onko-tumorgroesse-intro.md	1291	-	-	-	0	0	0	0	0	0	0	0	0	0	0	0	0	0	0	0	0	0	0	0	0	0	0	0	0
/input/intro-notes/StructureDefinition-mii-pr-onko-therapieempfehlung-operation-intro.md	3851	-	-	-	0	0	0	0	0	0	0	0	0	0	0	0	0	0	0	0	0	0	0	0	0	0	0	0	0
/input/intro-notes/StructureDefinition-mii-pr-onko-tnm-m-kategorie-intro.md	1272	-	-	-	0	0	0	0	0	0	0	0	0	0	0	0	0	0	0	0	0	0	0	0	0	0	0	0	0
/input/intro-notes/StructureDefinition-mii-pr-onko-prostate-anzahl-positive-stanzen-intro.md	2366	-	-	-	0	0	0	0	0	0	0	0	0	0	0	0	0	0	0	0	0	0	0	0	0	0	0	0	0
/input/intro-notes/StructureDefinition-mii-pr-onko-krk-abstand-aboral-intro.md	3364	-	-	-	0	0	0	0	0	0	0	0	0	0	0	0	0	0	0	0	0	0	1	0	0	0	0	0	0
/input/intro-notes/StructureDefinition-mii-ex-onko-histology-morphology-behavior-icdo3-intro.md	1562	-	-	-	0	0	0	0	0	0	0	0	0	0	0	0	0	0	0	0	0	0	0	0	0	0	0	0	0
/input/intro-notes/StructureDefinition-mii-pr-onko-fernmetastasen-intro.md	1178	-	-	-	0	0	0	0	0	0	0	0	0	0	0	0	0	0	0	0	0	0	0	0	0	0	0	0	0
/input/intro-notes/StructureDefinition-mii-pr-onko-tumorkonferenz-intro.md	5439	-	-	-	0	0	0	0	0	0	0	0	0	0	0	0	0	0	0	0	0	0	0	0	0	0	0	0	0
/input/intro-notes/StructureDefinition-mii-pr-onko-krk-anastomoseninsuffizienz-intro.md	3303	-	-	-	0	0	0	0	0	0	0	0	0	0	0	0	0	0	0	0	0	0	0	0	0	0	0	0	0
/input/intro-notes/StructureDefinition-mii-pr-onko-mamma-rezeptorstatus-estrogen-intro.md	5063	-	-	-	0	0	0	0	0	0	0	0	0	0	0	0	0	0	0	0	0	0	0	0	0	0	0	0	0
/input/intro-notes/ConceptMap-mii-cm-onko-studienteilnahme-sct-intro.md	370	-	-	-	0	0	0	0	0	0	0	0	0	0	0	0	0	0	0	0	0	0	1	0	0	0	0	0	0
/input/intro-notes/StructureDefinition-mii-ex-onko-tnm-cp-praefix-intro.md	1126	-	-	-	0	0	0	0	0	0	0	0	0	0	0	0	0	0	0	0	0	0	0	0	0	0	0	0	0
/input/intro-notes/StructureDefinition-mii-pr-onko-tnm-m-symbol-intro.md	949	-	-	-	0	0	0	0	0	0	0	0	0	0	0	0	0	0	0	0	0	0	0	0	0	0	0	0	0
/input/intro-notes/StructureDefinition-mii-pr-onko-fruehere-tumorerkrankung-intro.md	5710	-	-	-	0	0	0	0	0	0	0	0	0	0	0	0	0	0	0	0	0	0	0	0	0	0	0	0	0
/input/intro-notes/StructureDefinition-mii-ex-onko-operation-intention-intro.md	463	-	-	-	0	0	0	0	0	0	0	0	0	0	0	0	0	0	0	0	0	0	0	0	0	0	0	0	0
/input/intro-notes/StructureDefinition-mii-pr-onko-tnm-l-kategorie-intro.md	347	-	-	-	0	0	0	0	0	0	0	0	0	0	0	0	0	0	0	0	0	0	0	0	0	0	0	0	0
/input/intro-notes/StructureDefinition-mii-pr-onko-krk-abstand-circumferelle-resektionsebene-intro.md	3436	-	-	-	0	0	0	0	0	0	0	0	0	0	0	0	0	0	0	0	0	0	0	0	0	0	0	0	0
/input/intro-notes/ConceptMap-mii-cm-onko-therapie-ende-sct-intro.md	630	-	-	-	0	0	0	0	0	0	0	0	0	0	0	0	0	0	0	0	0	0	1	0	0	0	0	0	0
/input/intro-notes/ConceptMap-mii-cm-onko-grading-sct-intro.md	394	-	-	-	0	0	0	0	0	0	0	0	0	0	0	0	0	0	0	0	0	0	0	0	0	0	0	0	0
/input/intro-notes/StructureDefinition-mii-pr-onko-systemische-therapie-medikation-intro.md	2267	-	-	-	0	0	0	0	0	0	0	0	0	0	0	0	0	0	0	0	0	0	0	0	0	0	0	0	0
/input/intro-notes/StructureDefinition-mii-pr-onko-diagnose-primaertumor-intro.md	6245	-	-	-	0	0	0	0	0	0	0	0	0	0	0	0	0	0	0	0	0	0	0	0	0	0	0	0	0
/input/intro-notes/StructureDefinition-mii-pr-onko-studienteilnahme-intro.md	2902	-	-	-	0	0	0	0	0	0	0	0	0	0	0	0	0	0	0	0	0	0	0	0	0	0	0	0	0
/input/intro-notes/StructureDefinition-mii-pr-onko-asa-klassifikation-intro.md	2179	-	-	-	0	0	0	0	0	0	0	0	0	0	0	0	0	0	0	0	0	0	1	0	0	0	0	0	0
/template/config	0	-	-	-	0	0	0	0	0	0	0	0	0	0	0	0	0	0	0	0	0	0	0	0	0	0	0	0	0
/template/config/_config.yml	140	-	-	-	0	0	0	0	0	0	0	0	0	0	0	0	0	0	0	0	0	0	0	0	0	0	0	0	0
/input/images	0	-	-	-	0	0	0	0	0	0	0	0	0	0	0	0	0	0	0	0	0	0	0	0	0	0	0	0	0
/input/images/MII_Onko_17-20_24_Others.png	177238	-	-	-	0	0	0	0	0	0	0	0	0	0	0	0	0	0	0	0	0	0	0	0	0	0	0	0	0
/input/images/MII_Onko_MultiPartSurgery_Example.png	122765	-	-	-	0	0	0	0	0	0	0	0	0	0	0	0	0	0	0	0	0	0	1	0	0	0	0	0	0
/input/images/onco_merged.svg	59809	-	-	-	0	0	0	0	0	0	0	0	0	0	0	0	0	0	0	0	0	0	0	0	0	0	0	0	0
/input/images/MII_Onko_08_TNM.png	247985	-	-	-	0	0	0	0	0	0	0	0	0	0	0	0	0	0	0	0	0	0	0	0	0	0	0	0	0
/input/images/MII_Onko_UML_Relations_v1.svg	73962	-	-	-	0	0	0	0	0	0	0	0	0	0	0	0	0	0	0	0	0	0	0	0	0	0	0	0	0
/input/images/MII_Onko_KRK_Module.png	182243	-	-	-	0	0	0	0	0	0	0	0	0	0	0	0	0	0	0	0	0	0	1	0	0	0	0	0	0
/input/images/MII_Onko_Mamma_Module.png	176797	-	-	-	0	0	0	0	0	0	0	0	0	0	0	0	0	0	0	0	0	0	0	0	0	0	0	0	0
/input/images/TNM_Breast_Cancer_Journey.svg	44004	-	-	-	0	0	0	0	0	0	0	0	0	0	0	0	0	0	0	0	0	0	0	0	0	0	0	0	0
/input/images/MII_Onko_Prostata_Module.png	236556	-	-	-	0	0	0	0	0	0	0	0	0	0	0	0	0	0	0	0	0	0	1	0	0	0	0	0	0
/input/images/FhirModulOnkologieDiagnosis.svg	12404	-	-	-	0	0	0	0	0	0	0	0	0	0	0	0	0	0	0	0	0	0	0	0	0	0	0	0	0
/input/images/MII_Onko_17-20_24_Others.svg	40012	-	-	-	0	0	0	0	0	0	0	0	0	0	0	0	0	0	0	0	0	0	0	0	0	0	0	0	0
/input/images/MII_Onko_08_TNM.svg	45731	-	-	-	0	0	0	0	0	0	0	0	0	0	0	0	0	0	0	0	0	0	0	0	0	0	0	0	0
/input/images/MII_Onko_13-16_Prozeduren.svg	34061	-	-	-	0	0	0	0	0	0	0	0	0	0	0	0	0	0	0	0	0	0	0	0	0	0	0	0	0
/input/images/FhirModulOnkologieTherapy.svg	22817	-	-	-	0	0	0	0	0	0	0	0	0	0	0	0	0	0	0	0	0	0	0	0	0	0	0	0	0
/input/images/MII_Onko_KRK_Module.svg	39442	-	-	-	0	0	0	0	0	0	0	0	0	0	0	0	0	0	0	0	0	0	1	0	0	0	0	0	0
/input/images/MII_Onko_05_Diagnosis.svg	27287	-	-	-	0	0	0	0	0	0	0	0	0	0	0	0	0	0	0	0	0	0	0	0	0	0	0	0	0
/input/images/MII_Onko_9-12_Observations.svg	24297	-	-	-	0	0	0	0	0	0	0	0	0	0	0	0	0	0	0	0	0	0	0	0	0	0	0	0	0
/input/images/MII_Onko_Prostata_Module.svg	45464	-	-	-	0	0	0	0	0	0	0	0	0	0	0	0	0	0	0	0	0	0	0	0	0	0	0	0	0
/input/images/MII_Onko_17-20_24_Others.cmapx	288	-	-	-	0	0	0	0	0	0	0	0	0	0	0	0	0	0	0	0	0	0	0	0	0	0	0	0	0
/input/images/MII_Onko_Mamma_Module.svg	38585	-	-	-	0	0	0	0	0	0	0	0	0	0	0	0	0	0	0	0	0	0	0	0	0	0	0	0	0
/input/images/MII_Onko_9-12_Observations.png	123871	-	-	-	0	0	0	0	0	0	0	0	0	0	0	0	0	0	0	0	0	0	0	0	0	0	0	0	0
/input/images/MII KDS Erweiterungsmodul Onkologie.svg	122807	-	-	-	0	0	0	0	0	0	0	0	0	0	0	0	0	0	0	0	0	0	1	0	0	0	0	0	0
/input/images/her2neu-2.png	376265	-	-	-	0	0	0	0	0	0	0	0	0	0	0	0	0	0	0	0	0	0	0	0	0	0	0	0	0
/input/images/MII_Onko_UML_Relations_v1.png	174871	-	-	-	0	0	0	0	0	0	0	0	0	0	0	0	0	0	0	0	0	0	0	0	0	0	0	0	0
/input/images/MII_Onko_Melanom_Module.png	138777	-	-	-	0	0	0	0	0	0	0	0	0	0	0	0	0	0	0	0	0	0	0	0	0	0	0	0	0
/input/images/MII_Onko_05_Diagnosis.png	70151	-	-	-	0	0	0	0	0	0	0	0	0	0	0	0	0	0	0	0	0	0	1	0	0	0	0	0	0
/input/images/MII_Onko_UML_Relations_v2.svg	69299	-	-	-	0	0	0	0	0	0	0	0	0	0	0	0	0	0	0	0	0	0	0	0	0	0	0	0	0
/input/images/MII_Onko_Strahlentherapie_Zielgebiet_Migration.png	110772	-	-	-	0	0	0	0	0	0	0	0	0	0	0	0	0	0	0	0	0	0	0	0	0	0	0	0	0
/input/images/MII_Onko_UML_Relations_v2.png	187033	-	-	-	0	0	0	0	0	0	0	0	0	0	0	0	0	0	0	0	0	0	0	0	0	0	0	0	0
/input/images/MII_Onko_06_Histologie.svg	34727	-	-	-	0	0	0	0	0	0	0	0	0	0	0	0	0	0	0	0	0	0	0	0	0	0	0	0	0
/input/images/MII_Onko_06_Histologie.png	153068	-	-	-	0	0	0	0	0	0	0	0	0	0	0	0	0	0	0	0	0	0	1	0	0	0	0	0	0
/input/images/her2neu-1.png	619935	-	-	-	0	0	0	0	0	0	0	0	0	0	0	0	0	0	0	0	0	0	0	0	0	0	0	0	0
/input/images/onco_merged.png	346705	-	-	-	0	0	0	0	0	0	0	0	0	0	0	0	0	0	0	0	0	0	1	0	0	0	0	0	0
/input/images/MII_Onko_Example_Patient.svg	120079	-	-	-	0	0	0	0	0	0	0	0	0	0	0	0	0	0	0	0	0	0	0	0	0	0	0	0	0
/input/images/MII_Onko_UML_Relations_v1.cmapx	5343	-	-	-	0	0	0	0	0	0	0	0	0	0	0	0	0	0	0	0	0	0	0	0	0	0	0	0	0
/input/images/MII_Onko_Melanom_Module.svg	31244	-	-	-	0	0	0	0	0	0	0	0	0	0	0	0	0	0	0	0	0	0	0	0	0	0	0	0	0
/input/images/MII_Onko_13-16_Prozeduren.png	131554	-	-	-	0	0	0	0	0	0	0	0	0	0	0	0	0	0	0	0	0	0	0	0	0	0	0	0	0
/temp/pages/_includes/artifacts.xml	420367	-	-	-	-	-	-	-	-	-	-	-	-	-	-	-	-	-	-	-	-	-	13	0	0	0	0	0	0
