page	lang	kind	source	gate	line	excerpt
Bundle-mii-exa-onko-krk-bundle-intro	default	bridge	MIIIGModulOnkologie/TechnischeImplementierung/FHIR-Profile/Organspezifische-Module/KolorektalesKarzinom/KRK-Bundle-Example.page.md	B	162	The resources contained in the bundle are also shipped as standalone example instances:
Bundle-mii-exa-onko-krk-bundle-intro	de	bridge	MIIIGModulOnkologie/TechnischeImplementierung/FHIR-Profile/Organspezifische-Module/KolorektalesKarzinom/KRK-Bundle-Example.page.md	B	160	Die im Bundle enthaltenen Ressourcen sind zusätzlich als eigenständige Beispielinstanzen ausgeliefert:
Bundle-mii-exa-onko-mamma-example-bundle-1-intro	default	bridge	MIIIGModulOnkologie/TechnischeImplementierung/FHIR-Profile/Organspezifische-Module/Mamma/Mamma-Bundle-Example.page.md	B	31	In addition, the bundle contains an **Encounter** representing the inpatient episode of care that the remaining resource
Bundle-mii-exa-onko-mamma-example-bundle-1-intro	default	bridge	MIIIGModulOnkologie/TechnischeImplementierung/FHIR-Profile/Organspezifische-Module/Mamma/Mamma-Bundle-Example.page.md	B	121	The resources contained in the bundle are also shipped as standalone example instances:
Bundle-mii-exa-onko-mamma-example-bundle-1-intro	de	bridge	MIIIGModulOnkologie/TechnischeImplementierung/FHIR-Profile/Organspezifische-Module/Mamma/Mamma-Bundle-Example.page.md	B	29	Zusätzlich enthält das Bundle einen **Encounter** als stationären Behandlungsfall, auf den sich die übrigen Ressourcen b
Bundle-mii-exa-onko-mamma-example-bundle-1-intro	de	bridge	MIIIGModulOnkologie/TechnischeImplementierung/FHIR-Profile/Organspezifische-Module/Mamma/Mamma-Bundle-Example.page.md	B	119	Die im Bundle enthaltenen Ressourcen sind zusätzlich als eigenständige Beispielinstanzen ausgeliefert:
Bundle-mii-exa-onko-melanom-bundle-intro	default	bridge	MIIIGModulOnkologie/TechnischeImplementierung/FHIR-Profile/Organspezifische-Module/MalignesMelanom/Melanom-Bundle-Example.page.md	B	34	As a therapeutic resource, the bundle additionally contains the **excision on the upper arm** as a Procedure.
Bundle-mii-exa-onko-melanom-bundle-intro	default	bridge	MIIIGModulOnkologie/TechnischeImplementierung/FHIR-Profile/Organspezifische-Module/MalignesMelanom/Melanom-Bundle-Example.page.md	B	140	The resources contained in the bundle are also shipped as standalone example instances:
Bundle-mii-exa-onko-melanom-bundle-intro	de	bridge	MIIIGModulOnkologie/TechnischeImplementierung/FHIR-Profile/Organspezifische-Module/MalignesMelanom/Melanom-Bundle-Example.page.md	B	32	Als therapeutische Ressource enthält das Bundle darüber hinaus die **Exzision am Oberarm** als Procedure.
Bundle-mii-exa-onko-melanom-bundle-intro	de	bridge	MIIIGModulOnkologie/TechnischeImplementierung/FHIR-Profile/Organspezifische-Module/MalignesMelanom/Melanom-Bundle-Example.page.md	B	138	Die im Bundle enthaltenen Ressourcen sind zusätzlich als eigenständige Beispielinstanzen ausgeliefert:
ConceptMap-mii-cm-onko-allgemeiner-leistungszustand-sct-intro	default	bridge	MIIIGModulOnkologie/TechnischeImplementierung/oBDS-SNOMED-CT-Mapping/Allgemeiner-Leistungszustand.page.md	B	2	<!-- TODO:REVIEW The source page consisted solely of an FQL block that generated the mapping table (oBDS coding, oBDS la
ConceptMap-mii-cm-onko-allgemeiner-leistungszustand-sct-intro	de	bridge	MIIIGModulOnkologie/TechnischeImplementierung/oBDS-SNOMED-CT-Mapping/Allgemeiner-Leistungszustand.page.md	B	1	<!-- TODO:REVIEW Die Quellseite bestand ausschliesslich aus einem FQL-Block, der die Mapping-Tabelle (oBDS-Kodierung, oB
ConceptMap-mii-cm-onko-fernmetastasen-sct-intro	default	bridge	MIIIGModulOnkologie/TechnischeImplementierung/oBDS-SNOMED-CT-Mapping/Lokalisation-Fernmetastasen.page.md	B	2	The complete mapping table is generated from the ConceptMap below this introduction.
ConceptMap-mii-cm-onko-fernmetastasen-sct-intro	de	bridge	MIIIGModulOnkologie/TechnischeImplementierung/oBDS-SNOMED-CT-Mapping/Lokalisation-Fernmetastasen.page.md	B	1	Die vollständige Mapping-Tabelle wird unterhalb dieser Einleitung aus der ConceptMap generiert.
ConceptMap-mii-cm-onko-genetische-variante-auspraegung-sct-intro	default	bridge	MIIIGModulOnkologie/TechnischeImplementierung/oBDS-SNOMED-CT-Mapping/Genetische-Variante-Auspraegung.page.md	B	7	The complete mapping table is generated from the ConceptMap below this introduction.
ConceptMap-mii-cm-onko-genetische-variante-auspraegung-sct-intro	de	bridge	MIIIGModulOnkologie/TechnischeImplementierung/oBDS-SNOMED-CT-Mapping/Genetische-Variante-Auspraegung.page.md	B	6	Die vollständige Mapping-Tabelle wird unterhalb dieser Einleitung aus der ConceptMap generiert.
ConceptMap-mii-cm-onko-grading-sct-intro	default	bridge	MIIIGModulOnkologie/TechnischeImplementierung/oBDS-SNOMED-CT-Mapping/Grading.page.md	B	4	The complete mapping table is generated from the ConceptMap below this introduction.
ConceptMap-mii-cm-onko-grading-sct-intro	de	bridge	MIIIGModulOnkologie/TechnischeImplementierung/oBDS-SNOMED-CT-Mapping/Grading.page.md	B	3	Die vollständige Mapping-Tabelle wird unterhalb dieser Einleitung aus der ConceptMap generiert.
ConceptMap-mii-cm-onko-intention-sct-intro	default	bridge	MIIIGModulOnkologie/TechnischeImplementierung/oBDS-SNOMED-CT-Mapping/Intention.page.md	B	4	The complete mapping table is generated from the ConceptMap below this introduction.
ConceptMap-mii-cm-onko-intention-sct-intro	de	bridge	MIIIGModulOnkologie/TechnischeImplementierung/oBDS-SNOMED-CT-Mapping/Intention.page.md	B	3	Die vollständige Mapping-Tabelle wird unterhalb dieser Einleitung aus der ConceptMap generiert.
ConceptMap-mii-cm-onko-nebenwirkung-sct-intro	default	bridge	MIIIGModulOnkologie/TechnischeImplementierung/oBDS-SNOMED-CT-Mapping/Nebenwirkung.page.md	B	4	The complete mapping table is generated from the ConceptMap below this introduction.
ConceptMap-mii-cm-onko-nebenwirkung-sct-intro	de	bridge	MIIIGModulOnkologie/TechnischeImplementierung/oBDS-SNOMED-CT-Mapping/Nebenwirkung.page.md	B	3	Die vollständige Mapping-Tabelle wird unterhalb dieser Einleitung aus der ConceptMap generiert.
ConceptMap-mii-cm-onko-operation-komplikation-sct-intro	default	bridge	MIIIGModulOnkologie/TechnischeImplementierung/oBDS-SNOMED-CT-Mapping/Operationskomplikation.page.md	B	6	The complete mapping table (oBDS coding ↔ SNOMED CT with equivalence level and comments) is generated from the ConceptMa
ConceptMap-mii-cm-onko-operation-komplikation-sct-intro	de	bridge	MIIIGModulOnkologie/TechnischeImplementierung/oBDS-SNOMED-CT-Mapping/Operationskomplikation.page.md	B	5	Die vollständige Mapping-Tabelle (oBDS-Kodierung ↔ SNOMED CT mit Äquivalenzlevel und Kommentaren) wird unterhalb dieser 
ConceptMap-mii-cm-onko-primaertumor-diagnosesicherung-sct-intro	default	bridge	MIIIGModulOnkologie/TechnischeImplementierung/oBDS-SNOMED-CT-Mapping/Primaertumor-Diagnosesicherung.page.md	B	4	The complete mapping table is generated from the ConceptMap below this introduction.
ConceptMap-mii-cm-onko-primaertumor-diagnosesicherung-sct-intro	de	bridge	MIIIGModulOnkologie/TechnischeImplementierung/oBDS-SNOMED-CT-Mapping/Primaertumor-Diagnosesicherung.page.md	B	3	Die vollständige Mapping-Tabelle wird unterhalb dieser Einleitung aus der ConceptMap generiert.
ConceptMap-mii-cm-onko-seitenlokalisation-sct-intro	default	bridge	MIIIGModulOnkologie/TechnischeImplementierung/oBDS-SNOMED-CT-Mapping/Seitenlokalisation.page.md	B	4	The complete mapping table is generated from the ConceptMap below this introduction.
ConceptMap-mii-cm-onko-seitenlokalisation-sct-intro	de	bridge	MIIIGModulOnkologie/TechnischeImplementierung/oBDS-SNOMED-CT-Mapping/Seitenlokalisation.page.md	B	3	Die vollständige Mapping-Tabelle wird unterhalb dieser Einleitung aus der ConceptMap generiert.
ConceptMap-mii-cm-onko-strahlentherapie-applikationsart-sct-intro	default	bridge	MIIIGModulOnkologie/TechnischeImplementierung/oBDS-SNOMED-CT-Mapping/Strahlentherapie-Applikationsart.page.md	B	4	The complete mapping table is generated from the ConceptMap below this introduction.
ConceptMap-mii-cm-onko-strahlentherapie-applikationsart-sct-intro	de	bridge	MIIIGModulOnkologie/TechnischeImplementierung/oBDS-SNOMED-CT-Mapping/Strahlentherapie-Applikationsart.page.md	B	3	Die vollständige Mapping-Tabelle wird unterhalb dieser Einleitung aus der ConceptMap generiert.
ConceptMap-mii-cm-onko-strahlentherapie-boost-sct-intro	default	bridge	MIIIGModulOnkologie/TechnischeImplementierung/oBDS-SNOMED-CT-Mapping/Strahlentherapie-Boost.page.md	B	4	The complete mapping table is generated from the ConceptMap below this introduction.
ConceptMap-mii-cm-onko-strahlentherapie-boost-sct-intro	de	bridge	MIIIGModulOnkologie/TechnischeImplementierung/oBDS-SNOMED-CT-Mapping/Strahlentherapie-Boost.page.md	B	3	Die vollständige Mapping-Tabelle wird unterhalb dieser Einleitung aus der ConceptMap generiert.
ConceptMap-mii-cm-onko-strahlentherapie-strahlenart-sct-intro	default	bridge	MIIIGModulOnkologie/TechnischeImplementierung/oBDS-SNOMED-CT-Mapping/Strahlentherapie-Strahlenart.page.md	B	4	The complete mapping table is generated from the ConceptMap below this introduction.
ConceptMap-mii-cm-onko-strahlentherapie-strahlenart-sct-intro	de	bridge	MIIIGModulOnkologie/TechnischeImplementierung/oBDS-SNOMED-CT-Mapping/Strahlentherapie-Strahlenart.page.md	B	3	Die vollständige Mapping-Tabelle wird unterhalb dieser Einleitung aus der ConceptMap generiert.
ConceptMap-mii-cm-onko-strahlentherapie-strahleneinheit-sct-intro	default	bridge	MIIIGModulOnkologie/TechnischeImplementierung/oBDS-SNOMED-CT-Mapping/Strahlentherapie-Strahleneinheit.page.md	B	4	The complete mapping table is generated from the ConceptMap below this introduction.
ConceptMap-mii-cm-onko-strahlentherapie-strahleneinheit-sct-intro	de	bridge	MIIIGModulOnkologie/TechnischeImplementierung/oBDS-SNOMED-CT-Mapping/Strahlentherapie-Strahleneinheit.page.md	B	3	Die vollständige Mapping-Tabelle wird unterhalb dieser Einleitung aus der ConceptMap generiert.
ConceptMap-mii-cm-onko-strahlentherapie-zielgebiet-sct-intro	default	bridge	MIIIGModulOnkologie/TechnischeImplementierung/oBDS-SNOMED-CT-Mapping/Strahlentherapie-Zielgebiet.page.md	B	6	The complete mapping table is generated from the ConceptMap below this introduction.
ConceptMap-mii-cm-onko-strahlentherapie-zielgebiet-sct-intro	de	bridge	MIIIGModulOnkologie/TechnischeImplementierung/oBDS-SNOMED-CT-Mapping/Strahlentherapie-Zielgebiet.page.md	B	5	Die vollständige Mapping-Tabelle wird unterhalb dieser Einleitung aus der ConceptMap generiert.
ConceptMap-mii-cm-onko-studienteilnahme-sct-intro	default	bridge	MIIIGModulOnkologie/TechnischeImplementierung/oBDS-SNOMED-CT-Mapping/Studienteilnahme.page.md	B	2	The complete mapping table is generated from the ConceptMap below this introduction.
ConceptMap-mii-cm-onko-studienteilnahme-sct-intro	de	bridge	MIIIGModulOnkologie/TechnischeImplementierung/oBDS-SNOMED-CT-Mapping/Studienteilnahme.page.md	B	1	Die vollständige Mapping-Tabelle wird unterhalb dieser Einleitung aus der ConceptMap generiert.
ConceptMap-mii-cm-onko-therapie-ende-sct-intro	default	bridge	MIIIGModulOnkologie/TechnischeImplementierung/oBDS-SNOMED-CT-Mapping/Therapie-Ende-Grund.page.md	B	6	The complete mapping table is generated from the ConceptMap below this introduction.
ConceptMap-mii-cm-onko-therapie-ende-sct-intro	de	bridge	MIIIGModulOnkologie/TechnischeImplementierung/oBDS-SNOMED-CT-Mapping/Therapie-Ende-Grund.page.md	B	5	Die vollständige Mapping-Tabelle wird unterhalb dieser Einleitung aus der ConceptMap generiert.
ConceptMap-mii-cm-onko-therapie-stellung-sct-intro	default	bridge	MIIIGModulOnkologie/TechnischeImplementierung/oBDS-SNOMED-CT-Mapping/Therapie-Stellung.page.md	B	4	The complete mapping table is generated from the ConceptMap below this introduction.
ConceptMap-mii-cm-onko-therapie-stellung-sct-intro	de	bridge	MIIIGModulOnkologie/TechnischeImplementierung/oBDS-SNOMED-CT-Mapping/Therapie-Stellung.page.md	B	3	Die vollständige Mapping-Tabelle wird unterhalb dieser Einleitung aus der ConceptMap generiert.
ConceptMap-mii-cm-onko-therapie-typ-sct-intro	default	bridge	MIIIGModulOnkologie/TechnischeImplementierung/oBDS-SNOMED-CT-Mapping/Therapietyp.page.md	B	4	The complete mapping table is generated from the ConceptMap below this introduction.
ConceptMap-mii-cm-onko-therapie-typ-sct-intro	de	bridge	MIIIGModulOnkologie/TechnischeImplementierung/oBDS-SNOMED-CT-Mapping/Therapietyp.page.md	B	3	Die vollständige Mapping-Tabelle wird unterhalb dieser Einleitung aus der ConceptMap generiert.
ConceptMap-mii-cm-onko-therapieabweichung-sct-intro	default	bridge	MIIIGModulOnkologie/TechnischeImplementierung/oBDS-SNOMED-CT-Mapping/Therapieabweichung.page.md	B	4	The complete mapping table is generated from the ConceptMap below this introduction.
ConceptMap-mii-cm-onko-therapieabweichung-sct-intro	de	bridge	MIIIGModulOnkologie/TechnischeImplementierung/oBDS-SNOMED-CT-Mapping/Therapieabweichung.page.md	B	3	Die vollständige Mapping-Tabelle wird unterhalb dieser Einleitung aus der ConceptMap generiert.
ConceptMap-mii-cm-onko-therapieplanung-sct-intro	default	bridge	MIIIGModulOnkologie/TechnischeImplementierung/oBDS-SNOMED-CT-Mapping/Therapieplanung.page.md	B	4	The complete mapping table is generated from the ConceptMap below this introduction.
ConceptMap-mii-cm-onko-therapieplanung-sct-intro	de	bridge	MIIIGModulOnkologie/TechnischeImplementierung/oBDS-SNOMED-CT-Mapping/Therapieplanung.page.md	B	3	Die vollständige Mapping-Tabelle wird unterhalb dieser Einleitung aus der ConceptMap generiert.
ConceptMap-mii-cm-onko-tod-sct-intro	default	bridge	MIIIGModulOnkologie/TechnischeImplementierung/oBDS-SNOMED-CT-Mapping/Tod.page.md	B	5	The complete mapping table is generated from the ConceptMap below this introduction.
ConceptMap-mii-cm-onko-tod-sct-intro	de	bridge	MIIIGModulOnkologie/TechnischeImplementierung/oBDS-SNOMED-CT-Mapping/Tod.page.md	B	4	Die vollständige Mapping-Tabelle wird unterhalb dieser Einleitung aus der ConceptMap generiert.
ConceptMap-mii-cm-onko-verlauf-fernmetastasen-sct-intro	default	bridge	MIIIGModulOnkologie/TechnischeImplementierung/oBDS-SNOMED-CT-Mapping/Verlauf-Fernmetastasen.page.md	B	4	The complete mapping table is generated from the ConceptMap below this introduction.
ConceptMap-mii-cm-onko-verlauf-fernmetastasen-sct-intro	de	bridge	MIIIGModulOnkologie/TechnischeImplementierung/oBDS-SNOMED-CT-Mapping/Verlauf-Fernmetastasen.page.md	B	3	Die vollständige Mapping-Tabelle wird unterhalb dieser Einleitung aus der ConceptMap generiert.
ConceptMap-mii-cm-onko-verlauf-gesamtbeurteilung-sct-intro	default	bridge	MIIIGModulOnkologie/TechnischeImplementierung/oBDS-SNOMED-CT-Mapping/Verlauf-Gesamtbeurteilung.page.md	B	4	The complete mapping table is generated from the ConceptMap below this introduction.
ConceptMap-mii-cm-onko-verlauf-gesamtbeurteilung-sct-intro	de	bridge	MIIIGModulOnkologie/TechnischeImplementierung/oBDS-SNOMED-CT-Mapping/Verlauf-Gesamtbeurteilung.page.md	B	3	Die vollständige Mapping-Tabelle wird unterhalb dieser Einleitung aus der ConceptMap generiert.
ConceptMap-mii-cm-onko-verlauf-lymphknoten-sct-intro	default	bridge	MIIIGModulOnkologie/TechnischeImplementierung/oBDS-SNOMED-CT-Mapping/Verlauf-Lymphknoten.page.md	B	4	The complete mapping table is generated from the ConceptMap below this introduction.
ConceptMap-mii-cm-onko-verlauf-lymphknoten-sct-intro	de	bridge	MIIIGModulOnkologie/TechnischeImplementierung/oBDS-SNOMED-CT-Mapping/Verlauf-Lymphknoten.page.md	B	3	Die vollständige Mapping-Tabelle wird unterhalb dieser Einleitung aus der ConceptMap generiert.
ConceptMap-mii-cm-onko-verlauf-primaertumor-sct-intro	default	bridge	MIIIGModulOnkologie/TechnischeImplementierung/oBDS-SNOMED-CT-Mapping/Verlauf-Primaertumor.page.md	B	4	The complete mapping table is generated from the ConceptMap below this introduction.
ConceptMap-mii-cm-onko-verlauf-primaertumor-sct-intro	de	bridge	MIIIGModulOnkologie/TechnischeImplementierung/oBDS-SNOMED-CT-Mapping/Verlauf-Primaertumor.page.md	B	3	Die vollständige Mapping-Tabelle wird unterhalb dieser Einleitung aus der ConceptMap generiert.
StructureDefinition-mii-ex-onko-histology-morphology-behavior-icdo3-intro	default	bridge	MIIIGModulOnkologie/TechnischeImplementierung/FHIR-Profile/Diagnose/Extension-ICD-O-3-Morphologie.page.md	B	7	The follow-up histology profile is described in the artefact view: [MII PR Onkologie Histologie ICD-O-3](StructureDefini
StructureDefinition-mii-ex-onko-histology-morphology-behavior-icdo3-intro	de	bridge	MIIIGModulOnkologie/TechnischeImplementierung/FHIR-Profile/Diagnose/Extension-ICD-O-3-Morphologie.page.md	B	6	Das Verlaufshistologieprofil ist in der Artefaktdarstellung beschrieben: [MII PR Onkologie Histologie ICD-O-3](Structure
StructureDefinition-mii-ex-onko-operation-urgency-intro	default	bridge	MIIIGModulOnkologie/TechnischeImplementierung/FHIR-Profile/Operation/Extension-Urgency.page.md	B	22	The codes it contains are listed in the artefact view: [MII CS Onkologie Operation Urgency](CodeSystem-mii-cs-onko-opera
StructureDefinition-mii-ex-onko-operation-urgency-intro	default	bridge	MIIIGModulOnkologie/TechnischeImplementierung/FHIR-Profile/Operation/Extension-Urgency.page.md	B	33	The oBDS mappings are recorded in the artefact view of this profile: [MII EX Onko Operation Urgency](StructureDefinition
StructureDefinition-mii-ex-onko-operation-urgency-intro	de	bridge	MIIIGModulOnkologie/TechnischeImplementierung/FHIR-Profile/Operation/Extension-Urgency.page.md	B	20	Die enthaltenen Codes sind in der Artefaktdarstellung aufgeführt: [MII CS Onkologie Operation Urgency](CodeSystem-mii-cs
StructureDefinition-mii-ex-onko-operation-urgency-intro	de	bridge	MIIIGModulOnkologie/TechnischeImplementierung/FHIR-Profile/Operation/Extension-Urgency.page.md	B	31	Die oBDS-Mappings sind in der Artefaktdarstellung des Profils hinterlegt: [MII EX Onko Operation Urgency](StructureDefin
StructureDefinition-mii-ex-onko-tnm-cp-praefix-intro	default	bridge	MIIIGModulOnkologie/TechnischeImplementierung/FHIR-Profile/TNM-Klassifikation/Extension-TNM-Prefix-c-p.page.md	B	11	The profiles concerned are described in the artefact view: [MII PR Onkologie TNM T-Kategorie](StructureDefinition-mii-pr
StructureDefinition-mii-ex-onko-tnm-cp-praefix-intro	de	bridge	MIIIGModulOnkologie/TechnischeImplementierung/FHIR-Profile/TNM-Klassifikation/Extension-TNM-Prefix-c-p.page.md	B	9	Die betroffenen Profile sind in der Artefaktdarstellung beschrieben: [MII PR Onkologie TNM T-Kategorie](StructureDefinit
StructureDefinition-mii-pr-onko-asa-klassifikation-intro	default	bridge	MIIIGModulOnkologie/TechnischeImplementierung/FHIR-Profile/Allgemeiner-Leistungszustand/ASA-Klassifikation-Observation.page.md	B	27	The metadata and the expansion of the value set are shown on the page [mii-vs-onko-asa-obds](ValueSet-mii-vs-onko-asa-ob
StructureDefinition-mii-pr-onko-asa-klassifikation-intro	de	bridge	MIIIGModulOnkologie/TechnischeImplementierung/FHIR-Profile/Allgemeiner-Leistungszustand/ASA-Klassifikation-Observation.page.md	B	26	Metadaten und Expansion des ValueSets sind auf der Seite [mii-vs-onko-asa-obds](ValueSet-mii-vs-onko-asa-obds.html) darg
StructureDefinition-mii-pr-onko-befund-intro	default	bridge	MIIIGModulOnkologie/TechnischeImplementierung/FHIR-Profile/Histologie/Histologiebefund-DiagnosticReport.page.md	B	13	The mapping of the dataset fields is documented in the logical model: [MII LM Onkologie](StructureDefinition-mii-lm-onko
StructureDefinition-mii-pr-onko-befund-intro	default	bridge	MIIIGModulOnkologie/TechnischeImplementierung/FHIR-Profile/Histologie/Histologiebefund-DiagnosticReport.page.md	B	21	The oBDS mappings are recorded in the artefact view of this profile: [MII PR Onkologie Befund](StructureDefinition-mii-p
StructureDefinition-mii-pr-onko-befund-intro	de	bridge	MIIIGModulOnkologie/TechnischeImplementierung/FHIR-Profile/Histologie/Histologiebefund-DiagnosticReport.page.md	B	11	Die Zuordnung der Datensatzfelder ist im logischen Modell dokumentiert: [MII LM Onkologie](StructureDefinition-mii-lm-on
StructureDefinition-mii-pr-onko-befund-intro	de	bridge	MIIIGModulOnkologie/TechnischeImplementierung/FHIR-Profile/Histologie/Histologiebefund-DiagnosticReport.page.md	B	19	Die oBDS-Mappings sind in der Artefaktdarstellung des Profils hinterlegt: [MII PR Onkologie Befund](StructureDefinition-
StructureDefinition-mii-pr-onko-genetische-variante-intro	default	bridge	MIIIGModulOnkologie/TechnischeImplementierung/FHIR-Profile/Genetische-Variante/Genetische-Variante-Observation.page.md	B	48	The mapping of the dataset fields is documented in the logical model: [MII LM Onkologie](StructureDefinition-mii-lm-onko
StructureDefinition-mii-pr-onko-genetische-variante-intro	default	bridge	MIIIGModulOnkologie/TechnischeImplementierung/FHIR-Profile/Genetische-Variante/Genetische-Variante-Observation.page.md	B	56	The oBDS mappings are recorded in the artefact view of this profile: [MII PR Onkologie Genetische Variante](StructureDef
StructureDefinition-mii-pr-onko-genetische-variante-intro	de	bridge	MIIIGModulOnkologie/TechnischeImplementierung/FHIR-Profile/Genetische-Variante/Genetische-Variante-Observation.page.md	B	46	Die Zuordnung der Datensatzfelder ist im logischen Modell dokumentiert: [MII LM Onkologie](StructureDefinition-mii-lm-on
StructureDefinition-mii-pr-onko-genetische-variante-intro	de	bridge	MIIIGModulOnkologie/TechnischeImplementierung/FHIR-Profile/Genetische-Variante/Genetische-Variante-Observation.page.md	B	54	Die oBDS-Mappings sind in der Artefaktdarstellung des Profils hinterlegt: [MII PR Onkologie Genetische Variante](Structu
StructureDefinition-mii-pr-onko-krk-abstand-aboral-intro	default	bridge	MIIIGModulOnkologie/TechnischeImplementierung/FHIR-Profile/Organspezifische-Module/KolorektalesKarzinom/KRK-Abstand-Resektionsrand-Aboral-Observation.page.md	B	26	The codes it contains are listed in the artefact view: [MII VS Onkologie KRK Abstand Resektionslinie Aboral](ValueSet-mi
StructureDefinition-mii-pr-onko-krk-abstand-aboral-intro	default	bridge	MIIIGModulOnkologie/TechnischeImplementierung/FHIR-Profile/Organspezifische-Module/KolorektalesKarzinom/KRK-Abstand-Resektionsrand-Aboral-Observation.page.md	B	30	The codes it contains are listed in the artefact view: [MII VS Onkologie KRK Abstand Resektionslinie Aboral](ValueSet-mi
StructureDefinition-mii-pr-onko-krk-abstand-aboral-intro	default	bridge	MIIIGModulOnkologie/TechnischeImplementierung/FHIR-Profile/Organspezifische-Module/KolorektalesKarzinom/KRK-Abstand-Resektionsrand-Aboral-Observation.page.md	B	38	The mapping of the dataset fields is documented in the logical model: [MII LM Onkologie Organspezifische Zusatzmodule](S
StructureDefinition-mii-pr-onko-krk-abstand-aboral-intro	default	bridge	MIIIGModulOnkologie/TechnischeImplementierung/FHIR-Profile/Organspezifische-Module/KolorektalesKarzinom/KRK-Abstand-Resektionsrand-Aboral-Observation.page.md	B	46	The oBDS mappings are recorded in the artefact view of this profile: [MII PR Onkologie Abstand Aboral](StructureDefiniti
StructureDefinition-mii-pr-onko-krk-abstand-aboral-intro	de	bridge	MIIIGModulOnkologie/TechnischeImplementierung/FHIR-Profile/Organspezifische-Module/KolorektalesKarzinom/KRK-Abstand-Resektionsrand-Aboral-Observation.page.md	B	24	Die enthaltenen Codes sind in der Artefaktdarstellung aufgeführt: [MII VS Onkologie KRK Abstand Resektionslinie Aboral](
StructureDefinition-mii-pr-onko-krk-abstand-aboral-intro	de	bridge	MIIIGModulOnkologie/TechnischeImplementierung/FHIR-Profile/Organspezifische-Module/KolorektalesKarzinom/KRK-Abstand-Resektionsrand-Aboral-Observation.page.md	B	28	Die enthaltenen Codes sind in der Artefaktdarstellung aufgeführt: [MII VS Onkologie KRK Abstand Resektionslinie Aboral](
StructureDefinition-mii-pr-onko-krk-abstand-aboral-intro	de	bridge	MIIIGModulOnkologie/TechnischeImplementierung/FHIR-Profile/Organspezifische-Module/KolorektalesKarzinom/KRK-Abstand-Resektionsrand-Aboral-Observation.page.md	B	36	Die Zuordnung der Datensatzfelder ist im logischen Modell dokumentiert: [MII LM Onkologie Organspezifische Zusatzmodule]
StructureDefinition-mii-pr-onko-krk-abstand-aboral-intro	de	bridge	MIIIGModulOnkologie/TechnischeImplementierung/FHIR-Profile/Organspezifische-Module/KolorektalesKarzinom/KRK-Abstand-Resektionsrand-Aboral-Observation.page.md	B	44	Die oBDS-Mappings sind in der Artefaktdarstellung des Profils hinterlegt: [MII PR Onkologie Abstand Aboral](StructureDef
StructureDefinition-mii-pr-onko-krk-abstand-anokutan-intro	default	bridge	MIIIGModulOnkologie/TechnischeImplementierung/FHIR-Profile/Organspezifische-Module/KolorektalesKarzinom/KRK-Abstand-Tumor-Anokutanlinie-Observation.page.md	B	33	The mapping of the dataset fields is documented in the logical model: [MII LM Onkologie Organspezifische Zusatzmodule](S
StructureDefinition-mii-pr-onko-krk-abstand-anokutan-intro	default	bridge	MIIIGModulOnkologie/TechnischeImplementierung/FHIR-Profile/Organspezifische-Module/KolorektalesKarzinom/KRK-Abstand-Tumor-Anokutanlinie-Observation.page.md	B	41	The oBDS mappings are recorded in the artefact view of this profile: [MII PR Onkologie Abstand Anokutan](StructureDefini
StructureDefinition-mii-pr-onko-krk-abstand-anokutan-intro	de	bridge	MIIIGModulOnkologie/TechnischeImplementierung/FHIR-Profile/Organspezifische-Module/KolorektalesKarzinom/KRK-Abstand-Tumor-Anokutanlinie-Observation.page.md	B	31	Die Zuordnung der Datensatzfelder ist im logischen Modell dokumentiert: [MII LM Onkologie Organspezifische Zusatzmodule]
StructureDefinition-mii-pr-onko-krk-abstand-anokutan-intro	de	bridge	MIIIGModulOnkologie/TechnischeImplementierung/FHIR-Profile/Organspezifische-Module/KolorektalesKarzinom/KRK-Abstand-Tumor-Anokutanlinie-Observation.page.md	B	39	Die oBDS-Mappings sind in der Artefaktdarstellung des Profils hinterlegt: [MII PR Onkologie Abstand Anokutan](StructureD
StructureDefinition-mii-pr-onko-krk-abstand-circumferelle-resektionsebene-intro	default	bridge	MIIIGModulOnkologie/TechnischeImplementierung/FHIR-Profile/Organspezifische-Module/KolorektalesKarzinom/KRK-Abstand-Circumferelle-Resektionsebene-Observation.page.md	B	26	The codes it contains are listed in the artefact view: [MII VS Onkologie KRK Abstand Circumferelle Resektionsrand](Value
StructureDefinition-mii-pr-onko-krk-abstand-circumferelle-resektionsebene-intro	default	bridge	MIIIGModulOnkologie/TechnischeImplementierung/FHIR-Profile/Organspezifische-Module/KolorektalesKarzinom/KRK-Abstand-Circumferelle-Resektionsebene-Observation.page.md	B	35	The mapping of the dataset fields is documented in the logical model: [MII LM Onkologie Organspezifische Zusatzmodule](S
StructureDefinition-mii-pr-onko-krk-abstand-circumferelle-resektionsebene-intro	default	bridge	MIIIGModulOnkologie/TechnischeImplementierung/FHIR-Profile/Organspezifische-Module/KolorektalesKarzinom/KRK-Abstand-Circumferelle-Resektionsebene-Observation.page.md	B	43	The oBDS mappings are recorded in the artefact view of this profile: [MII PR Onkologie Abstand Circumferelle Resektionse
StructureDefinition-mii-pr-onko-krk-abstand-circumferelle-resektionsebene-intro	de	bridge	MIIIGModulOnkologie/TechnischeImplementierung/FHIR-Profile/Organspezifische-Module/KolorektalesKarzinom/KRK-Abstand-Circumferelle-Resektionsebene-Observation.page.md	B	24	Die enthaltenen Codes sind in der Artefaktdarstellung aufgeführt: [MII VS Onkologie KRK Abstand Circumferelle Resektions
StructureDefinition-mii-pr-onko-krk-abstand-circumferelle-resektionsebene-intro	de	bridge	MIIIGModulOnkologie/TechnischeImplementierung/FHIR-Profile/Organspezifische-Module/KolorektalesKarzinom/KRK-Abstand-Circumferelle-Resektionsebene-Observation.page.md	B	33	Die Zuordnung der Datensatzfelder ist im logischen Modell dokumentiert: [MII LM Onkologie Organspezifische Zusatzmodule]
StructureDefinition-mii-pr-onko-krk-abstand-circumferelle-resektionsebene-intro	de	bridge	MIIIGModulOnkologie/TechnischeImplementierung/FHIR-Profile/Organspezifische-Module/KolorektalesKarzinom/KRK-Abstand-Circumferelle-Resektionsebene-Observation.page.md	B	41	Die oBDS-Mappings sind in der Artefaktdarstellung des Profils hinterlegt: [MII PR Onkologie Abstand Circumferelle Resekt
StructureDefinition-mii-pr-onko-krk-anastomoseninsuffizienz-intro	default	bridge	MIIIGModulOnkologie/TechnischeImplementierung/FHIR-Profile/Organspezifische-Module/KolorektalesKarzinom/KRK-Anastomoseninsuffizienz-Observation.page.md	B	27	The codes it contains are listed in the artefact view: [MII VS Onkologie KRK Anastomoseninsuffizienz](ValueSet-mii-vs-on
StructureDefinition-mii-pr-onko-krk-anastomoseninsuffizienz-intro	default	bridge	MIIIGModulOnkologie/TechnischeImplementierung/FHIR-Profile/Organspezifische-Module/KolorektalesKarzinom/KRK-Anastomoseninsuffizienz-Observation.page.md	B	31	The codes it contains are listed in the artefact view: [MII VS Onkologie KRK Anastomoseninsuffizienz](ValueSet-mii-vs-on
StructureDefinition-mii-pr-onko-krk-anastomoseninsuffizienz-intro	default	bridge	MIIIGModulOnkologie/TechnischeImplementierung/FHIR-Profile/Organspezifische-Module/KolorektalesKarzinom/KRK-Anastomoseninsuffizienz-Observation.page.md	B	39	The mapping of the dataset fields is documented in the logical model: [MII LM Onkologie Organspezifische Zusatzmodule](S
StructureDefinition-mii-pr-onko-krk-anastomoseninsuffizienz-intro	default	bridge	MIIIGModulOnkologie/TechnischeImplementierung/FHIR-Profile/Organspezifische-Module/KolorektalesKarzinom/KRK-Anastomoseninsuffizienz-Observation.page.md	B	47	The oBDS mappings are recorded in the artefact view of this profile: [MII PR Onkologie KRK Anastomoseninsuffizienz](Stru
StructureDefinition-mii-pr-onko-krk-anastomoseninsuffizienz-intro	de	bridge	MIIIGModulOnkologie/TechnischeImplementierung/FHIR-Profile/Organspezifische-Module/KolorektalesKarzinom/KRK-Anastomoseninsuffizienz-Observation.page.md	B	25	Die enthaltenen Codes sind in der Artefaktdarstellung aufgeführt: [MII VS Onkologie KRK Anastomoseninsuffizienz](ValueSe
StructureDefinition-mii-pr-onko-krk-anastomoseninsuffizienz-intro	de	bridge	MIIIGModulOnkologie/TechnischeImplementierung/FHIR-Profile/Organspezifische-Module/KolorektalesKarzinom/KRK-Anastomoseninsuffizienz-Observation.page.md	B	29	Die enthaltenen Codes sind in der Artefaktdarstellung aufgeführt: [MII VS Onkologie KRK Anastomoseninsuffizienz](ValueSe
StructureDefinition-mii-pr-onko-krk-anastomoseninsuffizienz-intro	de	bridge	MIIIGModulOnkologie/TechnischeImplementierung/FHIR-Profile/Organspezifische-Module/KolorektalesKarzinom/KRK-Anastomoseninsuffizienz-Observation.page.md	B	37	Die Zuordnung der Datensatzfelder ist im logischen Modell dokumentiert: [MII LM Onkologie Organspezifische Zusatzmodule]
StructureDefinition-mii-pr-onko-krk-anastomoseninsuffizienz-intro	de	bridge	MIIIGModulOnkologie/TechnischeImplementierung/FHIR-Profile/Organspezifische-Module/KolorektalesKarzinom/KRK-Anastomoseninsuffizienz-Observation.page.md	B	45	Die oBDS-Mappings sind in der Artefaktdarstellung des Profils hinterlegt: [MII PR Onkologie KRK Anastomoseninsuffizienz]
StructureDefinition-mii-pr-onko-krk-mrt-mesorektale-faszie-intro	default	bridge	MIIIGModulOnkologie/TechnischeImplementierung/FHIR-Profile/Organspezifische-Module/KolorektalesKarzinom/KRK-MRT-Mesorektale-Faszie-Observation.page.md	B	26	The codes it contains are listed in the artefact view: [MII VS Onkologie KRK MRT Mesorektale Faszie Status](ValueSet-mii
StructureDefinition-mii-pr-onko-krk-mrt-mesorektale-faszie-intro	default	bridge	MIIIGModulOnkologie/TechnischeImplementierung/FHIR-Profile/Organspezifische-Module/KolorektalesKarzinom/KRK-MRT-Mesorektale-Faszie-Observation.page.md	B	30	The codes it contains are listed in the artefact view: [MII VS Onkologie KRK MRT Mesorektale Faszie Status](ValueSet-mii
StructureDefinition-mii-pr-onko-krk-mrt-mesorektale-faszie-intro	default	bridge	MIIIGModulOnkologie/TechnischeImplementierung/FHIR-Profile/Organspezifische-Module/KolorektalesKarzinom/KRK-MRT-Mesorektale-Faszie-Observation.page.md	B	38	The mapping of the dataset fields is documented in the logical model: [MII LM Onkologie Organspezifische Zusatzmodule](S
StructureDefinition-mii-pr-onko-krk-mrt-mesorektale-faszie-intro	default	bridge	MIIIGModulOnkologie/TechnischeImplementierung/FHIR-Profile/Organspezifische-Module/KolorektalesKarzinom/KRK-MRT-Mesorektale-Faszie-Observation.page.md	B	46	The oBDS mappings are recorded in the artefact view of this profile: [MII PR Onkologie KRK MRT/CT Abstand Mesorektale Fa
StructureDefinition-mii-pr-onko-krk-mrt-mesorektale-faszie-intro	de	bridge	MIIIGModulOnkologie/TechnischeImplementierung/FHIR-Profile/Organspezifische-Module/KolorektalesKarzinom/KRK-MRT-Mesorektale-Faszie-Observation.page.md	B	24	Die enthaltenen Codes sind in der Artefaktdarstellung aufgeführt: [MII VS Onkologie KRK MRT Mesorektale Faszie Status](V
StructureDefinition-mii-pr-onko-krk-mrt-mesorektale-faszie-intro	de	bridge	MIIIGModulOnkologie/TechnischeImplementierung/FHIR-Profile/Organspezifische-Module/KolorektalesKarzinom/KRK-MRT-Mesorektale-Faszie-Observation.page.md	B	28	Die enthaltenen Codes sind in der Artefaktdarstellung aufgeführt: [MII VS Onkologie KRK MRT Mesorektale Faszie Status](V
StructureDefinition-mii-pr-onko-krk-mrt-mesorektale-faszie-intro	de	bridge	MIIIGModulOnkologie/TechnischeImplementierung/FHIR-Profile/Organspezifische-Module/KolorektalesKarzinom/KRK-MRT-Mesorektale-Faszie-Observation.page.md	B	36	Die Zuordnung der Datensatzfelder ist im logischen Modell dokumentiert: [MII LM Onkologie Organspezifische Zusatzmodule]
StructureDefinition-mii-pr-onko-krk-mrt-mesorektale-faszie-intro	de	bridge	MIIIGModulOnkologie/TechnischeImplementierung/FHIR-Profile/Organspezifische-Module/KolorektalesKarzinom/KRK-MRT-Mesorektale-Faszie-Observation.page.md	B	44	Die oBDS-Mappings sind in der Artefaktdarstellung des Profils hinterlegt: [MII PR Onkologie KRK MRT/CT Abstand Mesorekta
StructureDefinition-mii-pr-onko-krk-operation-intro	default	bridge	MIIIGModulOnkologie/TechnischeImplementierung/FHIR-Profile/Organspezifische-Module/KolorektalesKarzinom/KRK-Operation-Procedure.page.md	B	30	The codes it contains are listed in the artefact view: [MII VS Onkologie KRK TME Qualität](ValueSet-mii-vs-onko-krk-tme-
StructureDefinition-mii-pr-onko-krk-operation-intro	default	bridge	MIIIGModulOnkologie/TechnischeImplementierung/FHIR-Profile/Organspezifische-Module/KolorektalesKarzinom/KRK-Operation-Procedure.page.md	B	38	The mapping of the dataset fields is documented in the logical model: [MII LM Onkologie Organspezifische Zusatzmodule](S
StructureDefinition-mii-pr-onko-krk-operation-intro	default	bridge	MIIIGModulOnkologie/TechnischeImplementierung/FHIR-Profile/Organspezifische-Module/KolorektalesKarzinom/KRK-Operation-Procedure.page.md	B	46	The oBDS mappings are recorded in the artefact view of this profile: [MII PR Onkologie Präoperative Drahtmarkierung Mamm
StructureDefinition-mii-pr-onko-krk-operation-intro	de	bridge	MIIIGModulOnkologie/TechnischeImplementierung/FHIR-Profile/Organspezifische-Module/KolorektalesKarzinom/KRK-Operation-Procedure.page.md	B	28	Die enthaltenen Codes sind in der Artefaktdarstellung aufgeführt: [MII VS Onkologie KRK TME Qualität](ValueSet-mii-vs-on
StructureDefinition-mii-pr-onko-krk-operation-intro	de	bridge	MIIIGModulOnkologie/TechnischeImplementierung/FHIR-Profile/Organspezifische-Module/KolorektalesKarzinom/KRK-Operation-Procedure.page.md	B	36	Die Zuordnung der Datensatzfelder ist im logischen Modell dokumentiert: [MII LM Onkologie Organspezifische Zusatzmodule]
StructureDefinition-mii-pr-onko-krk-operation-intro	de	bridge	MIIIGModulOnkologie/TechnischeImplementierung/FHIR-Profile/Organspezifische-Module/KolorektalesKarzinom/KRK-Operation-Procedure.page.md	B	44	Die oBDS-Mappings sind in der Artefaktdarstellung des Profils hinterlegt: [MII PR Onkologie Präoperative Drahtmarkierung
StructureDefinition-mii-pr-onko-krk-specimen-intro	default	bridge	MIIIGModulOnkologie/TechnischeImplementierung/FHIR-Profile/Organspezifische-Module/KolorektalesKarzinom/KRK-Specimen.page.md	B	31	The codes it contains are listed in the artefact view: [MII VS Onkologie KRK TME Qualität](ValueSet-mii-vs-onko-krk-tme-
StructureDefinition-mii-pr-onko-krk-specimen-intro	default	bridge	MIIIGModulOnkologie/TechnischeImplementierung/FHIR-Profile/Organspezifische-Module/KolorektalesKarzinom/KRK-Specimen.page.md	B	35	The codes it contains are listed in the artefact view: [MII VS Onkologie KRK TME Qualität](ValueSet-mii-vs-onko-krk-tme-
StructureDefinition-mii-pr-onko-krk-specimen-intro	default	bridge	MIIIGModulOnkologie/TechnischeImplementierung/FHIR-Profile/Organspezifische-Module/KolorektalesKarzinom/KRK-Specimen.page.md	B	43	The mapping of the dataset fields is documented in the logical model: [MII LM Onkologie Organspezifische Zusatzmodule](S
StructureDefinition-mii-pr-onko-krk-specimen-intro	default	bridge	MIIIGModulOnkologie/TechnischeImplementierung/FHIR-Profile/Organspezifische-Module/KolorektalesKarzinom/KRK-Specimen.page.md	B	51	The oBDS mappings are recorded in the artefact view of this profile: [MII PR Onkologie Specimen](StructureDefinition-mii
StructureDefinition-mii-pr-onko-krk-specimen-intro	de	bridge	MIIIGModulOnkologie/TechnischeImplementierung/FHIR-Profile/Organspezifische-Module/KolorektalesKarzinom/KRK-Specimen.page.md	B	29	Die enthaltenen Codes sind in der Artefaktdarstellung aufgeführt: [MII VS Onkologie KRK TME Qualität](ValueSet-mii-vs-on
StructureDefinition-mii-pr-onko-krk-specimen-intro	de	bridge	MIIIGModulOnkologie/TechnischeImplementierung/FHIR-Profile/Organspezifische-Module/KolorektalesKarzinom/KRK-Specimen.page.md	B	33	Die enthaltenen Codes sind in der Artefaktdarstellung aufgeführt: [MII VS Onkologie KRK TME Qualität](ValueSet-mii-vs-on
StructureDefinition-mii-pr-onko-krk-specimen-intro	de	bridge	MIIIGModulOnkologie/TechnischeImplementierung/FHIR-Profile/Organspezifische-Module/KolorektalesKarzinom/KRK-Specimen.page.md	B	41	Die Zuordnung der Datensatzfelder ist im logischen Modell dokumentiert: [MII LM Onkologie Organspezifische Zusatzmodule]
StructureDefinition-mii-pr-onko-krk-specimen-intro	de	bridge	MIIIGModulOnkologie/TechnischeImplementierung/FHIR-Profile/Organspezifische-Module/KolorektalesKarzinom/KRK-Specimen.page.md	B	49	Die oBDS-Mappings sind in der Artefaktdarstellung des Profils hinterlegt: [MII PR Onkologie Specimen](StructureDefinitio
StructureDefinition-mii-pr-onko-krk-stoma-markierung-intro	default	bridge	MIIIGModulOnkologie/TechnischeImplementierung/FHIR-Profile/Organspezifische-Module/KolorektalesKarzinom/KRK-Stoma-Markierung-Procedure.page.md	B	27	The codes it contains are listed in the artefact view: [MII VS Onkologie KRK Stoma Anzeichnung](ValueSet-mii-vs-onko-krk
StructureDefinition-mii-pr-onko-krk-stoma-markierung-intro	default	bridge	MIIIGModulOnkologie/TechnischeImplementierung/FHIR-Profile/Organspezifische-Module/KolorektalesKarzinom/KRK-Stoma-Markierung-Procedure.page.md	B	31	The codes it contains are listed in the artefact view: [MII VS Onkologie KRK Stoma Anzeichnung](ValueSet-mii-vs-onko-krk
StructureDefinition-mii-pr-onko-krk-stoma-markierung-intro	default	bridge	MIIIGModulOnkologie/TechnischeImplementierung/FHIR-Profile/Organspezifische-Module/KolorektalesKarzinom/KRK-Stoma-Markierung-Procedure.page.md	B	39	The mapping of the dataset fields is documented in the logical model: [MII LM Onkologie Organspezifische Zusatzmodule](S
StructureDefinition-mii-pr-onko-krk-stoma-markierung-intro	default	bridge	MIIIGModulOnkologie/TechnischeImplementierung/FHIR-Profile/Organspezifische-Module/KolorektalesKarzinom/KRK-Stoma-Markierung-Procedure.page.md	B	47	The oBDS mappings are recorded in the artefact view of this profile: [MII PR Onkologie KRK Stoma-Markierung](StructureDe
StructureDefinition-mii-pr-onko-krk-stoma-markierung-intro	de	bridge	MIIIGModulOnkologie/TechnischeImplementierung/FHIR-Profile/Organspezifische-Module/KolorektalesKarzinom/KRK-Stoma-Markierung-Procedure.page.md	B	25	Die enthaltenen Codes sind in der Artefaktdarstellung aufgeführt: [MII VS Onkologie KRK Stoma Anzeichnung](ValueSet-mii-
StructureDefinition-mii-pr-onko-krk-stoma-markierung-intro	de	bridge	MIIIGModulOnkologie/TechnischeImplementierung/FHIR-Profile/Organspezifische-Module/KolorektalesKarzinom/KRK-Stoma-Markierung-Procedure.page.md	B	29	Die enthaltenen Codes sind in der Artefaktdarstellung aufgeführt: [MII VS Onkologie KRK Stoma Anzeichnung](ValueSet-mii-
StructureDefinition-mii-pr-onko-krk-stoma-markierung-intro	de	bridge	MIIIGModulOnkologie/TechnischeImplementierung/FHIR-Profile/Organspezifische-Module/KolorektalesKarzinom/KRK-Stoma-Markierung-Procedure.page.md	B	37	Die Zuordnung der Datensatzfelder ist im logischen Modell dokumentiert: [MII LM Onkologie Organspezifische Zusatzmodule]
StructureDefinition-mii-pr-onko-krk-stoma-markierung-intro	de	bridge	MIIIGModulOnkologie/TechnischeImplementierung/FHIR-Profile/Organspezifische-Module/KolorektalesKarzinom/KRK-Stoma-Markierung-Procedure.page.md	B	45	Die oBDS-Mappings sind in der Artefaktdarstellung des Profils hinterlegt: [MII PR Onkologie KRK Stoma-Markierung](Struct
StructureDefinition-mii-pr-onko-mamma-her2neu-status-intro	default	bridge	MIIIGModulOnkologie/TechnischeImplementierung/FHIR-Profile/Organspezifische-Module/Mamma/Mamma-Her2neu-Status-Observation.page.md	B	84	The codes it contains are listed in the artefact view: [MII VS Onkologie Mamma Her2neu Status oBDS](ValueSet-mii-vs-onko
StructureDefinition-mii-pr-onko-mamma-her2neu-status-intro	default	bridge	MIIIGModulOnkologie/TechnischeImplementierung/FHIR-Profile/Organspezifische-Module/Mamma/Mamma-Her2neu-Status-Observation.page.md	B	88	The codes it contains are listed in the artefact view: [MII VS Onkologie Mamma Her2neu Status oBDS](ValueSet-mii-vs-onko
StructureDefinition-mii-pr-onko-mamma-her2neu-status-intro	default	bridge	MIIIGModulOnkologie/TechnischeImplementierung/FHIR-Profile/Organspezifische-Module/Mamma/Mamma-Her2neu-Status-Observation.page.md	B	94	The codes it contains are listed in the artefact view: [MII VS Onkologie Mamma Her2neu Status Leitlinie](ValueSet-mii-vs
StructureDefinition-mii-pr-onko-mamma-her2neu-status-intro	default	bridge	MIIIGModulOnkologie/TechnischeImplementierung/FHIR-Profile/Organspezifische-Module/Mamma/Mamma-Her2neu-Status-Observation.page.md	B	98	The codes it contains are listed in the artefact view: [MII VS Onkologie Mamma Her2neu Status Leitlinie](ValueSet-mii-vs
StructureDefinition-mii-pr-onko-mamma-her2neu-status-intro	default	bridge	MIIIGModulOnkologie/TechnischeImplementierung/FHIR-Profile/Organspezifische-Module/Mamma/Mamma-Her2neu-Status-Observation.page.md	B	106	The mapping of the dataset fields is documented in the logical model: [MII LM Onkologie Organspezifische Zusatzmodule](S
StructureDefinition-mii-pr-onko-mamma-her2neu-status-intro	default	bridge	MIIIGModulOnkologie/TechnischeImplementierung/FHIR-Profile/Organspezifische-Module/Mamma/Mamma-Her2neu-Status-Observation.page.md	B	114	The oBDS mappings are recorded in the artefact view of this profile: [MII PR Onkologie Her2neu Status](StructureDefiniti
StructureDefinition-mii-pr-onko-mamma-her2neu-status-intro	de	bridge	MIIIGModulOnkologie/TechnischeImplementierung/FHIR-Profile/Organspezifische-Module/Mamma/Mamma-Her2neu-Status-Observation.page.md	B	82	Die enthaltenen Codes sind in der Artefaktdarstellung aufgeführt: [MII VS Onkologie Mamma Her2neu Status oBDS](ValueSet-
StructureDefinition-mii-pr-onko-mamma-her2neu-status-intro	de	bridge	MIIIGModulOnkologie/TechnischeImplementierung/FHIR-Profile/Organspezifische-Module/Mamma/Mamma-Her2neu-Status-Observation.page.md	B	86	Die enthaltenen Codes sind in der Artefaktdarstellung aufgeführt: [MII VS Onkologie Mamma Her2neu Status oBDS](ValueSet-
StructureDefinition-mii-pr-onko-mamma-her2neu-status-intro	de	bridge	MIIIGModulOnkologie/TechnischeImplementierung/FHIR-Profile/Organspezifische-Module/Mamma/Mamma-Her2neu-Status-Observation.page.md	B	92	Die enthaltenen Codes sind in der Artefaktdarstellung aufgeführt: [MII VS Onkologie Mamma Her2neu Status Leitlinie](Valu
StructureDefinition-mii-pr-onko-mamma-her2neu-status-intro	de	bridge	MIIIGModulOnkologie/TechnischeImplementierung/FHIR-Profile/Organspezifische-Module/Mamma/Mamma-Her2neu-Status-Observation.page.md	B	96	Die enthaltenen Codes sind in der Artefaktdarstellung aufgeführt: [MII VS Onkologie Mamma Her2neu Status Leitlinie](Valu
StructureDefinition-mii-pr-onko-mamma-her2neu-status-intro	de	bridge	MIIIGModulOnkologie/TechnischeImplementierung/FHIR-Profile/Organspezifische-Module/Mamma/Mamma-Her2neu-Status-Observation.page.md	B	104	Die Zuordnung der Datensatzfelder ist im logischen Modell dokumentiert: [MII LM Onkologie Organspezifische Zusatzmodule]
StructureDefinition-mii-pr-onko-mamma-her2neu-status-intro	de	bridge	MIIIGModulOnkologie/TechnischeImplementierung/FHIR-Profile/Organspezifische-Module/Mamma/Mamma-Her2neu-Status-Observation.page.md	B	112	Die oBDS-Mappings sind in der Artefaktdarstellung des Profils hinterlegt: [MII PR Onkologie Her2neu Status](StructureDef
StructureDefinition-mii-pr-onko-mamma-menopause-status-intro	default	bridge	MIIIGModulOnkologie/TechnischeImplementierung/FHIR-Profile/Organspezifische-Module/Mamma/Mamma-Menopause-Status-Observation.page.md	B	26	The codes it contains are listed in the artefact view: [MII VS Onkologie Mamma Menopause Status](ValueSet-mii-vs-onko-ma
StructureDefinition-mii-pr-onko-mamma-menopause-status-intro	default	bridge	MIIIGModulOnkologie/TechnischeImplementierung/FHIR-Profile/Organspezifische-Module/Mamma/Mamma-Menopause-Status-Observation.page.md	B	30	The codes it contains are listed in the artefact view: [MII VS Onkologie Mamma Menopause Status](ValueSet-mii-vs-onko-ma
StructureDefinition-mii-pr-onko-mamma-menopause-status-intro	default	bridge	MIIIGModulOnkologie/TechnischeImplementierung/FHIR-Profile/Organspezifische-Module/Mamma/Mamma-Menopause-Status-Observation.page.md	B	38	The mapping of the dataset fields is documented in the logical model: [MII LM Onkologie Organspezifische Zusatzmodule](S
StructureDefinition-mii-pr-onko-mamma-menopause-status-intro	default	bridge	MIIIGModulOnkologie/TechnischeImplementierung/FHIR-Profile/Organspezifische-Module/Mamma/Mamma-Menopause-Status-Observation.page.md	B	46	The oBDS mappings are recorded in the artefact view of this profile: [MII PR Onkologie Menopausenstatus Mamma](Structure
StructureDefinition-mii-pr-onko-mamma-menopause-status-intro	de	bridge	MIIIGModulOnkologie/TechnischeImplementierung/FHIR-Profile/Organspezifische-Module/Mamma/Mamma-Menopause-Status-Observation.page.md	B	24	Die enthaltenen Codes sind in der Artefaktdarstellung aufgeführt: [MII VS Onkologie Mamma Menopause Status](ValueSet-mii
StructureDefinition-mii-pr-onko-mamma-menopause-status-intro	de	bridge	MIIIGModulOnkologie/TechnischeImplementierung/FHIR-Profile/Organspezifische-Module/Mamma/Mamma-Menopause-Status-Observation.page.md	B	28	Die enthaltenen Codes sind in der Artefaktdarstellung aufgeführt: [MII VS Onkologie Mamma Menopause Status](ValueSet-mii
StructureDefinition-mii-pr-onko-mamma-menopause-status-intro	de	bridge	MIIIGModulOnkologie/TechnischeImplementierung/FHIR-Profile/Organspezifische-Module/Mamma/Mamma-Menopause-Status-Observation.page.md	B	36	Die Zuordnung der Datensatzfelder ist im logischen Modell dokumentiert: [MII LM Onkologie Organspezifische Zusatzmodule]
StructureDefinition-mii-pr-onko-mamma-menopause-status-intro	de	bridge	MIIIGModulOnkologie/TechnischeImplementierung/FHIR-Profile/Organspezifische-Module/Mamma/Mamma-Menopause-Status-Observation.page.md	B	44	Die oBDS-Mappings sind in der Artefaktdarstellung des Profils hinterlegt: [MII PR Onkologie Menopausenstatus Mamma](Stru
StructureDefinition-mii-pr-onko-mamma-operation-intro	default	bridge	MIIIGModulOnkologie/TechnischeImplementierung/FHIR-Profile/Organspezifische-Module/Mamma/Mamma-Operation-Procedure.page.md	B	45	The codes it contains are listed in the artefact view: [MII VS Onkologie Mamma Operation SNOMED CT](ValueSet-mii-vs-onko
StructureDefinition-mii-pr-onko-mamma-operation-intro	default	bridge	MIIIGModulOnkologie/TechnischeImplementierung/FHIR-Profile/Organspezifische-Module/Mamma/Mamma-Operation-Procedure.page.md	B	49	The codes it contains are listed in the artefact view: [MII VS Onkologie Mamma Operation SNOMED CT](ValueSet-mii-vs-onko
StructureDefinition-mii-pr-onko-mamma-operation-intro	default	bridge	MIIIGModulOnkologie/TechnischeImplementierung/FHIR-Profile/Organspezifische-Module/Mamma/Mamma-Operation-Procedure.page.md	B	55	The codes it contains are listed in the artefact view: [MII VS Onkologie Mamma Operation OPS](ValueSet-mii-vs-onko-mamma
StructureDefinition-mii-pr-onko-mamma-operation-intro	default	bridge	MIIIGModulOnkologie/TechnischeImplementierung/FHIR-Profile/Organspezifische-Module/Mamma/Mamma-Operation-Procedure.page.md	B	59	The codes it contains are listed in the artefact view: [MII VS Onkologie Mamma Operation OPS](ValueSet-mii-vs-onko-mamma
StructureDefinition-mii-pr-onko-mamma-operation-intro	default	bridge	MIIIGModulOnkologie/TechnischeImplementierung/FHIR-Profile/Organspezifische-Module/Mamma/Mamma-Operation-Procedure.page.md	B	67	The mapping of the dataset fields is documented in the logical model: [MII LM Onkologie Organspezifische Zusatzmodule](S
StructureDefinition-mii-pr-onko-mamma-operation-intro	default	bridge	MIIIGModulOnkologie/TechnischeImplementierung/FHIR-Profile/Organspezifische-Module/Mamma/Mamma-Operation-Procedure.page.md	B	75	The oBDS mappings are recorded in the artefact view of this profile: [MII PR Onkologie Mamma Operation](StructureDefinit
StructureDefinition-mii-pr-onko-mamma-operation-intro	de	bridge	MIIIGModulOnkologie/TechnischeImplementierung/FHIR-Profile/Organspezifische-Module/Mamma/Mamma-Operation-Procedure.page.md	B	43	Die enthaltenen Codes sind in der Artefaktdarstellung aufgeführt: [MII VS Onkologie Mamma Operation SNOMED CT](ValueSet-
StructureDefinition-mii-pr-onko-mamma-operation-intro	de	bridge	MIIIGModulOnkologie/TechnischeImplementierung/FHIR-Profile/Organspezifische-Module/Mamma/Mamma-Operation-Procedure.page.md	B	47	Die enthaltenen Codes sind in der Artefaktdarstellung aufgeführt: [MII VS Onkologie Mamma Operation SNOMED CT](ValueSet-
StructureDefinition-mii-pr-onko-mamma-operation-intro	de	bridge	MIIIGModulOnkologie/TechnischeImplementierung/FHIR-Profile/Organspezifische-Module/Mamma/Mamma-Operation-Procedure.page.md	B	53	Die enthaltenen Codes sind in der Artefaktdarstellung aufgeführt: [MII VS Onkologie Mamma Operation OPS](ValueSet-mii-vs
StructureDefinition-mii-pr-onko-mamma-operation-intro	de	bridge	MIIIGModulOnkologie/TechnischeImplementierung/FHIR-Profile/Organspezifische-Module/Mamma/Mamma-Operation-Procedure.page.md	B	57	Die enthaltenen Codes sind in der Artefaktdarstellung aufgeführt: [MII VS Onkologie Mamma Operation OPS](ValueSet-mii-vs
StructureDefinition-mii-pr-onko-mamma-operation-intro	de	bridge	MIIIGModulOnkologie/TechnischeImplementierung/FHIR-Profile/Organspezifische-Module/Mamma/Mamma-Operation-Procedure.page.md	B	65	Die Zuordnung der Datensatzfelder ist im logischen Modell dokumentiert: [MII LM Onkologie Organspezifische Zusatzmodule]
StructureDefinition-mii-pr-onko-mamma-operation-intro	de	bridge	MIIIGModulOnkologie/TechnischeImplementierung/FHIR-Profile/Organspezifische-Module/Mamma/Mamma-Operation-Procedure.page.md	B	73	Die oBDS-Mappings sind in der Artefaktdarstellung des Profils hinterlegt: [MII PR Onkologie Mamma Operation](StructureDe
StructureDefinition-mii-pr-onko-mamma-praeoperative-markierung-intro	default	bridge	MIIIGModulOnkologie/TechnischeImplementierung/FHIR-Profile/Organspezifische-Module/Mamma/Mamma-Praeoperative-Markierung-Procedure.page.md	B	48	The codes it contains are listed in the artefact view: [MII VS Onkologie Mamma Präoperative Markierung Modalität](ValueS
StructureDefinition-mii-pr-onko-mamma-praeoperative-markierung-intro	default	bridge	MIIIGModulOnkologie/TechnischeImplementierung/FHIR-Profile/Organspezifische-Module/Mamma/Mamma-Praeoperative-Markierung-Procedure.page.md	B	52	The codes it contains are listed in the artefact view: [MII VS Onkologie Mamma Präoperative Markierung Modalität](ValueS
StructureDefinition-mii-pr-onko-mamma-praeoperative-markierung-intro	default	bridge	MIIIGModulOnkologie/TechnischeImplementierung/FHIR-Profile/Organspezifische-Module/Mamma/Mamma-Praeoperative-Markierung-Procedure.page.md	B	60	The mapping of the dataset fields is documented in the logical model: [MII LM Onkologie Organspezifische Zusatzmodule](S
StructureDefinition-mii-pr-onko-mamma-praeoperative-markierung-intro	default	bridge	MIIIGModulOnkologie/TechnischeImplementierung/FHIR-Profile/Organspezifische-Module/Mamma/Mamma-Praeoperative-Markierung-Procedure.page.md	B	68	The oBDS mappings are recorded in the artefact view of this profile: [MII PR Onkologie Präoperative Markierung Mamma](St
StructureDefinition-mii-pr-onko-mamma-praeoperative-markierung-intro	de	bridge	MIIIGModulOnkologie/TechnischeImplementierung/FHIR-Profile/Organspezifische-Module/Mamma/Mamma-Praeoperative-Markierung-Procedure.page.md	B	46	Die enthaltenen Codes sind in der Artefaktdarstellung aufgeführt: [MII VS Onkologie Mamma Präoperative Markierung Modali
StructureDefinition-mii-pr-onko-mamma-praeoperative-markierung-intro	de	bridge	MIIIGModulOnkologie/TechnischeImplementierung/FHIR-Profile/Organspezifische-Module/Mamma/Mamma-Praeoperative-Markierung-Procedure.page.md	B	50	Die enthaltenen Codes sind in der Artefaktdarstellung aufgeführt: [MII VS Onkologie Mamma Präoperative Markierung Modali
StructureDefinition-mii-pr-onko-mamma-praeoperative-markierung-intro	de	bridge	MIIIGModulOnkologie/TechnischeImplementierung/FHIR-Profile/Organspezifische-Module/Mamma/Mamma-Praeoperative-Markierung-Procedure.page.md	B	58	Die Zuordnung der Datensatzfelder ist im logischen Modell dokumentiert: [MII LM Onkologie Organspezifische Zusatzmodule]
StructureDefinition-mii-pr-onko-mamma-praeoperative-markierung-intro	de	bridge	MIIIGModulOnkologie/TechnischeImplementierung/FHIR-Profile/Organspezifische-Module/Mamma/Mamma-Praeoperative-Markierung-Procedure.page.md	B	66	Die oBDS-Mappings sind in der Artefaktdarstellung des Profils hinterlegt: [MII PR Onkologie Präoperative Markierung Mamm
StructureDefinition-mii-pr-onko-mamma-rezeptorstatus-estrogen-intro	default	bridge	MIIIGModulOnkologie/TechnischeImplementierung/FHIR-Profile/Organspezifische-Module/Mamma/Mamma-Estrogen-Rezeptorstatus-Observation.page.md	B	39	The codes it contains are listed in the artefact view: [MII VS Onkologie Mamma Rezeptorstatus oBDS](ValueSet-mii-vs-onko
StructureDefinition-mii-pr-onko-mamma-rezeptorstatus-estrogen-intro	default	bridge	MIIIGModulOnkologie/TechnischeImplementierung/FHIR-Profile/Organspezifische-Module/Mamma/Mamma-Estrogen-Rezeptorstatus-Observation.page.md	B	43	The codes it contains are listed in the artefact view: [MII VS Onkologie Mamma Rezeptorstatus oBDS](ValueSet-mii-vs-onko
StructureDefinition-mii-pr-onko-mamma-rezeptorstatus-estrogen-intro	default	bridge	MIIIGModulOnkologie/TechnischeImplementierung/FHIR-Profile/Organspezifische-Module/Mamma/Mamma-Estrogen-Rezeptorstatus-Observation.page.md	B	49	The codes it contains are listed in the artefact view: [MII VS Onkologie Mamma Rezeptorstatus Leitlinie](ValueSet-mii-vs
StructureDefinition-mii-pr-onko-mamma-rezeptorstatus-estrogen-intro	default	bridge	MIIIGModulOnkologie/TechnischeImplementierung/FHIR-Profile/Organspezifische-Module/Mamma/Mamma-Estrogen-Rezeptorstatus-Observation.page.md	B	53	The codes it contains are listed in the artefact view: [MII VS Onkologie Mamma Rezeptorstatus Leitlinie](ValueSet-mii-vs
StructureDefinition-mii-pr-onko-mamma-rezeptorstatus-estrogen-intro	default	bridge	MIIIGModulOnkologie/TechnischeImplementierung/FHIR-Profile/Organspezifische-Module/Mamma/Mamma-Estrogen-Rezeptorstatus-Observation.page.md	B	61	The mapping of the dataset fields is documented in the logical model: [MII LM Onkologie Organspezifische Zusatzmodule](S
StructureDefinition-mii-pr-onko-mamma-rezeptorstatus-estrogen-intro	default	bridge	MIIIGModulOnkologie/TechnischeImplementierung/FHIR-Profile/Organspezifische-Module/Mamma/Mamma-Estrogen-Rezeptorstatus-Observation.page.md	B	69	The oBDS mappings are recorded in the artefact view of this profile: [MII PR Onkologie Rezeptorstatus Estrogen](Structur
StructureDefinition-mii-pr-onko-mamma-rezeptorstatus-estrogen-intro	de	bridge	MIIIGModulOnkologie/TechnischeImplementierung/FHIR-Profile/Organspezifische-Module/Mamma/Mamma-Estrogen-Rezeptorstatus-Observation.page.md	B	37	Die enthaltenen Codes sind in der Artefaktdarstellung aufgeführt: [MII VS Onkologie Mamma Rezeptorstatus oBDS](ValueSet-
StructureDefinition-mii-pr-onko-mamma-rezeptorstatus-estrogen-intro	de	bridge	MIIIGModulOnkologie/TechnischeImplementierung/FHIR-Profile/Organspezifische-Module/Mamma/Mamma-Estrogen-Rezeptorstatus-Observation.page.md	B	41	Die enthaltenen Codes sind in der Artefaktdarstellung aufgeführt: [MII VS Onkologie Mamma Rezeptorstatus oBDS](ValueSet-
StructureDefinition-mii-pr-onko-mamma-rezeptorstatus-estrogen-intro	de	bridge	MIIIGModulOnkologie/TechnischeImplementierung/FHIR-Profile/Organspezifische-Module/Mamma/Mamma-Estrogen-Rezeptorstatus-Observation.page.md	B	47	Die enthaltenen Codes sind in der Artefaktdarstellung aufgeführt: [MII VS Onkologie Mamma Rezeptorstatus Leitlinie](Valu
StructureDefinition-mii-pr-onko-mamma-rezeptorstatus-estrogen-intro	de	bridge	MIIIGModulOnkologie/TechnischeImplementierung/FHIR-Profile/Organspezifische-Module/Mamma/Mamma-Estrogen-Rezeptorstatus-Observation.page.md	B	51	Die enthaltenen Codes sind in der Artefaktdarstellung aufgeführt: [MII VS Onkologie Mamma Rezeptorstatus Leitlinie](Valu
StructureDefinition-mii-pr-onko-mamma-rezeptorstatus-estrogen-intro	de	bridge	MIIIGModulOnkologie/TechnischeImplementierung/FHIR-Profile/Organspezifische-Module/Mamma/Mamma-Estrogen-Rezeptorstatus-Observation.page.md	B	59	Die Zuordnung der Datensatzfelder ist im logischen Modell dokumentiert: [MII LM Onkologie Organspezifische Zusatzmodule]
StructureDefinition-mii-pr-onko-mamma-rezeptorstatus-estrogen-intro	de	bridge	MIIIGModulOnkologie/TechnischeImplementierung/FHIR-Profile/Organspezifische-Module/Mamma/Mamma-Estrogen-Rezeptorstatus-Observation.page.md	B	67	Die oBDS-Mappings sind in der Artefaktdarstellung des Profils hinterlegt: [MII PR Onkologie Rezeptorstatus Estrogen](Str
StructureDefinition-mii-pr-onko-mamma-rezeptorstatus-progesteron-intro	default	bridge	MIIIGModulOnkologie/TechnischeImplementierung/FHIR-Profile/Organspezifische-Module/Mamma/Mamma-Progesteron-Rezeptorstatus-Observation.page.md	B	39	The codes it contains are listed in the artefact view: [MII VS Onkologie Mamma Rezeptorstatus oBDS](ValueSet-mii-vs-onko
StructureDefinition-mii-pr-onko-mamma-rezeptorstatus-progesteron-intro	default	bridge	MIIIGModulOnkologie/TechnischeImplementierung/FHIR-Profile/Organspezifische-Module/Mamma/Mamma-Progesteron-Rezeptorstatus-Observation.page.md	B	43	The codes it contains are listed in the artefact view: [MII VS Onkologie Mamma Rezeptorstatus oBDS](ValueSet-mii-vs-onko
StructureDefinition-mii-pr-onko-mamma-rezeptorstatus-progesteron-intro	default	bridge	MIIIGModulOnkologie/TechnischeImplementierung/FHIR-Profile/Organspezifische-Module/Mamma/Mamma-Progesteron-Rezeptorstatus-Observation.page.md	B	49	The codes it contains are listed in the artefact view: [MII VS Onkologie Mamma Rezeptorstatus Leitlinie](ValueSet-mii-vs
StructureDefinition-mii-pr-onko-mamma-rezeptorstatus-progesteron-intro	default	bridge	MIIIGModulOnkologie/TechnischeImplementierung/FHIR-Profile/Organspezifische-Module/Mamma/Mamma-Progesteron-Rezeptorstatus-Observation.page.md	B	53	The codes it contains are listed in the artefact view: [MII VS Onkologie Mamma Rezeptorstatus Leitlinie](ValueSet-mii-vs
StructureDefinition-mii-pr-onko-mamma-rezeptorstatus-progesteron-intro	default	bridge	MIIIGModulOnkologie/TechnischeImplementierung/FHIR-Profile/Organspezifische-Module/Mamma/Mamma-Progesteron-Rezeptorstatus-Observation.page.md	B	61	The mapping of the dataset fields is documented in the logical model: [MII LM Onkologie Organspezifische Zusatzmodule](S
StructureDefinition-mii-pr-onko-mamma-rezeptorstatus-progesteron-intro	default	bridge	MIIIGModulOnkologie/TechnischeImplementierung/FHIR-Profile/Organspezifische-Module/Mamma/Mamma-Progesteron-Rezeptorstatus-Observation.page.md	B	69	The oBDS mappings are recorded in the artefact view of this profile: [MII PR Onkologie Rezeptorstatus Progesteron](Struc
StructureDefinition-mii-pr-onko-mamma-rezeptorstatus-progesteron-intro	de	bridge	MIIIGModulOnkologie/TechnischeImplementierung/FHIR-Profile/Organspezifische-Module/Mamma/Mamma-Progesteron-Rezeptorstatus-Observation.page.md	B	37	Die enthaltenen Codes sind in der Artefaktdarstellung aufgeführt: [MII VS Onkologie Mamma Rezeptorstatus oBDS](ValueSet-
StructureDefinition-mii-pr-onko-mamma-rezeptorstatus-progesteron-intro	de	bridge	MIIIGModulOnkologie/TechnischeImplementierung/FHIR-Profile/Organspezifische-Module/Mamma/Mamma-Progesteron-Rezeptorstatus-Observation.page.md	B	41	Die enthaltenen Codes sind in der Artefaktdarstellung aufgeführt: [MII VS Onkologie Mamma Rezeptorstatus oBDS](ValueSet-
StructureDefinition-mii-pr-onko-mamma-rezeptorstatus-progesteron-intro	de	bridge	MIIIGModulOnkologie/TechnischeImplementierung/FHIR-Profile/Organspezifische-Module/Mamma/Mamma-Progesteron-Rezeptorstatus-Observation.page.md	B	47	Die enthaltenen Codes sind in der Artefaktdarstellung aufgeführt: [MII VS Onkologie Mamma Rezeptorstatus Leitlinie](Valu
StructureDefinition-mii-pr-onko-mamma-rezeptorstatus-progesteron-intro	de	bridge	MIIIGModulOnkologie/TechnischeImplementierung/FHIR-Profile/Organspezifische-Module/Mamma/Mamma-Progesteron-Rezeptorstatus-Observation.page.md	B	51	Die enthaltenen Codes sind in der Artefaktdarstellung aufgeführt: [MII VS Onkologie Mamma Rezeptorstatus Leitlinie](Valu
StructureDefinition-mii-pr-onko-mamma-rezeptorstatus-progesteron-intro	de	bridge	MIIIGModulOnkologie/TechnischeImplementierung/FHIR-Profile/Organspezifische-Module/Mamma/Mamma-Progesteron-Rezeptorstatus-Observation.page.md	B	59	Die Zuordnung der Datensatzfelder ist im logischen Modell dokumentiert: [MII LM Onkologie Organspezifische Zusatzmodule]
StructureDefinition-mii-pr-onko-mamma-rezeptorstatus-progesteron-intro	de	bridge	MIIIGModulOnkologie/TechnischeImplementierung/FHIR-Profile/Organspezifische-Module/Mamma/Mamma-Progesteron-Rezeptorstatus-Observation.page.md	B	67	Die oBDS-Mappings sind in der Artefaktdarstellung des Profils hinterlegt: [MII PR Onkologie Rezeptorstatus Progesteron](
StructureDefinition-mii-pr-onko-melanom-breslow-tiefe-intro	default	bridge	MIIIGModulOnkologie/TechnischeImplementierung/FHIR-Profile/Organspezifische-Module/MalignesMelanom/Melanom-Breslow-Tiefe-Observation.page.md	B	28	The mapping of the dataset fields is documented in the logical model: [MII LM Onkologie Organspezifische Zusatzmodule](S
StructureDefinition-mii-pr-onko-melanom-breslow-tiefe-intro	default	bridge	MIIIGModulOnkologie/TechnischeImplementierung/FHIR-Profile/Organspezifische-Module/MalignesMelanom/Melanom-Breslow-Tiefe-Observation.page.md	B	36	The oBDS mappings are recorded in the artefact view of this profile: [MII PR Onkologie Melanom Breslow Tiefe](StructureD
StructureDefinition-mii-pr-onko-melanom-breslow-tiefe-intro	de	bridge	MIIIGModulOnkologie/TechnischeImplementierung/FHIR-Profile/Organspezifische-Module/MalignesMelanom/Melanom-Breslow-Tiefe-Observation.page.md	B	26	Die Zuordnung der Datensatzfelder ist im logischen Modell dokumentiert: [MII LM Onkologie Organspezifische Zusatzmodule]
StructureDefinition-mii-pr-onko-melanom-breslow-tiefe-intro	de	bridge	MIIIGModulOnkologie/TechnischeImplementierung/FHIR-Profile/Organspezifische-Module/MalignesMelanom/Melanom-Breslow-Tiefe-Observation.page.md	B	34	Die oBDS-Mappings sind in der Artefaktdarstellung des Profils hinterlegt: [MII PR Onkologie Melanom Breslow Tiefe](Struc
StructureDefinition-mii-pr-onko-melanom-ldh-intro	default	bridge	MIIIGModulOnkologie/TechnischeImplementierung/FHIR-Profile/Organspezifische-Module/MalignesMelanom/Melanom-LDH-Observation.page.md	B	31	The codes it contains are listed in the artefact view: [MII VS Onkologie Melanom LDH](ValueSet-mii-vs-onko-melanom-ldh.h
StructureDefinition-mii-pr-onko-melanom-ldh-intro	default	bridge	MIIIGModulOnkologie/TechnischeImplementierung/FHIR-Profile/Organspezifische-Module/MalignesMelanom/Melanom-LDH-Observation.page.md	B	35	The codes it contains are listed in the artefact view: [MII VS Onkologie Melanom LDH](ValueSet-mii-vs-onko-melanom-ldh.h
StructureDefinition-mii-pr-onko-melanom-ldh-intro	default	bridge	MIIIGModulOnkologie/TechnischeImplementierung/FHIR-Profile/Organspezifische-Module/MalignesMelanom/Melanom-LDH-Observation.page.md	B	43	The mapping of the dataset fields is documented in the logical model: [MII LM Onkologie Organspezifische Zusatzmodule](S
StructureDefinition-mii-pr-onko-melanom-ldh-intro	default	bridge	MIIIGModulOnkologie/TechnischeImplementierung/FHIR-Profile/Organspezifische-Module/MalignesMelanom/Melanom-LDH-Observation.page.md	B	51	The oBDS mappings are recorded in the artefact view of this profile: [MII PR Onkologie Melanom LDH](StructureDefinition-
StructureDefinition-mii-pr-onko-melanom-ldh-intro	de	bridge	MIIIGModulOnkologie/TechnischeImplementierung/FHIR-Profile/Organspezifische-Module/MalignesMelanom/Melanom-LDH-Observation.page.md	B	29	Die enthaltenen Codes sind in der Artefaktdarstellung aufgeführt: [MII VS Onkologie Melanom LDH](ValueSet-mii-vs-onko-me
StructureDefinition-mii-pr-onko-melanom-ldh-intro	de	bridge	MIIIGModulOnkologie/TechnischeImplementierung/FHIR-Profile/Organspezifische-Module/MalignesMelanom/Melanom-LDH-Observation.page.md	B	33	Die enthaltenen Codes sind in der Artefaktdarstellung aufgeführt: [MII VS Onkologie Melanom LDH](ValueSet-mii-vs-onko-me
StructureDefinition-mii-pr-onko-melanom-ldh-intro	de	bridge	MIIIGModulOnkologie/TechnischeImplementierung/FHIR-Profile/Organspezifische-Module/MalignesMelanom/Melanom-LDH-Observation.page.md	B	41	Die Zuordnung der Datensatzfelder ist im logischen Modell dokumentiert: [MII LM Onkologie Organspezifische Zusatzmodule]
StructureDefinition-mii-pr-onko-melanom-ldh-intro	de	bridge	MIIIGModulOnkologie/TechnischeImplementierung/FHIR-Profile/Organspezifische-Module/MalignesMelanom/Melanom-LDH-Observation.page.md	B	49	Die oBDS-Mappings sind in der Artefaktdarstellung des Profils hinterlegt: [MII PR Onkologie Melanom LDH](StructureDefini
StructureDefinition-mii-pr-onko-melanom-sicherheitsabstand-intro	default	bridge	MIIIGModulOnkologie/TechnischeImplementierung/FHIR-Profile/Organspezifische-Module/MalignesMelanom/Melanom-Sicherheitsabstand-Observation.page.md	B	36	The mapping of the dataset fields is documented in the logical model: [MII LM Onkologie Organspezifische Zusatzmodule](S
StructureDefinition-mii-pr-onko-melanom-sicherheitsabstand-intro	default	bridge	MIIIGModulOnkologie/TechnischeImplementierung/FHIR-Profile/Organspezifische-Module/MalignesMelanom/Melanom-Sicherheitsabstand-Observation.page.md	B	44	The oBDS mappings are recorded in the artefact view of this profile: [MII PR Onkologie Melanom Sicherheitsabstand](Struc
StructureDefinition-mii-pr-onko-melanom-sicherheitsabstand-intro	de	bridge	MIIIGModulOnkologie/TechnischeImplementierung/FHIR-Profile/Organspezifische-Module/MalignesMelanom/Melanom-Sicherheitsabstand-Observation.page.md	B	34	Die Zuordnung der Datensatzfelder ist im logischen Modell dokumentiert: [MII LM Onkologie Organspezifische Zusatzmodule]
StructureDefinition-mii-pr-onko-melanom-sicherheitsabstand-intro	de	bridge	MIIIGModulOnkologie/TechnischeImplementierung/FHIR-Profile/Organspezifische-Module/MalignesMelanom/Melanom-Sicherheitsabstand-Observation.page.md	B	42	Die oBDS-Mappings sind in der Artefaktdarstellung des Profils hinterlegt: [MII PR Onkologie Melanom Sicherheitsabstand](
StructureDefinition-mii-pr-onko-melanom-ulzeration-intro	default	bridge	MIIIGModulOnkologie/TechnischeImplementierung/FHIR-Profile/Organspezifische-Module/MalignesMelanom/Melanom-Ulzeration-Observation.page.md	B	26	The codes it contains are listed in the artefact view: [MII VS Onkologie Melanom Ulzeration](ValueSet-mii-vs-onko-melano
StructureDefinition-mii-pr-onko-melanom-ulzeration-intro	default	bridge	MIIIGModulOnkologie/TechnischeImplementierung/FHIR-Profile/Organspezifische-Module/MalignesMelanom/Melanom-Ulzeration-Observation.page.md	B	30	The codes it contains are listed in the artefact view: [MII VS Onkologie Melanom Ulzeration](ValueSet-mii-vs-onko-melano
StructureDefinition-mii-pr-onko-melanom-ulzeration-intro	default	bridge	MIIIGModulOnkologie/TechnischeImplementierung/FHIR-Profile/Organspezifische-Module/MalignesMelanom/Melanom-Ulzeration-Observation.page.md	B	38	The mapping of the dataset fields is documented in the logical model: [MII LM Onkologie Organspezifische Zusatzmodule](S
StructureDefinition-mii-pr-onko-melanom-ulzeration-intro	default	bridge	MIIIGModulOnkologie/TechnischeImplementierung/FHIR-Profile/Organspezifische-Module/MalignesMelanom/Melanom-Ulzeration-Observation.page.md	B	46	The oBDS mappings are recorded in the artefact view of this profile: [MII PR Onkologie Melanom Ulzeration](StructureDefi
StructureDefinition-mii-pr-onko-melanom-ulzeration-intro	de	bridge	MIIIGModulOnkologie/TechnischeImplementierung/FHIR-Profile/Organspezifische-Module/MalignesMelanom/Melanom-Ulzeration-Observation.page.md	B	24	Die enthaltenen Codes sind in der Artefaktdarstellung aufgeführt: [MII VS Onkologie Melanom Ulzeration](ValueSet-mii-vs-
StructureDefinition-mii-pr-onko-melanom-ulzeration-intro	de	bridge	MIIIGModulOnkologie/TechnischeImplementierung/FHIR-Profile/Organspezifische-Module/MalignesMelanom/Melanom-Ulzeration-Observation.page.md	B	28	Die enthaltenen Codes sind in der Artefaktdarstellung aufgeführt: [MII VS Onkologie Melanom Ulzeration](ValueSet-mii-vs-
StructureDefinition-mii-pr-onko-melanom-ulzeration-intro	de	bridge	MIIIGModulOnkologie/TechnischeImplementierung/FHIR-Profile/Organspezifische-Module/MalignesMelanom/Melanom-Ulzeration-Observation.page.md	B	36	Die Zuordnung der Datensatzfelder ist im logischen Modell dokumentiert: [MII LM Onkologie Organspezifische Zusatzmodule]
StructureDefinition-mii-pr-onko-melanom-ulzeration-intro	de	bridge	MIIIGModulOnkologie/TechnischeImplementierung/FHIR-Profile/Organspezifische-Module/MalignesMelanom/Melanom-Ulzeration-Observation.page.md	B	44	Die oBDS-Mappings sind in der Artefaktdarstellung des Profils hinterlegt: [MII PR Onkologie Melanom Ulzeration](Structur
StructureDefinition-mii-pr-onko-nebenwirkung-adverse-event-intro	default	bridge	MIIIGModulOnkologie/TechnischeImplementierung/FHIR-Profile/Nebenwirkung/Nebenwirkung-AdverseEvent.page.md	B	16	The mapping of the dataset fields is documented in the logical model: [MII LM Onkologie](StructureDefinition-mii-lm-onko
StructureDefinition-mii-pr-onko-nebenwirkung-adverse-event-intro	default	bridge	MIIIGModulOnkologie/TechnischeImplementierung/FHIR-Profile/Nebenwirkung/Nebenwirkung-AdverseEvent.page.md	B	24	The oBDS mappings are recorded in the artefact view of this profile: [MII PR Onkologie Nebenwirkung von Strahlentherapie
StructureDefinition-mii-pr-onko-nebenwirkung-adverse-event-intro	de	bridge	MIIIGModulOnkologie/TechnischeImplementierung/FHIR-Profile/Nebenwirkung/Nebenwirkung-AdverseEvent.page.md	B	14	Die Zuordnung der Datensatzfelder ist im logischen Modell dokumentiert: [MII LM Onkologie](StructureDefinition-mii-lm-on
StructureDefinition-mii-pr-onko-nebenwirkung-adverse-event-intro	de	bridge	MIIIGModulOnkologie/TechnischeImplementierung/FHIR-Profile/Nebenwirkung/Nebenwirkung-AdverseEvent.page.md	B	22	Die oBDS-Mappings sind in der Artefaktdarstellung des Profils hinterlegt: [MII PR Onkologie Nebenwirkung von Strahlenthe
StructureDefinition-mii-pr-onko-operation-intro	default	bridge	MIIIGModulOnkologie/TechnischeImplementierung/FHIR-Profile/Operation/Operation-Procedure.page.md	B	109	The mapping of the dataset fields is documented in the logical model: [MII LM Onkologie](StructureDefinition-mii-lm-onko
StructureDefinition-mii-pr-onko-operation-intro	default	bridge	MIIIGModulOnkologie/TechnischeImplementierung/FHIR-Profile/Operation/Operation-Procedure.page.md	B	117	The oBDS mappings are recorded in the artefact view of this profile: [MII PR Onkologie Operation](StructureDefinition-mi
StructureDefinition-mii-pr-onko-operation-intro	de	bridge	MIIIGModulOnkologie/TechnischeImplementierung/FHIR-Profile/Operation/Operation-Procedure.page.md	B	107	Die Zuordnung der Datensatzfelder ist im logischen Modell dokumentiert: [MII LM Onkologie](StructureDefinition-mii-lm-on
StructureDefinition-mii-pr-onko-operation-intro	de	bridge	MIIIGModulOnkologie/TechnischeImplementierung/FHIR-Profile/Operation/Operation-Procedure.page.md	B	115	Die oBDS-Mappings sind in der Artefaktdarstellung des Profils hinterlegt: [MII PR Onkologie Operation](StructureDefiniti
StructureDefinition-mii-pr-onko-prostate-anzahl-positive-stanzen-intro	default	bridge	MIIIGModulOnkologie/TechnischeImplementierung/FHIR-Profile/Organspezifische-Module/Prostata/Prostata-Anzahl-Positive-Stanzen-Observation.page.md	B	29	The mapping of the dataset fields is documented in the logical model: [MII LM Onkologie Organspezifische Zusatzmodule](S
StructureDefinition-mii-pr-onko-prostate-anzahl-positive-stanzen-intro	default	bridge	MIIIGModulOnkologie/TechnischeImplementierung/FHIR-Profile/Organspezifische-Module/Prostata/Prostata-Anzahl-Positive-Stanzen-Observation.page.md	B	37	The oBDS mappings are recorded in the artefact view of this profile: [MII PR Onkologie Prostata Anzahl positiver Stanzen
StructureDefinition-mii-pr-onko-prostate-anzahl-positive-stanzen-intro	de	bridge	MIIIGModulOnkologie/TechnischeImplementierung/FHIR-Profile/Organspezifische-Module/Prostata/Prostata-Anzahl-Positive-Stanzen-Observation.page.md	B	27	Die Zuordnung der Datensatzfelder ist im logischen Modell dokumentiert: [MII LM Onkologie Organspezifische Zusatzmodule]
StructureDefinition-mii-pr-onko-prostate-anzahl-positive-stanzen-intro	de	bridge	MIIIGModulOnkologie/TechnischeImplementierung/FHIR-Profile/Organspezifische-Module/Prostata/Prostata-Anzahl-Positive-Stanzen-Observation.page.md	B	35	Die oBDS-Mappings sind in der Artefaktdarstellung des Profils hinterlegt: [MII PR Onkologie Prostata Anzahl positiver St
StructureDefinition-mii-pr-onko-prostate-anzahl-stanzen-intro	default	bridge	MIIIGModulOnkologie/TechnischeImplementierung/FHIR-Profile/Organspezifische-Module/Prostata/Prostata-Anzahl-Stanzen-Observation.page.md	B	28	The mapping of the dataset fields is documented in the logical model: [MII LM Onkologie Organspezifische Zusatzmodule](S
StructureDefinition-mii-pr-onko-prostate-anzahl-stanzen-intro	default	bridge	MIIIGModulOnkologie/TechnischeImplementierung/FHIR-Profile/Organspezifische-Module/Prostata/Prostata-Anzahl-Stanzen-Observation.page.md	B	36	The oBDS mappings are recorded in the artefact view of this profile: [MII PR Onkologie Prostata Anzahl Stanzen](Structur
StructureDefinition-mii-pr-onko-prostate-anzahl-stanzen-intro	de	bridge	MIIIGModulOnkologie/TechnischeImplementierung/FHIR-Profile/Organspezifische-Module/Prostata/Prostata-Anzahl-Stanzen-Observation.page.md	B	26	Die Zuordnung der Datensatzfelder ist im logischen Modell dokumentiert: [MII LM Onkologie Organspezifische Zusatzmodule]
StructureDefinition-mii-pr-onko-prostate-anzahl-stanzen-intro	de	bridge	MIIIGModulOnkologie/TechnischeImplementierung/FHIR-Profile/Organspezifische-Module/Prostata/Prostata-Anzahl-Stanzen-Observation.page.md	B	34	Die oBDS-Mappings sind in der Artefaktdarstellung des Profils hinterlegt: [MII PR Onkologie Prostata Anzahl Stanzen](Str
StructureDefinition-mii-pr-onko-prostate-clavien-dindo-intro	default	bridge	MIIIGModulOnkologie/TechnischeImplementierung/FHIR-Profile/Organspezifische-Module/Prostata/Prostata-Clavien-Dindo-Observation.page.md	B	35	The codes it contains are listed in the artefact view: [MII VS Onkologie Prostata Clavien Dindo](ValueSet-mii-vs-onko-pr
StructureDefinition-mii-pr-onko-prostate-clavien-dindo-intro	default	bridge	MIIIGModulOnkologie/TechnischeImplementierung/FHIR-Profile/Organspezifische-Module/Prostata/Prostata-Clavien-Dindo-Observation.page.md	B	42	The codes it contains are listed in the artefact view: [MII VS Onkologie Prostata Postsurgical Complications](ValueSet-m
StructureDefinition-mii-pr-onko-prostate-clavien-dindo-intro	default	bridge	MIIIGModulOnkologie/TechnischeImplementierung/FHIR-Profile/Organspezifische-Module/Prostata/Prostata-Clavien-Dindo-Observation.page.md	B	50	The mapping of the dataset fields is documented in the logical model: [MII LM Onkologie Organspezifische Zusatzmodule](S
StructureDefinition-mii-pr-onko-prostate-clavien-dindo-intro	default	bridge	MIIIGModulOnkologie/TechnischeImplementierung/FHIR-Profile/Organspezifische-Module/Prostata/Prostata-Clavien-Dindo-Observation.page.md	B	58	The oBDS mappings are recorded in the artefact view of this profile: [MII PR Onkologie Clavien Dindo](StructureDefinitio
StructureDefinition-mii-pr-onko-prostate-clavien-dindo-intro	de	bridge	MIIIGModulOnkologie/TechnischeImplementierung/FHIR-Profile/Organspezifische-Module/Prostata/Prostata-Clavien-Dindo-Observation.page.md	B	33	Die enthaltenen Codes sind in der Artefaktdarstellung aufgeführt: [MII VS Onkologie Prostata Clavien Dindo](ValueSet-mii
StructureDefinition-mii-pr-onko-prostate-clavien-dindo-intro	de	bridge	MIIIGModulOnkologie/TechnischeImplementierung/FHIR-Profile/Organspezifische-Module/Prostata/Prostata-Clavien-Dindo-Observation.page.md	B	40	Die enthaltenen Codes sind in der Artefaktdarstellung aufgeführt: [MII VS Onkologie Prostata Postsurgical Complications]
StructureDefinition-mii-pr-onko-prostate-clavien-dindo-intro	de	bridge	MIIIGModulOnkologie/TechnischeImplementierung/FHIR-Profile/Organspezifische-Module/Prostata/Prostata-Clavien-Dindo-Observation.page.md	B	48	Die Zuordnung der Datensatzfelder ist im logischen Modell dokumentiert: [MII LM Onkologie Organspezifische Zusatzmodule]
StructureDefinition-mii-pr-onko-prostate-clavien-dindo-intro	de	bridge	MIIIGModulOnkologie/TechnischeImplementierung/FHIR-Profile/Organspezifische-Module/Prostata/Prostata-Clavien-Dindo-Observation.page.md	B	56	Die oBDS-Mappings sind in der Artefaktdarstellung des Profils hinterlegt: [MII PR Onkologie Clavien Dindo](StructureDefi
StructureDefinition-mii-pr-onko-prostate-gleason-grade-group-intro	default	bridge	MIIIGModulOnkologie/TechnischeImplementierung/FHIR-Profile/Organspezifische-Module/Prostata/Prostata-Gleason-Score-Grade-Group-Observation.page.md	B	28	The codes it contains are listed in the artefact view: [MII VS Onkologie Prostata Gleason Score](ValueSet-mii-vs-onko-pr
StructureDefinition-mii-pr-onko-prostate-gleason-grade-group-intro	default	bridge	MIIIGModulOnkologie/TechnischeImplementierung/FHIR-Profile/Organspezifische-Module/Prostata/Prostata-Gleason-Score-Grade-Group-Observation.page.md	B	32	The codes it contains are listed in the artefact view: [MII VS Onkologie Prostata Gleason Score](ValueSet-mii-vs-onko-pr
StructureDefinition-mii-pr-onko-prostate-gleason-grade-group-intro	default	bridge	MIIIGModulOnkologie/TechnischeImplementierung/FHIR-Profile/Organspezifische-Module/Prostata/Prostata-Gleason-Score-Grade-Group-Observation.page.md	B	40	The mapping of the dataset fields is documented in the logical model: [MII LM Onkologie Organspezifische Zusatzmodule](S
StructureDefinition-mii-pr-onko-prostate-gleason-grade-group-intro	default	bridge	MIIIGModulOnkologie/TechnischeImplementierung/FHIR-Profile/Organspezifische-Module/Prostata/Prostata-Gleason-Score-Grade-Group-Observation.page.md	B	48	The oBDS mappings are recorded in the artefact view of this profile: [MII PR Onkologie Prostata Gleason Grade Group](Str
StructureDefinition-mii-pr-onko-prostate-gleason-grade-group-intro	de	bridge	MIIIGModulOnkologie/TechnischeImplementierung/FHIR-Profile/Organspezifische-Module/Prostata/Prostata-Gleason-Score-Grade-Group-Observation.page.md	B	26	Die enthaltenen Codes sind in der Artefaktdarstellung aufgeführt: [MII VS Onkologie Prostata Gleason Score](ValueSet-mii
StructureDefinition-mii-pr-onko-prostate-gleason-grade-group-intro	de	bridge	MIIIGModulOnkologie/TechnischeImplementierung/FHIR-Profile/Organspezifische-Module/Prostata/Prostata-Gleason-Score-Grade-Group-Observation.page.md	B	30	Die enthaltenen Codes sind in der Artefaktdarstellung aufgeführt: [MII VS Onkologie Prostata Gleason Score](ValueSet-mii
StructureDefinition-mii-pr-onko-prostate-gleason-grade-group-intro	de	bridge	MIIIGModulOnkologie/TechnischeImplementierung/FHIR-Profile/Organspezifische-Module/Prostata/Prostata-Gleason-Score-Grade-Group-Observation.page.md	B	38	Die Zuordnung der Datensatzfelder ist im logischen Modell dokumentiert: [MII LM Onkologie Organspezifische Zusatzmodule]
StructureDefinition-mii-pr-onko-prostate-gleason-grade-group-intro	de	bridge	MIIIGModulOnkologie/TechnischeImplementierung/FHIR-Profile/Organspezifische-Module/Prostata/Prostata-Gleason-Score-Grade-Group-Observation.page.md	B	46	Die oBDS-Mappings sind in der Artefaktdarstellung des Profils hinterlegt: [MII PR Onkologie Prostata Gleason Grade Group
StructureDefinition-mii-pr-onko-prostate-gleason-patterns-intro	default	bridge	MIIIGModulOnkologie/TechnischeImplementierung/FHIR-Profile/Organspezifische-Module/Prostata/Prostata-Gleason-Patterns-Observation.page.md	B	27	The codes it contains are listed in the artefact view: [MII VS Onkologie Prostata Gleason Patterns](ValueSet-mii-vs-onko
StructureDefinition-mii-pr-onko-prostate-gleason-patterns-intro	default	bridge	MIIIGModulOnkologie/TechnischeImplementierung/FHIR-Profile/Organspezifische-Module/Prostata/Prostata-Gleason-Patterns-Observation.page.md	B	31	The codes it contains are listed in the artefact view: [MII VS Onkologie Prostata Gleason Patterns](ValueSet-mii-vs-onko
StructureDefinition-mii-pr-onko-prostate-gleason-patterns-intro	default	bridge	MIIIGModulOnkologie/TechnischeImplementierung/FHIR-Profile/Organspezifische-Module/Prostata/Prostata-Gleason-Patterns-Observation.page.md	B	39	The mapping of the dataset fields is documented in the logical model: [MII LM Onkologie Organspezifische Zusatzmodule](S
StructureDefinition-mii-pr-onko-prostate-gleason-patterns-intro	default	bridge	MIIIGModulOnkologie/TechnischeImplementierung/FHIR-Profile/Organspezifische-Module/Prostata/Prostata-Gleason-Patterns-Observation.page.md	B	47	The oBDS mappings are recorded in the artefact view of this profile: [MII PR Onkologie Prostata Gleason Pattern](Structu
StructureDefinition-mii-pr-onko-prostate-gleason-patterns-intro	de	bridge	MIIIGModulOnkologie/TechnischeImplementierung/FHIR-Profile/Organspezifische-Module/Prostata/Prostata-Gleason-Patterns-Observation.page.md	B	25	Die enthaltenen Codes sind in der Artefaktdarstellung aufgeführt: [MII VS Onkologie Prostata Gleason Patterns](ValueSet-
StructureDefinition-mii-pr-onko-prostate-gleason-patterns-intro	de	bridge	MIIIGModulOnkologie/TechnischeImplementierung/FHIR-Profile/Organspezifische-Module/Prostata/Prostata-Gleason-Patterns-Observation.page.md	B	29	Die enthaltenen Codes sind in der Artefaktdarstellung aufgeführt: [MII VS Onkologie Prostata Gleason Patterns](ValueSet-
StructureDefinition-mii-pr-onko-prostate-gleason-patterns-intro	de	bridge	MIIIGModulOnkologie/TechnischeImplementierung/FHIR-Profile/Organspezifische-Module/Prostata/Prostata-Gleason-Patterns-Observation.page.md	B	37	Die Zuordnung der Datensatzfelder ist im logischen Modell dokumentiert: [MII LM Onkologie Organspezifische Zusatzmodule]
StructureDefinition-mii-pr-onko-prostate-gleason-patterns-intro	de	bridge	MIIIGModulOnkologie/TechnischeImplementierung/FHIR-Profile/Organspezifische-Module/Prostata/Prostata-Gleason-Patterns-Observation.page.md	B	45	Die oBDS-Mappings sind in der Artefaktdarstellung des Profils hinterlegt: [MII PR Onkologie Prostata Gleason Pattern](St
StructureDefinition-mii-pr-onko-prostate-psa-intro	default	bridge	MIIIGModulOnkologie/TechnischeImplementierung/FHIR-Profile/Organspezifische-Module/Prostata/Prostata-PSA-Observation.page.md	B	32	The mapping of the dataset fields is documented in the logical model: [MII LM Onkologie Organspezifische Zusatzmodule](S
StructureDefinition-mii-pr-onko-prostate-psa-intro	default	bridge	MIIIGModulOnkologie/TechnischeImplementierung/FHIR-Profile/Organspezifische-Module/Prostata/Prostata-PSA-Observation.page.md	B	40	The oBDS mappings are recorded in the artefact view of this profile: [MII PR Onkologie PSA-Wert](StructureDefinition-mii
StructureDefinition-mii-pr-onko-prostate-psa-intro	de	bridge	MIIIGModulOnkologie/TechnischeImplementierung/FHIR-Profile/Organspezifische-Module/Prostata/Prostata-PSA-Observation.page.md	B	30	Die Zuordnung der Datensatzfelder ist im logischen Modell dokumentiert: [MII LM Onkologie Organspezifische Zusatzmodule]
StructureDefinition-mii-pr-onko-prostate-psa-intro	de	bridge	MIIIGModulOnkologie/TechnischeImplementierung/FHIR-Profile/Organspezifische-Module/Prostata/Prostata-PSA-Observation.page.md	B	38	Die oBDS-Mappings sind in der Artefaktdarstellung des Profils hinterlegt: [MII PR Onkologie PSA-Wert](StructureDefinitio
StructureDefinition-mii-pr-onko-strahlentherapie-bestrahlung-nuklearmedizin-intro	default	bridge	MIIIGModulOnkologie/TechnischeImplementierung/FHIR-Profile/Strahlentherapie/NuklearmedizinischeTherapie-Procedure.page.md	B	21	The mapping of the dataset fields is documented in the logical model: [MII LM Onkologie](StructureDefinition-mii-lm-onko
StructureDefinition-mii-pr-onko-strahlentherapie-bestrahlung-nuklearmedizin-intro	default	bridge	MIIIGModulOnkologie/TechnischeImplementierung/FHIR-Profile/Strahlentherapie/NuklearmedizinischeTherapie-Procedure.page.md	B	29	The oBDS mappings are recorded in the artefact view of this profile: [MII PR Onkologie Strahlentherapie Nuklearmedizin](
StructureDefinition-mii-pr-onko-strahlentherapie-bestrahlung-nuklearmedizin-intro	de	bridge	MIIIGModulOnkologie/TechnischeImplementierung/FHIR-Profile/Strahlentherapie/NuklearmedizinischeTherapie-Procedure.page.md	B	19	Die Zuordnung der Datensatzfelder ist im logischen Modell dokumentiert: [MII LM Onkologie](StructureDefinition-mii-lm-on
StructureDefinition-mii-pr-onko-strahlentherapie-bestrahlung-nuklearmedizin-intro	de	bridge	MIIIGModulOnkologie/TechnischeImplementierung/FHIR-Profile/Strahlentherapie/NuklearmedizinischeTherapie-Procedure.page.md	B	27	Die oBDS-Mappings sind in der Artefaktdarstellung des Profils hinterlegt: [MII PR Onkologie Strahlentherapie Nuklearmedi
StructureDefinition-mii-pr-onko-strahlentherapie-bestrahlung-strahlentherapie-intro	default	bridge	MIIIGModulOnkologie/TechnischeImplementierung/FHIR-Profile/Strahlentherapie/Bestrahlungstherapie-Procedure.page.md	B	40	The mapping of the dataset fields is documented in the logical model: [MII LM Onkologie](StructureDefinition-mii-lm-onko
StructureDefinition-mii-pr-onko-strahlentherapie-bestrahlung-strahlentherapie-intro	default	bridge	MIIIGModulOnkologie/TechnischeImplementierung/FHIR-Profile/Strahlentherapie/Bestrahlungstherapie-Procedure.page.md	B	48	The oBDS mappings are recorded in the artefact view of this profile: [MII PR Onkologie Strahlentherapie](StructureDefini
StructureDefinition-mii-pr-onko-strahlentherapie-bestrahlung-strahlentherapie-intro	de	bridge	MIIIGModulOnkologie/TechnischeImplementierung/FHIR-Profile/Strahlentherapie/Bestrahlungstherapie-Procedure.page.md	B	38	Die Zuordnung der Datensatzfelder ist im logischen Modell dokumentiert: [MII LM Onkologie](StructureDefinition-mii-lm-on
StructureDefinition-mii-pr-onko-strahlentherapie-bestrahlung-strahlentherapie-intro	de	bridge	MIIIGModulOnkologie/TechnischeImplementierung/FHIR-Profile/Strahlentherapie/Bestrahlungstherapie-Procedure.page.md	B	46	Die oBDS-Mappings sind in der Artefaktdarstellung des Profils hinterlegt: [MII PR Onkologie Strahlentherapie](StructureD
StructureDefinition-mii-pr-onko-strahlentherapie-intro	default	bridge	MIIIGModulOnkologie/TechnischeImplementierung/FHIR-Profile/Strahlentherapie/Strahlentherapie-Procedure.page.md	B	163	The mapping of the dataset fields is documented in the logical model: [MII LM Onkologie](StructureDefinition-mii-lm-onko
StructureDefinition-mii-pr-onko-strahlentherapie-intro	default	bridge	MIIIGModulOnkologie/TechnischeImplementierung/FHIR-Profile/Strahlentherapie/Strahlentherapie-Procedure.page.md	B	171	The oBDS mappings are recorded in the artefact view of this profile: [MII PR Onkologie Strahlentherapie](StructureDefini
StructureDefinition-mii-pr-onko-strahlentherapie-intro	de	bridge	MIIIGModulOnkologie/TechnischeImplementierung/FHIR-Profile/Strahlentherapie/Strahlentherapie-Procedure.page.md	B	161	Die Zuordnung der Datensatzfelder ist im logischen Modell dokumentiert: [MII LM Onkologie](StructureDefinition-mii-lm-on
StructureDefinition-mii-pr-onko-strahlentherapie-intro	de	bridge	MIIIGModulOnkologie/TechnischeImplementierung/FHIR-Profile/Strahlentherapie/Strahlentherapie-Procedure.page.md	B	169	Die oBDS-Mappings sind in der Artefaktdarstellung des Profils hinterlegt: [MII PR Onkologie Strahlentherapie](StructureD
StructureDefinition-mii-pr-onko-studienteilnahme-intro	default	bridge	MIIIGModulOnkologie/TechnischeImplementierung/FHIR-Profile/Studienteilnahme/Studienteilnahme-Observation.page.md	B	31	The mapping of the dataset fields is documented in the logical model: [MII LM Onkologie](StructureDefinition-mii-lm-onko
StructureDefinition-mii-pr-onko-studienteilnahme-intro	default	bridge	MIIIGModulOnkologie/TechnischeImplementierung/FHIR-Profile/Studienteilnahme/Studienteilnahme-Observation.page.md	B	39	The oBDS mappings are recorded in the artefact view of this profile: [MII PR Onkologie Studienteilnahme](StructureDefini
StructureDefinition-mii-pr-onko-studienteilnahme-intro	de	bridge	MIIIGModulOnkologie/TechnischeImplementierung/FHIR-Profile/Studienteilnahme/Studienteilnahme-Observation.page.md	B	29	Die Zuordnung der Datensatzfelder ist im logischen Modell dokumentiert: [MII LM Onkologie](StructureDefinition-mii-lm-on
StructureDefinition-mii-pr-onko-studienteilnahme-intro	de	bridge	MIIIGModulOnkologie/TechnischeImplementierung/FHIR-Profile/Studienteilnahme/Studienteilnahme-Observation.page.md	B	37	Die oBDS-Mappings sind in der Artefaktdarstellung des Profils hinterlegt: [MII PR Onkologie Studienteilnahme](StructureD
StructureDefinition-mii-pr-onko-systemische-therapie-intro	default	bridge	MIIIGModulOnkologie/TechnischeImplementierung/FHIR-Profile/Systemische-Therapie/Systemische-Therapie-Procedure.page.md	B	68	The mapping of the dataset fields is documented in the logical model: [MII LM Onkologie](StructureDefinition-mii-lm-onko
StructureDefinition-mii-pr-onko-systemische-therapie-intro	default	bridge	MIIIGModulOnkologie/TechnischeImplementierung/FHIR-Profile/Systemische-Therapie/Systemische-Therapie-Procedure.page.md	B	76	The oBDS mappings are recorded in the artefact view of this profile: [MII PR Onkologie Systemische Therapie](StructureDe
StructureDefinition-mii-pr-onko-systemische-therapie-intro	de	bridge	MIIIGModulOnkologie/TechnischeImplementierung/FHIR-Profile/Systemische-Therapie/Systemische-Therapie-Procedure.page.md	B	66	Die Zuordnung der Datensatzfelder ist im logischen Modell dokumentiert: [MII LM Onkologie](StructureDefinition-mii-lm-on
StructureDefinition-mii-pr-onko-systemische-therapie-intro	de	bridge	MIIIGModulOnkologie/TechnischeImplementierung/FHIR-Profile/Systemische-Therapie/Systemische-Therapie-Procedure.page.md	B	74	Die oBDS-Mappings sind in der Artefaktdarstellung des Profils hinterlegt: [MII PR Onkologie Systemische Therapie](Struct
StructureDefinition-mii-pr-onko-systemische-therapie-medikation-intro	default	bridge	MIIIGModulOnkologie/TechnischeImplementierung/FHIR-Profile/Systemische-Therapie/Systemische-Therapie-MedicationStatement.page.md	B	25	The mapping of the dataset fields is documented in the logical model: [MII LM Onkologie](StructureDefinition-mii-lm-onko
StructureDefinition-mii-pr-onko-systemische-therapie-medikation-intro	default	bridge	MIIIGModulOnkologie/TechnischeImplementierung/FHIR-Profile/Systemische-Therapie/Systemische-Therapie-MedicationStatement.page.md	B	33	The oBDS mappings are recorded in the artefact view of this profile: [MII PR Onkologie Systemische Therapie Medikation](
StructureDefinition-mii-pr-onko-systemische-therapie-medikation-intro	de	bridge	MIIIGModulOnkologie/TechnischeImplementierung/FHIR-Profile/Systemische-Therapie/Systemische-Therapie-MedicationStatement.page.md	B	23	Die Zuordnung der Datensatzfelder ist im logischen Modell dokumentiert: [MII LM Onkologie](StructureDefinition-mii-lm-on
StructureDefinition-mii-pr-onko-systemische-therapie-medikation-intro	de	bridge	MIIIGModulOnkologie/TechnischeImplementierung/FHIR-Profile/Systemische-Therapie/Systemische-Therapie-MedicationStatement.page.md	B	31	Die oBDS-Mappings sind in der Artefaktdarstellung des Profils hinterlegt: [MII PR Onkologie Systemische Therapie Medikat
StructureDefinition-mii-pr-onko-therapieempfehlung-kombinationstherapie-intro	default	bridge	MIIIGModulOnkologie/TechnischeImplementierung/FHIR-Profile/Tumorkonferenz/Tumorkonferenz-Detailed-Recommendations-CarePlan.page.md	B	22	Both variants are now represented in the Tumorkonferenz profile itself, as the slices `activity:obds` (with `activity.de
StructureDefinition-mii-pr-onko-therapieempfehlung-kombinationstherapie-intro	default	bridge	MIIIGModulOnkologie/TechnischeImplementierung/FHIR-Profile/Tumorkonferenz/Therapieempfehlung-Kombinationstherapie-RequestGroup.page.md	B	125	The codes it contains are listed in the artefact view: [MII VS Onkologie Therapieempfehlung Typ](ValueSet-mii-vs-onko-th
StructureDefinition-mii-pr-onko-therapieempfehlung-kombinationstherapie-intro	default	bridge	MIIIGModulOnkologie/TechnischeImplementierung/FHIR-Profile/Tumorkonferenz/Therapieempfehlung-Kombinationstherapie-RequestGroup.page.md	B	133	The oBDS mappings are recorded in the artefact view of this profile: [MII PR Onkologie Therapieempfehlung Kombinationsth
StructureDefinition-mii-pr-onko-therapieempfehlung-kombinationstherapie-intro	de	bridge	MIIIGModulOnkologie/TechnischeImplementierung/FHIR-Profile/Tumorkonferenz/Tumorkonferenz-Detailed-Recommendations-CarePlan.page.md	B	20	Beide Varianten sind inzwischen im Tumorkonferenz-Profil selbst als Slices `activity:obds` (mit `activity.detail.code`, 
StructureDefinition-mii-pr-onko-therapieempfehlung-kombinationstherapie-intro	de	bridge	MIIIGModulOnkologie/TechnischeImplementierung/FHIR-Profile/Tumorkonferenz/Therapieempfehlung-Kombinationstherapie-RequestGroup.page.md	B	123	Die enthaltenen Codes sind in der Artefaktdarstellung aufgeführt: [MII VS Onkologie Therapieempfehlung Typ](ValueSet-mii
StructureDefinition-mii-pr-onko-therapieempfehlung-kombinationstherapie-intro	de	bridge	MIIIGModulOnkologie/TechnischeImplementierung/FHIR-Profile/Tumorkonferenz/Therapieempfehlung-Kombinationstherapie-RequestGroup.page.md	B	131	Die oBDS-Mappings sind in der Artefaktdarstellung des Profils hinterlegt: [MII PR Onkologie Therapieempfehlung Kombinati
StructureDefinition-mii-pr-onko-therapieempfehlung-medikation-intro	default	bridge	MIIIGModulOnkologie/TechnischeImplementierung/FHIR-Profile/Tumorkonferenz/Therapieempfehlung-Medikation-MedicationRequest.page.md	B	92	The oBDS mappings are recorded in the artefact view of this profile: [MII PR Onkologie Therapieempfehlung Medikation](St
StructureDefinition-mii-pr-onko-therapieempfehlung-medikation-intro	de	bridge	MIIIGModulOnkologie/TechnischeImplementierung/FHIR-Profile/Tumorkonferenz/Therapieempfehlung-Medikation-MedicationRequest.page.md	B	90	Die oBDS-Mappings sind in der Artefaktdarstellung des Profils hinterlegt: [MII PR Onkologie Therapieempfehlung Medikatio
StructureDefinition-mii-pr-onko-therapieempfehlung-operation-intro	default	bridge	MIIIGModulOnkologie/TechnischeImplementierung/FHIR-Profile/Tumorkonferenz/Therapieempfehlung-Operation-ServiceRequest.page.md	B	91	The oBDS mappings are recorded in the artefact view of this profile: [MII PR Onkologie Therapieempfehlung Operation](Str
StructureDefinition-mii-pr-onko-therapieempfehlung-operation-intro	de	bridge	MIIIGModulOnkologie/TechnischeImplementierung/FHIR-Profile/Tumorkonferenz/Therapieempfehlung-Operation-ServiceRequest.page.md	B	89	Die oBDS-Mappings sind in der Artefaktdarstellung des Profils hinterlegt: [MII PR Onkologie Therapieempfehlung Operation
StructureDefinition-mii-pr-onko-tod-intro	default	bridge	MIIIGModulOnkologie/TechnischeImplementierung/FHIR-Profile/Tod/Tod-Observation.page.md	B	22	The mapping of the dataset fields is documented in the logical model: [MII LM Onkologie](StructureDefinition-mii-lm-onko
StructureDefinition-mii-pr-onko-tod-intro	default	bridge	MIIIGModulOnkologie/TechnischeImplementierung/FHIR-Profile/Tod/Tod-Observation.page.md	B	30	The oBDS mappings are recorded in the artefact view of this profile: [MII PR Onkologie Tod](StructureDefinition-mii-pr-o
StructureDefinition-mii-pr-onko-tod-intro	de	bridge	MIIIGModulOnkologie/TechnischeImplementierung/FHIR-Profile/Tod/Tod-Observation.page.md	B	20	Die Zuordnung der Datensatzfelder ist im logischen Modell dokumentiert: [MII LM Onkologie](StructureDefinition-mii-lm-on
StructureDefinition-mii-pr-onko-tod-intro	de	bridge	MIIIGModulOnkologie/TechnischeImplementierung/FHIR-Profile/Tod/Tod-Observation.page.md	B	28	Die oBDS-Mappings sind in der Artefaktdarstellung des Profils hinterlegt: [MII PR Onkologie Tod](StructureDefinition-mii
StructureDefinition-mii-pr-onko-tumorkonferenz-intro	default	bridge	MIIIGModulOnkologie/TechnischeImplementierung/FHIR-Profile/Tumorkonferenz/Tumorkonferenz-CarePlan.page.md	B	87	The mapping of the dataset fields is documented in the logical model: [MII LM Onkologie](StructureDefinition-mii-lm-onko
StructureDefinition-mii-pr-onko-tumorkonferenz-intro	default	bridge	MIIIGModulOnkologie/TechnischeImplementierung/FHIR-Profile/Tumorkonferenz/Tumorkonferenz-CarePlan.page.md	B	95	The oBDS mappings are recorded in the artefact view of this profile: [MII PR Onkologie Tumorkonferenz](StructureDefiniti
StructureDefinition-mii-pr-onko-tumorkonferenz-intro	de	bridge	MIIIGModulOnkologie/TechnischeImplementierung/FHIR-Profile/Tumorkonferenz/Tumorkonferenz-CarePlan.page.md	B	85	Die Zuordnung der Datensatzfelder ist im logischen Modell dokumentiert: [MII LM Onkologie](StructureDefinition-mii-lm-on
StructureDefinition-mii-pr-onko-tumorkonferenz-intro	de	bridge	MIIIGModulOnkologie/TechnischeImplementierung/FHIR-Profile/Tumorkonferenz/Tumorkonferenz-CarePlan.page.md	B	93	Die oBDS-Mappings sind in der Artefaktdarstellung des Profils hinterlegt: [MII PR Onkologie Tumorkonferenz](StructureDef
StructureDefinition-mii-pr-onko-verlauf-intro	default	bridge	MIIIGModulOnkologie/TechnischeImplementierung/FHIR-Profile/Verlauf/Verlauf-Observation.page.md	B	26	The mapping of the dataset fields is documented in the logical model: [MII LM Onkologie](StructureDefinition-mii-lm-onko
StructureDefinition-mii-pr-onko-verlauf-intro	default	bridge	MIIIGModulOnkologie/TechnischeImplementierung/FHIR-Profile/Verlauf/Verlauf-Observation.page.md	B	34	The oBDS mappings are recorded in the artefact view of this profile: [MII PR Onkologie Verlauf](StructureDefinition-mii-
StructureDefinition-mii-pr-onko-verlauf-intro	de	bridge	MIIIGModulOnkologie/TechnischeImplementierung/FHIR-Profile/Verlauf/Verlauf-Observation.page.md	B	24	Die Zuordnung der Datensatzfelder ist im logischen Modell dokumentiert: [MII LM Onkologie](StructureDefinition-mii-lm-on
StructureDefinition-mii-pr-onko-verlauf-intro	de	bridge	MIIIGModulOnkologie/TechnischeImplementierung/FHIR-Profile/Verlauf/Verlauf-Observation.page.md	B	32	Die oBDS-Mappings sind in der Artefaktdarstellung des Profils hinterlegt: [MII PR Onkologie Verlauf](StructureDefinition
StructureDefinition-mii-pr-onko-weitere-klassifikationen-intro	default	bridge	MIIIGModulOnkologie/TechnischeImplementierung/FHIR-Profile/Weitere-Klassifikationen/Weitere-Klassifikationen-Observation.page.md	B	92	The expansion of the available classification systems is shown on the page of the value set [mii-vs-onko-weitere-klassif
StructureDefinition-mii-pr-onko-weitere-klassifikationen-intro	de	bridge	MIIIGModulOnkologie/TechnischeImplementierung/FHIR-Profile/Weitere-Klassifikationen/Weitere-Klassifikationen-Observation.page.md	B	91	Die Expansion der verfügbaren Klassifikationssysteme ist auf der Seite des ValueSets [mii-vs-onko-weitere-klassifikation
anwendungsfaelle-informationsmodell	default	bridge	MIIIGModulOnkologie/AnwendungsflleInformationsmodell/Index.page.md	B	7	The source page of this chapter was intentionally left empty in the previous guide. The content of the chapter *Use Case
anwendungsfaelle-informationsmodell	de	bridge	MIIIGModulOnkologie/AnwendungsflleInformationsmodell/Index.page.md	B	6	Die Quellseite dieses Kapitels wurde im bisherigen Leitfaden absichtlich leer gelassen. Die Inhalte des Kapitels *Anwend
atc-terminologie	default	bridge	MIIIGModulOnkologie/TechnischeImplementierung/FHIR-Profile/Systemische-Therapie/Systemische-Therapie-Terminologien.page.md	B	21	Name, status, version and the number of codes are shown on the artifact page [`mii-cs-onko-systemische-therapie-protokol
atc-terminologie	default	bridge	MIIIGModulOnkologie/TechnischeImplementierung/FHIR-Profile/Systemische-Therapie/Systemische-Therapie-Terminologien.page.md	B	76	Name, status, version and expansion of the main ValueSet are shown on the artifact page [`mii-vs-onko-systemische-therap
atc-terminologie	default	bridge	MIIIGModulOnkologie/TechnischeImplementierung/FHIR-Profile/Systemische-Therapie/Systemische-Therapie-Terminologien.page.md	B	149	Name, status, version and expansion of the UNII ValueSet are shown on the artifact page [`mii-vs-onko-systemische-therap
atc-terminologie	de	bridge	MIIIGModulOnkologie/TechnischeImplementierung/FHIR-Profile/Systemische-Therapie/Systemische-Therapie-Terminologien.page.md	B	20	Name, Status, Version und Anzahl der Codes sind auf der Artefaktseite [`mii-cs-onko-systemische-therapie-protokolle`](Co
atc-terminologie	de	bridge	MIIIGModulOnkologie/TechnischeImplementierung/FHIR-Profile/Systemische-Therapie/Systemische-Therapie-Terminologien.page.md	B	76	Name, Status, Version und Expansion des Haupt-ValueSets sind auf der Artefaktseite [`mii-vs-onko-systemische-therapie-su
atc-terminologie	de	bridge	MIIIGModulOnkologie/TechnischeImplementierung/FHIR-Profile/Systemische-Therapie/Systemische-Therapie-Terminologien.page.md	B	150	Name, Status, Version und Expansion des UNII-ValueSets sind auf der Artefaktseite [`mii-vs-onko-systemische-therapie-sub
datasets-and-descriptions	default	bridge	MIIIGModulOnkologie/AnwendungsflleInformationsmodell/Datenstzeinkl.Beschreibungen.page.md	B	17	The structure of the logical model as well as the path and description of each data element are shown on the artifact pa
datasets-and-descriptions	default	bridge	MIIIGModulOnkologie/AnwendungsflleInformationsmodell/Datenstzeinkl.Beschreibungen.page.md	B	29	The structure of the logical model as well as the path and description of each data element are shown on the artifact pa
datasets-and-descriptions	default	bridge	MIIIGModulOnkologie/AnwendungsflleInformationsmodell/Datenstzeinkl.Beschreibungen.page.md	B	39	The structure of the logical model as well as the path and description of each data element are shown on the artifact pa
datasets-and-descriptions	de	bridge	MIIIGModulOnkologie/AnwendungsflleInformationsmodell/Datenstzeinkl.Beschreibungen.page.md	B	16	Die Struktur des Logical Models sowie Pfad und Beschreibung der einzelnen Datenelemente sind auf der Artefaktseite [MII 
datasets-and-descriptions	de	bridge	MIIIGModulOnkologie/AnwendungsflleInformationsmodell/Datenstzeinkl.Beschreibungen.page.md	B	28	Die Struktur des Logical Models sowie Pfad und Beschreibung der einzelnen Datenelemente sind auf der Artefaktseite [MII 
datasets-and-descriptions	de	bridge	MIIIGModulOnkologie/AnwendungsflleInformationsmodell/Datenstzeinkl.Beschreibungen.page.md	B	39	Die Struktur des Logical Models sowie Pfad und Beschreibung der einzelnen Datenelemente sind auf der Artefaktseite [MII 
extensions	default	bridge	MIIIGModulOnkologie/TechnischeImplementierung/FHIR-Profile/Strahlentherapie/Extension-Bestrahlung.page.md	B	79	Structure and description: [MII EX Onko Strahlentherapie Bestrahlung Gesamtdosis](StructureDefinition-mii-ex-onko-strahl
extensions	default	bridge	MIIIGModulOnkologie/TechnischeImplementierung/FHIR-Profile/Strahlentherapie/Extension-Bestrahlung.page.md	B	88	Structure and description: [MII EX Onko Strahlentherapie Bestrahlung Einzeldosis](StructureDefinition-mii-ex-onko-strahl
extensions	default	bridge	MIIIGModulOnkologie/TechnischeImplementierung/FHIR-Profile/Strahlentherapie/Extension-Bestrahlung.page.md	B	97	Structure and description: [MII EX Onko Strahlentherapie Bestrahlung Boost](StructureDefinition-mii-ex-onko-strahlenther
extensions	default	bridge	MIIIGModulOnkologie/TechnischeImplementierung/FHIR-Profile/Strahlentherapie/Extension-Bestrahlung.page.md	B	106	Structure and description: [MII EX Onko Strahlentherapie Bestrahlung Seitenlokalisation](StructureDefinition-mii-ex-onko
extensions	de	bridge	MIIIGModulOnkologie/TechnischeImplementierung/FHIR-Profile/Strahlentherapie/Extension-Bestrahlung.page.md	B	82	Struktur und Beschreibung: [MII EX Onko Strahlentherapie Bestrahlung Gesamtdosis](StructureDefinition-mii-ex-onko-strahl
extensions	de	bridge	MIIIGModulOnkologie/TechnischeImplementierung/FHIR-Profile/Strahlentherapie/Extension-Bestrahlung.page.md	B	91	Struktur und Beschreibung: [MII EX Onko Strahlentherapie Bestrahlung Einzeldosis](StructureDefinition-mii-ex-onko-strahl
extensions	de	bridge	MIIIGModulOnkologie/TechnischeImplementierung/FHIR-Profile/Strahlentherapie/Extension-Bestrahlung.page.md	B	100	Struktur und Beschreibung: [MII EX Onko Strahlentherapie Bestrahlung Boost](StructureDefinition-mii-ex-onko-strahlenther
extensions	de	bridge	MIIIGModulOnkologie/TechnischeImplementierung/FHIR-Profile/Strahlentherapie/Extension-Bestrahlung.page.md	B	109	Struktur und Beschreibung: [MII EX Onko Strahlentherapie Bestrahlung Seitenlokalisation](StructureDefinition-mii-ex-onko
implementer-guidance	default	bridge	MIIIGModulOnkologie/TechnischeImplementierung/QA-Validierung.page.md	B	104	With the move to the HL7 IG Publisher, the authoritative QA report is generated automatically on every build (see `qa.ht
implementer-guidance	de	bridge	MIIIGModulOnkologie/TechnischeImplementierung/QA-Validierung.page.md	B	105	Mit dem Umzug auf den HL7 IG Publisher entsteht der maßgebliche QA-Report bei jedem Build automatisch (siehe `qa.html` i
search-parameters	default	bridge	MIIIGModulOnkologie/TechnischeImplementierung/FHIR-Profile	B	13	The profile pages of the Simplifier guide carried a search-parameter section with GET examples per profile. These sectio
search-parameters	de	bridge	MIIIGModulOnkologie/TechnischeImplementierung/FHIR-Profile	B	12	Die Profilseiten des Simplifier-Leitfadens führten je Profil einen Suchparameter-Abschnitt mit GET-Beispielen. Diese Abs
tnm-breast-cancer-journey	default	bridge	MIIIGModulOnkologie/TechnischeImplementierung/FHIR-Profile/TNM-Klassifikation/TNM-Breast-Cancer-Journey-Example.page.md	B	15	The image is provided as `.svg` and can be opened and downloaded separately for a better view: [TNM_Breast_Cancer_Journe
tnm-breast-cancer-journey	default	bridge	MIIIGModulOnkologie/TechnischeImplementierung/FHIR-Profile/TNM-Klassifikation/TNM-Breast-Cancer-Journey-Example.page.md	B	116	The five staging time points are shipped as separate example instances; the structure view is found on the respective ar
tnm-breast-cancer-journey	default	bridge	MIIIGModulOnkologie/TechnischeImplementierung/FHIR-Profile/TNM-Klassifikation/TNM-Breast-Cancer-Journey-Example.page.md	B	128	The full JSON and XML representation is available on each instance's artefact page:
tnm-breast-cancer-journey	de	bridge	MIIIGModulOnkologie/TechnischeImplementierung/FHIR-Profile/TNM-Klassifikation/TNM-Breast-Cancer-Journey-Example.page.md	B	14	Die Bilddatei wird als `.svg` bereitgestellt und kann zur besseren Darstellung einzeln geöffnet und heruntergeladen werd
tnm-breast-cancer-journey	de	bridge	MIIIGModulOnkologie/TechnischeImplementierung/FHIR-Profile/TNM-Klassifikation/TNM-Breast-Cancer-Journey-Example.page.md	B	115	Die fünf Staging-Zeitpunkte sind als eigenständige Beispielinstanzen ausgeliefert; die Strukturdarstellung findet sich j
tnm-breast-cancer-journey	de	bridge	MIIIGModulOnkologie/TechnischeImplementierung/FHIR-Profile/TNM-Klassifikation/TNM-Breast-Cancer-Journey-Example.page.md	B	127	Die vollständige JSON- und XML-Repräsentation ist jeweils auf der Artefaktseite der Instanz hinterlegt:
weitere-klassifikationen-terminologien	default	bridge	MIIIGModulOnkologie/TechnischeImplementierung/FHIR-Profile/Weitere-Klassifikationen/Weitere-Klassifikationen-Terminologien.page.md	B	24	The concepts with code and display as well as their child concepts are shown on the artifact page [`mii-cs-onko-weitere-
weitere-klassifikationen-terminologien	default	bridge	MIIIGModulOnkologie/TechnischeImplementierung/FHIR-Profile/Weitere-Klassifikationen/Weitere-Klassifikationen-Terminologien.page.md	B	42	The definition and content (codes with display) of the main ValueSet are shown on the artifact page [`mii-vs-onko-weiter
weitere-klassifikationen-terminologien	default	bridge	MIIIGModulOnkologie/TechnischeImplementierung/FHIR-Profile/Weitere-Klassifikationen/Weitere-Klassifikationen-Terminologien.page.md	B	54	Cardinalities, short descriptions and binding strengths of the elements `Observation.code`, `Observation.method` and `Ob
weitere-klassifikationen-terminologien	default	bridge	MIIIGModulOnkologie/TechnischeImplementierung/FHIR-Profile/Weitere-Klassifikationen/Weitere-Klassifikationen-Terminologien.page.md	B	82	For the other classifications, the ValueSets [`mii-vs-onko-weitere-klassifikationen`](ValueSet-mii-vs-onko-weitere-klass
weitere-klassifikationen-terminologien	default	bridge	MIIIGModulOnkologie/TechnischeImplementierung/FHIR-Profile/Weitere-Klassifikationen/Weitere-Klassifikationen-Terminologien.page.md	B	102	The oBDS mappings of the individual elements are shown on the artifact page [`mii-pr-onko-weitere-klassifikationen`](Str
weitere-klassifikationen-terminologien	de	bridge	MIIIGModulOnkologie/TechnischeImplementierung/FHIR-Profile/Weitere-Klassifikationen/Weitere-Klassifikationen-Terminologien.page.md	B	23	Die Konzepte mit Code und Bezeichnung sowie deren Unterkonzepte sind auf der Artefaktseite [`mii-cs-onko-weitere-klassif
weitere-klassifikationen-terminologien	de	bridge	MIIIGModulOnkologie/TechnischeImplementierung/FHIR-Profile/Weitere-Klassifikationen/Weitere-Klassifikationen-Terminologien.page.md	B	42	Definition und Inhalt (Codes mit Bezeichnung) des Haupt-ValueSets sind auf der Artefaktseite [`mii-vs-onko-weitere-klass
weitere-klassifikationen-terminologien	de	bridge	MIIIGModulOnkologie/TechnischeImplementierung/FHIR-Profile/Weitere-Klassifikationen/Weitere-Klassifikationen-Terminologien.page.md	B	55	Kardinalitäten, Kurzbeschreibungen und Binding-Stärken der Elemente `Observation.code`, `Observation.method` und `Observ
weitere-klassifikationen-terminologien	de	bridge	MIIIGModulOnkologie/TechnischeImplementierung/FHIR-Profile/Weitere-Klassifikationen/Weitere-Klassifikationen-Terminologien.page.md	B	84	Für die Weiteren Klassifikationen stehen die ValueSets [`mii-vs-onko-weitere-klassifikationen`](ValueSet-mii-vs-onko-wei
weitere-klassifikationen-terminologien	de	bridge	MIIIGModulOnkologie/TechnischeImplementierung/FHIR-Profile/Weitere-Klassifikationen/Weitere-Klassifikationen-Terminologien.page.md	B	105	Die oBDS-Mappings der einzelnen Elemente sind auf der Artefaktseite [`mii-pr-onko-weitere-klassifikationen`](StructureDe
