Source File	Size	loadResources	load	generateSnapshots	load-configure	scan	loadDepInfo	loadInfo	checkR4R4B	generateNarratives	validate	loadLists	checkConformanceResources	checkConformanceResources2	checkConformanceResources3	generateLogicalMaps	validateExpressions	scanForUsageStats	checkURLsUnique	processProvenanceDetails	translate	generate1	generate2	generateLogicals	makeDependencies	generateExampleZip	generateValidationPack	scanProfilesForR5	scanExamplesForR5
/fsh-generated/resources/ImplementationGuide-mii-ig-onko-de.json	263042	-	0	0	0	0	0	0	10	27	0	0	0	0	0	0	0	1	0	0	25	404	2962	0	0	0	21	0	2
fsh-generated/resources/AdverseEvent-mii-exa-onko-nebenwirkung-anaemie-grad3.json	1522	1	0	0	0	0	0	0	1	3	0	0	0	0	0	0	0	0	0	0	9	6	43	0	0	0	0	0	0
fsh-generated/resources/AdverseEvent-mii-exa-onko-nebenwirkung-crs-grad4.json	1581	1	0	0	0	0	0	0	0	5	0	0	0	0	0	0	0	0	0	0	8	6	39	0	0	0	0	0	0
fsh-generated/resources/AdverseEvent-mii-exa-onko-nebenwirkung-rektale-mukositis-grad2.json	1425	1	0	0	0	0	0	0	0	2	0	0	0	0	0	0	0	0	0	0	7	5	39	0	0	0	0	0	0
fsh-generated/resources/AdverseEvent-mii-exa-onko-oxaliplatin-neuropathy.json	1373	1	0	0	1	0	0	0	0	3	0	0	0	0	0	0	0	0	0	0	5	6	38	0	0	0	0	0	0
fsh-generated/resources/AdverseEvent-mii-pr-onko-nebenwirkung-0.json	1480	1	0	0	0	0	0	0	0	2	0	0	0	0	0	0	0	0	0	0	5	5	38	0	0	0	0	0	0
fsh-generated/resources/AdverseEvent-mii-pr-onko-nebenwirkung-text.json	774	0	0	0	0	0	0	0	0	3	0	0	0	0	0	0	0	0	0	0	4	5	40	0	0	0	0	0	0
fsh-generated/resources/Bundle-mii-exa-onko-cup-bundle.json	14323	2	1	0	0	0	0	0	0	1037	0	0	0	0	0	0	0	0	0	0	8	20	86	0	0	0	0	0	0
fsh-generated/resources/Bundle-mii-exa-onko-folfox-workflow-bundle.json	40448	3	3	0	0	0	0	0	2	220	0	0	0	0	0	0	0	0	0	0	5	61	318	0	0	0	0	0	0
fsh-generated/resources/Bundle-mii-exa-onko-kim-musterperson-synthesized.json	55446	3	3	0	0	0	0	0	2	28	0	0	0	0	0	0	0	0	0	0	4	70	421	0	0	0	0	0	0
fsh-generated/resources/Bundle-mii-exa-onko-krk-bundle.json	17333	2	1	0	0	0	0	0	0	1656	0	0	0	0	0	0	0	0	0	0	4	53	5271	0	0	0	0	0	0
fsh-generated/resources/Bundle-mii-exa-onko-mamma-example-bundle-1.json	12829	2	0	0	0	0	0	0	1	409	0	0	0	0	0	0	0	0	0	0	4	20	1323	0	0	0	0	0	0
fsh-generated/resources/Bundle-mii-exa-onko-melanom-bundle.json	13730	1	1	0	0	0	0	0	0	2038	0	0	0	0	0	0	0	0	0	0	4	20	6264	0	0	0	0	0	0
fsh-generated/resources/Bundle-mii-exa-onko-prostata-example-bundle-1.json	16870	2	1	0	0	0	0	0	1	5	0	0	0	0	0	0	0	0	0	0	4	25	121	0	0	0	0	0	0
fsh-generated/resources/Bundle-mii-exa-onko-tnm-bundle-legacy.json	10678	1	0	0	0	0	0	0	0	3	0	0	0	0	0	0	0	0	0	0	4	14	55	0	0	1	0	0	0
fsh-generated/resources/Bundle-mii-exa-onko-tnm-bundle-synthesized.json	21870	2	1	0	0	0	0	0	1	5	0	0	0	0	0	0	0	0	0	0	4	28	125	0	0	0	0	0	0
fsh-generated/resources/Bundle-mii-exa-onko-tnm-bundle.json	11218	1	1	0	0	0	0	0	0	2	0	0	0	0	0	0	0	0	0	0	5	15	55	0	0	0	0	0	0
fsh-generated/resources/CapabilityStatement-mii-cps-onko-capabilitystatement.json	93466	4	0	0	0	0	0	0	3	59	0	0	0	0	0	0	0	0	0	0	5	134	157	0	1	0	6	0	1
fsh-generated/resources/CarePlan-PatientKimMusterperson-Tumorkonferenz-1.json	2020	1	0	0	0	0	0	0	0	3	0	0	0	0	0	0	0	0	0	0	5	7	16	0	0	0	0	0	0
fsh-generated/resources/CarePlan-PatientKimMusterperson-Tumorkonferenz-2.json	1406	1	0	0	0	0	0	0	0	1	0	0	0	0	0	0	0	0	0	0	5	6	15	0	0	0	0	0	0
fsh-generated/resources/CarePlan-PatientKimMusterperson-Tumorkonferenz-3.json	1550	1	0	0	0	0	0	0	0	2	0	0	0	0	0	0	0	0	0	0	5	5	18	0	0	0	0	0	0
fsh-generated/resources/CarePlan-PatientKimMusterperson-Tumorkonferenz-4.json	1651	1	0	0	0	0	0	0	1	3	0	0	0	0	0	0	0	0	0	0	5	6	19	0	0	0	0	0	0
fsh-generated/resources/CarePlan-mii-exa-onko-kim-tk1.json	1265	1	0	0	0	0	0	0	0	3	0	0	0	0	0	0	0	0	0	0	6	7	18	0	0	0	0	0	0
fsh-generated/resources/CarePlan-mii-exa-onko-kim-tk2.json	1223	0	0	0	0	0	0	0	0	2	0	0	0	0	0	0	0	0	0	0	4	6	17	0	0	0	0	0	0
fsh-generated/resources/CarePlan-mii-exa-onko-kim-tk3.json	1265	1	0	0	0	0	0	0	0	3	0	0	0	0	0	0	0	0	0	0	5	5	18	0	0	0	0	0	0
fsh-generated/resources/CarePlan-mii-exa-onko-kim-tk4.json	1348	1	0	0	0	0	0	0	0	3	0	0	0	0	0	0	0	0	0	0	5	6	22	0	0	0	0	0	0
fsh-generated/resources/CarePlan-mii-exa-onko-tnm-synth-tumorkonferenz.json	1295	1	0	0	0	0	0	0	0	3	0	0	0	0	0	0	0	0	0	0	4	5	19	0	0	0	0	0	0
fsh-generated/resources/CarePlan-mii-exa-onko-tumorkonferenz-01.json	1013	1	0	0	0	0	0	0	0	3	0	0	0	0	0	0	0	0	0	0	4	5	11	0	0	0	0	0	0
fsh-generated/resources/CarePlan-mii-exa-onko-tumorkonferenz-02.json	1966	1	0	0	0	0	0	0	0	3	0	0	0	0	0	0	0	0	0	0	4	6	11	0	0	0	0	0	0
fsh-generated/resources/CarePlan-mii-exa-onko-tumorkonferenz-folfox-modification.json	1246	1	0	0	0	0	0	0	0	3	0	0	0	0	0	0	0	0	0	0	3	5	19	0	0	0	0	0	0
fsh-generated/resources/CarePlan-mii-exa-onko-tumorkonferenz-folfox.json	1208	0	0	0	0	0	0	0	0	2	0	0	0	0	0	0	0	0	0	0	4	5	18	0	0	0	0	0	0
fsh-generated/resources/CarePlan-mii-exa-onko-tumorkonferenz-mixed-approach.json	1488	1	0	0	0	0	0	0	0	3	0	0	0	0	0	0	0	0	0	0	3	6	19	0	0	0	0	0	0
fsh-generated/resources/CarePlan-mii-exa-onko-tumorkonferenz-molekular.json	2121	1	0	0	0	0	0	0	0	4	0	0	0	0	0	0	0	0	0	0	3	7	16	0	0	0	0	0	0
fsh-generated/resources/CarePlan-mii-exa-onko-tumorkonferenz-pure-molecular.json	1447	1	0	0	0	0	0	0	0	2	0	0	0	0	0	0	0	0	0	0	4	6	22	0	0	0	0	0	0
fsh-generated/resources/CodeSystem-meddra.json	30824	5	0	0	1	0	0	0	3	39	0	0	0	0	0	0	0	1	0	0	4	123	193	0	0	0	11	0	0
fsh-generated/resources/CodeSystem-mii-cs-onko-allgemeiner-leistungszustand-ecog.json	6194	1	0	0	0	0	0	0	0	3	0	0	0	0	0	0	0	0	0	0	4	12	32	0	0	0	1	0	0
fsh-generated/resources/CodeSystem-mii-cs-onko-allgemeiner-leistungszustand-karnofsky.json	5869	1	0	0	0	0	0	0	1	3	0	0	1	0	0	0	0	0	0	0	3	11	32	0	0	0	0	0	0
fsh-generated/resources/CodeSystem-mii-cs-onko-asa-obds.json	6085	1	0	0	0	0	0	0	0	3	0	0	0	0	0	0	0	0	0	0	4	11	32	0	0	0	1	0	0
fsh-generated/resources/CodeSystem-mii-cs-onko-fernmetastasen.json	6066	1	0	0	0	0	0	0	0	2	0	0	0	0	0	0	0	0	0	0	4	11	43	0	0	0	0	0	0
fsh-generated/resources/CodeSystem-mii-cs-onko-genetische-variante-auspraegung.json	5473	1	0	0	0	0	0	0	0	2	0	0	0	0	0	0	0	0	0	0	4	10	32	0	0	0	0	0	0
fsh-generated/resources/CodeSystem-mii-cs-onko-grading.json	6132	1	0	0	0	0	0	0	1	3	0	0	1	0	0	0	0	0	0	0	4	11	34	0	0	0	1	0	0
fsh-generated/resources/CodeSystem-mii-cs-onko-intention.json	5499	1	0	0	0	0	0	0	0	2	0	0	0	0	0	0	0	0	0	0	4	10	32	0	0	0	0	0	0
fsh-generated/resources/CodeSystem-mii-cs-onko-krk-anastomoseninsuffizienz.json	5583	1	0	0	0	0	0	0	0	2	0	0	0	0	0	0	0	0	0	0	3	10	30	0	0	0	0	0	0
fsh-generated/resources/CodeSystem-mii-cs-onko-krk-mrt-mesorektale-faszie-status.json	5798	1	0	0	0	0	0	0	0	3	0	0	0	0	0	0	0	0	0	0	4	10	31	0	0	0	1	0	0
fsh-generated/resources/CodeSystem-mii-cs-onko-krk-operationstyp.json	5581	1	0	0	0	0	0	0	1	2	0	0	1	0	0	0	0	0	0	0	4	10	32	0	0	0	0	0	0
fsh-generated/resources/CodeSystem-mii-cs-onko-krk-stoma-anzeichnung.json	5982	1	0	0	0	0	0	0	0	2	0	0	0	0	0	0	0	0	0	0	4	11	31	0	0	0	0	0	0
fsh-generated/resources/CodeSystem-mii-cs-onko-krk-tme-qualitaet.json	5222	1	0	0	0	0	0	0	0	2	0	0	0	0	0	0	0	0	0	0	4	9	29	0	0	0	1	0	0
fsh-generated/resources/CodeSystem-mii-cs-onko-mamma-her2neu-status-leitlinie.json	5870	1	0	0	0	0	0	0	1	2	0	0	0	0	0	0	0	0	0	0	3	11	30	0	0	0	0	0	0
fsh-generated/resources/CodeSystem-mii-cs-onko-mamma-her2neu-status-obds.json	5395	1	0	0	0	0	0	0	0	2	0	0	1	0	0	0	0	0	0	0	4	9	30	0	0	0	0	0	0
fsh-generated/resources/CodeSystem-mii-cs-onko-mamma-rezeptorstatus-leitlinie.json	5486	1	0	0	0	0	0	0	0	2	0	0	0	0	0	0	0	0	0	0	5	49	188	0	0	0	1	0	0
fsh-generated/resources/CodeSystem-mii-cs-onko-melanom-ulzeration.json	5261	1	0	0	0	0	0	0	0	2	0	0	0	0	0	0	0	0	0	0	4	10	53	0	0	0	0	0	0
fsh-generated/resources/CodeSystem-mii-cs-onko-nebenwirkung-ctcae-grad.json	5733	1	0	0	0	0	0	0	1	3	0	0	0	0	0	0	0	0	0	0	5	10	31	0	0	0	0	0	0
fsh-generated/resources/CodeSystem-mii-cs-onko-nebenwirkung-ctcae-version.json	5366	1	0	0	0	0	0	0	0	2	0	0	1	0	0	0	0	0	0	0	4	10	29	0	0	0	0	0	0
fsh-generated/resources/CodeSystem-mii-cs-onko-nebenwirkung-meddra-de.json	648438	29	0	0	0	0	0	0	38	208	0	0	0	0	0	0	0	1	0	0	65	1071	1380	0	0	0	79	0	2
fsh-generated/resources/CodeSystem-mii-cs-onko-operation-komplikation.json	11591	2	0	0	0	0	0	0	1	6	0	0	0	0	0	0	0	0	0	0	10	32	87	0	0	0	2	0	0
fsh-generated/resources/CodeSystem-mii-cs-onko-operation-urgency.json	5593	1	0	0	0	0	0	0	1	3	0	0	1	0	0	0	0	0	0	0	9	10	31	0	0	0	0	0	0
fsh-generated/resources/CodeSystem-mii-cs-onko-primaertumor-diagnosesicherung.json	8087	1	0	0	0	0	0	0	0	3	0	0	0	0	0	0	0	0	0	0	9	16	50	0	0	0	1	0	1
fsh-generated/resources/CodeSystem-mii-cs-onko-prostata-postsurgical-complications.json	5321	1	0	0	0	0	0	0	1	3	0	0	0	0	0	0	0	0	0	0	8	10	36	0	0	0	0	0	0
fsh-generated/resources/CodeSystem-mii-cs-onko-residualstatus.json	5689	1	0	0	0	0	0	0	0	2	0	0	0	0	0	0	0	0	0	0	7	11	31	0	0	0	1	0	0
fsh-generated/resources/CodeSystem-mii-cs-onko-seitenlokalisation.json	5739	1	0	0	0	0	0	0	1	2	0	0	0	0	0	0	0	0	0	0	6	10	30	0	0	0	0	0	0
fsh-generated/resources/CodeSystem-mii-cs-onko-strahlentherapie-applikationsart.json	7778	1	0	0	0	0	0	0	0	3	0	0	0	0	0	0	0	0	0	0	5	17	37	0	0	0	1	0	0
fsh-generated/resources/CodeSystem-mii-cs-onko-strahlentherapie-boost.json	5525	1	0	0	0	0	0	0	1	2	0	0	1	0	0	0	0	0	0	0	5	10	32	0	0	0	0	0	0
fsh-generated/resources/CodeSystem-mii-cs-onko-strahlentherapie-strahlenart.json	6520	2	0	0	0	0	0	0	0	3	0	0	0	0	0	0	0	0	0	0	4	13	40	0	0	0	0	0	0
fsh-generated/resources/CodeSystem-mii-cs-onko-strahlentherapie-zielgebiet-2014.json	16518	1	0	0	0	0	0	0	2	10	0	0	0	0	0	0	0	0	0	0	6	52	100	0	0	0	3	0	0
fsh-generated/resources/CodeSystem-mii-cs-onko-strahlentherapie-zielgebiet.json	12446	2	0	0	0	0	0	0	2	7	0	0	1	0	0	0	0	0	0	0	4	34	93	0	0	0	1	0	0
fsh-generated/resources/CodeSystem-mii-cs-onko-studienteilnahme.json	5150	1	0	0	0	0	0	0	0	3	0	0	0	0	0	0	0	0	0	0	4	9	35	0	0	0	1	0	0
fsh-generated/resources/CodeSystem-mii-cs-onko-systemische-therapie-protokolle.json	26031	2	0	0	0	0	0	0	3	12	0	0	0	0	0	0	0	0	0	0	6	69	90	0	0	0	3	0	0
fsh-generated/resources/CodeSystem-mii-cs-onko-therapie-ende-grund.json	5878	1	0	0	0	0	0	0	0	3	0	0	0	0	0	0	0	0	0	0	4	11	34	0	0	0	0	0	0
fsh-generated/resources/CodeSystem-mii-cs-onko-therapie-stellungzurop.json	5412	1	0	0	0	0	0	0	1	3	0	0	0	0	0	0	0	0	0	0	4	11	32	0	0	0	1	0	0
fsh-generated/resources/CodeSystem-mii-cs-onko-therapie-typ.json	6240	1	0	0	0	0	0	0	0	3	0	0	0	0	0	0	0	0	0	0	4	13	37	0	0	0	0	0	0
fsh-generated/resources/CodeSystem-mii-cs-onko-therapieabweichung.json	5191	1	0	0	1	0	0	0	0	2	0	0	1	0	0	0	0	0	0	0	4	9	41	0	0	0	0	0	0
fsh-generated/resources/CodeSystem-mii-cs-onko-therapieplanung-typ.json	5502	1	0	0	0	0	0	0	1	2	0	0	0	0	0	0	0	0	0	0	4	10	31	0	0	0	1	0	0
fsh-generated/resources/CodeSystem-mii-cs-onko-tnm-formel.json	5267	1	0	0	0	0	0	0	0	2	0	0	0	0	0	0	0	0	0	0	3	9	31	0	0	0	0	0	0
fsh-generated/resources/CodeSystem-mii-cs-onko-tnm-uicc.json	14646	2	0	0	0	0	0	0	2	7	0	0	1	0	0	0	0	1	0	0	6	39	71	0	0	0	2	0	0
fsh-generated/resources/CodeSystem-mii-cs-onko-tnm-version.json	5662	1	0	0	0	0	0	0	0	2	0	0	0	0	0	0	0	0	0	0	4	11	33	0	0	0	0	0	0
fsh-generated/resources/CodeSystem-mii-cs-onko-tod.json	5359	1	0	0	0	0	0	0	1	2	0	0	0	0	0	0	0	0	0	0	5	10	32	0	0	0	1	0	0
fsh-generated/resources/CodeSystem-mii-cs-onko-verlauf-fernmetastasen.json	5661	1	0	0	0	0	0	0	0	3	0	0	0	0	0	0	0	0	0	0	4	10	33	0	0	0	0	0	0
fsh-generated/resources/CodeSystem-mii-cs-onko-verlauf-gesamtbeurteilung.json	5918	1	0	0	0	0	0	0	1	2	0	0	0	0	0	0	0	0	0	0	4	12	56	0	0	0	0	0	0
fsh-generated/resources/CodeSystem-mii-cs-onko-verlauf-lymphknoten.json	5667	1	0	0	0	0	0	0	0	2	0	0	0	0	0	0	0	0	0	0	4	10	46	0	0	0	1	0	0
fsh-generated/resources/CodeSystem-mii-cs-onko-verlauf-primaertumor.json	5625	1	0	0	0	0	0	0	1	2	0	0	1	0	0	0	0	0	0	0	4	10	29	0	0	0	0	0	0
fsh-generated/resources/CodeSystem-mii-cs-onko-weitere-klassifikationen-obds.json	45220	3	0	0	0	0	0	0	3	19	0	0	0	0	0	0	0	0	0	0	7	115	151	0	0	0	7	0	1
fsh-generated/resources/CodeSystem-radelement.json	893	1	0	0	0	0	0	0	0	2	0	0	0	0	0	0	0	0	0	0	8	5	37	0	0	0	1	0	0
fsh-generated/resources/ConceptMap-mii-cm-mii-to-mvgenomseq-condition-diagnose-primaertumor.json	4745	1	0	0	0	0	0	0	1	7	0	0	0	0	0	0	0	0	0	0	8	10	45	0	0	0	0	0	0
fsh-generated/resources/ConceptMap-mii-cm-onko-allgemeiner-leistungszustand-ecog-loinc.json	7793	1	0	0	0	0	0	0	0	3	0	0	0	0	0	0	0	0	0	0	8	15	35	0	0	0	1	0	0
fsh-generated/resources/ConceptMap-mii-cm-onko-allgemeiner-leistungszustand-karnofsky-loinc.json	8471	1	0	0	0	0	0	0	1	3	0	0	0	0	0	0	0	0	0	0	9	15	36	0	0	0	0	0	0
fsh-generated/resources/ConceptMap-mii-cm-onko-allgemeiner-leistungszustand-sct.json	8591	1	0	0	0	0	0	0	0	9	0	0	0	0	0	0	0	0	0	0	9	14	46	0	0	0	1	0	0
fsh-generated/resources/ConceptMap-mii-cm-onko-asa-obds-loinc.json	6896	1	0	0	0	0	0	0	1	4	0	0	0	0	0	0	0	0	0	0	9	12	31	0	0	0	0	0	0
fsh-generated/resources/ConceptMap-mii-cm-onko-atc-transitions-2021.json	22943	2	0	0	0	0	0	0	2	10	0	0	0	0	0	0	0	0	0	0	9	40	79	0	0	0	2	0	0
fsh-generated/resources/ConceptMap-mii-cm-onko-atc-transitions-2022.json	12162	1	0	0	0	0	0	0	1	7	0	0	0	0	0	0	0	0	0	0	9	21	44	0	0	0	1	0	0
fsh-generated/resources/ConceptMap-mii-cm-onko-atc-transitions-2023.json	6387	1	0	0	0	0	0	0	0	5	0	0	0	0	0	0	0	0	0	0	8	11	30	0	0	0	0	0	0
fsh-generated/resources/ConceptMap-mii-cm-onko-atc-transitions-2024.json	9881	1	0	0	0	0	0	0	1	6	0	0	0	0	0	0	0	0	0	0	9	20	51	0	0	0	1	0	0
fsh-generated/resources/ConceptMap-mii-cm-onko-atc-transitions-2025.json	5919	1	0	0	0	0	0	0	0	5	0	0	0	0	0	0	0	0	1	0	8	10	44	0	0	0	0	0	0
fsh-generated/resources/ConceptMap-mii-cm-onko-atc-transitions-2026.json	6019	1	0	0	0	0	0	0	1	5	0	0	0	0	0	0	0	0	0	0	9	11	32	0	0	0	0	0	0
fsh-generated/resources/ConceptMap-mii-cm-onko-fernmetastasen-sct.json	9576	2	0	0	0	0	0	0	0	7	0	0	0	0	0	0	0	0	0	0	8	14	34	0	0	0	1	0	0
fsh-generated/resources/ConceptMap-mii-cm-onko-genetische-variante-auspraegung-sct.json	7810	1	0	0	0	0	0	0	1	6	0	0	0	0	0	0	0	0	0	0	9	13	30	0	0	0	0	0	0
fsh-generated/resources/ConceptMap-mii-cm-onko-grading-sct.json	10071	1	0	0	0	0	0	0	1	7	0	0	0	0	0	0	0	0	0	0	8	17	33	0	0	0	1	0	0
fsh-generated/resources/ConceptMap-mii-cm-onko-icdo3-transitions-2019.json	28849	2	0	0	0	0	0	0	2	10	0	0	0	0	0	0	0	0	0	0	9	62	59	0	0	0	3	0	0
fsh-generated/resources/ConceptMap-mii-cm-onko-intention-sct.json	8151	1	0	0	0	0	0	0	0	8	0	0	0	0	0	0	0	0	0	0	8	13	35	0	0	0	0	0	0
fsh-generated/resources/ConceptMap-mii-cm-onko-krk-stoma-obds-sct.json	6580	1	0	0	0	0	0	0	1	2	0	0	0	0	0	0	0	0	0	0	7	12	22	0	0	0	1	0	0
fsh-generated/resources/ConceptMap-mii-cm-onko-nebenwirkung-meddra-sct.json	254950	11	0	0	0	0	0	0	18	69	0	0	0	0	0	0	0	1	0	0	27	460	404	0	0	0	30	0	1
fsh-generated/resources/ConceptMap-mii-cm-onko-nebenwirkung-sct.json	7958	2	0	0	0	0	0	0	1	9	0	0	0	0	0	0	0	0	0	0	9	14	32	0	0	0	0	0	0
fsh-generated/resources/ConceptMap-mii-cm-onko-operation-komplikation-sct.json	31864	2	0	0	0	0	0	0	2	13	0	0	0	0	0	0	0	0	0	0	10	58	79	0	0	0	3	0	0
fsh-generated/resources/ConceptMap-mii-cm-onko-primaertumor-diagnosesicherung-sct.json	11340	1	0	0	0	0	0	0	1	8	0	0	0	0	0	0	0	0	0	0	9	20	40	0	0	0	1	0	0
fsh-generated/resources/ConceptMap-mii-cm-onko-residualstatus-uicc-sct.json	7693	1	0	0	0	0	0	0	0	5	0	0	0	0	0	0	0	0	0	0	8	12	29	0	0	0	0	0	0
fsh-generated/resources/ConceptMap-mii-cm-onko-seitenlokalisation-sct.json	7694	1	0	0	0	0	0	0	1	7	0	0	0	0	0	0	0	0	0	0	8	13	30	0	0	0	1	0	0
fsh-generated/resources/ConceptMap-mii-cm-onko-strahlentherapie-applikationsart-sct.json	12861	2	0	0	1	0	0	0	1	8	0	0	0	0	0	0	0	0	0	0	8	21	145	0	0	0	0	0	0
fsh-generated/resources/ConceptMap-mii-cm-onko-strahlentherapie-boost-sct.json	7514	1	0	0	0	0	0	0	0	6	0	0	0	0	0	0	0	0	0	0	8	13	50	0	0	0	1	0	0
fsh-generated/resources/ConceptMap-mii-cm-onko-strahlentherapie-strahlenart-sct.json	12193	1	0	0	0	0	0	0	1	7	0	0	0	0	0	0	0	0	0	0	7	21	47	0	0	0	1	0	0
fsh-generated/resources/ConceptMap-mii-cm-onko-strahlentherapie-strahleneinheit-sct.json	7122	1	0	0	0	0	0	0	1	6	0	0	0	0	0	0	0	0	0	0	7	11	31	0	0	0	0	0	0
fsh-generated/resources/ConceptMap-mii-cm-onko-strahlentherapie-zielgebiet-sct.json	37515	2	0	0	0	0	0	0	2	14	0	0	0	0	0	0	0	0	0	0	8	68	81	0	0	0	3	0	0
fsh-generated/resources/ConceptMap-mii-cm-onko-studienteilnahme-sct.json	6838	1	0	0	0	0	0	0	1	6	0	0	0	0	0	0	0	0	0	0	7	12	29	0	0	0	0	0	0
fsh-generated/resources/ConceptMap-mii-cm-onko-therapie-ende-sct.json	9149	1	0	0	0	0	0	0	0	8	0	0	0	0	0	0	0	0	0	0	6	15	34	0	0	0	1	0	1
fsh-generated/resources/ConceptMap-mii-cm-onko-therapie-stellung-sct.json	7646	1	0	0	0	0	0	0	1	6	0	0	0	0	0	0	0	0	0	0	7	13	30	0	0	0	0	0	0
fsh-generated/resources/ConceptMap-mii-cm-onko-therapie-typ-sct.json	11820	2	0	0	0	0	0	0	1	7	0	0	0	0	0	0	0	0	0	0	6	20	36	0	0	0	1	0	0
fsh-generated/resources/ConceptMap-mii-cm-onko-therapieabweichung-sct.json	6844	1	0	0	0	0	0	0	0	6	0	0	0	0	0	0	0	0	0	0	6	11	28	0	0	0	1	0	0
fsh-generated/resources/ConceptMap-mii-cm-onko-therapieplanung-sct.json	7310	1	0	0	0	0	0	0	1	5	0	0	0	0	0	0	0	0	0	0	5	12	29	0	0	0	0	0	0
fsh-generated/resources/ConceptMap-mii-cm-onko-tnm-uicc-sct-clinical.json	41072	2	0	0	0	0	0	0	3	12	0	0	0	0	0	0	0	0	0	0	7	69	189	0	0	0	3	0	0
fsh-generated/resources/ConceptMap-mii-cm-onko-tnm-uicc-sct-pathological.json	40970	3	0	0	0	0	0	0	3	11	0	0	0	0	0	0	0	0	0	0	7	68	71	0	0	0	3	0	0
fsh-generated/resources/ConceptMap-mii-cm-onko-tod-sct.json	7000	1	0	0	0	0	0	0	0	6	0	0	0	0	0	0	0	0	0	0	6	12	30	0	0	0	0	0	0
fsh-generated/resources/ConceptMap-mii-cm-onko-verlauf-fernmetastasen-sct.json	8751	1	0	0	0	0	0	0	1	7	0	0	0	0	0	0	0	0	0	0	5	15	34	0	0	0	1	0	0
fsh-generated/resources/ConceptMap-mii-cm-onko-verlauf-gesamtbeurteilung-sct.json	9278	1	0	0	0	0	0	0	0	6	0	0	0	0	0	0	0	0	0	0	6	16	34	0	0	0	0	0	0
fsh-generated/resources/ConceptMap-mii-cm-onko-verlauf-lymphknoten-sct.json	8421	1	0	0	0	0	0	0	1	7	0	0	0	0	0	0	0	0	0	0	6	14	31	0	0	0	1	0	0
fsh-generated/resources/ConceptMap-mii-cm-onko-verlauf-primaertumor-sct.json	8385	1	0	0	0	0	0	0	1	6	0	0	0	0	0	0	0	0	0	0	6	14	34	0	0	0	0	0	0
fsh-generated/resources/ConceptMap-mii-cm-onkologie-to-mvgenomseq.json	13521	2	0	0	0	0	0	0	0	15	0	0	0	0	0	0	0	0	0	0	6	25	52	0	0	0	1	0	0
fsh-generated/resources/Condition-PatientKimMusterperson-Diagnosis-1.json	1839	1	0	0	0	0	0	0	1	1	0	0	0	0	0	0	0	0	0	0	5	6	15	0	0	0	0	0	0
fsh-generated/resources/Condition-PatientKimMusterperson-PrimaryDiagnosis-2.json	1803	1	0	0	0	0	0	0	0	2	0	0	0	0	0	0	0	0	0	0	5	5	14	0	0	0	0	0	0
fsh-generated/resources/Condition-mii-exa-onko-ascending-colon-cancer-diagnosis.json	1716	0	0	0	0	0	0	0	0	2	0	0	0	0	0	0	0	0	0	0	6	6	16	0	0	0	0	0	0
fsh-generated/resources/Condition-mii-exa-onko-colorectal-cancer-diagnosis.json	1730	1	0	0	0	0	0	0	0	1	0	0	0	0	0	0	0	0	0	0	6	5	18	0	0	0	0	0	0
fsh-generated/resources/Condition-mii-exa-onko-cup-diagnose-aufgeloest.json	2338	1	0	0	0	0	0	0	0	1	0	0	0	0	0	0	0	0	0	0	6	7	14	0	0	0	0	0	0
fsh-generated/resources/Condition-mii-exa-onko-cup-diagnose.json	2355	1	0	0	0	0	0	0	0	2	0	0	0	0	0	0	0	0	0	0	6	6	14	0	0	0	0	0	0
fsh-generated/resources/Condition-mii-exa-onko-diagnose-aml-transformation.json	2642	1	0	0	0	0	0	0	0	1	0	0	0	0	0	0	0	0	0	0	6	7	21	0	0	0	0	0	0
fsh-generated/resources/Condition-mii-exa-onko-diagnose-angiosarkom-nach-radiatio.json	2412	1	0	0	0	0	0	0	1	1	0	0	0	0	0	0	0	0	0	0	6	7	17	0	0	0	0	0	0
fsh-generated/resources/Condition-mii-exa-onko-diagnose-mds.json	2202	1	0	0	0	0	0	0	0	1	0	0	0	0	0	0	0	0	0	0	5	5	13	0	0	0	0	0	0
fsh-generated/resources/Condition-mii-exa-onko-diagnose-meningeom-benigne.json	2152	1	0	0	0	0	0	0	0	1	0	0	0	0	0	0	0	0	0	0	5	6	13	0	0	0	0	0	0
fsh-generated/resources/Condition-mii-exa-onko-diagnose-meningeom-maligne-transformation.json	2421	0	0	0	0	0	0	0	0	1	0	0	0	0	0	0	0	0	0	0	6	7	17	0	0	0	0	0	0
fsh-generated/resources/Condition-mii-exa-onko-diagnose-taml-nach-chemo.json	2385	1	0	0	0	0	0	0	0	1	0	0	0	0	0	0	0	0	0	0	6	6	16	0	0	0	0	0	0
fsh-generated/resources/Condition-mii-exa-onko-diagnose.json	2743	1	0	0	0	0	0	0	0	1	0	0	0	0	0	0	0	0	0	0	6	7	15	0	0	0	0	0	0
fsh-generated/resources/Condition-mii-exa-onko-fruehere-tumorerkrankung-cervix.json	1524	1	0	0	0	0	0	0	1	2	0	0	0	0	0	0	0	0	0	0	6	5	12	0	0	0	0	0	0
fsh-generated/resources/Condition-mii-exa-onko-fruehere-tumorerkrankung-freetext.json	1280	1	0	0	0	0	0	0	0	1	0	0	0	0	0	0	0	0	0	0	5	4	10	0	0	0	0	0	0
fsh-generated/resources/Condition-mii-exa-onko-fruehere-tumorerkrankung-mamma.json	1843	1	0	0	0	0	0	0	0	1	0	0	0	0	0	0	0	0	0	0	5	6	12	0	0	0	0	0	0
fsh-generated/resources/Condition-mii-exa-onko-fruehere-tumorerkrankung-prostata.json	1819	0	0	0	0	0	0	0	0	1	0	0	0	0	0	0	0	0	0	0	5	5	14	0	0	0	0	0	0
fsh-generated/resources/Condition-mii-exa-onko-kim-synth-diagnose.json	1310	1	0	0	0	0	0	0	0	1	0	0	0	0	0	0	0	0	0	0	5	5	12	0	0	0	0	0	0
fsh-generated/resources/Condition-mii-exa-onko-krk-diagnose.json	1261	1	0	0	0	0	0	0	0	1	0	0	0	0	0	0	0	0	0	0	4	4	12	0	0	0	0	0	0
fsh-generated/resources/Condition-mii-exa-onko-mamma-diagnose.json	1298	1	0	0	0	0	0	0	0	1	0	0	0	0	0	0	0	0	0	0	5	5	12	0	0	0	0	0	0
fsh-generated/resources/Condition-mii-exa-onko-melanom-diagnose.json	1644	1	0	0	0	0	0	0	0	1	0	0	0	0	0	0	0	0	0	0	3	5	16	0	0	0	0	0	0
fsh-generated/resources/Condition-mii-exa-onko-prostata-diagnose.json	1289	1	0	0	0	0	0	0	0	1	0	0	0	0	0	0	0	0	0	0	4	5	12	0	0	0	0	0	0
fsh-generated/resources/Condition-mii-exa-onko-tnm-bundle-diagnose.json	1285	0	0	0	0	0	0	0	1	1	0	0	0	0	0	0	0	0	0	0	4	5	13	0	0	0	0	0	0
fsh-generated/resources/Condition-mii-exa-onko-tnm-bundle-legacy-diagnose.json	1299	1	0	0	1	0	0	0	0	1	0	0	0	0	0	0	0	0	0	0	4	5	12	0	0	0	0	0	0
fsh-generated/resources/Condition-mii-exa-onko-tnm-synth-diagnose.json	1283	1	0	0	0	0	0	0	0	1	0	0	0	0	0	0	0	0	0	0	5	4	13	0	0	0	0	0	0
fsh-generated/resources/Condition-primaertumor-example.json	1306	1	0	0	0	0	0	0	0	1	0	0	0	0	0	0	0	0	0	0	4	5	18	0	0	0	0	0	0
fsh-generated/resources/Device-mii-exa-onko-kim-synthesis-device.json	260	1	0	0	0	0	0	0	0	2	0	0	0	0	0	0	0	0	0	0	5	3	5	0	0	0	0	0	0
fsh-generated/resources/DiagnosticReport-PatientKimMusterperson-PathoReport-1.json	855	1	0	0	0	0	0	0	0	1	0	0	0	0	0	0	0	0	0	0	6	4	9	0	0	0	0	0	0
fsh-generated/resources/DiagnosticReport-mii-exa-onko-befund-1.json	747	0	0	0	0	0	0	0	0	0	0	0	0	0	0	0	0	0	0	0	5	4	17	0	0	0	0	0	0
fsh-generated/resources/Encounter-example-chemo-phase1.json	289	1	0	0	0	0	0	0	0	2	0	0	0	0	0	0	0	0	0	0	6	3	9	0	0	0	0	0	0
fsh-generated/resources/Encounter-example-chemo-phase2.json	289	1	0	0	0	0	0	0	0	0	0	0	0	0	0	0	0	0	0	0	6	3	9	0	0	0	0	0	0
fsh-generated/resources/Encounter-example-diagnosis-modification.json	299	1	0	0	0	0	0	0	0	1	0	0	0	0	0	0	0	0	0	0	5	2	9	0	0	0	0	0	0
fsh-generated/resources/Encounter-example-surgery-modification.json	306	0	0	0	0	0	0	0	0	1	0	0	0	0	0	0	0	0	0	0	6	3	9	0	0	0	0	0	0
fsh-generated/resources/Encounter-example.json	263	1	0	0	0	0	0	0	0	1	0	0	0	0	0	0	0	0	0	0	6	3	9	0	0	0	0	0	0
fsh-generated/resources/Encounter-mii-exa-onko-folfox-encounter-chemo.json	311	1	0	0	0	0	0	0	0	1	1	0	0	0	0	0	0	0	0	0	5	3	9	0	0	0	0	0	0
fsh-generated/resources/Encounter-mii-exa-onko-folfox-encounter-diagnosis.json	315	0	0	0	0	0	0	0	0	1	0	0	0	0	0	0	0	0	0	0	5	3	10	0	0	0	0	0	0
fsh-generated/resources/Encounter-mii-exa-onko-folfox-encounter-surgery.json	322	1	0	0	0	0	0	0	0	1	0	0	0	0	0	0	0	0	0	0	4	3	9	0	0	0	0	0	0
fsh-generated/resources/Encounter-mii-exa-onko-krk-bundle-encounter.json	322	1	0	0	0	0	0	0	0	0	0	0	0	0	0	0	0	0	0	0	5	3	9	0	0	0	0	0	0
fsh-generated/resources/Encounter-mii-exa-onko-mamma-bundle-encounter.json	326	1	0	0	0	0	0	0	0	1	0	0	0	0	0	0	0	0	0	0	5	2	9	0	0	0	0	0	0
fsh-generated/resources/Encounter-mii-exa-onko-melanom-bundle-encounter.json	330	1	0	0	0	0	0	0	0	1	0	0	0	0	0	0	0	0	0	0	5	3	10	0	0	0	0	0	0
fsh-generated/resources/Encounter-mii-exa-onko-prostata-bundle-encounter.json	332	0	0	0	0	0	0	0	0	0	0	0	0	0	0	0	0	0	0	0	4	4	9	0	0	0	0	0	0
fsh-generated/resources/Library-mii-lib-onko-synthesize-tnm.json	5398	1	0	0	0	0	0	0	1	16	0	0	0	0	0	0	0	0	0	0	5	8	9	0	0	0	0	0	0
fsh-generated/resources/List-mii-exa-onko-liste-evidenz-erstdiagnose-1.json	1400	1	0	0	0	0	0	0	0	3	0	1	0	0	0	0	0	0	0	0	5	6	61	0	0	0	0	0	0
fsh-generated/resources/MedicationRequest-mii-exa-onko-cdk46-class-medication.json	1049	1	0	0	0	0	0	0	0	2	0	0	0	0	0	0	0	0	0	0	4	5	15	0	0	0	0	0	0
fsh-generated/resources/MedicationRequest-mii-exa-onko-folfox-5fu-request.json	769	1	0	0	0	0	0	0	0	1	0	0	0	0	0	0	0	0	0	0	5	4	15	0	0	0	0	0	0
fsh-generated/resources/MedicationRequest-mii-exa-onko-folfox-leucovorin-request.json	781	1	0	0	0	0	0	0	0	1	0	0	0	0	0	0	0	0	0	0	5	4	15	0	0	0	0	0	0
fsh-generated/resources/MedicationRequest-mii-exa-onko-folfox-oxaliplatin-request.json	766	0	0	0	0	0	0	0	0	1	0	0	0	0	0	0	0	0	0	0	4	4	15	0	0	0	0	0	0
fsh-generated/resources/MedicationRequest-mii-exa-onko-modification-5fu-request.json	860	1	0	0	0	0	0	0	0	2	0	0	0	0	0	0	0	0	0	0	5	4	15	0	0	0	0	0	0
fsh-generated/resources/MedicationRequest-mii-exa-onko-modification-leucovorin-request.json	872	1	0	0	0	0	0	0	0	1	0	0	0	0	0	0	0	0	0	0	5	4	15	0	0	0	0	0	0
fsh-generated/resources/MedicationRequest-mii-exa-onko-modification-oxaliplatin-request.json	1246	1	0	0	0	0	0	0	0	1	0	0	0	0	0	0	0	0	0	0	5	6	16	0	0	0	0	0	0
fsh-generated/resources/MedicationRequest-mii-exa-onko-tdm1-option.json	893	1	0	0	0	0	0	0	0	2	0	0	0	0	0	0	0	0	0	0	4	5	15	0	0	0	0	0	0
fsh-generated/resources/MedicationRequest-mii-exa-onko-tucatinib-option.json	898	0	0	0	0	0	0	0	0	1	0	0	0	0	0	0	0	0	0	0	5	4	14	0	0	0	0	0	0
fsh-generated/resources/MedicationStatement-PatientKimMusterperson-SystemicTherapyMedication-1a.json	806	1	0	0	0	0	0	0	0	1	0	0	0	0	0	0	0	0	0	0	6	4	15	0	0	0	0	0	0
fsh-generated/resources/MedicationStatement-PatientKimMusterperson-SystemicTherapyMedication-1b.json	807	1	0	0	0	0	0	0	1	1	0	0	0	0	0	0	0	0	0	0	5	5	16	0	0	0	0	0	0
fsh-generated/resources/MedicationStatement-PatientKimMusterperson-SystemicTherapyMedication-2a.json	807	1	0	0	0	0	0	0	0	1	0	0	0	0	0	0	0	0	0	0	5	4	15	0	0	0	0	0	0
fsh-generated/resources/MedicationStatement-PatientKimMusterperson-SystemicTherapyMedication-2b.json	808	1	0	0	0	0	0	0	0	1	0	0	0	0	0	0	0	0	0	0	6	4	14	0	0	0	0	0	0
fsh-generated/resources/MedicationStatement-PatientKimMusterperson-SystemicTherapyMedication-3.json	780	1	0	0	0	0	0	0	0	1	0	0	0	0	0	0	0	0	0	0	5	5	15	0	0	0	0	0	0
fsh-generated/resources/MedicationStatement-mii-exa-onko-folfox-5fu-statement.json	917	1	0	0	0	0	0	0	0	1	0	0	0	0	0	0	0	0	0	0	6	4	19	0	0	0	0	0	0
fsh-generated/resources/MedicationStatement-mii-exa-onko-folfox-leucovorin-statement.json	929	0	0	0	0	0	0	0	0	1	0	0	0	0	0	0	0	0	0	0	5	5	19	0	0	0	0	0	0
fsh-generated/resources/MedicationStatement-mii-exa-onko-folfox-oxaliplatin-statement.json	914	1	0	0	0	0	0	0	0	1	0	0	0	0	0	0	0	0	0	0	5	4	20	0	0	0	0	0	0
fsh-generated/resources/MedicationStatement-mii-exa-onko-medikation-iberdomide-unii.json	952	1	0	0	0	0	0	0	0	2	0	0	0	0	0	0	0	0	0	0	5	5	18	0	0	0	0	0	0
fsh-generated/resources/MedicationStatement-mii-exa-onko-medikation-imatinib-atc-version-transition.json	1158	1	0	0	0	0	0	0	0	2	0	0	0	0	0	0	0	0	0	0	5	5	19	0	0	0	0	0	0
fsh-generated/resources/MedicationStatement-mii-exa-onko-modification-5fu-phase1.json	936	1	0	0	0	0	0	0	0	1	0	0	0	0	0	0	0	0	0	0	5	4	19	0	0	0	0	0	0
fsh-generated/resources/MedicationStatement-mii-exa-onko-modification-5fu-phase2.json	956	0	0	0	0	0	0	0	0	1	0	0	0	0	0	0	0	0	0	0	4	5	19	0	0	0	0	0	0
fsh-generated/resources/MedicationStatement-mii-exa-onko-modification-leucovorin-phase1.json	948	1	0	0	0	0	0	0	0	1	0	0	0	0	0	0	0	0	0	0	4	5	19	0	0	0	0	0	0
fsh-generated/resources/MedicationStatement-mii-exa-onko-modification-leucovorin-phase2.json	968	1	0	0	0	0	0	0	0	1	0	0	0	0	0	0	0	0	0	0	4	4	18	0	0	0	0	0	0
fsh-generated/resources/MedicationStatement-mii-exa-onko-modification-oxaliplatin-phase1.json	1409	1	0	0	0	0	0	0	1	2	0	0	0	0	0	0	0	0	0	0	4	6	20	0	0	0	0	0	0
fsh-generated/resources/MedicationStatement-mii-exa-onko-systemische-therapie-medikation1.json	822	1	0	0	0	0	0	0	0	1	0	0	0	0	0	0	0	0	0	0	3	4	15	0	0	0	0	0	0
fsh-generated/resources/MedicationStatement-mii-exa-onko-systemische-therapie-medikation2.json	818	0	0	0	0	0	0	0	0	1	0	0	0	0	0	0	0	0	0	0	4	4	15	0	0	0	0	0	0
fsh-generated/resources/Observation-PatientKimMusterperson-Verlauf-2022-01-22.json	2087	1	0	0	0	0	0	0	0	1	0	0	0	0	0	0	0	0	0	0	3	7	15	0	0	0	0	0	0
fsh-generated/resources/Observation-TNM-Klassifikation-Observation-2.json	877	1	0	0	0	0	0	0	0	1	0	0	0	0	0	0	0	0	0	0	4	4	14	0	0	0	0	0	0
fsh-generated/resources/Observation-TNM-L-Observation-2.json	957	1	0	0	0	0	0	0	0	2	0	0	0	0	0	0	0	0	0	0	3	4	14	0	0	0	0	0	0
fsh-generated/resources/Observation-TNM-M-Observation-2.json	1377	1	0	0	0	0	0	0	0	1	0	0	0	0	0	0	0	0	0	0	4	5	14	0	0	0	0	0	0
fsh-generated/resources/Observation-TNM-Pn-Observation-2.json	960	1	0	0	0	0	0	0	0	1	0	0	0	0	0	0	0	0	0	0	3	4	13	0	0	0	0	0	0
fsh-generated/resources/Observation-TNM-T-Observation-2.json	1377	1	0	0	0	0	0	0	0	1	0	0	0	0	0	0	0	0	0	0	4	5	14	0	0	0	0	0	0
fsh-generated/resources/Observation-TNM-V-Observation-2.json	957	0	0	0	0	0	0	0	0	1	0	0	0	0	0	0	0	0	0	0	4	4	14	0	0	0	0	0	0
fsh-generated/resources/Observation-TNM-y-Symbol-Observation-2.json	949	1	0	0	0	0	0	0	0	2	0	0	0	0	0	0	0	0	0	0	3	5	14	0	0	0	0	0	0
fsh-generated/resources/Observation-mii-exa-onko-allgemeiner-leistungszustand-ecog.json	1218	1	0	0	0	0	0	0	0	1	0	0	0	0	0	0	0	0	0	0	4	4	10	0	0	0	0	0	1
fsh-generated/resources/Observation-mii-exa-onko-allgemeiner-leistungszustand-karnofsky.json	1019	1	0	0	0	0	0	0	1	2	0	0	0	0	0	0	0	0	0	0	3	5	9	0	0	0	0	0	0
fsh-generated/resources/Observation-mii-exa-onko-anzahl-befallene-lymphknoten-0.json	887	1	0	0	1	0	0	0	0	844	0	0	0	0	0	0	0	0	0	0	4	4	12	0	0	0	0	0	0
fsh-generated/resources/Observation-mii-exa-onko-anzahl-befallene-sentinel-lymphknoten-0.json	922	1	0	0	0	0	0	0	0	845	0	0	0	0	0	0	0	0	0	0	4	4	10	0	0	0	0	0	0
fsh-generated/resources/Observation-mii-exa-onko-anzahl-untersuchte-lymphknoten-23.json	893	0	0	0	0	0	0	0	0	820	0	0	0	0	0	0	0	0	0	0	3	4	11	0	0	0	0	0	0
fsh-generated/resources/Observation-mii-exa-onko-anzahl-untersuchte-sentinel-lymphknoten-0.json	939	1	0	0	0	0	0	0	0	810	0	0	0	0	0	0	0	0	0	0	4	5	10	0	0	0	0	0	0
fsh-generated/resources/Observation-mii-exa-onko-asa-klassifikation.json	913	1	0	0	0	0	0	0	0	2	0	0	0	0	0	0	0	0	0	0	4	4	14	0	0	0	0	0	0
fsh-generated/resources/Observation-mii-exa-onko-ascending-colon-tnm-m.json	1185	1	0	0	0	0	0	0	0	1	0	0	0	0	0	0	0	0	0	0	4	4	14	0	0	0	0	0	0
fsh-generated/resources/Observation-mii-exa-onko-ascending-colon-tnm-n.json	1185	1	0	0	0	0	0	0	0	2	0	0	0	0	0	0	0	0	0	0	4	5	15	0	0	0	0	0	0
fsh-generated/resources/Observation-mii-exa-onko-ascending-colon-tnm-t.json	1185	1	0	0	0	0	0	0	0	1	0	0	0	0	0	0	0	0	0	0	4	4	14	0	0	0	0	0	0
fsh-generated/resources/Observation-mii-exa-onko-ascending-colon-tnm.json	1299	0	0	0	0	0	0	0	0	2	0	0	0	0	0	0	0	0	0	0	4	5	26	0	0	0	0	0	0
fsh-generated/resources/Observation-mii-exa-onko-colorectal-tnm-m.json	1379	1	0	0	0	0	0	0	0	1	0	0	0	0	0	0	0	0	0	0	3	5	15	0	0	0	0	0	0
fsh-generated/resources/Observation-mii-exa-onko-colorectal-tnm-n.json	1379	1	0	0	0	0	0	0	0	1	0	0	0	0	0	0	0	0	0	0	5	5	14	0	0	0	0	0	0
fsh-generated/resources/Observation-mii-exa-onko-colorectal-tnm-t.json	1379	1	0	0	0	0	0	0	1	2	0	0	0	0	0	0	0	0	0	0	4	4	15	0	0	0	0	0	0
fsh-generated/resources/Observation-mii-exa-onko-colorectal-tnm.json	1248	1	0	0	0	0	0	0	0	1	0	0	0	0	0	0	0	0	0	0	4	6	25	0	0	0	0	0	0
fsh-generated/resources/Observation-mii-exa-onko-cup-fernmetastase-hep.json	845	1	0	0	0	0	0	0	0	1	0	0	0	0	0	0	0	0	0	0	4	4	13	0	0	0	0	0	0
fsh-generated/resources/Observation-mii-exa-onko-cup-fernmetastase-pul.json	845	1	0	0	0	0	0	0	0	1	0	0	0	0	0	0	0	0	0	0	4	4	14	0	0	0	0	0	0
fsh-generated/resources/Observation-mii-exa-onko-cup-tnm-klassifikation.json	1126	0	0	0	0	0	0	0	0	1	0	0	0	0	0	0	0	0	0	0	3	5	25	0	0	0	0	0	0
fsh-generated/resources/Observation-mii-exa-onko-cup-tnm-m-cM1.json	1619	1	0	0	0	0	0	0	0	1	0	0	0	0	0	0	0	0	0	0	4	4	14	0	0	0	0	0	0
fsh-generated/resources/Observation-mii-exa-onko-cup-tnm-n-cNX.json	1446	1	0	0	0	0	0	0	0	1	0	0	0	0	0	0	0	0	0	0	4	5	15	0	0	0	0	0	0
fsh-generated/resources/Observation-mii-exa-onko-cup-tnm-t-cTX.json	1446	1	0	0	0	0	0	0	0	1	0	0	0	0	0	0	0	0	0	0	4	4	15	0	0	0	0	0	0
fsh-generated/resources/Observation-mii-exa-onko-fernmetastasen-1.json	736	1	0	0	0	0	0	0	0	1	0	0	0	0	0	0	0	0	0	0	4	4	10	0	0	0	0	0	0
fsh-generated/resources/Observation-mii-exa-onko-folfox-verlauf-6months.json	2958	1	0	0	0	0	0	0	0	2	0	0	0	0	0	0	0	0	0	0	4	8	16	0	0	0	0	0	0
fsh-generated/resources/Observation-mii-exa-onko-genetische-variante-braf.json	1158	0	0	0	0	0	0	0	1	3	0	0	0	0	0	0	0	0	0	0	4	4	11	0	0	0	0	0	0
fsh-generated/resources/Observation-mii-exa-onko-grading-1.json	1012	1	0	0	0	0	0	0	0	1	0	0	0	0	0	0	0	0	0	0	4	5	13	0	0	0	0	0	0
fsh-generated/resources/Observation-mii-exa-onko-histologie-icdo3.json	998	1	0	0	0	0	0	0	0	2	0	0	0	0	0	0	0	0	0	0	4	4	14	0	0	0	0	0	0
fsh-generated/resources/Observation-mii-exa-onko-kim-klass1-cM1.json	1539	1	0	0	0	0	0	0	0	0	0	0	0	0	0	0	0	0	0	0	4	5	11	0	0	0	0	0	0
fsh-generated/resources/Observation-mii-exa-onko-kim-klass1-cN1.json	1539	1	0	0	0	0	0	0	0	1	0	0	0	0	0	0	0	0	0	0	4	5	10	0	0	0	0	0	0
fsh-generated/resources/Observation-mii-exa-onko-kim-klass1-cT3c.json	1543	1	0	0	0	0	0	0	0	1	0	0	0	0	0	0	0	0	0	0	4	5	10	0	0	0	0	0	0
fsh-generated/resources/Observation-mii-exa-onko-kim-klass1.json	1311	0	0	0	0	0	0	0	0	1	0	0	0	0	0	0	0	0	0	0	3	5	25	0	0	0	0	0	0
fsh-generated/resources/Observation-mii-exa-onko-kim-klass2-ycM1b.json	1918	1	0	0	0	0	0	0	0	1	0	0	0	0	0	0	0	0	0	0	4	5	11	0	0	0	0	0	0
fsh-generated/resources/Observation-mii-exa-onko-kim-klass2-ycN1.json	1914	1	0	0	0	0	0	0	0	1	0	0	0	0	0	0	0	0	0	0	4	5	11	0	0	0	0	0	0
fsh-generated/resources/Observation-mii-exa-onko-kim-klass2-ycT3c.json	1918	1	0	0	0	0	0	0	1	1	0	0	0	0	0	0	0	0	0	0	4	5	11	0	0	0	0	0	0
fsh-generated/resources/Observation-mii-exa-onko-kim-klass2-ysym.json	943	1	0	0	0	0	0	0	0	1	0	0	0	0	0	0	0	0	0	0	4	4	11	0	0	0	0	0	0
fsh-generated/resources/Observation-mii-exa-onko-kim-klass2.json	1390	1	0	0	0	0	0	0	0	2	0	0	0	0	0	0	0	0	0	0	4	5	29	0	0	0	0	0	0
fsh-generated/resources/Observation-mii-exa-onko-kim-klass3-L1.json	1011	0	0	0	0	0	0	0	0	1	0	0	0	0	0	0	0	0	0	0	3	4	10	0	0	0	0	0	0
fsh-generated/resources/Observation-mii-exa-onko-kim-klass3-Pn0.json	1029	1	0	0	0	0	0	0	0	1	0	0	0	0	0	0	0	0	0	0	4	4	11	0	0	0	0	0	0
fsh-generated/resources/Observation-mii-exa-onko-kim-klass3-V0.json	1008	1	0	0	0	0	0	0	0	1	0	0	0	0	0	0	0	0	0	0	4	4	10	0	0	0	0	0	0
fsh-generated/resources/Observation-mii-exa-onko-kim-klass3-ypM1b.json	1918	1	0	0	0	0	0	0	0	1	0	0	0	0	0	0	0	0	0	0	4	5	11	0	0	0	0	0	0
fsh-generated/resources/Observation-mii-exa-onko-kim-klass3-ypT3c.json	1918	1	0	0	0	0	0	0	0	1	0	0	0	0	0	0	0	0	0	0	4	5	11	0	0	0	0	0	0
fsh-generated/resources/Observation-mii-exa-onko-kim-klass3-ysym.json	943	1	0	0	0	0	0	0	0	1	0	0	0	0	0	0	0	0	0	0	4	4	10	0	0	0	0	0	0
fsh-generated/resources/Observation-mii-exa-onko-kim-klass3.json	1537	0	0	0	0	0	0	0	0	1	0	0	0	0	0	0	0	0	0	0	5	6	36	0	0	0	0	0	0
fsh-generated/resources/Observation-mii-exa-onko-kim-synth1.json	1493	1	0	0	0	0	0	0	1	2	0	0	0	0	0	0	0	0	0	0	5	6	33	0	0	0	0	0	0
fsh-generated/resources/Observation-mii-exa-onko-kim-synth2.json	1572	1	0	0	0	0	0	0	0	1	0	0	0	0	0	0	0	0	0	0	4	6	37	0	0	0	0	0	0
fsh-generated/resources/Observation-mii-exa-onko-kim-synth3.json	1862	1	0	0	0	0	0	0	0	2	0	0	0	0	0	0	0	0	0	0	5	7	51	0	0	0	0	0	0
fsh-generated/resources/Observation-mii-exa-onko-kim-synth4.json	1862	1	0	0	0	0	0	0	0	1	0	0	0	0	0	0	0	0	0	0	4	7	52	0	0	0	0	0	0
fsh-generated/resources/Observation-mii-exa-onko-krk-abstand-circumferelle-resektionsebene.json	966	1	0	0	0	0	0	0	0	830	0	0	0	0	0	0	0	0	0	0	4	5	18	0	0	0	0	0	0
fsh-generated/resources/Observation-mii-exa-onko-krk-abstand-mesorektale-fascie.json	869	0	0	0	0	0	0	0	0	824	0	0	0	0	0	0	0	0	0	0	3	4	19	0	0	0	0	0	0
fsh-generated/resources/Observation-mii-exa-onko-krk-abstand-resektionsrand-aboral.json	916	1	0	0	0	0	0	0	0	817	0	0	0	0	0	0	0	0	0	0	4	5	18	0	0	0	0	0	0
fsh-generated/resources/Observation-mii-exa-onko-krk-abstand-tumor-anokutanlinie.json	869	1	0	0	1	0	0	0	0	825	0	0	0	0	0	0	0	0	0	0	4	5	17	0	0	0	0	0	0
fsh-generated/resources/Observation-mii-exa-onko-krk-anastomoseninsuffizienz.json	1058	1	0	0	0	0	0	0	0	1	0	0	0	0	0	0	0	0	0	0	3	7	18	0	0	0	0	0	0
fsh-generated/resources/Observation-mii-exa-onko-mamma-her2neu-status.json	1617	1	0	0	0	0	0	0	1	2	0	0	0	0	0	0	0	0	0	0	3	5	15	0	0	0	0	0	0
fsh-generated/resources/Observation-mii-exa-onko-mamma-menopause-status-1.json	842	0	0	0	0	0	0	0	0	1	0	0	0	0	0	0	0	0	0	0	4	5	14	0	0	0	0	0	0
fsh-generated/resources/Observation-mii-exa-onko-mamma-rezeptorstatus-estrogen-1.json	1825	1	0	0	0	0	0	0	0	1	0	0	0	0	0	0	0	0	0	0	3	6	15	0	0	0	0	0	0
fsh-generated/resources/Observation-mii-exa-onko-mamma-rezeptorstatus-progesteron-1.json	1840	1	0	0	0	0	0	0	0	1	0	0	0	0	0	0	0	1	0	0	4	5	16	0	0	0	0	0	0
fsh-generated/resources/Observation-mii-exa-onko-mamma-tumorgroesse-1.json	1146	1	0	0	0	0	0	0	0	814	0	0	0	0	0	0	0	0	0	0	3	5	15	0	0	0	0	0	0
fsh-generated/resources/Observation-mii-exa-onko-melanom-breslow-tiefe.json	1100	1	0	0	0	0	0	0	0	839	0	0	0	0	0	0	0	0	0	0	4	5	19	0	0	0	0	0	0
fsh-generated/resources/Observation-mii-exa-onko-melanom-ldh.json	1727	1	0	0	0	0	0	0	0	2439	0	0	0	0	0	0	0	0	0	0	4	6	19	0	0	0	0	0	0
fsh-generated/resources/Observation-mii-exa-onko-melanom-sicherheitsabstand.json	977	0	0	0	0	0	0	0	0	830	0	0	0	0	0	0	0	0	0	0	3	4	19	0	0	0	0	0	0
fsh-generated/resources/Observation-mii-exa-onko-melanom-ulzeration.json	1235	1	0	0	0	0	0	0	0	2	0	0	0	0	0	0	0	0	0	0	4	5	17	0	0	0	0	0	0
fsh-generated/resources/Observation-mii-exa-onko-modification-verlauf-6months.json	3087	1	0	0	0	0	0	0	1	1	0	0	0	0	0	0	0	0	0	0	4	9	17	0	0	0	0	0	0
fsh-generated/resources/Observation-mii-exa-onko-prostata-anzahl-positiver-stanzen-1.json	732	1	0	0	0	0	0	0	0	2	0	0	0	0	0	0	0	0	0	0	4	4	13	0	0	0	0	0	0
fsh-generated/resources/Observation-mii-exa-onko-prostata-anzahl-stanzen-1.json	704	1	0	0	0	0	0	0	0	1	0	0	0	0	0	0	0	0	0	0	3	4	14	0	0	0	0	0	0
fsh-generated/resources/Observation-mii-exa-onko-prostata-ca-befall-stanze-1.json	838	1	0	0	0	0	0	0	0	1	0	0	0	0	0	0	0	0	0	0	4	4	17	0	0	0	0	0	0
fsh-generated/resources/Observation-mii-exa-onko-prostata-gleason-pattern-grade-group-1.json	1468	1	0	0	0	0	0	0	0	1	0	0	0	0	0	0	0	0	0	0	3	6	21	0	0	0	0	0	0
fsh-generated/resources/Observation-mii-exa-onko-prostata-gleason-pattern-primary-1.json	1036	0	0	0	0	0	0	0	0	1	0	0	0	0	0	0	0	0	0	0	4	4	14	0	0	0	0	0	0
fsh-generated/resources/Observation-mii-exa-onko-prostata-gleason-pattern-secondary-1.json	1042	1	0	0	0	0	0	0	0	1	0	0	0	0	0	0	0	0	0	0	4	4	14	0	0	0	0	0	0
fsh-generated/resources/Observation-mii-exa-onko-prostata-gleason-score-gesamt-1.json	1046	1	0	0	0	0	0	0	0	1	0	0	0	0	0	0	0	0	0	0	3	5	13	0	0	0	0	0	0
fsh-generated/resources/Observation-mii-exa-onko-prostata-psa-diagnose-1.json	748	1	0	0	0	0	0	0	0	2	0	0	0	0	0	0	0	0	0	0	4	4	14	0	0	0	0	0	0
fsh-generated/resources/Observation-mii-exa-onko-prostata-psa-verlauf-1.json	748	1	0	0	0	0	0	0	0	1	0	0	0	0	0	0	0	0	0	0	3	4	13	0	0	0	0	0	0
fsh-generated/resources/Observation-mii-exa-onko-prostata-surgical-complication-1.json	1212	1	0	0	0	0	0	0	0	2	0	0	0	0	0	0	0	0	0	0	4	5	18	0	0	0	0	0	0
fsh-generated/resources/Observation-mii-exa-onko-residualstatus-1.json	699	0	0	0	0	0	0	0	0	2	0	0	0	0	0	0	0	0	0	0	4	4	9	0	0	0	0	0	0
fsh-generated/resources/Observation-mii-exa-onko-studienteilnahme-prob.json	1232	1	0	0	0	0	0	0	0	2	0	0	0	0	0	0	0	0	0	0	4	6	17	0	0	0	0	0	0
fsh-generated/resources/Observation-mii-exa-onko-studienteilnahme.json	817	1	0	0	0	0	0	0	0	2	0	0	0	0	0	0	0	0	0	0	3	4	13	0	0	0	0	0	0
fsh-generated/resources/Observation-mii-exa-onko-tnm-biopsy-cT4cN1cM0.json	1207	1	0	0	0	0	0	0	1	2	0	0	0	0	0	0	0	0	0	0	4	5	22	0	0	1	0	0	0
fsh-generated/resources/Observation-mii-exa-onko-tnm-bundle-klassifikation-cT2cN3cM0.json	1377	1	0	0	0	0	0	0	0	3	0	0	0	0	0	0	0	0	0	0	4	6	25	0	0	0	0	0	0
fsh-generated/resources/Observation-mii-exa-onko-tnm-bundle-legacy-klassifikation-cT2cN3cM0.json	1389	1	0	0	0	0	0	0	0	2	0	0	0	0	0	0	0	0	0	0	8	5	25	0	0	0	0	0	0
fsh-generated/resources/Observation-mii-exa-onko-tnm-bundle-legacy-m-cM0.json	1383	1	0	0	0	0	0	0	0	1	0	0	0	0	0	0	0	0	0	0	7	5	11	0	0	0	0	0	0
fsh-generated/resources/Observation-mii-exa-onko-tnm-bundle-legacy-n-cN3.json	1383	0	0	0	0	0	0	0	0	2	0	0	0	0	0	0	0	0	0	0	8	5	10	0	0	0	0	0	0
fsh-generated/resources/Observation-mii-exa-onko-tnm-bundle-legacy-t-cT2.json	1383	1	0	0	0	0	0	0	0	2	0	0	0	0	0	0	0	0	0	0	8	4	11	0	0	0	0	0	0
fsh-generated/resources/Observation-mii-exa-onko-tnm-bundle-m-kategorie-cM0.json	1552	1	0	0	0	0	0	0	0	1	0	0	0	0	0	0	0	0	0	0	8	5	11	0	0	0	0	0	0
fsh-generated/resources/Observation-mii-exa-onko-tnm-bundle-n-kategorie-cN3.json	1552	1	0	0	0	0	0	0	0	2	0	0	0	0	0	0	0	0	0	0	7	4	10	0	0	0	0	0	0
fsh-generated/resources/Observation-mii-exa-onko-tnm-bundle-t-kategorie-cT2.json	1552	1	0	0	0	0	0	0	0	1	0	0	0	0	0	0	0	0	0	0	7	5	10	0	0	0	0	0	0
fsh-generated/resources/Observation-mii-exa-onko-tnm-clinical-cT3cN1cM0.json	1209	1	0	0	0	0	0	0	1	2	0	0	0	0	0	0	0	0	0	0	6	5	22	0	0	0	0	0	0
fsh-generated/resources/Observation-mii-exa-onko-tnm-journey-l-kategorie-L0.json	985	1	0	0	0	0	0	0	0	1	0	0	0	0	0	0	0	0	0	0	6	4	10	0	0	0	0	0	0
fsh-generated/resources/Observation-mii-exa-onko-tnm-journey-pn-kategorie-Pn0.json	1004	1	0	0	0	0	0	0	0	2	0	0	0	0	0	0	0	0	0	0	6	4	10	0	0	0	0	0	0
fsh-generated/resources/Observation-mii-exa-onko-tnm-journey-residualstatus-R0.json	696	0	0	0	0	0	0	0	0	2	0	0	0	0	0	0	0	0	0	0	5	4	10	0	0	0	0	0	0
fsh-generated/resources/Observation-mii-exa-onko-tnm-journey-v-kategorie-V0.json	982	1	0	0	0	0	0	0	0	1	0	0	0	0	0	0	0	0	0	0	6	4	10	0	0	0	0	0	0
fsh-generated/resources/Observation-mii-exa-onko-tnm-klassifikation-TisN0M0.json	1221	1	0	0	0	0	0	0	0	2	0	0	0	0	0	0	0	0	0	0	5	5	21	0	0	0	0	0	0
fsh-generated/resources/Observation-mii-exa-onko-tnm-klassifikation-uT2a2pN0023i-sncM1.json	1512	1	0	0	0	0	0	0	0	2	0	0	0	0	0	0	0	0	0	0	6	6	33	0	0	0	0	0	0
fsh-generated/resources/Observation-mii-exa-onko-tnm-l-kategorie-L.json	992	1	0	0	0	0	0	0	0	1	0	0	0	0	0	0	0	0	0	0	5	4	10	0	0	0	0	0	0
fsh-generated/resources/Observation-mii-exa-onko-tnm-l-kategorie-L1.json	993	1	0	0	0	0	0	0	0	1	0	0	0	0	0	0	0	0	0	0	5	4	10	0	0	0	0	0	0
fsh-generated/resources/Observation-mii-exa-onko-tnm-m-kategorie-M0.json	1347	0	0	0	0	0	0	0	0	1	0	0	0	0	0	0	0	0	0	0	5	4	11	0	0	0	0	0	0
fsh-generated/resources/Observation-mii-exa-onko-tnm-m-kategorie-cM0.json	1505	1	0	0	0	0	0	0	0	1	0	0	0	0	0	0	0	0	0	0	5	4	10	0	0	0	0	0	0
fsh-generated/resources/Observation-mii-exa-onko-tnm-m-kategorie-cM1.json	1348	1	0	0	0	0	0	0	0	0	0	0	0	0	0	0	0	0	0	0	4	5	11	0	0	0	0	0	0
fsh-generated/resources/Observation-mii-exa-onko-tnm-m-kategorie-rcM1.json	1880	1	0	0	1	0	0	0	1	1	0	0	0	0	0	0	0	0	0	0	5	5	11	0	0	0	0	0	0
fsh-generated/resources/Observation-mii-exa-onko-tnm-n-kategorie-N0.json	1347	1	0	0	0	0	0	0	0	1	0	0	0	0	0	0	0	0	0	0	4	4	10	0	0	0	0	0	0
fsh-generated/resources/Observation-mii-exa-onko-tnm-n-kategorie-cN1.json	1505	1	0	0	0	0	0	0	0	1	0	0	0	0	0	0	0	0	0	0	5	5	10	0	0	0	0	0	0
fsh-generated/resources/Observation-mii-exa-onko-tnm-n-kategorie-pN0i-sn.json	2124	0	0	0	0	0	0	0	0	1	0	0	0	0	0	0	0	0	0	0	4	5	10	0	0	0	0	0	0
fsh-generated/resources/Observation-mii-exa-onko-tnm-n-kategorie-rcN1.json	1880	1	0	0	0	0	0	0	0	1	0	0	0	0	0	0	0	0	0	0	5	5	11	0	0	0	0	0	0
fsh-generated/resources/Observation-mii-exa-onko-tnm-n-kategorie-ycN0.json	1880	1	0	0	0	0	0	0	0	1	0	0	0	0	0	0	0	0	0	0	5	5	11	0	0	0	0	0	0
fsh-generated/resources/Observation-mii-exa-onko-tnm-n-kategorie-ypN0.json	1880	1	0	0	0	0	0	0	0	1	0	0	0	0	0	0	0	0	0	0	5	5	11	0	0	0	0	0	0
fsh-generated/resources/Observation-mii-exa-onko-tnm-pn-kategorie-Pn1.json	1012	1	0	0	0	0	0	0	0	1	0	0	0	0	0	0	0	0	0	0	4	4	10	0	0	0	0	0	0
fsh-generated/resources/Observation-mii-exa-onko-tnm-post-chemo-ycT2ycN0cM0.json	1213	1	0	0	0	0	0	0	1	1	0	0	0	0	0	0	0	0	0	0	5	5	22	0	0	0	0	0	0
fsh-generated/resources/Observation-mii-exa-onko-tnm-post-surgery-ypT0ypN0cM0.json	1475	1	0	0	0	0	0	0	0	1	0	0	0	0	0	0	0	0	0	0	5	6	32	0	0	0	0	0	0
fsh-generated/resources/Observation-mii-exa-onko-tnm-recurrence-rcT2cN1cM1.json	1211	1	0	0	0	0	0	0	0	1	0	0	0	0	0	0	0	0	0	0	4	4	22	0	0	0	0	0	0
fsh-generated/resources/Observation-mii-exa-onko-tnm-s-kategorie-S1.json	968	0	0	0	0	0	0	0	0	1	0	0	0	0	0	0	0	0	0	0	5	5	10	0	0	0	0	0	0
fsh-generated/resources/Observation-mii-exa-onko-tnm-synth-klassifikation.json	1918	1	0	0	0	0	0	0	0	2	0	0	0	0	0	0	0	0	0	0	5	6	36	0	0	0	0	0	0
fsh-generated/resources/Observation-mii-exa-onko-tnm-synth-meldung1-klassifikation.json	1367	1	0	0	0	0	0	0	0	1	0	0	0	0	0	0	0	0	0	0	4	6	27	0	0	0	0	0	0
fsh-generated/resources/Observation-mii-exa-onko-tnm-synth-meldung1-m-cM0.json	1549	1	0	0	0	0	0	0	0	1	0	0	0	0	0	0	0	0	0	0	5	5	11	0	0	0	0	0	0
fsh-generated/resources/Observation-mii-exa-onko-tnm-synth-meldung1-n-cN2.json	1549	1	0	0	0	0	0	0	0	1	0	0	0	0	0	0	0	0	0	0	4	4	11	0	0	0	0	0	0
fsh-generated/resources/Observation-mii-exa-onko-tnm-synth-meldung1-t-cT3.json	1549	1	0	0	0	0	0	0	0	1	0	0	0	0	0	0	0	0	0	0	4	5	12	0	0	0	0	0	0
fsh-generated/resources/Observation-mii-exa-onko-tnm-synth-meldung2-klassifikation.json	1285	1	0	0	0	0	0	0	1	1	0	0	0	0	0	0	0	0	0	0	5	5	23	0	0	0	0	0	0
fsh-generated/resources/Observation-mii-exa-onko-tnm-synth-meldung2-n-pN1.json	1549	0	0	0	0	0	0	0	0	1	0	0	0	0	0	0	0	0	0	0	5	4	12	0	0	0	0	0	0
fsh-generated/resources/Observation-mii-exa-onko-tnm-synth-meldung2-t-pT2.json	1549	1	0	0	0	0	0	0	0	1	0	0	0	0	0	0	0	0	0	0	11	5	11	0	0	0	0	0	0
fsh-generated/resources/Observation-mii-exa-onko-tnm-t-kategorie-Tis.json	1350	1	0	0	0	0	0	0	0	1	0	0	0	0	0	0	0	0	0	0	12	5	12	0	0	0	0	0	0
fsh-generated/resources/Observation-mii-exa-onko-tnm-t-kategorie-cT3.json	1505	1	0	0	0	0	0	0	0	1	0	0	0	0	0	0	0	0	0	0	12	4	11	0	0	0	0	0	0
fsh-generated/resources/Observation-mii-exa-onko-tnm-t-kategorie-cT4.json	1505	1	0	0	0	0	0	0	0	1	0	0	0	0	0	0	0	0	0	0	12	4	12	0	0	0	0	0	0
fsh-generated/resources/Observation-mii-exa-onko-tnm-t-kategorie-rcT2.json	1880	1	0	0	0	0	0	0	0	1	0	0	0	0	0	0	0	0	0	0	12	6	11	0	0	0	0	0	0
fsh-generated/resources/Observation-mii-exa-onko-tnm-t-kategorie-uT2a2.json	1354	1	0	0	0	0	0	0	0	1	0	0	0	0	0	0	0	0	0	0	12	4	12	0	0	0	0	0	0
fsh-generated/resources/Observation-mii-exa-onko-tnm-t-kategorie-ycT2.json	1880	1	0	0	0	0	0	0	1	1	0	0	0	0	0	0	0	0	0	0	11	5	12	0	0	0	0	0	0
fsh-generated/resources/Observation-mii-exa-onko-tnm-t-kategorie-ypT0.json	1880	0	0	0	0	0	0	0	0	0	0	0	0	0	0	0	0	0	0	0	7	5	12	0	0	0	0	0	0
fsh-generated/resources/Observation-mii-exa-onko-tnm-v-kategorie-V1.json	990	1	0	0	0	0	0	0	0	1	0	0	0	0	0	0	0	0	0	0	7	5	10	0	0	0	0	0	0
fsh-generated/resources/Observation-mii-exa-onko-tod-j.json	1121	1	0	0	0	0	0	0	0	1	0	0	0	0	0	0	0	0	0	0	7	4	12	0	0	0	0	0	0
fsh-generated/resources/Observation-mii-exa-onko-tod-n.json	1125	1	0	0	0	0	0	0	0	1	0	0	0	0	0	0	0	0	0	0	5	5	11	0	0	0	0	0	0
fsh-generated/resources/Observation-mii-exa-onko-tod-u.json	1031	1	0	0	0	0	0	0	0	2	0	0	0	0	0	0	0	0	0	0	5	5	12	0	0	0	0	0	0
fsh-generated/resources/Observation-mii-exa-onko-tumorgroesse.json	1050	0	0	0	0	0	0	0	0	818	0	0	0	0	0	0	0	0	0	0	5	4	14	0	0	0	0	0	0
fsh-generated/resources/Observation-mii-exa-onko-tumormarker-cea.json	1686	1	0	0	0	0	0	0	0	832	0	0	0	0	0	0	0	0	0	0	4	5	15	0	0	0	0	0	0
fsh-generated/resources/Observation-mii-exa-onko-verlauf-journey-post-chemo.json	2632	1	0	0	0	0	0	0	0	2	0	0	0	0	0	0	0	0	0	0	4	7	16	0	0	0	0	0	0
fsh-generated/resources/Observation-mii-exa-onko-verlauf-journey-post-surgery.json	2631	1	0	0	0	0	0	0	1	1	0	0	0	0	0	0	0	0	0	0	4	7	16	0	0	0	0	0	0
fsh-generated/resources/Observation-mii-exa-onko-verlauf-journey-recurrence.json	2618	1	0	0	0	0	0	0	0	2	0	0	0	0	0	0	0	0	0	0	3	7	15	0	0	0	0	0	0
fsh-generated/resources/Observation-mii-exa-onko-verlauf-tumor.json	2702	1	0	0	0	0	0	0	0	1	0	0	0	0	0	0	0	0	0	0	4	7	16	0	0	0	1	0	0
fsh-generated/resources/Observation-mii-exa-onko-weitere-klassifikationen-1.json	1330	1	0	0	0	0	0	0	0	1	0	0	0	0	0	0	0	0	0	0	3	5	13	0	0	0	0	0	0
fsh-generated/resources/Observation-mii-exa-onko-weitere-klassifikationen-2.json	1170	1	0	0	0	0	0	0	0	1	0	0	0	0	0	0	0	0	0	0	4	5	14	0	0	0	0	0	0
fsh-generated/resources/Observation-mii-exa-onko-weitere-klassifikationen-3.json	1121	1	0	0	0	0	0	0	0	1	0	0	0	0	0	0	0	0	0	0	4	4	18	0	0	0	0	0	0
fsh-generated/resources/Observation-mii-exa-onko-weitere-klassifikationen-4.json	1175	0	0	0	0	0	0	0	0	1	0	0	0	0	0	0	0	0	0	0	4	6	14	0	0	0	0	0	0
fsh-generated/resources/Patient-PatientKimMusterperson.json	195	1	0	0	0	0	0	0	0	1	0	0	0	0	0	0	0	0	0	0	4	3	5	0	0	0	0	0	0
fsh-generated/resources/Patient-example-modification.json	212	1	0	0	1	0	0	0	0	1	0	0	0	0	0	0	0	0	0	0	4	2	5	0	0	0	0	0	0
fsh-generated/resources/Patient-example.json	200	1	0	0	0	0	0	0	0	0	0	0	0	0	0	0	0	0	0	0	4	2	5	0	0	0	0	0	0
fsh-generated/resources/Patient-mii-exa-onko-cup-patient.json	215	0	0	0	0	0	0	0	0	1	0	0	0	0	0	0	0	0	0	0	5	3	5	0	0	0	0	0	0
fsh-generated/resources/Patient-mii-exa-onko-folfox-patient.json	366	1	0	0	0	0	0	0	0	0	0	0	0	0	0	0	0	0	0	0	4	3	5	0	0	0	0	0	0
fsh-generated/resources/Patient-mii-exa-onko-kim-synth-patient.json	225	1	0	0	0	0	0	0	0	1	0	0	0	0	0	0	0	0	0	0	4	2	6	0	0	0	0	0	0
fsh-generated/resources/Patient-mii-exa-onko-krk-bundle-patient.json	177	1	0	0	0	0	0	0	0	0	0	0	0	0	0	0	0	0	0	0	4	4	4	0	0	0	0	0	0
fsh-generated/resources/Patient-mii-exa-onko-mamma-bundle-patient.json	175	0	0	0	0	0	0	0	0	1	0	0	0	0	0	0	0	0	0	0	4	2	5	0	0	0	0	0	0
fsh-generated/resources/Patient-mii-exa-onko-melanom-bundle-patient.json	176	1	0	0	0	0	0	0	0	0	0	0	0	0	0	0	0	0	0	0	4	3	5	0	0	0	0	0	0
fsh-generated/resources/Patient-mii-exa-onko-molecular-board-patient.json	375	1	0	0	0	0	0	0	0	1	0	0	0	0	0	0	0	0	0	0	4	3	5	0	0	0	0	0	0
fsh-generated/resources/Patient-mii-exa-onko-prostata-bundle-patient.json	180	1	0	0	0	0	0	0	0	0	0	0	0	0	0	0	0	0	0	0	3	2	5	0	0	0	0	0	0
fsh-generated/resources/Patient-mii-exa-onko-tnm-bundle-legacy-patient.json	231	0	0	0	0	0	0	0	1	1	0	0	0	0	0	0	0	0	0	0	4	3	5	0	0	0	0	0	0
fsh-generated/resources/Patient-mii-exa-onko-tnm-bundle-patient.json	226	1	0	0	0	0	0	0	0	0	0	0	0	0	0	0	0	0	0	0	4	2	5	0	0	0	0	0	0
fsh-generated/resources/Patient-mii-exa-onko-tnm-synth-patient.json	222	1	0	0	0	0	0	0	0	1	0	0	0	0	0	0	0	0	0	0	4	3	5	0	0	0	0	0	0
fsh-generated/resources/Procedure-PatientKimMusterperson-Procedure-1.json	769	1	0	0	0	0	0	0	0	1	0	0	0	0	0	0	0	0	0	0	4	4	14	0	0	0	0	0	0
fsh-generated/resources/Procedure-PatientKimMusterperson-Procedure-2.json	816	1	0	0	0	0	0	0	0	1	0	0	0	0	0	0	0	0	0	0	4	4	11	0	0	0	0	0	0
fsh-generated/resources/Procedure-PatientKimMusterperson-Procedure-3.json	755	0	0	0	0	0	0	0	0	0	0	0	0	0	0	0	0	0	0	0	4	4	11	0	0	0	0	0	0
fsh-generated/resources/Procedure-PatientKimMusterperson-Procedure-4.json	1457	1	0	0	0	0	0	0	0	1	0	0	0	0	0	0	0	0	0	0	4	5	14	0	0	0	0	0	0
fsh-generated/resources/Procedure-PatientKimMusterperson-Procedure-4a.json	1103	1	0	0	0	0	0	0	0	1	0	0	0	0	0	0	0	0	0	0	4	4	15	0	0	0	0	0	0
fsh-generated/resources/Procedure-PatientKimMusterperson-Procedure-4b.json	1051	1	0	0	0	0	0	0	0	1	0	0	0	0	0	0	0	0	0	0	4	5	15	0	0	0	0	0	0
fsh-generated/resources/Procedure-PatientKimMusterperson-Procedure-4c.json	1031	1	0	0	0	0	0	0	0	1	0	0	0	0	0	0	0	0	0	0	3	4	15	0	0	0	0	0	0
fsh-generated/resources/Procedure-PatientKimMusterperson-Procedure-4d.json	1107	1	0	0	0	0	0	0	0	1	0	0	0	0	0	0	0	0	0	0	4	4	16	0	0	0	0	0	0
fsh-generated/resources/Procedure-PatientKimMusterperson-SystemicTherapy-1.json	1781	0	0	0	0	0	0	0	0	2	0	0	0	0	0	0	0	0	0	0	4	6	15	0	0	0	0	0	0
fsh-generated/resources/Procedure-PatientKimMusterperson-SystemicTherapy-2.json	1676	1	0	0	0	0	0	0	0	1	0	0	0	0	0	0	0	0	0	0	3	5	12	0	0	0	0	0	0
fsh-generated/resources/Procedure-PatientKimMusterperson-SystemicTherapy-3.json	1651	1	0	0	0	0	0	0	1	1	0	0	0	0	0	0	0	0	0	0	5	5	13	0	0	0	0	0	0
fsh-generated/resources/Procedure-mii-exa-onko-folfox-phase1.json	2886	1	0	0	0	0	0	0	0	2	0	0	0	0	0	0	0	0	0	0	4	8	26	0	0	0	0	0	0
fsh-generated/resources/Procedure-mii-exa-onko-folfox-procedure.json	2917	1	0	0	0	0	0	0	0	1	0	0	0	0	0	0	0	0	0	0	4	8	26	0	0	0	0	0	0
fsh-generated/resources/Procedure-mii-exa-onko-krk-operation.json	1565	1	0	0	0	0	0	0	0	1	0	0	0	0	0	0	0	0	0	0	5	5	21	0	0	0	0	0	0
fsh-generated/resources/Procedure-mii-exa-onko-krk-stoma-markierung.json	1301	1	0	0	0	0	0	0	0	1	0	0	0	0	0	0	0	0	0	0	4	5	18	0	0	0	0	0	0
fsh-generated/resources/Procedure-mii-exa-onko-lv5fu2-phase2.json	2997	1	0	0	0	0	0	0	0	2	0	0	0	0	0	0	0	0	0	0	5	8	31	0	0	0	0	0	0
fsh-generated/resources/Procedure-mii-exa-onko-mamma-praeoperative-markierung-1.json	948	0	0	0	0	0	0	0	0	1	0	0	0	0	0	0	0	0	0	0	4	4	15	0	0	0	0	0	0
fsh-generated/resources/Procedure-mii-exa-onko-melanom-exzision-oberarm.json	2009	1	0	0	0	0	0	0	1	1	0	0	0	0	0	0	0	0	0	0	5	6	16	0	0	0	0	0	0
fsh-generated/resources/Procedure-mii-exa-onko-melanom-exzision-ruecken.json	2109	1	0	0	0	0	0	0	0	1	0	0	0	0	0	0	0	0	0	0	4	6	17	0	0	0	0	0	0
fsh-generated/resources/Procedure-mii-exa-onko-operation-1.json	1914	1	0	0	0	0	0	0	0	1	0	0	0	0	0	0	0	0	0	0	4	6	20	0	0	0	0	0	0
fsh-generated/resources/Procedure-mii-exa-onko-palbociclib-therapie.json	1698	1	0	0	0	0	0	0	0	2	0	0	0	0	0	0	0	0	0	0	4	6	21	0	0	0	0	0	0
fsh-generated/resources/Procedure-mii-exa-onko-pertuzumab-therapie.json	1479	1	0	0	0	0	0	0	0	2	0	0	0	0	0	0	0	0	0	0	5	6	18	0	0	0	0	0	0
fsh-generated/resources/Procedure-mii-exa-onko-prostata-operation-prostatektomie.json	1785	1	0	0	0	0	0	0	0	1	0	0	0	0	0	0	0	0	0	0	4	5	17	0	0	0	0	0	1
fsh-generated/resources/Procedure-mii-exa-onko-prostata-operation-turp.json	1782	1	0	0	0	0	0	0	0	1	0	0	0	0	0	0	0	0	0	0	4	7	17	0	0	0	0	0	0
fsh-generated/resources/Procedure-mii-exa-onko-prostata-surgery-1.json	1324	0	0	0	0	0	0	0	0	1	0	0	0	0	0	0	0	0	0	0	5	5	16	0	0	0	0	0	0
fsh-generated/resources/Procedure-mii-exa-onko-prostata-surgery-2.json	2133	1	0	0	0	0	0	0	1	1	0	0	0	0	0	0	0	0	0	0	5	6	22	0	0	0	0	0	0
fsh-generated/resources/Procedure-mii-exa-onko-right-hemicolectomy.json	1939	1	0	0	0	0	0	0	0	1	0	0	0	0	0	0	0	0	0	0	6	6	21	0	0	0	0	0	0
fsh-generated/resources/Procedure-mii-exa-onko-sigmoid-resection-part1.json	1651	1	0	0	0	0	0	0	0	1	0	0	0	0	0	0	0	0	0	0	7	6	24	0	0	0	0	0	0
fsh-generated/resources/Procedure-mii-exa-onko-sigmoid-resection-part2.json	1703	1	0	0	0	0	0	0	0	2	0	0	0	0	0	0	0	0	0	0	7	6	23	0	0	0	0	0	0
fsh-generated/resources/Procedure-mii-exa-onko-sigmoid-resection-part3.json	1609	1	0	0	0	0	0	0	0	1	0	0	0	0	0	0	0	0	0	0	7	5	25	0	0	0	0	0	0
fsh-generated/resources/Procedure-mii-exa-onko-sigmoid-resection.json	2070	1	0	0	0	0	0	0	0	1	0	0	0	0	0	0	0	0	0	0	6	7	21	0	0	0	0	0	0
fsh-generated/resources/Procedure-mii-exa-onko-strahlentherapie-2014-mamma-mit-lk.json	1893	1	0	0	0	0	0	0	0	1660	0	0	0	0	0	0	0	0	0	0	5	6	20	0	0	0	0	0	0
fsh-generated/resources/Procedure-mii-exa-onko-strahlentherapie-2014-prostata-mit-lk.json	1885	0	0	0	0	0	0	0	0	1634	0	0	0	0	0	0	0	0	0	0	4	6	21	0	0	0	0	0	0
fsh-generated/resources/Procedure-mii-exa-onko-strahlentherapie-2021-mamma-lymphknoten.json	2536	1	0	0	0	0	0	0	1	1743	0	0	0	0	0	0	0	0	0	0	5	7	25	0	0	0	0	0	0
fsh-generated/resources/Procedure-mii-exa-onko-strahlentherapie-2021-mamma-primaer.json	2419	1	0	0	0	0	0	0	0	1830	0	0	0	0	0	0	0	0	0	0	4	6	21	0	0	0	0	0	0
fsh-generated/resources/Procedure-mii-exa-onko-strahlentherapie-bestrahlung-nuklearmedizin-1.json	2991	1	0	0	1	0	0	0	0	2	0	0	0	0	0	0	0	0	0	0	5	7	14	0	0	0	0	0	0
fsh-generated/resources/Procedure-mii-exa-onko-strahlentherapie-bestrahlung-pci-sclc.json	2309	1	0	0	0	0	0	0	0	2	0	0	0	0	0	0	0	0	0	0	5	7	17	0	0	0	0	0	0
fsh-generated/resources/Procedure-mii-exa-onko-strahlentherapie-bestrahlung-strahlentherapie-1.json	3059	1	0	0	0	0	0	0	0	3	0	0	0	0	0	0	0	0	0	0	5	7	13	0	0	0	0	0	0
fsh-generated/resources/Procedure-mii-exa-onko-strahlentherapie-nuklearmedizin-1.json	1586	1	0	0	0	0	0	0	0	1	0	0	0	0	0	0	0	0	0	0	4	5	12	0	0	0	0	0	0
fsh-generated/resources/Procedure-mii-exa-onko-strahlentherapie-pci-sclc.json	1583	1	0	0	0	0	0	0	1	2	0	0	0	0	0	0	0	0	0	0	5	5	12	0	0	0	0	0	0
fsh-generated/resources/Procedure-mii-exa-onko-strahlentherapie-strahlentherapie-1.json	1593	1	0	0	0	0	0	0	0	1	0	0	0	0	0	0	0	0	0	0	4	4	12	0	0	0	0	0	0
fsh-generated/resources/Procedure-mii-exa-onko-systemische-therapie-1.json	2021	1	0	0	0	0	0	0	0	2	0	0	0	0	0	0	0	0	0	0	4	6	12	0	0	0	0	0	0
fsh-generated/resources/Procedure-mii-exa-onko-trastuzumab-therapie.json	1492	1	0	0	0	0	0	0	0	1	0	0	0	0	0	0	0	0	0	0	4	5	16	0	0	0	0	0	0
fsh-generated/resources/Provenance-mii-exa-onko-kim-synthesis-provenance.json	1803	1	0	0	0	0	0	0	0	1	0	0	0	0	0	0	0	0	0	0	5	5	40	0	0	0	0	0	0
fsh-generated/resources/RequestGroup-mii-exa-onko-folfox-requestgroup-modification.json	2093	1	0	0	0	0	0	0	0	3	0	0	0	0	0	0	0	0	0	0	4	8	64	0	0	0	0	0	0
fsh-generated/resources/RequestGroup-mii-exa-onko-folfox-requestgroup.json	2061	1	0	0	0	0	0	0	0	1	0	0	0	0	0	0	0	0	0	0	5	7	55	0	0	0	0	0	0
fsh-generated/resources/RequestGroup-mii-exa-onko-molecular-cdk46-protocol.json	1131	0	0	0	0	0	0	0	0	2	0	0	0	0	0	0	0	0	0	0	4	6	48	0	0	0	0	0	0
fsh-generated/resources/RequestGroup-mii-exa-onko-molecular-her2-alternatives.json	1418	1	0	0	0	0	0	0	0	2	0	0	0	0	0	0	0	0	0	0	4	6	48	0	0	0	0	0	0
fsh-generated/resources/ResearchStudy-mii-exa-onko-studie-prob.json	1122	1	0	0	0	0	0	0	1	1	0	0	0	0	0	0	0	0	0	0	4	4	28	0	0	0	0	0	0
fsh-generated/resources/SearchParameter-mii-sp-onko-condition-ext-morphology-behavior-icdo3.json	5437	1	0	0	0	0	0	0	0	3	0	0	0	0	0	0	0	0	0	0	4	11	11	0	0	0	0	0	0
fsh-generated/resources/SearchParameter-mii-sp-onko-ext-strahlentherapie-stellungzurop.json	4908	1	0	0	0	0	0	0	0	2	0	0	0	0	0	0	0	0	0	0	4	9	10	0	0	0	1	0	0
fsh-generated/resources/SearchParameter-mii-sp-onko-ext-systemischetherapie-stellungzurop.json	4927	1	0	0	0	0	0	0	1	2	0	0	0	0	0	0	0	0	0	0	4	10	11	0	0	0	0	0	0
fsh-generated/resources/SearchParameter-mii-sp-onko-observation-ext-tnm-n-itc.json	5318	1	0	0	0	0	0	0	0	2	0	0	0	0	0	0	0	0	0	0	4	10	10	0	0	0	0	0	0
fsh-generated/resources/SearchParameter-mii-sp-onko-observation-ext-tnm-n-sn-suffix.json	5362	1	0	0	0	0	0	0	1	2	0	0	0	0	0	0	0	0	0	0	5	9	10	0	0	0	1	0	0
fsh-generated/resources/SearchParameter-mii-sp-onko-observation-tnm-cp-praefix.json	5531	1	0	0	0	0	0	0	0	2	0	0	0	0	0	0	0	0	0	0	4	11	11	0	0	0	0	0	0
fsh-generated/resources/SearchParameter-mii-sp-onko-observation-tnm-r-praefix.json	5541	2	0	0	0	0	0	0	0	2	0	0	0	0	0	0	0	0	0	0	4	10	11	0	0	0	0	0	0
fsh-generated/resources/SearchParameter-mii-sp-onko-observation-tnm-y-praefix.json	5561	1	0	0	0	0	0	0	1	2	0	0	0	0	0	0	0	0	0	0	4	10	12	0	0	0	1	0	0
fsh-generated/resources/SearchParameter-mii-sp-onko-procedure-ext-operation-intention.json	5370	1	0	0	0	0	0	0	0	2	0	0	0	0	0	0	0	0	0	0	4	10	11	0	0	0	0	0	0
fsh-generated/resources/SearchParameter-mii-sp-onko-procedure-ext-strahlentherapie-bs-boost.json	5420	1	0	0	0	0	0	0	0	2	0	0	0	0	0	0	0	0	0	0	7	9	10	0	0	0	0	0	0
fsh-generated/resources/SearchParameter-mii-sp-onko-procedure-ext-strahlentherapie-bs-einzeldosis.json	5465	1	0	0	0	0	0	0	1	2	0	0	0	0	0	0	0	0	0	0	10	10	10	0	0	0	1	0	0
fsh-generated/resources/SearchParameter-mii-sp-onko-procedure-ext-strahlentherapie-bs-gesamtdosis.json	5465	1	0	0	0	0	0	0	0	2	0	0	0	0	0	0	0	0	0	0	11	10	11	0	0	0	0	0	0
fsh-generated/resources/SearchParameter-mii-sp-onko-procedure-ext-strahlentherapie-intention.json	5412	1	0	0	0	0	0	0	1	2	0	0	0	0	0	0	0	0	0	0	15	10	10	0	0	0	0	0	0
fsh-generated/resources/SearchParameter-mii-sp-onko-procedure-ext-systemischetherapie-intention.json	5431	1	0	0	0	0	0	0	0	2	0	0	0	0	0	0	0	0	0	0	16	10	11	0	0	0	0	0	0
fsh-generated/resources/SearchParameter-mii-sp-onko-procedure-strahlentherapie-applikationsart.json	5413	1	0	0	0	0	0	0	1	2	0	0	0	0	0	0	0	0	0	0	17	10	10	0	0	0	1	0	0
fsh-generated/resources/SearchParameter-mii-sp-onko-procedure-strahlentherapie-lateralitaet.json	5452	1	0	0	0	0	0	0	0	2	0	0	0	0	0	0	0	0	0	0	17	9	11	0	0	0	0	0	0
fsh-generated/resources/SearchParameter-mii-sp-onko-procedure-strahlentherapie-strahlenart.json	5385	1	0	0	0	0	0	0	0	2	0	0	0	0	0	0	0	0	0	0	16	12	11	0	0	0	0	0	0
fsh-generated/resources/ServiceRequest-mii-exa-onko-molecular-surgery-request.json	869	1	0	0	0	0	0	0	0	2	0	0	0	0	0	0	0	0	0	0	16	5	16	0	0	0	0	0	0
fsh-generated/resources/Specimen-PatientKimMusterperson-Specimen-1.json	270	1	0	0	0	0	0	0	0	0	0	0	0	0	0	0	0	0	0	0	16	3	9	0	0	0	0	0	0
fsh-generated/resources/Specimen-mii-exa-onko-krk-specimen.json	1077	1	0	0	0	0	0	0	0	2	0	0	0	0	0	0	0	0	0	0	15	5	11	0	0	0	0	0	0
fsh-generated/resources/Specimen-mii-exa-onko-prostata-specimen-stanze.json	457	1	0	0	0	0	0	0	1	1	0	0	0	0	0	0	0	0	0	0	16	4	9	0	0	0	0	0	0
fsh-generated/resources/Specimen-mii-exa-onko-specimen-1.json	410	1	0	0	0	0	0	0	0	1	0	0	0	0	0	0	0	0	0	0	15	4	10	0	0	0	0	0	0
fsh-generated/resources/StructureDefinition-mii-ex-onko-histology-morphology-behavior-icdo3.json	7088	2	0	22	0	0	0	0	0	10	0	0	0	0	0	0	0	0	0	0	1	61	647	0	0	0	2	0	0
fsh-generated/resources/StructureDefinition-mii-ex-onko-nebenwirkung-ctcae-version.json	6852	1	0	10	1	0	0	0	0	6	0	0	1	0	0	0	0	0	0	0	0	39	250	0	0	0	1	0	0
fsh-generated/resources/StructureDefinition-mii-ex-onko-operation-intention.json	6917	1	0	18	0	0	0	0	0	7	0	0	0	0	0	0	0	0	0	0	0	62	285	0	0	0	2	0	0
fsh-generated/resources/StructureDefinition-mii-ex-onko-operation-urgency.json	7334	2	0	17	0	0	0	0	0	8	0	0	0	0	0	0	0	0	0	0	1	61	288	0	0	0	2	0	1
fsh-generated/resources/StructureDefinition-mii-ex-onko-strahlentherapie-bestrahlung-boost.json	6615	1	0	10	0	0	0	0	0	6	0	0	0	0	0	0	0	0	0	0	0	38	245	0	0	0	1	0	0
fsh-generated/resources/StructureDefinition-mii-ex-onko-strahlentherapie-bestrahlung-einzeldosis.json	6876	1	0	14	0	0	0	0	0	6	0	0	0	0	0	0	0	0	0	0	1	49	276	0	0	0	2	0	0
fsh-generated/resources/StructureDefinition-mii-ex-onko-strahlentherapie-bestrahlung-gesamtdosis.json	6845	2	0	14	0	0	0	0	0	6	0	0	1	0	0	0	0	1	0	0	0	50	269	0	0	0	1	0	0
fsh-generated/resources/StructureDefinition-mii-ex-onko-strahlentherapie-bestrahlung-seitenlokalisation.json	6792	1	0	11	0	0	0	0	0	5	0	0	0	0	0	0	0	0	0	0	0	39	249	0	0	0	1	0	0
fsh-generated/resources/StructureDefinition-mii-ex-onko-strahlentherapie-intention.json	6934	2	0	18	0	0	0	0	0	7	0	0	0	0	0	0	0	0	0	0	1	61	368	0	0	0	2	0	0
fsh-generated/resources/StructureDefinition-mii-ex-onko-strahlentherapie-stellungzurop.json	6973	1	0	18	0	0	0	0	0	8	0	0	0	0	0	0	0	0	0	0	0	61	287	0	0	0	2	0	0
fsh-generated/resources/StructureDefinition-mii-ex-onko-systemische-therapie-intention.json	6970	1	0	19	0	0	0	0	0	7	0	0	1	0	0	0	0	0	0	0	0	62	287	0	0	0	2	0	0
fsh-generated/resources/StructureDefinition-mii-ex-onko-systemische-therapie-stellungzurop.json	7009	2	0	18	0	0	0	0	0	8	0	0	0	0	0	0	0	0	0	0	0	62	288	0	0	0	2	0	0
fsh-generated/resources/StructureDefinition-mii-ex-onko-tnm-a-praefix.json	7079	1	0	16	0	0	0	0	0	8	0	0	0	0	0	0	0	0	0	0	1	59	288	0	0	0	2	0	0
fsh-generated/resources/StructureDefinition-mii-ex-onko-tnm-cp-praefix.json	6981	2	0	18	0	0	0	0	0	7	0	0	0	0	0	0	0	0	0	0	0	61	307	0	0	0	2	0	0
fsh-generated/resources/StructureDefinition-mii-ex-onko-tnm-itc-suffix.json	6517	1	0	18	0	0	0	0	0	7	0	0	0	0	0	0	0	0	0	0	0	58	294	0	0	0	2	0	1
fsh-generated/resources/StructureDefinition-mii-ex-onko-tnm-r-praefix.json	7078	1	0	17	0	0	0	0	0	8	0	0	3	0	0	0	0	0	0	0	1	60	299	0	0	0	1	0	0
fsh-generated/resources/StructureDefinition-mii-ex-onko-tnm-sn-suffix.json	6548	2	0	18	0	0	0	0	0	7	0	0	0	0	0	0	0	0	0	0	0	58	297	0	0	0	2	0	0
fsh-generated/resources/StructureDefinition-mii-ex-onko-tnm-y-praefix.json	7138	1	0	17	0	0	0	0	0	7	0	0	0	0	0	0	0	0	0	0	0	60	316	0	0	0	2	0	0
fsh-generated/resources/StructureDefinition-mii-ex-onko-transformation-von.json	7574	1	0	11	0	0	0	0	0	5	0	0	0	0	0	0	0	0	0	0	1	40	288	0	0	0	1	0	0
fsh-generated/resources/StructureDefinition-mii-lm-mvgenomseq-onkologie.json	69274	5	0	77	0	0	0	0	0	67	0	0	1	0	0	0	0	1	0	0	6	516	1151	0	0	0	18	0	1
fsh-generated/resources/StructureDefinition-mii-lm-onko-organspezifische-zusatzmodule.json	63719	4	0	84	0	0	0	0	0	44	0	0	1	0	0	0	0	1	0	0	8	377	898	0	0	0	14	0	0
fsh-generated/resources/StructureDefinition-mii-lm-onko.json	87056	5	0	76	0	0	0	0	0	61	0	0	0	0	0	0	0	1	0	0	12	475	1093	0	0	0	19	0	1
fsh-generated/resources/StructureDefinition-mii-pr-onko-allgemeiner-leistungszustand-ecog.json	12439	2	0	95	0	0	0	0	0	31	0	0	2	0	0	0	0	0	0	0	2	232	805	0	0	0	9	0	0
fsh-generated/resources/StructureDefinition-mii-pr-onko-allgemeiner-leistungszustand-karnofsky.json	12469	2	0	91	0	0	0	0	0	24	0	0	0	0	0	0	0	1	0	0	0	234	736	0	0	0	10	0	1
fsh-generated/resources/StructureDefinition-mii-pr-onko-anzahl-befallene-lymphknoten.json	11818	1	0	75	0	0	0	0	0	24	0	0	0	0	0	0	0	0	0	0	1	213	754	0	0	0	9	1	0
fsh-generated/resources/StructureDefinition-mii-pr-onko-anzahl-befallene-sentinel-lymphknoten.json	11884	2	0	75	0	0	0	0	0	24	0	0	1	0	0	0	0	1	0	0	0	208	740	0	0	0	8	0	1
fsh-generated/resources/StructureDefinition-mii-pr-onko-anzahl-untersuchte-lymphknoten.json	11842	2	0	76	0	0	0	0	0	22	0	0	0	0	0	0	0	0	0	0	1	306	673	0	0	0	9	0	0
fsh-generated/resources/StructureDefinition-mii-pr-onko-anzahl-untersuchte-sentinel-lymphknoten.json	11914	1	0	76	0	0	0	0	0	23	0	0	0	0	0	0	0	0	0	0	0	211	671	0	0	0	9	0	1
fsh-generated/resources/StructureDefinition-mii-pr-onko-asa-klassifikation.json	10304	1	0	66	0	0	0	0	0	17	0	0	1	0	0	0	0	1	0	0	1	163	586	0	0	0	7	0	0
fsh-generated/resources/StructureDefinition-mii-pr-onko-befund.json	10272	2	0	51	0	0	0	0	0	15	0	0	0	0	0	0	0	0	0	0	0	133	488	0	0	0	5	0	1
fsh-generated/resources/StructureDefinition-mii-pr-onko-diagnose-primaertumor.json	30630	2	0	343	0	0	0	0	0	63	0	0	1	0	0	0	0	1	0	0	2	600	2441	0	0	0	22	0	1
fsh-generated/resources/StructureDefinition-mii-pr-onko-fernmetastasen.json	13182	2	0	91	0	0	0	0	1	22	0	0	0	0	0	0	0	0	0	0	1	208	704	0	0	0	9	0	1
fsh-generated/resources/StructureDefinition-mii-pr-onko-fruehere-tumorerkrankung.json	15868	2	0	83	0	0	0	0	0	29	0	0	1	0	0	0	0	1	0	0	1	227	656	0	0	0	9	0	0
fsh-generated/resources/StructureDefinition-mii-pr-onko-genetische-variante.json	13767	1	0	513	0	0	0	0	0	54	0	0	0	0	0	0	0	1	0	0	0	669	2449	0	0	0	21	0	2
fsh-generated/resources/StructureDefinition-mii-pr-onko-grading.json	11545	2	0	167	0	0	0	0	0	24	0	0	0	0	0	0	0	1	0	0	1	211	692	0	0	0	10	1	1
fsh-generated/resources/StructureDefinition-mii-pr-onko-histologie-icdo3.json	17520	2	0	103	0	0	0	0	0	24	0	0	1	0	0	0	0	0	0	0	1	224	716	0	1	0	9	0	0
fsh-generated/resources/StructureDefinition-mii-pr-onko-krk-abstand-aboral.json	11530	1	0	78	0	0	0	0	0	16	0	0	0	0	0	0	0	0	0	0	0	159	573	0	0	0	7	0	1
fsh-generated/resources/StructureDefinition-mii-pr-onko-krk-abstand-anokutan.json	11385	1	0	76	0	0	0	0	0	17	0	0	0	0	0	0	0	1	0	0	1	164	629	0	0	0	7	0	0
fsh-generated/resources/StructureDefinition-mii-pr-onko-krk-abstand-circumferelle-resektionsebene.json	11675	2	0	77	0	0	0	0	0	16	0	0	0	0	0	0	0	0	0	0	1	159	603	0	0	0	6	0	0
fsh-generated/resources/StructureDefinition-mii-pr-onko-krk-anastomoseninsuffizienz.json	10898	1	0	80	0	0	0	0	0	19	0	0	0	0	0	0	0	0	0	0	0	165	608	0	0	0	7	0	1
fsh-generated/resources/StructureDefinition-mii-pr-onko-krk-mrt-mesorektale-faszie.json	13983	2	0	89	0	0	0	0	0	29	0	0	1	0	0	0	0	1	0	0	1	201	705	0	0	0	9	0	0
fsh-generated/resources/StructureDefinition-mii-pr-onko-krk-operation.json	8121	1	0	251	0	0	0	0	0	25	0	0	0	0	0	0	0	0	0	0	0	312	1114	0	0	0	11	0	1
fsh-generated/resources/StructureDefinition-mii-pr-onko-krk-specimen.json	8503	1	0	84	0	0	0	0	0	12	0	0	0	0	0	0	0	1	0	0	1	117	483	0	0	0	4	0	1
fsh-generated/resources/StructureDefinition-mii-pr-onko-krk-stoma-markierung.json	10670	2	0	156	0	0	0	0	0	23	0	0	0	0	0	0	0	0	0	0	0	257	869	0	0	0	10	0	0
fsh-generated/resources/StructureDefinition-mii-pr-onko-liste-evidenz-erstdiagnose.json	7542	1	0	51	1	0	0	0	0	10	0	0	1	0	0	0	0	0	0	0	1	96	382	0	0	0	4	0	1
fsh-generated/resources/StructureDefinition-mii-pr-onko-mamma-her2neu-status.json	13066	2	0	122	0	0	0	0	0	33	0	0	0	0	0	0	0	1	0	0	0	273	845	0	0	0	10	0	0
fsh-generated/resources/StructureDefinition-mii-pr-onko-mamma-menopause-status.json	8511	1	0	85	0	0	0	0	0	16	0	0	0	0	0	0	0	0	0	0	1	160	579	0	0	0	7	0	1
fsh-generated/resources/StructureDefinition-mii-pr-onko-mamma-operation.json	11211	1	0	336	0	0	0	0	0	31	0	0	0	0	0	0	0	1	0	0	0	370	1174	0	0	0	13	0	1
fsh-generated/resources/StructureDefinition-mii-pr-onko-mamma-praeoperative-markierung.json	9050	2	0	72	0	0	0	0	0	14	0	0	0	0	0	0	0	0	0	0	1	131	598	0	0	0	5	0	0
fsh-generated/resources/StructureDefinition-mii-pr-onko-mamma-rezeptorstatus-estrogen.json	14403	1	0	136	0	0	0	0	0	33	0	0	1	0	0	0	0	1	0	0	0	302	894	0	0	0	12	0	1
fsh-generated/resources/StructureDefinition-mii-pr-onko-mamma-rezeptorstatus-progesteron.json	13632	2	0	132	0	0	0	0	0	30	0	0	0	0	0	0	0	0	0	0	1	281	837	0	0	0	11	0	0
fsh-generated/resources/StructureDefinition-mii-pr-onko-mamma-sozialdienst.json	7883	1	0	316	0	0	0	0	0	26	0	0	0	0	0	0	0	1	0	0	1	309	1133	0	0	0	12	0	1
fsh-generated/resources/StructureDefinition-mii-pr-onko-melanom-breslow-tiefe.json	11984	2	0	86	0	0	0	0	0	19	0	0	0	0	0	0	0	0	0	0	0	182	615	0	0	0	8	0	1
fsh-generated/resources/StructureDefinition-mii-pr-onko-melanom-exzision.json	7010	1	0	229	0	0	0	0	0	24	0	0	1	0	0	0	0	1	0	0	1	300	1076	0	0	0	10	1	1
fsh-generated/resources/StructureDefinition-mii-pr-onko-melanom-ldh.json	12602	1	0	89	0	0	0	0	0	19	0	0	0	0	0	0	0	0	0	0	0	180	631	0	0	0	8	0	0
fsh-generated/resources/StructureDefinition-mii-pr-onko-melanom-sicherheitsabstand.json	12443	2	0	88	0	0	0	0	0	17	0	0	0	0	0	0	0	1	0	0	1	169	1340	0	0	0	7	0	1
fsh-generated/resources/StructureDefinition-mii-pr-onko-melanom-ulzeration.json	11485	1	0	82	0	0	0	0	1	17	0	0	0	0	0	0	0	0	0	0	1	166	587	0	0	0	7	0	0
fsh-generated/resources/StructureDefinition-mii-pr-onko-nebenwirkung-adverse-event.json	18571	2	0	128	0	0	0	0	0	26	0	0	1	0	0	0	0	0	0	0	0	214	622	0	0	0	9	0	1
fsh-generated/resources/StructureDefinition-mii-pr-onko-operation.json	22914	2	0	213	0	0	0	0	0	81	0	0	0	0	0	0	0	1	0	0	1	513	1183	0	0	0	14	0	1
fsh-generated/resources/StructureDefinition-mii-pr-onko-prostata-operation.json	7087	2	0	250	0	0	0	0	0	23	0	0	0	0	0	0	0	1	0	0	1	300	1151	0	0	0	11	0	1
fsh-generated/resources/StructureDefinition-mii-pr-onko-prostate-anzahl-positive-stanzen.json	10627	1	0	77	0	0	0	0	0	14	0	0	0	0	0	0	0	0	0	0	0	145	570	0	0	0	6	0	0
fsh-generated/resources/StructureDefinition-mii-pr-onko-prostate-anzahl-stanzen.json	10506	2	0	75	0	0	0	0	0	14	0	0	0	0	0	0	0	1	0	0	1	144	565	0	0	0	5	0	1
fsh-generated/resources/StructureDefinition-mii-pr-onko-prostate-ca-befall-stanze.json	10022	1	0	83	0	0	0	0	0	17	0	0	1	0	0	0	0	0	0	0	0	166	624	0	0	0	7	0	0
fsh-generated/resources/StructureDefinition-mii-pr-onko-prostate-clavien-dindo.json	12687	2	0	102	0	0	0	0	0	22	0	0	0	0	0	0	0	0	0	0	1	211	704	0	0	0	9	0	0
fsh-generated/resources/StructureDefinition-mii-pr-onko-prostate-gleason-grade-group.json	13029	2	0	103	0	0	0	0	0	20	0	0	0	0	0	0	0	1	0	0	0	202	649	0	0	0	8	0	1
fsh-generated/resources/StructureDefinition-mii-pr-onko-prostate-gleason-patterns.json	13683	2	0	108	0	0	0	0	0	21	0	0	0	0	0	0	0	0	0	0	1	202	650	0	0	0	8	0	0
fsh-generated/resources/StructureDefinition-mii-pr-onko-prostate-gleason-score-gesamt.json	13435	2	0	103	0	0	1	0	0	20	0	0	1	0	0	0	0	0	0	0	1	204	671	0	0	0	9	0	1
fsh-generated/resources/StructureDefinition-mii-pr-onko-prostate-psa.json	10524	1	0	86	0	0	0	0	0	16	0	0	0	0	0	0	0	1	0	0	0	279	594	0	0	0	7	0	0
fsh-generated/resources/StructureDefinition-mii-pr-onko-residualstatus.json	11479	2	0	209	0	0	0	0	0	22	0	0	0	0	0	0	0	0	0	0	1	209	645	0	0	0	8	0	1
fsh-generated/resources/StructureDefinition-mii-pr-onko-specimen.json	10071	1	0	148	0	0	0	0	0	13	0	0	0	0	0	0	0	0	0	0	0	133	459	0	0	0	4	0	0
fsh-generated/resources/StructureDefinition-mii-pr-onko-strahlentherapie-bestrahlung-nuklearmedizin.json	29223	3	0	287	0	0	0	0	0	48	0	0	0	0	0	0	0	1	0	0	1	482	1250	0	0	0	17	0	1
fsh-generated/resources/StructureDefinition-mii-pr-onko-strahlentherapie-bestrahlung-strahlentherapie.json	23704	2	0	287	0	0	0	0	0	411	0	0	1	0	0	0	0	1	0	0	1	463	1284	0	0	0	16	0	1
fsh-generated/resources/StructureDefinition-mii-pr-onko-strahlentherapie.json	18050	2	0	230	0	0	0	0	0	34	0	0	0	0	0	0	0	1	0	0	1	348	1180	0	0	0	13	0	1
fsh-generated/resources/StructureDefinition-mii-pr-onko-studienteilnahme.json	12924	2	0	96	0	0	0	0	0	18	0	0	0	0	0	0	0	0	0	0	1	180	635	0	0	0	8	0	1
fsh-generated/resources/StructureDefinition-mii-pr-onko-systemische-therapie-medikation.json	18545	2	0	351	0	0	0	0	1	41	0	0	1	0	0	0	0	1	0	0	1	503	1990	0	0	0	17	1	1
fsh-generated/resources/StructureDefinition-mii-pr-onko-systemische-therapie.json	23215	2	0	269	0	0	0	0	0	40	0	0	0	0	0	0	0	1	0	0	1	418	1187	0	0	0	15	0	2
fsh-generated/resources/StructureDefinition-mii-pr-onko-therapieempfehlung-kombinationstherapie.json	10583	2	0	126	0	0	0	0	0	18	0	0	0	0	0	0	0	0	0	0	0	173	585	0	0	0	6	0	0
fsh-generated/resources/StructureDefinition-mii-pr-onko-therapieempfehlung-medikation.json	9485	1	0	388	0	0	0	0	0	36	0	0	1	0	0	0	0	1	0	0	1	450	1960	0	0	0	16	0	2
fsh-generated/resources/StructureDefinition-mii-pr-onko-therapieempfehlung-operation.json	7771	2	0	68	0	0	0	0	0	13	0	0	0	0	0	0	0	1	0	0	0	121	519	0	0	0	5	0	0
fsh-generated/resources/StructureDefinition-mii-pr-onko-tnm-a-symbol.json	11774	1	0	103	0	0	0	0	0	18	0	0	0	0	0	0	0	0	0	0	1	176	637	0	0	0	8	0	0
fsh-generated/resources/StructureDefinition-mii-pr-onko-tnm-klassifikation-synthetisiert.json	12868	2	0	133	0	0	0	0	0	20	0	0	0	0	0	0	0	0	0	0	0	196	731	0	0	0	8	0	1
fsh-generated/resources/StructureDefinition-mii-pr-onko-tnm-klassifikation.json	14888	2	0	112	0	0	0	0	0	18	0	0	0	0	0	0	0	1	0	0	1	178	611	0	0	0	8	0	0
fsh-generated/resources/StructureDefinition-mii-pr-onko-tnm-l-kategorie.json	11804	1	0	107	1	0	0	0	0	18	0	0	1	0	0	0	0	0	0	0	1	179	632	0	0	0	7	0	1
fsh-generated/resources/StructureDefinition-mii-pr-onko-tnm-m-kategorie.json	21154	2	0	217	0	0	0	0	0	39	0	0	0	0	0	0	0	1	0	0	1	361	1125	0	0	0	13	0	0
fsh-generated/resources/StructureDefinition-mii-pr-onko-tnm-m-symbol.json	11984	2	0	108	0	0	0	0	0	17	0	0	0	0	0	0	0	0	0	0	0	178	639	0	0	0	8	0	1
fsh-generated/resources/StructureDefinition-mii-pr-onko-tnm-n-kategorie.json	21704	2	0	233	0	0	0	0	0	39	0	0	1	0	0	0	0	1	0	0	1	367	1024	0	0	0	13	0	1
fsh-generated/resources/StructureDefinition-mii-pr-onko-tnm-pn-kategorie.json	12853	1	0	116	0	0	0	0	0	19	0	0	0	0	0	0	0	0	0	0	1	187	640	0	0	0	8	0	0
fsh-generated/resources/StructureDefinition-mii-pr-onko-tnm-r-symbol.json	11772	2	0	107	0	0	0	0	0	18	0	0	0	0	0	0	0	0	0	0	0	180	621	0	0	0	8	0	1
fsh-generated/resources/StructureDefinition-mii-pr-onko-tnm-s-kategorie.json	11864	1	0	112	0	0	0	0	0	18	0	0	0	0	0	0	0	1	0	0	1	181	681	0	0	0	7	0	0
fsh-generated/resources/StructureDefinition-mii-pr-onko-tnm-t-kategorie.json	22019	2	0	227	0	0	0	0	0	41	0	0	1	0	0	0	0	0	0	0	1	385	1103	0	0	0	14	0	1
fsh-generated/resources/StructureDefinition-mii-pr-onko-tnm-v-kategorie.json	11888	2	0	116	0	0	0	0	0	18	0	0	0	0	0	0	0	1	0	0	1	187	1492	0	0	0	8	0	0
fsh-generated/resources/StructureDefinition-mii-pr-onko-tnm-y-symbol.json	11883	1	0	108	0	0	0	0	1	18	0	0	0	0	0	0	0	0	0	0	0	178	637	0	0	0	7	1	1
fsh-generated/resources/StructureDefinition-mii-pr-onko-tod.json	12936	2	0	156	0	0	0	0	0	19	0	0	1	0	0	0	0	0	0	0	1	195	663	0	0	0	8	0	0
fsh-generated/resources/StructureDefinition-mii-pr-onko-tumorgroesse.json	12237	1	0	116	0	0	0	0	0	23	0	0	0	0	0	0	0	1	0	0	1	213	675	0	0	0	9	0	1
fsh-generated/resources/StructureDefinition-mii-pr-onko-tumorkonferenz.json	21313	2	0	207	0	0	0	0	0	35	0	0	0	0	0	0	0	0	0	0	1	317	933	0	0	0	13	0	1
fsh-generated/resources/StructureDefinition-mii-pr-onko-tumormarker.json	9447	1	0	295	0	0	0	0	0	24	0	0	1	0	0	0	0	1	0	0	0	298	1186	0	0	0	12	0	1
fsh-generated/resources/StructureDefinition-mii-pr-onko-verlauf.json	22724	2	0	236	0	0	0	0	0	43	0	0	0	0	0	0	0	1	0	0	1	541	1120	0	0	0	16	0	1
fsh-generated/resources/StructureDefinition-mii-pr-onko-weitere-klassifikationen.json	15743	2	0	112	0	0	0	0	0	18	0	0	0	0	0	0	0	0	0	0	1	198	651	0	0	0	8	0	0
fsh-generated/resources/ValueSet-mii-vs-onko-allgemeiner-leistungszustand-ecog-loinc.json	6396	1	0	0	0	0	0	0	0	486	0	0	0	0	0	0	0	0	0	0	16	12	58	0	0	0	0	0	0
fsh-generated/resources/ValueSet-mii-vs-onko-allgemeiner-leistungszustand-ecog.json	5390	1	0	0	0	0	0	0	1	3	0	0	0	0	0	0	0	0	0	0	17	10	58	0	0	0	0	0	0
fsh-generated/resources/ValueSet-mii-vs-onko-allgemeiner-leistungszustand-karnofsky-loinc.json	6927	1	0	0	0	0	0	0	0	3	0	0	0	0	0	0	0	0	0	0	17	12	68	0	0	0	1	0	0
fsh-generated/resources/ValueSet-mii-vs-onko-allgemeiner-leistungszustand-karnofsky.json	5420	1	0	0	0	0	0	0	1	2	0	0	0	0	0	0	0	0	0	0	17	10	60	0	0	0	0	0	0
fsh-generated/resources/ValueSet-mii-vs-onko-asa-loinc.json	5790	2	0	0	0	0	0	0	0	3	0	0	0	0	0	0	0	0	0	0	16	10	64	0	0	0	0	0	0
fsh-generated/resources/ValueSet-mii-vs-onko-asa-obds.json	5329	1	0	0	0	0	0	0	1	2	0	0	0	0	0	0	0	0	0	0	43	10	78	0	0	0	1	0	0
fsh-generated/resources/ValueSet-mii-vs-onko-beurteilung-lokaler-residualstatus.json	5374	1	0	0	0	0	0	0	0	2	0	0	0	0	0	0	0	0	0	0	10	9	75	0	0	0	0	0	0
fsh-generated/resources/ValueSet-mii-vs-onko-fernmetastasen.json	5262	1	0	0	0	0	0	0	0	1	0	0	0	0	0	0	0	0	0	0	9	9	75	0	0	0	0	0	0
fsh-generated/resources/ValueSet-mii-vs-onko-genetische-variante-auspraegung.json	5369	1	0	0	0	0	0	0	1	2	0	0	0	0	0	0	0	0	0	0	10	10	71	0	0	0	0	0	0
fsh-generated/resources/ValueSet-mii-vs-onko-gesamtbeurteilung-residualstatus.json	5364	1	0	0	0	0	0	0	0	2	0	0	0	0	0	0	0	0	0	0	9	9	71	0	0	0	1	0	0
fsh-generated/resources/ValueSet-mii-vs-onko-grading.json	5296	1	0	0	0	0	0	0	1	2	0	0	0	0	0	0	0	0	0	0	8	9	71	0	0	0	0	0	0
fsh-generated/resources/ValueSet-mii-vs-onko-icd10-meldepflichtige-tumoren.json	7540	1	0	0	0	0	0	0	0	4	0	0	0	0	0	0	0	0	0	0	9	16	200	0	0	0	0	0	0
fsh-generated/resources/ValueSet-mii-vs-onko-icdo3-morphologie-2014.json	5512	1	0	0	0	0	0	0	1	2	0	0	0	0	0	0	0	0	0	0	9	9	182	0	0	0	1	0	0
fsh-generated/resources/ValueSet-mii-vs-onko-icdo3-morphologie-2019.json	5513	1	0	0	0	0	0	0	0	2	0	0	0	0	0	0	0	0	0	0	8	9	162	0	0	0	0	0	0
fsh-generated/resources/ValueSet-mii-vs-onko-icdo3-morphologie.json	5696	1	0	0	0	0	0	0	0	2	0	0	0	0	0	0	0	0	0	0	9	9	152	0	0	0	0	0	0
fsh-generated/resources/ValueSet-mii-vs-onko-icdo3-topographie-2014.json	5488	1	0	0	0	0	0	0	1	2	0	0	0	0	0	0	0	0	0	0	8	9	97	0	0	0	0	0	0
fsh-generated/resources/ValueSet-mii-vs-onko-icdo3-topographie-2019.json	5489	1	0	0	0	0	0	0	0	3	0	0	0	0	0	0	0	0	0	0	8	9	95	0	0	0	1	0	0
fsh-generated/resources/ValueSet-mii-vs-onko-icdo3-topographie.json	5668	1	0	0	0	0	0	0	1	2	0	0	0	0	0	0	0	0	0	0	8	9	92	0	0	0	0	0	0
fsh-generated/resources/ValueSet-mii-vs-onko-ighv-gensegmente-hgnc.json	21303	2	0	0	1	0	0	0	2	152	0	0	0	0	0	0	0	0	0	0	9	64	482	0	0	0	4	0	1
fsh-generated/resources/ValueSet-mii-vs-onko-kdl-dokumentklassen.json	10240	1	0	0	0	0	0	0	1	12	0	0	0	0	0	0	0	0	0	0	9	38	86	0	0	0	1	0	0
fsh-generated/resources/ValueSet-mii-vs-onko-koerperstruktur-sct.json	5747	1	0	0	0	0	0	0	0	2	0	0	0	0	0	0	0	0	0	0	8	10	212	0	0	0	1	0	0
fsh-generated/resources/ValueSet-mii-vs-onko-krk-abstand-circumferelle-resektionsrand.json	5727	1	0	0	0	0	0	0	0	3	0	0	0	0	0	0	0	0	0	0	9	10	49	0	0	0	0	0	0
fsh-generated/resources/ValueSet-mii-vs-onko-krk-abstand-resektionslinie-aboral.json	5687	1	0	0	0	0	0	0	1	3	0	0	0	0	0	0	0	0	0	0	8	10	47	0	0	0	0	0	0
fsh-generated/resources/ValueSet-mii-vs-onko-krk-anastomoseninsuffizienz.json	5365	1	0	0	0	0	0	0	0	2	0	0	0	0	0	0	0	0	0	0	8	11	47	0	0	0	1	0	0
fsh-generated/resources/ValueSet-mii-vs-onko-krk-mrt-mesorektale-faszie-status.json	5445	1	0	0	0	0	0	0	1	1	0	0	0	0	0	0	0	0	0	0	8	9	47	0	0	0	0	0	0
fsh-generated/resources/ValueSet-mii-vs-onko-krk-stoma-anzeichnung.json	5350	1	0	0	0	0	0	0	0	2	0	0	0	0	0	0	0	0	0	0	8	9	48	0	0	0	0	0	0
fsh-generated/resources/ValueSet-mii-vs-onko-krk-stoma-status-reason.json	6127	1	0	0	0	0	0	0	0	5	0	0	0	0	0	0	0	0	0	0	8	11	49	0	0	0	0	0	0
fsh-generated/resources/ValueSet-mii-vs-onko-krk-tme-qualitaet.json	5355	1	0	0	0	0	0	0	1	2	0	0	0	0	0	0	0	0	0	0	8	8	46	0	0	0	1	0	0
fsh-generated/resources/ValueSet-mii-vs-onko-mamma-faerbeintensitaet.json	5607	1	0	0	0	0	0	0	0	2	0	0	0	0	0	0	0	0	0	0	9	9	48	0	0	0	0	0	0
fsh-generated/resources/ValueSet-mii-vs-onko-mamma-her2neu-ihc-score.json	5753	1	0	0	0	0	0	0	1	2	0	0	0	0	0	0	0	0	0	0	8	11	49	0	0	0	0	0	0
fsh-generated/resources/ValueSet-mii-vs-onko-mamma-her2neu-status-leitlinie.json	5368	1	0	0	0	0	0	0	0	2	0	0	0	0	0	0	0	0	0	0	8	9	47	0	0	0	0	0	0
fsh-generated/resources/ValueSet-mii-vs-onko-mamma-her2neu-status-obds.json	5311	1	0	0	0	0	0	0	0	2	0	0	0	0	0	0	0	0	0	0	9	9	47	0	0	0	1	0	0
fsh-generated/resources/ValueSet-mii-vs-onko-mamma-intraoperatives-imaging-praeparat.json	5863	1	0	0	0	0	0	0	1	2	0	0	0	0	0	0	0	0	0	0	9	9	50	0	0	0	0	0	0
fsh-generated/resources/ValueSet-mii-vs-onko-mamma-ish-ergebnis.json	5553	1	0	0	0	0	0	0	0	3	0	0	0	0	0	0	0	0	0	0	10	10	47	0	0	0	0	0	0
fsh-generated/resources/ValueSet-mii-vs-onko-mamma-menopause-status.json	5987	1	0	0	0	0	0	0	1	2	0	0	0	0	0	0	0	0	0	0	9	10	48	0	0	0	1	0	0
fsh-generated/resources/ValueSet-mii-vs-onko-mamma-operation-ops.json	5362	1	0	0	0	0	0	0	0	2	0	0	0	0	0	0	0	0	0	0	9	8	80	0	0	0	0	0	0
fsh-generated/resources/ValueSet-mii-vs-onko-mamma-operation-sct.json	6176	1	0	0	0	0	0	0	1	2	0	0	0	0	0	0	0	0	0	0	9	10	118	0	0	0	0	0	0
fsh-generated/resources/ValueSet-mii-vs-onko-mamma-praeoperative-markierung-modalitaet.json	6411	1	0	0	0	0	0	0	0	3	0	0	0	0	0	0	0	0	0	0	8	11	51	0	0	0	1	0	0
fsh-generated/resources/ValueSet-mii-vs-onko-mamma-rezeptorstatus-leitlinie.json	5337	1	0	0	0	0	0	0	0	2	0	0	0	0	0	0	0	0	0	0	9	9	47	0	0	0	0	0	0
fsh-generated/resources/ValueSet-mii-vs-onko-mamma-rezeptorstatus-obds.json	5519	1	0	0	0	0	0	0	1	2	0	0	0	0	0	0	0	0	0	0	9	10	48	0	0	0	0	0	0
fsh-generated/resources/ValueSet-mii-vs-onko-marker-gene-hgnc.json	9178	2	0	0	0	0	0	0	0	24	0	0	0	0	0	0	0	0	0	0	9	21	130	0	0	0	1	0	0
fsh-generated/resources/ValueSet-mii-vs-onko-melanom-exzision-snomedct.json	5892	1	0	0	0	0	0	0	1	3	0	0	0	0	0	0	0	0	0	0	9	10	49	0	0	0	0	0	0
fsh-generated/resources/ValueSet-mii-vs-onko-melanom-ldh.json	5737	1	0	0	0	0	0	0	0	3	0	0	0	0	0	0	0	0	0	0	9	122	48	0	0	0	0	0	0
fsh-generated/resources/ValueSet-mii-vs-onko-melanom-ulzeration.json	5500	1	0	0	0	0	0	0	1	3	0	0	0	0	0	0	0	0	0	0	8	27	50	0	0	0	1	0	0
fsh-generated/resources/ValueSet-mii-vs-onko-nebenwirkung-art.json	49500	3	0	0	0	0	0	0	4	66	0	0	0	0	0	0	0	0	0	0	9	230	479	0	0	0	14	0	0
fsh-generated/resources/ValueSet-mii-vs-onko-nebenwirkung-ctcae-grad.json	5247	1	0	0	0	0	0	0	0	3	0	0	0	0	0	0	0	0	0	0	9	9	48	0	0	0	0	0	0
fsh-generated/resources/ValueSet-mii-vs-onko-nebenwirkung-ctcae-version.json	5333	1	0	0	0	0	0	0	0	2	0	0	0	0	0	0	0	0	0	0	9	10	48	0	0	0	1	0	0
fsh-generated/resources/ValueSet-mii-vs-onko-operation-intention.json	5858	1	0	0	0	0	0	0	1	3	0	0	0	0	0	0	0	0	0	0	8	11	52	0	0	0	0	0	1
fsh-generated/resources/ValueSet-mii-vs-onko-operation-komplikation.json	5339	1	0	0	0	0	0	0	0	2	0	0	0	0	0	0	0	0	0	0	8	10	62	0	0	0	0	0	0
fsh-generated/resources/ValueSet-mii-vs-onko-operation-urgency.json	5339	1	0	0	0	0	0	0	0	1	0	0	0	0	0	0	0	0	0	0	8	10	48	0	0	0	0	0	0
fsh-generated/resources/ValueSet-mii-vs-onko-ops-nuklearmedizin.json	5519	1	0	0	0	0	0	0	1	8	0	0	0	0	0	0	0	0	0	0	8	10	95	0	0	0	1	0	0
fsh-generated/resources/ValueSet-mii-vs-onko-ops-strahlentherapie.json	5515	2	0	0	0	0	0	0	0	6	0	0	0	0	0	0	0	0	0	0	7	10	106	0	0	0	0	0	0
fsh-generated/resources/ValueSet-mii-vs-onko-praedispositionsgene-hgnc.json	15477	1	0	0	0	0	0	0	1	77	0	0	0	0	0	0	0	1	0	0	8	42	304	0	0	0	2	0	0
fsh-generated/resources/ValueSet-mii-vs-onko-praedispositionssyndrome-orpha.json	11639	2	0	0	0	0	0	0	1	10	0	0	0	0	0	0	0	0	0	0	7	18	101	0	0	0	1	0	0
fsh-generated/resources/ValueSet-mii-vs-onko-primaertumor-diagnosesicherung.json	5400	1	0	0	0	0	0	0	0	3	0	0	0	0	0	0	0	0	0	0	7	9	50	0	0	0	0	0	0
fsh-generated/resources/ValueSet-mii-vs-onko-prostata-clavien-dindo.json	6811	1	0	0	1	0	0	0	1	3	0	0	0	0	0	0	0	0	0	0	7	12	53	0	0	0	0	0	0
fsh-generated/resources/ValueSet-mii-vs-onko-prostata-gleason-pattern-loinc.json	5825	1	0	0	0	0	0	0	0	3	0	0	0	0	0	0	0	0	0	0	7	10	50	0	0	0	1	0	0
fsh-generated/resources/ValueSet-mii-vs-onko-prostata-gleason-patterns.json	6359	1	0	0	0	0	0	0	0	3	0	0	0	0	0	0	0	0	0	0	7	12	51	0	1	0	0	0	0
fsh-generated/resources/ValueSet-mii-vs-onko-prostata-gleason-primary-secondary-tertiary.json	6472	1	0	0	0	0	0	0	1	3	0	0	0	0	0	0	0	0	0	0	7	11	51	0	0	0	0	0	0
fsh-generated/resources/ValueSet-mii-vs-onko-prostata-gleason-score-gesamt.json	7328	1	0	0	0	0	0	0	0	3	0	0	0	0	0	0	0	0	0	0	7	12	54	0	0	0	1	0	0
fsh-generated/resources/ValueSet-mii-vs-onko-prostata-gleason-score.json	7612	1	0	0	0	0	0	0	1	3	0	0	0	0	0	0	0	0	0	0	8	13	54	0	0	0	0	0	0
fsh-generated/resources/ValueSet-mii-vs-onko-prostata-operation-snomedct.json	6077	1	0	0	0	0	0	0	0	3	0	0	0	0	0	0	0	0	0	0	8	11	86	0	0	0	0	0	0
fsh-generated/resources/ValueSet-mii-vs-onko-prostata-postsurgical-complications.json	5365	2	0	0	0	0	0	0	0	2	0	0	0	0	0	0	0	0	0	0	8	9	48	0	0	0	1	0	0
fsh-generated/resources/ValueSet-mii-vs-onko-prostata-psa-loinc.json	5600	1	0	0	0	0	0	0	1	2	0	0	0	0	0	0	0	0	0	0	8	10	49	0	0	0	0	0	0
fsh-generated/resources/ValueSet-mii-vs-onko-seitenlokalisation.json	5332	1	0	0	0	0	0	0	0	2	0	0	0	0	0	0	0	0	0	0	8	8	48	0	0	0	0	0	0
fsh-generated/resources/ValueSet-mii-vs-onko-strahlentherapie-applikationsart.json	5396	1	0	0	0	0	0	0	0	2	0	0	0	0	0	0	0	0	0	0	8	10	52	0	0	0	0	0	0
fsh-generated/resources/ValueSet-mii-vs-onko-strahlentherapie-boost.json	5336	1	0	0	0	0	0	0	1	1	0	0	0	0	0	0	0	0	0	0	8	10	48	0	0	0	1	0	0
fsh-generated/resources/ValueSet-mii-vs-onko-strahlentherapie-ende-grund.json	6217	1	0	0	0	0	0	0	0	4	0	0	0	0	0	0	0	0	0	0	9	12	53	0	0	0	0	0	0
fsh-generated/resources/ValueSet-mii-vs-onko-strahlentherapie-intention.json	5825	1	0	0	0	0	0	0	0	2	0	0	0	0	0	0	0	0	0	0	9	11	50	0	0	0	0	0	0
fsh-generated/resources/ValueSet-mii-vs-onko-strahlentherapie-stellungzurop.json	5357	1	0	0	0	0	0	0	1	2	0	0	0	0	0	0	0	0	0	0	10	10	50	0	0	0	1	0	0
fsh-generated/resources/ValueSet-mii-vs-onko-strahlentherapie-strahlenart.json	5370	1	0	0	0	0	0	0	0	2	0	0	0	0	0	0	0	0	0	0	9	9	51	0	0	0	0	0	0
fsh-generated/resources/ValueSet-mii-vs-onko-strahlentherapie-strahlungseinheit.json	5674	1	0	0	0	0	0	0	0	2	0	0	0	0	0	0	0	0	0	0	10	11	50	0	0	0	0	0	0
fsh-generated/resources/ValueSet-mii-vs-onko-strahlentherapie-zielgebiet.json	5585	2	0	0	0	0	0	0	1	2	0	0	0	0	0	0	0	0	0	0	10	10	92	0	0	0	0	0	0
fsh-generated/resources/ValueSet-mii-vs-onko-studienteilnahme.json	5280	1	0	0	0	0	0	0	0	2	0	0	0	0	0	0	0	0	0	0	10	9	52	0	0	0	1	0	0
fsh-generated/resources/ValueSet-mii-vs-onko-systemische-therapie-art.json	6775	1	0	0	0	0	0	0	1	3	0	0	0	0	0	0	0	0	0	0	10	14	62	0	0	0	0	0	0
fsh-generated/resources/ValueSet-mii-vs-onko-systemische-therapie-ende-grund.json	6330	1	0	0	0	0	0	0	0	3	0	0	0	0	0	0	0	0	0	0	10	13	50	0	0	0	0	0	0
fsh-generated/resources/ValueSet-mii-vs-onko-systemische-therapie-intention.json	5733	1	0	0	0	0	0	0	0	3	0	0	0	0	0	0	0	0	0	0	10	12	48	0	0	0	1	0	0
fsh-generated/resources/ValueSet-mii-vs-onko-systemische-therapie-protokolle.json	5367	1	0	0	0	0	0	0	1	2	0	0	0	0	0	0	0	0	0	0	10	9	76	0	0	0	0	0	0
fsh-generated/resources/ValueSet-mii-vs-onko-systemische-therapie-stellungzurop.json	5852	1	0	0	0	0	0	0	0	2	0	0	0	0	0	0	0	0	0	0	9	12	51	0	0	0	0	0	0
fsh-generated/resources/ValueSet-mii-vs-onko-systemische-therapie-substanzen-2018.json	34929	3	0	0	0	0	0	0	3	849	0	0	0	0	0	0	0	0	0	0	12	51	2688	0	0	0	3	0	1
fsh-generated/resources/ValueSet-mii-vs-onko-systemische-therapie-substanzen-2019.json	35873	2	0	0	0	0	0	0	3	20	0	0	0	0	0	0	0	0	0	0	13	55	184	0	0	0	3	0	0
fsh-generated/resources/ValueSet-mii-vs-onko-systemische-therapie-substanzen-2020.json	37084	3	0	0	0	0	0	0	3	26	0	0	0	0	0	0	0	0	0	0	12	64	195	0	0	0	4	0	0
fsh-generated/resources/ValueSet-mii-vs-onko-systemische-therapie-substanzen-2021.json	39033	3	0	0	0	0	0	0	3	24	0	0	0	0	0	0	0	0	0	0	12	65	204	0	0	0	3	0	0
fsh-generated/resources/ValueSet-mii-vs-onko-systemische-therapie-substanzen-2022.json	42300	2	0	0	0	0	0	0	3	23	0	0	0	0	0	0	0	0	0	0	12	66	210	0	0	0	4	0	0
fsh-generated/resources/ValueSet-mii-vs-onko-systemische-therapie-substanzen-2023.json	43952	3	0	0	0	0	0	0	4	855	0	0	0	0	0	0	0	0	0	0	13	71	2710	0	0	0	5	0	0
fsh-generated/resources/ValueSet-mii-vs-onko-systemische-therapie-substanzen-2024.json	44600	3	0	0	0	0	0	0	3	25	0	0	0	0	0	0	0	1	0	0	12	70	247	0	0	0	4	0	1
fsh-generated/resources/ValueSet-mii-vs-onko-systemische-therapie-substanzen-2025.json	44972	3	0	0	0	0	0	0	4	24	0	0	0	0	0	0	0	0	0	0	13	71	224	0	0	0	4	0	0
fsh-generated/resources/ValueSet-mii-vs-onko-systemische-therapie-substanzen-2026.json	47158	3	0	0	0	0	0	0	4	24	0	0	0	0	0	0	0	0	0	0	12	71	227	0	0	0	5	0	0
fsh-generated/resources/ValueSet-mii-vs-onko-systemische-therapie-substanzen-unii.json	15252	1	0	0	0	0	0	0	1	6	0	0	0	0	0	0	0	0	0	0	10	25	80	0	0	0	1	0	0
fsh-generated/resources/ValueSet-mii-vs-onko-systemische-therapie-substanzen.json	54670	4	0	0	0	0	0	0	4	1709	0	0	0	0	0	0	0	0	0	0	12	80	5246	0	0	0	6	0	0
fsh-generated/resources/ValueSet-mii-vs-onko-therapieabweichung.json	5316	1	0	0	1	0	0	0	0	3	0	0	0	0	0	0	0	0	0	0	9	11	46	0	0	0	0	0	0
fsh-generated/resources/ValueSet-mii-vs-onko-therapieempfehlung-typ.json	5305	1	0	0	0	0	0	0	1	2	0	0	0	0	0	0	0	0	0	0	8	9	46	0	0	0	0	0	0
fsh-generated/resources/ValueSet-mii-vs-onko-therapieplanung-typ.json	5297	1	0	0	0	0	0	0	0	2	0	0	0	0	0	0	0	0	0	0	9	10	44	0	0	0	1	0	0
fsh-generated/resources/ValueSet-mii-vs-onko-tnm-cp-praefix.json	5545	1	0	0	0	0	0	0	0	2	0	0	0	0	0	0	0	0	0	0	8	10	49	0	0	0	0	0	0
fsh-generated/resources/ValueSet-mii-vs-onko-tnm-itc-suffix.json	5670	1	0	0	0	0	0	0	1	3	0	0	0	0	0	0	0	0	0	0	9	10	48	0	0	0	0	0	0
fsh-generated/resources/ValueSet-mii-vs-onko-tnm-klassifikation-typ.json	6125	1	0	0	0	0	0	0	0	2	0	0	0	0	0	0	0	0	0	0	8	11	48	0	0	0	1	0	0
fsh-generated/resources/ValueSet-mii-vs-onko-tnm-l-kategorie-werte.json	5593	1	0	0	0	0	0	0	0	3	0	0	0	0	0	0	0	0	0	0	8	15	45	0	0	0	0	0	0
fsh-generated/resources/ValueSet-mii-vs-onko-tnm-m-kategorie-werte-sct.json	6445	1	0	0	0	0	0	0	1	2	0	0	0	0	0	0	0	0	0	0	8	15	62	0	0	0	0	0	0
fsh-generated/resources/ValueSet-mii-vs-onko-tnm-m-kategorie-werte.json	6049	1	0	0	0	0	0	0	0	3	0	0	0	0	0	0	0	0	0	0	8	11	49	0	0	0	1	0	0
fsh-generated/resources/ValueSet-mii-vs-onko-tnm-m-kategorie.json	6012	1	0	0	0	0	0	0	1	3	0	0	0	0	0	0	0	0	0	0	7	10	47	0	0	0	0	0	0
fsh-generated/resources/ValueSet-mii-vs-onko-tnm-m-symbol.json	6046	1	0	0	0	0	0	0	0	2	0	0	0	0	0	0	0	0	0	0	8	12	49	0	0	0	0	0	0
fsh-generated/resources/ValueSet-mii-vs-onko-tnm-n-kategorie-werte-sct.json	6875	2	0	0	0	0	0	0	0	3	0	0	0	0	0	0	0	0	0	0	7	13	76	0	0	0	1	0	0
fsh-generated/resources/ValueSet-mii-vs-onko-tnm-n-kategorie-werte.json	6531	1	0	0	0	0	0	0	1	3	0	0	0	0	0	0	0	0	0	0	8	13	51	0	0	0	0	0	0
fsh-generated/resources/ValueSet-mii-vs-onko-tnm-n-kategorie.json	6012	1	0	0	0	0	0	0	0	3	0	0	0	0	0	0	0	0	0	0	8	11	48	0	0	0	0	0	1
fsh-generated/resources/ValueSet-mii-vs-onko-tnm-pn-kategorie-werte.json	5597	1	0	0	0	0	0	0	1	2	0	0	0	0	0	0	0	0	0	0	7	10	46	0	0	0	1	0	0
fsh-generated/resources/ValueSet-mii-vs-onko-tnm-s-kategorie-werte.json	5727	1	0	0	0	0	0	0	0	3	0	0	0	0	0	0	0	0	0	0	8	10	48	0	0	0	0	0	0
fsh-generated/resources/ValueSet-mii-vs-onko-tnm-sn-suffix.json	5425	1	0	0	0	0	0	0	0	2	0	0	0	0	0	0	0	0	0	0	7	9	49	0	0	0	0	0	0
fsh-generated/resources/ValueSet-mii-vs-onko-tnm-t-kategorie-werte-sct.json	6875	1	0	0	0	0	0	0	1	3	0	0	0	0	0	0	0	0	0	0	8	13	95	0	0	0	1	0	0
fsh-generated/resources/ValueSet-mii-vs-onko-tnm-t-kategorie-werte.json	8879	2	0	0	0	0	0	0	0	4	0	0	0	0	0	0	0	0	0	0	8	17	64	0	0	0	0	0	0
fsh-generated/resources/ValueSet-mii-vs-onko-tnm-t-kategorie.json	6011	1	0	0	0	0	0	0	1	3	0	0	0	0	0	0	0	0	0	0	9	10	50	0	0	0	0	0	0
fsh-generated/resources/ValueSet-mii-vs-onko-tnm-uicc-stadium.json	8052	1	0	0	0	0	0	0	0	3	0	0	0	0	0	0	0	0	0	0	8	17	55	0	0	0	1	0	0
fsh-generated/resources/ValueSet-mii-vs-onko-tnm-v-kategorie-werte.json	5665	1	0	0	0	0	0	0	0	3	0	0	0	0	0	1	0	0	0	0	8	10	49	0	0	0	0	0	0
fsh-generated/resources/ValueSet-mii-vs-onko-tnm-version.json	5281	1	0	0	0	0	0	0	1	2	0	0	0	0	0	0	0	0	0	0	10	9	47	0	0	0	0	0	0
fsh-generated/resources/ValueSet-mii-vs-onko-tod.json	5207	1	0	0	0	0	0	0	0	1	0	0	0	0	0	0	0	0	0	0	9	9	47	0	0	0	1	0	0
fsh-generated/resources/ValueSet-mii-vs-onko-tumormarker-loinc.json	11666	1	0	0	0	0	0	0	1	5	0	0	0	0	0	0	0	0	0	0	9	22	61	0	0	0	0	0	0
fsh-generated/resources/ValueSet-mii-vs-onko-verlauf-fernmetastasen.json	5345	1	0	0	0	0	0	0	0	2	0	0	0	0	0	0	0	0	0	0	9	10	47	0	0	0	1	0	0
fsh-generated/resources/ValueSet-mii-vs-onko-verlauf-gesamtbeurteilung.json	5347	1	0	0	0	0	0	0	0	1	0	0	0	0	0	0	0	0	0	0	9	9	47	0	0	0	0	0	0
fsh-generated/resources/ValueSet-mii-vs-onko-verlauf-lymphknoten.json	5327	1	0	0	0	0	0	0	1	2	0	0	0	0	0	0	0	0	0	0	9	9	46	0	0	0	0	0	0
fsh-generated/resources/ValueSet-mii-vs-onko-verlauf-primaertumor.json	5334	2	0	0	0	0	0	0	0	2	0	0	0	0	0	0	0	0	0	0	8	9	47	0	0	0	0	0	0
fsh-generated/resources/ValueSet-mii-vs-onko-weitere-klassifikationen-auspraegungen.json	13075	1	0	0	0	0	0	0	1	6	0	0	0	0	0	0	0	0	0	0	9	31	118	0	0	0	1	0	0
fsh-generated/resources/ValueSet-mii-vs-onko-weitere-klassifikationen.json	14833	1	0	0	0	0	0	0	1	7	0	0	0	0	0	0	0	0	0	0	9	27	76	0	0	0	1	0	0
input/resources/Parameters-expansion-manifest.json	509	1	0	0	0	0	0	0	3	0	0	0	0	0	0	0	0	0	0	0	10	69	87	0	0	0	0	0	0
/input/includes/menu.xml	6475	-	-	-	0	0	0	0	0	0	0	0	0	0	0	0	0	0	0	0	0	0	1	0	0	0	0	0	0
/fsh-generated/includes/fsh-link-references.md	59491	-	-	-	0	0	0	0	0	0	0	0	0	0	0	0	0	0	0	0	0	0	2	0	0	0	0	0	0
/input/intro-notes/ConceptMap-mii-cm-onko-intention-sct-intro.md	518	-	-	-	0	0	0	0	0	0	0	0	0	0	0	0	0	0	0	0	0	0	0	0	0	0	0	0	0
/input/intro-notes/StructureDefinition-mii-pr-onko-therapieempfehlung-kombinationstherapie-intro.md	7742	-	-	-	0	0	0	0	0	0	0	0	0	0	0	0	0	0	0	0	0	0	1	0	0	0	0	0	0
/input/intro-notes/ConceptMap-mii-cm-onko-therapie-stellung-sct-intro.md	468	-	-	-	0	0	0	0	0	0	0	0	0	0	0	0	0	0	0	0	0	0	0	0	0	0	0	0	0
/input/intro-notes/StructureDefinition-mii-pr-onko-prostate-anzahl-stanzen-intro.md	2167	-	-	-	0	0	0	0	0	0	0	0	0	0	0	0	0	0	0	0	0	0	0	0	0	0	0	0	0
/input/intro-notes/StructureDefinition-mii-pr-onko-prostate-gleason-grade-group-intro.md	3555	-	-	-	0	0	0	0	0	0	0	0	0	0	0	0	0	0	0	0	0	0	1	0	0	0	0	0	0
/input/intro-notes/StructureDefinition-mii-pr-onko-tnm-s-kategorie-intro.md	384	-	-	-	0	0	0	0	0	0	0	0	0	0	0	0	0	0	0	0	0	0	0	0	0	0	0	0	0
/input/intro-notes/ConceptMap-mii-cm-onko-tnm-uicc-sct-clinical-intro.md	534	-	-	-	0	0	0	0	0	0	0	0	0	0	0	0	0	0	0	0	0	0	0	0	0	0	0	0	0
/input/intro-notes/StructureDefinition-mii-pr-onko-genetische-variante-intro.md	3694	-	-	-	0	0	0	0	0	0	0	0	0	0	0	0	0	0	0	0	0	0	0	0	0	0	0	0	0
/input/intro-notes/StructureDefinition-mii-pr-onko-mamma-praeoperative-markierung-intro.md	4098	-	-	-	0	0	0	0	0	0	0	0	0	0	0	0	0	0	0	0	0	0	1	0	0	0	0	0	0
/input/intro-notes/ConceptMap-mii-cm-onko-fernmetastasen-sct-intro.md	379	-	-	-	0	0	0	0	0	0	0	0	0	0	0	0	0	0	0	0	0	0	0	0	0	0	0	0	0
/input/intro-notes/StructureDefinition-mii-pr-onko-prostate-gleason-patterns-intro.md	3756	-	-	-	0	0	0	0	0	0	0	0	0	0	0	0	0	0	0	0	0	0	0	0	0	0	0	0	0
/input/intro-notes/StructureDefinition-mii-pr-onko-mamma-her2neu-status-intro.md	6694	-	-	-	0	0	0	0	0	0	0	0	0	0	0	0	0	0	0	0	0	0	1	0	0	0	0	0	0
/input/intro-notes/ConceptMap-mii-cm-onko-therapieabweichung-sct-intro.md	471	-	-	-	0	0	0	0	0	0	0	0	0	0	0	0	0	0	0	0	0	0	0	0	0	0	0	0	0
/input/intro-notes/StructureDefinition-mii-pr-onko-strahlentherapie-bestrahlung-nuklearmedizin-intro.md	2222	-	-	-	0	0	0	0	0	0	0	0	0	0	0	0	0	0	0	0	0	0	1	0	0	0	0	0	0
/input/intro-notes/StructureDefinition-mii-pr-onko-krk-specimen-intro.md	3043	-	-	-	0	0	0	0	0	0	0	0	0	0	0	0	0	0	0	0	0	0	0	0	0	0	0	0	0
/input/intro-notes/StructureDefinition-mii-pr-onko-melanom-breslow-tiefe-intro.md	2592	-	-	-	0	0	0	0	0	0	0	0	0	0	0	0	0	0	0	0	0	0	0	0	0	0	0	0	0
/input/intro-notes/ConceptMap-mii-cm-onko-nebenwirkung-sct-intro.md	441	-	-	-	0	0	0	0	0	0	0	0	0	0	0	0	0	0	0	0	0	0	0	0	0	0	0	0	0
/input/intro-notes/StructureDefinition-mii-pr-onko-allgemeiner-leistungszustand-ecog-intro.md	3002	-	-	-	0	0	0	0	0	0	0	0	0	0	0	0	0	0	0	0	0	0	1	0	0	0	0	0	0
/input/intro-notes/StructureDefinition-mii-pr-onko-tnm-t-kategorie-intro.md	1248	-	-	-	0	0	0	0	0	0	0	0	0	0	0	0	0	0	0	0	0	0	0	0	0	0	0	0	0
/input/intro-notes/StructureDefinition-mii-pr-onko-tnm-y-symbol-intro.md	565	-	-	-	0	0	0	0	0	0	0	0	0	0	0	0	0	0	0	0	0	0	0	0	0	0	0	0	0
/input/intro-notes/ConceptMap-mii-cm-onko-allgemeiner-leistungszustand-sct-intro.md	847	-	-	-	0	0	0	0	0	0	0	0	0	0	0	0	0	0	0	0	0	0	1	0	0	0	0	0	0
/input/intro-notes/StructureDefinition-mii-pr-onko-melanom-ldh-intro.md	3569	-	-	-	0	0	0	0	0	0	0	0	0	0	0	0	0	0	0	0	0	0	0	0	0	0	0	0	0
/input/intro-notes/StructureDefinition-mii-pr-onko-liste-evidenz-erstdiagnose-intro.md	1009	-	-	-	0	0	0	0	0	0	0	0	0	0	0	0	0	0	0	0	0	0	0	0	0	0	0	0	0
/input/intro-notes/ConceptMap-mii-cm-onko-strahlentherapie-zielgebiet-sct-intro.md	675	-	-	-	0	0	0	0	0	0	0	0	0	0	0	0	0	0	0	0	0	0	0	0	0	0	0	0	0
/input/intro-notes/StructureDefinition-mii-pr-onko-tnm-r-symbol-intro.md	510	-	-	-	0	0	0	0	0	0	0	0	0	0	0	0	0	0	0	0	0	0	1	0	0	0	0	0	0
/input/intro-notes/ConceptMap-mii-cm-onko-verlauf-lymphknoten-sct-intro.md	437	-	-	-	0	0	0	0	0	0	0	0	0	0	0	0	0	0	0	0	0	0	0	0	0	0	0	0	0
/input/intro-notes/ConceptMap-mii-cm-onko-operation-komplikation-sct-intro.md	608	-	-	-	0	0	0	0	0	0	0	0	0	0	0	0	0	0	0	0	0	0	0	0	0	0	0	0	0
/input/intro-notes/StructureDefinition-mii-pr-onko-tod-intro.md	2168	-	-	-	0	0	0	0	0	0	0	0	0	0	0	0	0	0	0	0	0	0	0	0	0	0	0	0	0
/input/intro-notes/StructureDefinition-mii-ex-onko-operation-urgency-intro.md	2249	-	-	-	0	0	0	0	0	0	0	0	0	0	0	0	0	0	0	0	0	0	1	0	0	0	0	0	0
/input/intro-notes/ConceptMap-mii-cm-onko-verlauf-fernmetastasen-sct-intro.md	637	-	-	-	0	0	0	0	0	0	0	0	0	0	0	0	0	0	0	0	0	0	0	0	0	0	0	0	0
/input/intro-notes/ConceptMap-mii-cm-onko-verlauf-primaertumor-sct-intro.md	519	-	-	-	0	0	0	0	0	0	0	0	0	0	0	0	0	0	0	0	0	0	0	0	0	0	0	0	0
/input/intro-notes/ConceptMap-mii-cm-onko-therapie-typ-sct-intro.md	526	-	-	-	0	0	0	0	0	0	0	0	0	0	0	0	0	0	0	0	0	0	0	0	0	0	0	0	0
/input/intro-notes/StructureDefinition-mii-pr-onko-allgemeiner-leistungszustand-karnofsky-intro.md	3056	-	-	-	0	0	0	0	0	0	0	0	0	0	0	0	0	0	0	0	0	0	1	0	0	0	0	0	0
/input/intro-notes/StructureDefinition-mii-pr-onko-mamma-rezeptorstatus-progesteron-intro.md	5079	-	-	-	0	0	0	0	0	0	0	0	0	0	0	0	0	0	0	0	0	0	0	0	0	0	0	0	0
/input/intro-notes/ConceptMap-mii-cm-onko-therapieplanung-sct-intro.md	487	-	-	-	0	0	0	0	0	0	0	0	0	0	0	0	0	0	0	0	0	0	0	0	0	0	0	0	0
/input/intro-notes/StructureDefinition-mii-pr-onko-mamma-menopause-status-intro.md	3200	-	-	-	0	0	0	0	0	0	0	0	0	0	0	0	0	0	0	0	0	0	1	0	0	0	0	0	0
/input/intro-notes/ConceptMap-mii-cm-onko-tnm-uicc-sct-pathological-intro.md	684	-	-	-	0	0	0	0	0	0	0	0	0	0	0	0	0	0	0	0	0	0	0	0	0	0	0	0	0
/input/intro-notes/StructureDefinition-mii-pr-onko-operation-intro.md	8338	-	-	-	0	0	0	0	0	0	0	0	0	0	0	0	0	0	0	0	0	0	1	0	0	0	0	0	0
/input/intro-notes/StructureDefinition-mii-pr-onko-krk-stoma-markierung-intro.md	3214	-	-	-	0	0	0	0	0	0	0	0	0	0	0	0	0	0	0	0	0	0	0	0	0	0	0	0	0
/input/intro-notes/StructureDefinition-mii-pr-onko-krk-operation-intro.md	2675	-	-	-	0	0	0	0	0	0	0	0	0	0	0	0	0	0	0	0	0	0	1	0	0	0	0	0	0
/input/intro-notes/StructureDefinition-mii-pr-onko-tnm-a-symbol-intro.md	573	-	-	-	0	0	0	0	0	0	0	0	0	0	0	0	0	0	0	0	0	0	0	0	0	0	0	0	0
/input/intro-notes/ValueSet-mii-vs-onko-kdl-dokumentklassen-intro.md	15865	-	-	-	0	0	0	0	0	0	0	0	0	0	0	0	0	0	0	0	0	0	1	0	0	0	0	0	0
/input/intro-notes/StructureDefinition-mii-pr-onko-weitere-klassifikationen-intro.md	5541	-	-	-	0	0	0	0	0	0	0	0	0	0	0	0	0	0	0	0	0	0	1	0	0	0	0	0	0
/input/intro-notes/ConceptMap-mii-cm-onko-strahlentherapie-boost-sct-intro.md	522	-	-	-	0	0	0	0	0	0	0	0	0	0	0	0	0	0	0	0	0	0	0	0	0	0	0	0	0
/input/intro-notes/StructureDefinition-mii-pr-onko-befund-intro.md	1626	-	-	-	0	0	0	0	0	0	0	0	0	0	0	0	0	0	0	0	0	0	0	0	0	0	0	0	0
/input/intro-notes/StructureDefinition-mii-pr-onko-tnm-klassifikation-intro.md	6363	-	-	-	0	0	0	0	0	0	0	0	0	0	0	0	0	0	0	0	0	0	1	0	0	0	0	0	0
/input/intro-notes/ConceptMap-mii-cm-onko-strahlentherapie-strahlenart-sct-intro.md	573	-	-	-	0	0	0	0	0	0	0	0	0	0	0	0	0	0	0	0	0	0	0	0	0	0	0	0	0
/input/intro-notes/StructureDefinition-mii-pr-onko-specimen-intro.md	905	-	-	-	0	0	0	0	0	0	0	0	0	0	0	0	0	0	0	0	0	0	1	0	0	0	0	0	0
/input/intro-notes/ConceptMap-mii-cm-onko-verlauf-gesamtbeurteilung-sct-intro.md	479	-	-	-	0	0	0	0	0	0	0	0	0	0	0	0	0	0	0	0	0	0	0	0	0	0	0	0	0
/input/intro-notes/StructureDefinition-mii-pr-onko-krk-abstand-anokutan-intro.md	2600	-	-	-	0	0	0	0	0	0	0	0	0	0	0	0	0	0	0	0	0	0	0	0	0	0	0	0	0
/input/intro-notes/StructureDefinition-mii-pr-onko-tnm-v-kategorie-intro.md	352	-	-	-	0	0	0	0	0	0	0	0	0	0	0	0	0	0	0	0	0	0	1	0	0	0	0	0	0
/input/intro-notes/StructureDefinition-mii-pr-onko-krk-mrt-mesorektale-faszie-intro.md	3487	-	-	-	0	0	0	0	0	0	0	0	0	0	0	0	0	0	0	0	0	0	0	0	0	0	0	0	0
/input/intro-notes/StructureDefinition-mii-pr-onko-prostate-clavien-dindo-intro.md	3684	-	-	-	0	0	0	0	0	0	0	0	0	0	0	0	0	0	0	0	0	0	0	0	0	0	0	0	0
/input/intro-notes/ConceptMap-mii-cm-onko-seitenlokalisation-sct-intro.md	456	-	-	-	0	0	0	0	0	0	0	0	0	0	0	0	0	0	0	0	0	0	1	0	0	0	0	0	0
/input/intro-notes/StructureDefinition-mii-pr-onko-strahlentherapie-bestrahlung-strahlentherapie-intro.md	2922	-	-	-	0	0	0	0	0	0	0	0	0	0	0	0	0	0	0	0	0	0	0	0	0	0	0	0	0
/input/intro-notes/StructureDefinition-mii-pr-onko-nebenwirkung-adverse-event-intro.md	1976	-	-	-	0	0	0	0	0	0	0	0	0	0	0	0	0	0	0	0	0	0	0	0	0	0	0	0	0
/input/intro-notes/StructureDefinition-mii-pr-onko-melanom-sicherheitsabstand-intro.md	3197	-	-	-	1	0	0	0	0	0	0	0	0	0	0	0	0	0	0	0	0	0	1	0	0	0	0	0	0
/input/intro-notes/ConceptMap-mii-cm-onko-tod-sct-intro.md	645	-	-	-	0	0	0	0	0	0	0	0	0	0	0	0	0	0	0	0	0	0	0	0	0	0	0	0	0
/input/intro-notes/StructureDefinition-mii-pr-onko-residualstatus-intro.md	749	-	-	-	0	0	0	0	0	0	0	0	0	0	0	0	0	0	0	0	0	0	0	0	0	0	0	0	0
/input/intro-notes/StructureDefinition-mii-ex-onko-strahlentherapie-intention-intro.md	211	-	-	-	0	0	0	0	0	0	0	0	0	0	0	0	0	0	0	0	0	0	1	0	0	0	0	0	0
/input/intro-notes/ConceptMap-mii-cm-onko-strahlentherapie-applikationsart-sct-intro.md	642	-	-	-	0	0	0	0	0	0	0	0	0	0	0	0	0	0	0	0	0	0	0	0	0	0	0	0	0
/input/intro-notes/StructureDefinition-mii-pr-onko-therapieempfehlung-medikation-intro.md	4433	-	-	-	0	0	0	0	0	0	0	0	0	0	0	0	0	0	0	0	0	0	0	0	0	0	0	0	0
/input/intro-notes/StructureDefinition-mii-pr-onko-histologie-icdo3-intro.md	796	-	-	-	0	0	0	0	0	0	0	0	0	0	0	0	0	0	0	0	0	0	0	0	0	0	0	0	0
/input/intro-notes/Bundle-mii-exa-onko-mamma-example-bundle-1-intro.md	5171	-	-	-	0	0	0	0	0	0	0	0	0	0	0	0	0	0	0	0	0	0	1	0	0	0	0	0	0
/input/intro-notes/StructureDefinition-mii-pr-onko-prostate-psa-intro.md	2441	-	-	-	0	0	0	0	0	0	0	0	0	0	0	0	0	0	0	0	0	0	0	0	0	0	0	0	0
/input/intro-notes/StructureDefinition-mii-pr-onko-tnm-pn-kategorie-intro.md	336	-	-	-	0	0	0	0	0	0	0	0	0	0	0	0	0	0	0	0	0	0	0	0	0	0	0	0	0
/input/intro-notes/StructureDefinition-mii-ex-onko-strahlentherapie-stellungzurop-intro.md	219	-	-	-	0	0	0	0	0	0	0	0	0	0	0	0	0	0	0	0	0	0	1	0	0	0	0	0	0
/input/intro-notes/ConceptMap-mii-cm-onko-strahlentherapie-strahleneinheit-sct-intro.md	478	-	-	-	0	0	0	0	0	0	0	0	0	0	0	0	0	0	0	0	0	0	0	0	0	0	0	0	0
/input/intro-notes/StructureDefinition-mii-pr-onko-mamma-operation-intro.md	4605	-	-	-	0	0	0	0	0	0	0	0	0	0	0	0	0	0	0	0	0	0	0	0	0	0	0	0	0
/input/intro-notes/StructureDefinition-mii-pr-onko-strahlentherapie-intro.md	9902	-	-	-	0	0	0	0	0	0	0	0	0	0	0	0	0	0	0	0	0	0	1	0	0	0	0	0	0
/input/intro-notes/StructureDefinition-mii-pr-onko-grading-intro.md	348	-	-	-	0	0	0	0	0	0	0	0	0	0	0	0	0	0	0	0	0	0	0	0	0	0	0	0	0
/input/intro-notes/Bundle-mii-exa-onko-krk-bundle-intro.md	7764	-	-	-	0	0	0	0	0	0	0	0	0	0	0	0	0	0	0	0	0	0	1	0	0	0	0	0	0
/input/intro-notes/StructureDefinition-mii-pr-onko-systemische-therapie-intro.md	5803	-	-	-	0	0	0	0	0	0	0	0	0	0	0	0	0	0	0	0	0	0	0	0	0	0	0	0	0
/input/intro-notes/ConceptMap-mii-cm-onko-primaertumor-diagnosesicherung-sct-intro.md	583	-	-	-	0	0	0	0	0	0	0	0	0	0	0	0	0	0	0	0	0	0	0	0	0	0	0	0	0
/input/intro-notes/ConceptMap-mii-cm-onko-genetische-variante-auspraegung-sct-intro.md	928	-	-	-	0	0	0	0	0	0	0	0	0	0	0	0	0	0	0	0	0	0	1	0	0	0	0	0	0
/input/intro-notes/StructureDefinition-mii-pr-onko-verlauf-intro.md	2697	-	-	-	0	0	0	0	0	0	0	0	0	0	0	0	0	0	0	0	0	0	0	0	0	0	0	0	0
/input/intro-notes/StructureDefinition-mii-pr-onko-melanom-ulzeration-intro.md	3388	-	-	-	0	0	0	0	0	0	0	0	0	0	0	0	0	0	0	0	0	0	0	0	0	0	0	0	0
/input/intro-notes/Bundle-mii-exa-onko-melanom-bundle-intro.md	6338	-	-	-	0	0	0	0	0	0	0	0	0	0	0	0	0	0	0	0	0	0	1	0	0	0	0	0	0
/input/intro-notes/StructureDefinition-mii-pr-onko-prostate-ca-befall-stanze-intro.md	1630	-	-	-	0	0	0	0	0	0	0	0	0	0	0	0	0	0	0	0	0	0	0	0	0	0	0	0	0
/input/intro-notes/StructureDefinition-mii-pr-onko-tnm-n-kategorie-intro.md	1292	-	-	-	0	0	0	0	0	0	0	0	0	0	0	0	0	0	0	0	0	0	0	0	0	0	0	0	0
/input/intro-notes/StructureDefinition-mii-pr-onko-tumorgroesse-intro.md	1291	-	-	-	0	0	0	0	0	0	0	0	0	0	0	0	0	0	0	0	0	0	1	0	0	0	0	0	0
/input/intro-notes/StructureDefinition-mii-pr-onko-therapieempfehlung-operation-intro.md	3851	-	-	-	0	0	0	0	0	0	0	0	0	0	0	0	0	0	0	0	0	0	1	0	0	0	0	0	0
/input/intro-notes/StructureDefinition-mii-pr-onko-tnm-m-kategorie-intro.md	1272	-	-	-	0	0	0	0	0	0	0	0	0	0	0	0	0	0	0	0	0	0	0	0	0	0	0	0	0
/input/intro-notes/StructureDefinition-mii-pr-onko-prostate-anzahl-positive-stanzen-intro.md	2366	-	-	-	0	0	0	0	0	0	0	0	0	0	0	0	0	0	0	0	0	0	0	0	0	0	0	0	0
/input/intro-notes/StructureDefinition-mii-pr-onko-krk-abstand-aboral-intro.md	3364	-	-	-	0	0	0	0	0	0	0	0	0	0	0	0	0	0	0	0	0	0	1	0	0	0	0	0	0
/input/intro-notes/StructureDefinition-mii-ex-onko-histology-morphology-behavior-icdo3-intro.md	1562	-	-	-	0	0	0	0	0	0	0	0	0	0	0	0	0	0	0	0	0	0	0	0	0	0	0	0	0
/input/intro-notes/StructureDefinition-mii-pr-onko-fernmetastasen-intro.md	1178	-	-	-	0	0	0	0	0	0	0	0	0	0	0	0	0	0	0	0	0	0	0	0	0	0	0	0	0
/input/intro-notes/StructureDefinition-mii-pr-onko-tumorkonferenz-intro.md	5439	-	-	-	0	0	0	0	0	0	0	0	0	0	0	0	0	0	0	0	0	0	1	0	0	0	0	0	0
/input/intro-notes/StructureDefinition-mii-pr-onko-krk-anastomoseninsuffizienz-intro.md	3303	-	-	-	0	0	0	0	0	0	0	0	0	0	0	0	0	0	0	0	0	0	0	0	0	0	0	0	0
/input/intro-notes/StructureDefinition-mii-pr-onko-mamma-rezeptorstatus-estrogen-intro.md	5063	-	-	-	0	0	0	0	0	0	0	0	0	0	0	0	0	0	0	0	0	0	1	0	0	0	0	0	0
/input/intro-notes/ConceptMap-mii-cm-onko-studienteilnahme-sct-intro.md	370	-	-	-	0	0	0	0	0	0	0	0	0	0	0	0	0	0	0	0	0	0	0	0	0	0	0	0	0
/input/intro-notes/StructureDefinition-mii-ex-onko-tnm-cp-praefix-intro.md	1126	-	-	-	0	0	0	0	0	0	0	0	0	0	0	0	0	0	0	0	0	0	0	0	0	0	0	0	0
/input/intro-notes/StructureDefinition-mii-pr-onko-tnm-m-symbol-intro.md	949	-	-	-	0	0	0	0	0	0	0	0	0	0	0	0	0	0	0	0	0	0	1	0	0	0	0	0	0
/input/intro-notes/StructureDefinition-mii-pr-onko-fruehere-tumorerkrankung-intro.md	5710	-	-	-	0	0	0	0	0	0	0	0	0	0	0	0	0	0	0	0	0	0	0	0	0	0	0	0	0
/input/intro-notes/StructureDefinition-mii-ex-onko-operation-intention-intro.md	463	-	-	-	0	0	0	0	0	0	0	0	0	0	0	0	0	0	0	0	0	0	0	0	0	0	0	0	0
/input/intro-notes/StructureDefinition-mii-pr-onko-tnm-l-kategorie-intro.md	347	-	-	-	0	0	0	0	0	0	0	0	0	0	0	0	0	0	0	0	0	0	1	0	0	0	0	0	0
/input/intro-notes/StructureDefinition-mii-pr-onko-krk-abstand-circumferelle-resektionsebene-intro.md	3436	-	-	-	0	0	0	0	0	0	0	0	0	0	0	0	0	0	0	0	0	0	0	0	0	0	0	0	0
/input/intro-notes/ConceptMap-mii-cm-onko-therapie-ende-sct-intro.md	630	-	-	-	0	0	0	0	0	0	0	0	0	0	0	0	0	0	0	0	0	0	0	0	0	0	0	0	0
/input/intro-notes/ConceptMap-mii-cm-onko-grading-sct-intro.md	394	-	-	-	0	0	0	0	0	0	0	0	0	0	0	0	0	0	0	0	0	0	0	0	0	0	0	0	0
/input/intro-notes/StructureDefinition-mii-pr-onko-systemische-therapie-medikation-intro.md	2267	-	-	-	0	0	0	0	0	0	0	0	0	0	0	0	0	0	0	0	0	0	1	0	0	0	0	0	0
/input/intro-notes/StructureDefinition-mii-pr-onko-diagnose-primaertumor-intro.md	6245	-	-	-	0	0	0	0	0	0	0	0	0	0	0	0	0	0	0	0	0	0	0	0	0	0	0	0	0
/input/intro-notes/StructureDefinition-mii-pr-onko-studienteilnahme-intro.md	2902	-	-	-	0	0	0	0	0	0	0	0	0	0	0	0	0	0	0	0	0	0	1	0	0	0	0	0	0
/input/intro-notes/StructureDefinition-mii-pr-onko-asa-klassifikation-intro.md	2179	-	-	-	0	0	0	0	0	0	0	0	0	0	0	0	0	0	0	0	0	0	0	0	0	0	0	0	0
/input/pagecontent/version-history.md	4464	-	-	-	0	0	0	0	0	0	0	0	0	0	0	0	0	0	0	0	0	0	0	0	0	0	0	0	0
/input/pagecontent/datasets-and-descriptions.md	2730	-	-	-	0	0	0	0	0	0	0	0	0	0	0	0	0	0	0	0	0	0	1	0	0	0	0	0	0
/input/pagecontent/value-sets.md	1479	-	-	-	0	0	0	0	0	0	0	0	0	0	0	0	0	0	0	0	0	0	0	0	0	0	0	0	0
/input/pagecontent/search-parameters.md	1709	-	-	-	0	0	0	0	0	0	0	0	0	0	0	0	0	0	0	0	0	0	0	0	0	0	0	0	0
/input/pagecontent/profiles.md	18346	-	-	-	0	0	0	0	0	0	0	0	0	0	0	0	0	0	0	0	0	0	1	0	0	0	0	0	0
/input/pagecontent/anwendungsfaelle-informationsmodell.md	958	-	-	-	0	0	0	0	0	0	0	0	0	0	0	0	0	0	0	0	0	0	1	0	0	0	0	0	0
/input/pagecontent/ImplementationGuide-mii-ig-onko-de.md	3490	-	-	-	0	0	0	0	0	0	0	0	0	0	0	0	0	0	0	1	0	0	0	0	0	0	0	0	0
/input/pagecontent/molgen-variantentypen.md	12779	-	-	-	0	0	0	0	0	0	0	0	0	0	0	0	0	0	0	0	0	0	1	0	0	0	0	0	0
/input/pagecontent/tnm-breast-cancer-journey.md	8694	-	-	-	0	0	0	0	0	0	0	0	0	0	0	0	0	0	0	0	0	0	0	0	0	0	0	0	0
/input/pagecontent/researcher-guidance.md	2816	-	-	-	0	0	0	0	0	0	0	0	0	0	0	0	0	0	0	0	0	0	1	0	0	0	0	0	0
/input/pagecontent/konformitaets-mappings.md	4542	-	-	-	0	0	0	0	0	0	0	0	0	0	0	0	0	0	0	0	0	0	4461	0	0	0	0	0	0
/input/pagecontent/extensions.md	5394	-	-	-	0	0	0	0	0	0	0	0	0	0	0	0	0	0	0	0	0	0	0	0	0	0	0	0	0
/input/pagecontent/code-systems.md	5351	-	-	-	0	0	0	0	0	0	0	0	0	0	0	0	0	0	0	0	0	0	1	0	0	0	0	0	0
/input/pagecontent/downloads.md	2972	-	-	-	0	0	0	0	0	0	0	0	0	0	0	0	0	0	0	0	0	0	0	0	0	0	0	0	0
/input/pagecontent/examples.md	1312	-	-	-	0	0	0	0	0	0	0	0	0	0	0	0	0	0	0	0	0	0	0	0	0	0	0	0	0
/input/pagecontent/security-and-privacy.md	4430	-	-	-	0	0	0	0	0	0	0	0	0	0	0	0	0	0	0	0	0	0	1	0	0	0	0	0	0
/input/pagecontent/tnm-journey.md	5193	-	-	-	0	0	0	0	0	0	0	0	0	0	0	0	0	0	0	0	0	0	0	0	0	0	0	0	0
/input/pagecontent/therapieziele.md	2875	-	-	-	0	0	0	0	0	0	0	0	0	0	0	0	0	0	0	0	0	0	0	0	0	0	0	0	0
/input/pagecontent/logical-models.md	946	-	-	-	0	0	0	0	0	0	0	0	0	0	0	0	0	0	0	0	0	0	1	0	0	0	0	0	0
/input/pagecontent/metadata.md	21613	-	-	-	0	0	0	0	0	0	0	0	0	0	0	0	0	0	0	0	0	0	1	0	0	0	0	0	0
/input/pagecontent/atc-terminologie.md	10328	-	-	-	0	0	0	0	0	0	0	0	0	0	0	0	0	0	0	0	0	0	1	0	0	0	0	0	0
/input/pagecontent/translationinfo.md	1475	-	-	-	0	0	0	0	0	0	0	0	0	0	0	0	0	0	0	0	0	0	1	0	0	0	0	0	0
/input/pagecontent/guidance.md	8892	-	-	-	0	0	0	0	0	0	0	0	0	0	0	0	0	0	0	0	0	0	0	0	0	0	0	0	0
/input/pagecontent/migration-v2026.md	12745	-	-	-	0	0	0	0	0	0	0	0	0	0	0	0	0	0	0	0	0	0	1	0	0	0	0	0	0
/input/pagecontent/toronto-klassifikation.md	9800	-	-	-	0	0	0	0	0	0	0	0	0	0	0	0	0	0	0	0	0	0	1	0	0	0	0	0	0
/input/pagecontent/icd-o-terminologie.md	5846	-	-	-	0	0	0	0	0	0	0	0	0	0	0	0	0	0	0	0	0	0	0	0	0	0	0	0	0
/input/pagecontent/changes.md	19246	-	-	-	0	0	0	0	0	0	0	0	0	0	0	0	0	0	0	0	0	0	2	0	0	0	0	0	0
/input/pagecontent/capability-statements.md	1270	-	-	-	0	0	0	0	0	0	0	0	0	0	0	0	0	0	0	0	0	0	0	0	0	0	0	0	0
/input/pagecontent/weitere-klassifikationen-terminologien.md	6804	-	-	-	0	0	0	0	0	0	0	0	0	0	0	0	0	0	0	0	0	0	1	0	0	0	0	0	0
/input/pagecontent/uml-diagrams.md	1123	-	-	-	0	0	0	0	0	0	0	0	0	0	0	0	0	0	0	0	0	0	0	0	0	0	0	0	0
/input/pagecontent/tumormarker-loinc.md	11854	-	-	-	0	0	0	0	0	0	0	0	0	0	0	0	0	0	0	0	0	0	1	0	0	0	0	0	0
/input/pagecontent/index.md	7064	-	-	-	0	0	0	0	0	0	0	0	0	0	0	0	0	0	0	0	0	0	0	0	0	0	0	0	0
/input/pagecontent/implementer-guidance.md	8467	-	-	-	0	0	0	0	0	0	0	0	0	0	0	0	0	0	0	0	0	0	1999	0	0	0	0	0	0
/input/intro-notes	0	-	-	-	0	0	0	0	0	0	0	0	0	0	0	0	0	0	0	0	0	0	0	0	0	0	0	0	0
/input/intro-notes/ConceptMap-mii-cm-onko-intention-sct-intro.md	518	-	-	-	0	0	0	0	0	0	0	0	0	0	0	0	0	0	0	0	0	0	0	0	0	0	0	0	0
/input/intro-notes/StructureDefinition-mii-pr-onko-therapieempfehlung-kombinationstherapie-intro.md	7742	-	-	-	0	0	0	0	0	0	0	0	0	0	0	0	0	0	0	0	0	0	0	0	0	0	0	0	0
/input/intro-notes/ConceptMap-mii-cm-onko-therapie-stellung-sct-intro.md	468	-	-	-	0	0	0	0	0	0	0	0	0	0	0	0	0	0	0	0	0	0	1	0	0	0	0	0	0
/input/intro-notes/StructureDefinition-mii-pr-onko-prostate-anzahl-stanzen-intro.md	2167	-	-	-	0	0	0	0	0	0	0	0	0	0	0	0	0	0	0	0	0	0	0	0	0	0	0	0	0
/input/intro-notes/StructureDefinition-mii-pr-onko-prostate-gleason-grade-group-intro.md	3555	-	-	-	0	0	0	0	0	0	0	0	0	0	0	0	0	0	0	0	0	0	0	0	0	0	0	0	0
/input/intro-notes/StructureDefinition-mii-pr-onko-tnm-s-kategorie-intro.md	384	-	-	-	0	0	0	0	0	0	0	0	0	0	0	0	0	0	0	0	0	0	0	0	0	0	0	0	0
/input/intro-notes/ConceptMap-mii-cm-onko-tnm-uicc-sct-clinical-intro.md	534	-	-	-	0	0	0	0	0	0	0	0	0	0	0	0	0	0	0	0	0	0	0	0	0	0	0	0	0
/input/intro-notes/StructureDefinition-mii-pr-onko-genetische-variante-intro.md	3694	-	-	-	0	0	0	0	0	0	0	0	0	0	0	0	0	0	0	0	0	0	0	0	0	0	0	0	0
/input/intro-notes/StructureDefinition-mii-pr-onko-mamma-praeoperative-markierung-intro.md	4098	-	-	-	0	0	0	0	0	0	0	0	0	0	0	0	0	0	0	0	0	0	1	0	0	0	0	0	0
/input/intro-notes/ConceptMap-mii-cm-onko-fernmetastasen-sct-intro.md	379	-	-	-	0	0	0	0	0	0	0	0	0	0	0	0	0	0	0	0	0	0	0	0	0	0	0	0	0
/input/intro-notes/StructureDefinition-mii-pr-onko-prostate-gleason-patterns-intro.md	3756	-	-	-	0	0	0	0	0	0	0	0	0	0	0	0	0	0	0	0	0	0	0	0	0	0	0	0	0
/input/intro-notes/StructureDefinition-mii-pr-onko-mamma-her2neu-status-intro.md	6694	-	-	-	0	0	0	0	0	0	0	0	0	0	0	0	0	0	0	0	0	0	0	0	0	0	0	0	0
/input/intro-notes/ConceptMap-mii-cm-onko-therapieabweichung-sct-intro.md	471	-	-	-	0	0	0	0	0	0	0	0	0	0	0	0	0	0	0	0	0	0	0	0	0	0	0	0	0
/input/intro-notes/StructureDefinition-mii-pr-onko-strahlentherapie-bestrahlung-nuklearmedizin-intro.md	2222	-	-	-	0	0	0	0	0	0	0	0	0	0	0	0	0	0	0	0	0	0	0	0	0	0	0	0	0
/input/intro-notes/StructureDefinition-mii-pr-onko-krk-specimen-intro.md	3043	-	-	-	0	0	0	0	0	0	0	0	0	0	0	0	0	0	0	0	0	0	1	0	0	0	0	0	0
/input/intro-notes/StructureDefinition-mii-pr-onko-melanom-breslow-tiefe-intro.md	2592	-	-	-	0	0	0	0	0	0	0	0	0	0	0	0	0	0	0	0	0	0	0	0	0	0	0	0	0
/input/intro-notes/ConceptMap-mii-cm-onko-nebenwirkung-sct-intro.md	441	-	-	-	0	0	0	0	0	0	0	0	0	0	0	0	0	0	0	0	0	0	0	0	0	0	0	0	0
/input/intro-notes/StructureDefinition-mii-pr-onko-allgemeiner-leistungszustand-ecog-intro.md	3002	-	-	-	0	0	0	0	0	0	0	0	0	0	0	0	0	0	0	0	0	0	0	0	0	0	0	0	0
/input/intro-notes/StructureDefinition-mii-pr-onko-tnm-t-kategorie-intro.md	1248	-	-	-	0	0	0	0	0	0	0	0	0	0	0	0	0	0	0	0	0	0	0	0	0	0	0	0	0
/input/intro-notes/StructureDefinition-mii-pr-onko-tnm-y-symbol-intro.md	565	-	-	-	0	0	0	0	0	0	0	0	0	0	0	0	0	0	0	0	0	0	0	0	0	0	0	0	0
/input/intro-notes/ConceptMap-mii-cm-onko-allgemeiner-leistungszustand-sct-intro.md	847	-	-	-	0	0	0	0	0	0	0	0	0	0	0	0	0	0	0	0	0	0	0	0	0	0	0	0	0
/input/intro-notes/StructureDefinition-mii-pr-onko-melanom-ldh-intro.md	3569	-	-	-	0	0	0	0	0	0	0	0	0	0	0	0	0	0	0	0	0	0	1	0	0	0	0	0	0
/input/intro-notes/StructureDefinition-mii-pr-onko-liste-evidenz-erstdiagnose-intro.md	1009	-	-	-	0	0	0	0	0	0	0	0	0	0	0	0	0	0	0	0	0	0	0	0	0	0	0	0	0
/input/intro-notes/ConceptMap-mii-cm-onko-strahlentherapie-zielgebiet-sct-intro.md	675	-	-	-	0	0	0	0	0	0	0	0	0	0	0	0	0	0	0	0	0	0	0	0	0	0	0	0	0
/input/intro-notes/StructureDefinition-mii-pr-onko-tnm-r-symbol-intro.md	510	-	-	-	0	0	0	0	0	0	0	0	0	0	0	0	0	0	0	0	0	0	0	0	0	0	0	0	0
/input/intro-notes/ConceptMap-mii-cm-onko-verlauf-lymphknoten-sct-intro.md	437	-	-	-	0	0	0	0	0	0	0	0	0	0	0	0	0	0	0	0	0	0	0	0	0	0	0	0	0
/input/intro-notes/ConceptMap-mii-cm-onko-operation-komplikation-sct-intro.md	608	-	-	-	0	0	0	0	0	0	0	0	0	0	0	0	0	0	0	0	0	0	0	0	0	0	0	0	0
/input/intro-notes/StructureDefinition-mii-pr-onko-tod-intro.md	2168	-	-	-	0	0	0	0	0	0	0	0	0	0	0	0	0	0	0	0	0	0	0	0	0	0	0	0	0
/input/intro-notes/StructureDefinition-mii-ex-onko-operation-urgency-intro.md	2249	-	-	-	0	0	0	0	0	0	0	0	0	0	0	0	0	0	0	0	0	0	0	0	0	0	0	0	0
/input/intro-notes/ConceptMap-mii-cm-onko-verlauf-fernmetastasen-sct-intro.md	637	-	-	-	0	0	0	0	0	0	0	0	0	0	0	0	0	0	0	0	0	0	1	0	0	0	0	0	0
/input/intro-notes/ConceptMap-mii-cm-onko-verlauf-primaertumor-sct-intro.md	519	-	-	-	0	0	0	0	0	0	0	0	0	0	0	0	0	0	0	0	0	0	0	0	0	0	0	0	0
/input/intro-notes/ConceptMap-mii-cm-onko-therapie-typ-sct-intro.md	526	-	-	-	0	0	0	0	0	0	0	0	0	0	0	0	0	0	0	0	0	0	0	0	0	0	0	0	0
/input/intro-notes/StructureDefinition-mii-pr-onko-allgemeiner-leistungszustand-karnofsky-intro.md	3056	-	-	-	0	0	0	0	0	0	0	0	0	0	0	0	0	0	0	0	0	0	0	0	0	0	0	0	0
/input/intro-notes/StructureDefinition-mii-pr-onko-mamma-rezeptorstatus-progesteron-intro.md	5079	-	-	-	0	0	0	0	0	0	0	0	0	0	0	0	0	0	0	0	0	0	0	0	0	0	0	0	0
/input/intro-notes/ConceptMap-mii-cm-onko-therapieplanung-sct-intro.md	487	-	-	-	0	0	0	0	0	0	0	0	0	0	0	0	0	0	0	0	0	0	0	0	0	0	0	0	0
/input/intro-notes/StructureDefinition-mii-pr-onko-mamma-menopause-status-intro.md	3200	-	-	-	0	0	0	0	0	0	0	0	0	0	0	0	0	0	0	0	0	0	0	0	0	0	0	0	0
/input/intro-notes/ConceptMap-mii-cm-onko-tnm-uicc-sct-pathological-intro.md	684	-	-	-	0	0	0	0	0	0	0	0	0	0	0	0	0	0	0	0	0	0	0	0	0	0	0	0	0
/input/intro-notes/StructureDefinition-mii-pr-onko-operation-intro.md	8338	-	-	-	0	0	0	0	0	0	0	0	0	0	0	0	0	0	0	0	0	0	1	0	0	0	0	0	0
/input/intro-notes/StructureDefinition-mii-pr-onko-krk-stoma-markierung-intro.md	3214	-	-	-	0	0	0	0	0	0	0	0	0	0	0	0	0	0	0	0	0	0	0	0	0	0	0	0	0
/input/intro-notes/StructureDefinition-mii-pr-onko-krk-operation-intro.md	2675	-	-	-	0	0	0	0	0	0	0	0	0	0	0	0	0	0	0	0	0	0	0	0	0	0	0	0	0
/input/intro-notes/StructureDefinition-mii-pr-onko-tnm-a-symbol-intro.md	573	-	-	-	0	0	0	0	0	0	0	0	0	0	0	0	0	0	0	0	0	0	0	0	0	0	0	0	0
/input/intro-notes/ValueSet-mii-vs-onko-kdl-dokumentklassen-intro.md	15865	-	-	-	0	0	0	0	0	0	0	0	0	0	0	0	0	0	0	0	0	0	1	0	0	0	0	0	0
/input/intro-notes/StructureDefinition-mii-pr-onko-weitere-klassifikationen-intro.md	5541	-	-	-	0	0	0	0	0	0	0	0	0	0	0	0	0	0	0	0	0	0	0	0	0	0	0	0	0
/input/intro-notes/ConceptMap-mii-cm-onko-strahlentherapie-boost-sct-intro.md	522	-	-	-	0	0	0	0	0	0	0	0	0	0	0	0	0	0	0	0	0	0	0	0	0	0	0	0	0
/input/intro-notes/StructureDefinition-mii-pr-onko-befund-intro.md	1626	-	-	-	0	0	0	0	0	0	0	0	0	0	0	0	0	0	0	0	0	0	0	0	0	0	0	0	0
/input/intro-notes/StructureDefinition-mii-pr-onko-tnm-klassifikation-intro.md	6363	-	-	-	0	0	0	0	0	0	0	0	0	0	0	0	0	0	0	0	0	0	1	0	0	0	0	0	0
/input/intro-notes/ConceptMap-mii-cm-onko-strahlentherapie-strahlenart-sct-intro.md	573	-	-	-	0	0	0	0	0	0	0	0	0	0	0	0	0	0	0	0	0	0	0	0	0	0	0	0	0
/input/intro-notes/StructureDefinition-mii-pr-onko-specimen-intro.md	905	-	-	-	0	0	0	0	0	0	0	0	0	0	0	0	0	0	0	0	0	0	0	0	0	0	0	0	0
/input/intro-notes/ConceptMap-mii-cm-onko-verlauf-gesamtbeurteilung-sct-intro.md	479	-	-	-	0	0	0	0	0	0	0	0	0	0	0	0	0	0	0	0	0	0	0	0	0	0	0	0	0
/input/intro-notes/StructureDefinition-mii-pr-onko-krk-abstand-anokutan-intro.md	2600	-	-	-	0	0	0	0	0	0	0	0	0	0	0	0	0	0	0	0	0	0	0	0	0	0	0	0	0
/input/intro-notes/StructureDefinition-mii-pr-onko-tnm-v-kategorie-intro.md	352	-	-	-	0	0	0	0	0	0	0	0	0	0	0	0	0	0	0	0	0	0	0	0	0	0	0	0	0
/input/intro-notes/StructureDefinition-mii-pr-onko-krk-mrt-mesorektale-faszie-intro.md	3487	-	-	-	0	0	0	0	0	0	0	0	0	0	0	0	0	0	0	0	0	0	1	0	0	0	0	0	0
/input/intro-notes/StructureDefinition-mii-pr-onko-prostate-clavien-dindo-intro.md	3684	-	-	-	0	0	0	0	0	0	0	0	0	0	0	0	0	0	0	0	0	0	0	0	0	0	0	0	0
/input/intro-notes/ConceptMap-mii-cm-onko-seitenlokalisation-sct-intro.md	456	-	-	-	0	0	0	0	0	0	0	0	0	0	0	0	0	0	0	0	0	0	0	0	0	0	0	0	0
/input/intro-notes/StructureDefinition-mii-pr-onko-strahlentherapie-bestrahlung-strahlentherapie-intro.md	2922	-	-	-	0	0	0	0	0	0	0	0	0	0	0	0	0	0	0	0	0	0	0	0	0	0	0	0	0
/input/intro-notes/StructureDefinition-mii-pr-onko-nebenwirkung-adverse-event-intro.md	1976	-	-	-	0	0	0	0	0	0	0	0	0	0	0	0	0	0	0	0	0	0	0	0	0	0	0	0	0
/input/intro-notes/StructureDefinition-mii-pr-onko-melanom-sicherheitsabstand-intro.md	3197	-	-	-	0	0	0	0	0	0	0	0	0	0	0	0	0	0	0	0	0	0	0	0	0	0	0	0	0
/input/intro-notes/ConceptMap-mii-cm-onko-tod-sct-intro.md	645	-	-	-	0	0	0	0	0	0	0	0	0	0	0	0	0	0	0	0	0	0	1	0	0	0	0	0	0
/input/intro-notes/StructureDefinition-mii-pr-onko-residualstatus-intro.md	749	-	-	-	0	0	0	0	0	0	0	0	0	0	0	0	0	0	0	0	0	0	0	0	0	0	0	0	0
/input/intro-notes/StructureDefinition-mii-ex-onko-strahlentherapie-intention-intro.md	211	-	-	-	0	0	0	0	0	0	0	0	0	0	0	0	0	0	0	0	0	0	0	0	0	0	0	0	0
/input/intro-notes/ConceptMap-mii-cm-onko-strahlentherapie-applikationsart-sct-intro.md	642	-	-	-	0	0	0	0	0	0	0	0	0	0	0	0	0	0	0	0	0	0	0	0	0	0	0	0	0
/input/intro-notes/StructureDefinition-mii-pr-onko-therapieempfehlung-medikation-intro.md	4433	-	-	-	0	0	0	0	0	0	0	0	0	0	0	0	0	0	0	0	0	0	0	0	0	0	0	0	0
/input/intro-notes/StructureDefinition-mii-pr-onko-histologie-icdo3-intro.md	796	-	-	-	0	0	0	0	0	0	0	0	0	0	0	0	0	0	0	0	0	0	0	0	0	0	0	0	0
/input/intro-notes/Bundle-mii-exa-onko-mamma-example-bundle-1-intro.md	5171	-	-	-	0	0	0	0	0	0	0	0	0	0	0	0	0	0	0	0	0	0	0	0	0	0	0	0	0
/input/intro-notes/StructureDefinition-mii-pr-onko-prostate-psa-intro.md	2441	-	-	-	0	0	0	0	0	0	0	0	0	0	0	0	0	0	0	0	0	0	1	0	0	0	0	0	0
/input/intro-notes/StructureDefinition-mii-pr-onko-tnm-pn-kategorie-intro.md	336	-	-	-	0	0	0	0	0	0	0	0	0	0	0	0	0	0	0	0	0	0	0	0	0	0	0	0	0
/input/intro-notes/StructureDefinition-mii-ex-onko-strahlentherapie-stellungzurop-intro.md	219	-	-	-	0	0	0	0	0	0	0	0	0	0	0	0	0	0	0	0	0	0	0	0	0	0	0	0	0
/input/intro-notes/ConceptMap-mii-cm-onko-strahlentherapie-strahleneinheit-sct-intro.md	478	-	-	-	0	0	0	0	0	0	0	0	0	0	0	0	0	0	0	0	0	0	0	0	0	0	0	0	0
/input/intro-notes/StructureDefinition-mii-pr-onko-mamma-operation-intro.md	4605	-	-	-	0	0	0	0	0	0	0	0	0	0	0	0	0	0	0	0	0	0	0	0	0	0	0	0	0
/input/intro-notes/StructureDefinition-mii-pr-onko-strahlentherapie-intro.md	9902	-	-	-	0	0	0	0	0	0	0	0	0	0	0	0	0	0	0	0	0	0	1	0	0	0	0	0	0
/input/intro-notes/StructureDefinition-mii-pr-onko-grading-intro.md	348	-	-	-	0	0	0	0	0	0	0	0	0	0	0	0	0	0	0	0	0	0	0	0	0	0	0	0	0
/input/intro-notes/Bundle-mii-exa-onko-krk-bundle-intro.md	7764	-	-	-	0	0	0	0	0	0	0	0	0	0	0	0	0	0	0	0	0	0	0	0	0	0	0	0	0
/input/intro-notes/StructureDefinition-mii-pr-onko-systemische-therapie-intro.md	5803	-	-	-	0	0	0	0	0	0	0	0	0	0	0	0	0	0	0	0	0	0	0	0	0	0	0	0	0
/input/intro-notes/ConceptMap-mii-cm-onko-primaertumor-diagnosesicherung-sct-intro.md	583	-	-	-	0	0	0	0	0	0	0	0	0	0	0	0	0	0	0	0	0	0	0	0	0	0	0	0	0
/input/intro-notes/ConceptMap-mii-cm-onko-genetische-variante-auspraegung-sct-intro.md	928	-	-	-	0	0	0	0	0	0	0	0	0	0	0	0	0	0	0	0	0	0	1	0	0	0	0	0	0
/input/intro-notes/StructureDefinition-mii-pr-onko-verlauf-intro.md	2697	-	-	-	0	0	0	0	0	0	0	0	0	0	0	0	0	0	0	0	0	0	0	0	0	0	0	0	0
/input/intro-notes/StructureDefinition-mii-pr-onko-melanom-ulzeration-intro.md	3388	-	-	-	0	0	0	0	0	0	0	0	0	0	0	0	0	0	0	0	0	0	0	0	0	0	0	0	0
/input/intro-notes/Bundle-mii-exa-onko-melanom-bundle-intro.md	6338	-	-	-	0	0	0	0	0	0	0	0	0	0	0	0	0	0	0	0	0	0	0	0	0	0	0	0	0
/input/intro-notes/StructureDefinition-mii-pr-onko-prostate-ca-befall-stanze-intro.md	1630	-	-	-	0	0	0	0	0	0	0	0	0	0	0	0	0	0	0	0	0	0	0	0	0	0	0	0	0
/input/intro-notes/StructureDefinition-mii-pr-onko-tnm-n-kategorie-intro.md	1292	-	-	-	0	0	0	0	0	0	0	0	0	0	0	0	0	0	0	0	0	0	1	0	0	0	0	0	0
/input/intro-notes/StructureDefinition-mii-pr-onko-tumorgroesse-intro.md	1291	-	-	-	0	0	0	0	0	0	0	0	0	0	0	0	0	0	0	0	0	0	0	0	0	0	0	0	0
/input/intro-notes/StructureDefinition-mii-pr-onko-therapieempfehlung-operation-intro.md	3851	-	-	-	0	0	0	0	0	0	0	0	0	0	0	0	0	0	0	0	0	0	0	0	0	0	0	0	0
/input/intro-notes/StructureDefinition-mii-pr-onko-tnm-m-kategorie-intro.md	1272	-	-	-	0	0	0	0	0	0	0	0	0	0	0	0	0	0	0	0	0	0	0	0	0	0	0	0	0
/input/intro-notes/StructureDefinition-mii-pr-onko-prostate-anzahl-positive-stanzen-intro.md	2366	-	-	-	0	0	0	0	0	0	0	0	0	0	0	0	0	0	0	0	0	0	0	0	0	0	0	0	0
/input/intro-notes/StructureDefinition-mii-pr-onko-krk-abstand-aboral-intro.md	3364	-	-	-	0	0	0	0	0	0	0	0	0	0	0	0	0	0	0	0	0	0	0	0	0	0	0	0	0
/input/intro-notes/StructureDefinition-mii-ex-onko-histology-morphology-behavior-icdo3-intro.md	1562	-	-	-	0	0	0	0	0	0	0	0	0	0	0	0	0	0	0	0	0	0	0	0	0	0	0	0	0
/input/intro-notes/StructureDefinition-mii-pr-onko-fernmetastasen-intro.md	1178	-	-	-	0	0	0	0	0	0	0	0	0	0	0	0	0	0	0	0	0	0	1	0	0	0	0	0	0
/input/intro-notes/StructureDefinition-mii-pr-onko-tumorkonferenz-intro.md	5439	-	-	-	0	0	0	0	0	0	0	0	0	0	0	0	0	0	0	0	0	0	0	0	0	0	0	0	0
/input/intro-notes/StructureDefinition-mii-pr-onko-krk-anastomoseninsuffizienz-intro.md	3303	-	-	-	0	0	0	0	0	0	0	0	0	0	0	0	0	0	0	0	0	0	0	0	0	0	0	0	0
/input/intro-notes/StructureDefinition-mii-pr-onko-mamma-rezeptorstatus-estrogen-intro.md	5063	-	-	-	0	0	0	0	0	0	0	0	0	0	0	0	0	0	0	0	0	0	0	0	0	0	0	0	0
/input/intro-notes/ConceptMap-mii-cm-onko-studienteilnahme-sct-intro.md	370	-	-	-	0	0	0	0	0	0	0	0	0	0	0	0	0	0	0	0	0	0	0	0	0	0	0	0	0
/input/intro-notes/StructureDefinition-mii-ex-onko-tnm-cp-praefix-intro.md	1126	-	-	-	0	0	0	0	0	0	0	0	0	0	0	0	0	0	0	0	0	0	0	0	0	0	0	0	0
/input/intro-notes/StructureDefinition-mii-pr-onko-tnm-m-symbol-intro.md	949	-	-	-	0	0	0	0	0	0	0	0	0	0	0	0	0	0	0	0	0	0	0	0	0	0	0	0	0
/input/intro-notes/StructureDefinition-mii-pr-onko-fruehere-tumorerkrankung-intro.md	5710	-	-	-	0	0	0	0	0	0	0	0	0	0	0	0	0	0	0	0	0	0	1	0	0	0	0	0	0
/input/intro-notes/StructureDefinition-mii-ex-onko-operation-intention-intro.md	463	-	-	-	0	0	0	0	0	0	0	0	1	0	0	0	0	0	0	0	0	0	0	0	0	0	0	0	0
/input/intro-notes/StructureDefinition-mii-pr-onko-tnm-l-kategorie-intro.md	347	-	-	-	0	0	0	0	0	0	0	0	0	0	0	0	0	0	0	0	0	0	0	0	0	0	0	0	0
/input/intro-notes/StructureDefinition-mii-pr-onko-krk-abstand-circumferelle-resektionsebene-intro.md	3436	-	-	-	0	0	0	0	0	0	0	0	0	0	0	0	0	0	0	0	0	0	0	0	0	0	0	0	0
/input/intro-notes/ConceptMap-mii-cm-onko-therapie-ende-sct-intro.md	630	-	-	-	0	0	0	0	0	0	0	0	0	0	0	0	0	0	0	0	0	0	0	0	0	0	0	0	0
/input/intro-notes/ConceptMap-mii-cm-onko-grading-sct-intro.md	394	-	-	-	0	0	0	0	0	0	0	0	0	0	0	0	0	0	0	0	0	0	0	0	0	0	0	0	0
/input/intro-notes/StructureDefinition-mii-pr-onko-systemische-therapie-medikation-intro.md	2267	-	-	-	0	0	0	0	0	0	0	0	0	0	0	0	0	0	0	0	0	0	0	0	0	0	0	0	0
/input/intro-notes/StructureDefinition-mii-pr-onko-diagnose-primaertumor-intro.md	6245	-	-	-	0	0	0	0	0	0	0	0	0	0	0	0	0	0	0	0	0	0	1	0	0	0	0	0	0
/input/intro-notes/StructureDefinition-mii-pr-onko-studienteilnahme-intro.md	2902	-	-	-	0	0	0	0	0	0	0	0	0	0	0	0	0	0	0	0	0	0	0	0	0	0	0	0	0
/input/intro-notes/StructureDefinition-mii-pr-onko-asa-klassifikation-intro.md	2179	-	-	-	0	0	0	0	0	0	0	0	0	0	0	0	0	0	0	0	0	0	0	0	0	0	0	0	0
/template/config	0	-	-	-	0	0	0	0	0	0	0	0	0	0	0	0	0	0	0	0	0	0	0	0	0	0	0	0	0
/template/config/_config.yml	140	-	-	-	0	0	0	0	0	0	0	0	0	0	0	0	0	0	0	0	0	0	0	0	0	0	0	0	0
/input/images	0	-	-	-	0	0	0	0	0	0	0	0	0	0	0	0	0	0	0	0	0	0	0	0	0	0	0	0	0
/input/images/MII_Onko_17-20_24_Others.png	177238	-	-	-	0	0	0	0	0	0	0	0	0	0	0	0	0	0	0	0	0	0	0	0	0	0	0	0	0
/input/images/MII_Onko_MultiPartSurgery_Example.png	122765	-	-	-	0	0	0	0	0	0	0	0	0	0	0	0	0	0	0	0	0	0	1	0	0	0	0	0	0
/input/images/onco_merged.svg	59809	-	-	-	0	0	0	0	0	0	0	0	0	0	0	0	0	0	0	0	0	0	0	0	0	0	0	0	0
/input/images/MII_Onko_08_TNM.png	247985	-	-	-	0	0	0	0	0	0	0	0	0	0	0	0	0	0	0	0	0	0	0	0	0	0	0	0	0
/input/images/MII_Onko_UML_Relations_v1.svg	73962	-	-	-	0	0	0	0	0	0	0	0	0	0	0	0	0	0	0	0	0	0	0	0	0	0	0	0	0
/input/images/MII_Onko_KRK_Module.png	182243	-	-	-	0	0	0	0	0	0	0	0	0	0	0	0	0	0	0	0	0	0	0	0	0	0	0	0	0
/input/images/MII_Onko_Mamma_Module.png	176797	-	-	-	0	0	0	0	0	0	0	0	0	0	0	0	0	0	0	0	0	0	1	0	0	0	0	0	0
/input/images/TNM_Breast_Cancer_Journey.svg	44004	-	-	-	0	0	0	0	0	0	0	0	0	0	0	0	0	0	0	0	0	0	0	0	0	0	0	0	0
/input/images/MII_Onko_Prostata_Module.png	236556	-	-	-	0	0	0	0	0	0	0	0	0	0	0	0	0	0	0	0	0	0	0	0	0	0	0	0	0
/input/images/FhirModulOnkologieDiagnosis.svg	12404	-	-	-	0	0	0	0	0	0	0	0	0	0	0	0	0	0	0	0	0	0	0	0	0	0	0	0	0
/input/images/MII_Onko_17-20_24_Others.svg	40012	-	-	-	0	0	0	0	0	0	0	0	0	0	0	0	0	0	0	0	0	0	0	0	0	0	0	0	0
/input/images/MII_Onko_08_TNM.svg	45731	-	-	-	0	0	0	0	0	0	0	0	0	0	0	0	0	0	0	0	0	0	0	0	0	0	0	0	0
/input/images/MII_Onko_13-16_Prozeduren.svg	34061	-	-	-	0	0	0	0	0	0	0	0	0	0	0	0	0	0	0	0	0	0	0	0	0	0	0	0	0
/input/images/FhirModulOnkologieTherapy.svg	22817	-	-	-	0	0	0	0	0	0	0	0	0	0	0	0	0	0	0	0	0	0	1	0	0	0	0	0	0
/input/images/MII_Onko_KRK_Module.svg	39442	-	-	-	0	0	0	0	0	0	0	0	0	0	0	0	0	0	0	0	0	0	0	0	0	0	0	0	0
/input/images/MII_Onko_05_Diagnosis.svg	27287	-	-	-	0	0	0	0	0	0	0	0	0	0	0	0	0	0	0	0	0	0	0	0	0	0	0	0	0
/input/images/MII_Onko_9-12_Observations.svg	24297	-	-	-	0	0	0	0	0	0	0	0	0	0	0	0	0	0	0	0	0	0	0	0	0	0	0	0	0
/input/images/MII_Onko_Prostata_Module.svg	45464	-	-	-	0	0	0	0	0	0	0	0	0	0	0	0	0	0	0	0	0	0	0	0	0	0	0	0	0
/input/images/MII_Onko_17-20_24_Others.cmapx	288	-	-	-	0	0	0	0	0	0	0	0	0	0	0	0	0	0	0	0	0	0	0	0	0	0	0	0	0
/input/images/MII_Onko_Mamma_Module.svg	38585	-	-	-	0	0	0	0	0	0	0	0	0	0	0	0	0	0	0	0	0	0	0	0	0	0	0	0	0
/input/images/MII_Onko_9-12_Observations.png	123871	-	-	-	0	0	0	0	0	0	0	0	0	0	0	0	0	0	0	0	0	0	0	0	0	0	0	0	0
/input/images/MII KDS Erweiterungsmodul Onkologie.svg	122807	-	-	-	0	0	0	0	0	0	0	0	0	0	0	0	0	0	0	0	0	0	0	0	0	0	0	0	0
/input/images/her2neu-2.png	376265	-	-	-	0	0	0	0	0	0	0	0	0	0	0	0	0	0	0	0	0	0	1	0	0	0	0	0	0
/input/images/MII_Onko_UML_Relations_v1.png	174871	-	-	-	0	0	0	0	0	0	0	0	0	0	0	0	0	0	0	0	0	0	0	0	0	0	0	0	0
/input/images/MII_Onko_Melanom_Module.png	138777	-	-	-	0	0	0	0	0	0	0	0	0	0	0	0	0	0	0	0	0	0	0	0	0	0	0	0	0
/input/images/MII_Onko_05_Diagnosis.png	70151	-	-	-	0	0	0	0	0	0	0	0	0	0	0	0	0	0	0	0	0	0	0	0	0	0	0	0	0
/input/images/MII_Onko_UML_Relations_v2.svg	69299	-	-	-	0	0	0	0	0	0	0	0	0	0	0	0	0	0	0	0	0	0	1	0	0	0	0	0	0
/input/images/MII_Onko_Strahlentherapie_Zielgebiet_Migration.png	110772	-	-	-	0	0	0	0	0	0	0	0	0	0	0	0	0	0	0	0	0	0	0	0	0	0	0	0	0
/input/images/MII_Onko_UML_Relations_v2.png	187033	-	-	-	0	0	0	0	0	0	0	0	0	0	0	0	0	0	0	0	0	0	0	0	0	0	0	0	0
/input/images/MII_Onko_06_Histologie.svg	34727	-	-	-	0	0	0	0	0	0	0	0	0	0	0	0	0	0	0	0	0	0	0	0	0	0	0	0	0
/input/images/MII_Onko_06_Histologie.png	153068	-	-	-	0	0	0	0	0	0	0	0	0	0	0	0	0	0	0	0	0	0	0	0	0	0	0	0	0
/input/images/her2neu-1.png	619935	-	-	-	0	0	0	0	0	0	0	0	0	0	0	0	0	0	0	0	0	0	1	0	0	0	0	0	0
/input/images/onco_merged.png	346705	-	-	-	0	0	0	0	0	0	0	0	0	0	0	0	0	0	0	0	0	0	1	0	0	0	0	0	0
/input/images/MII_Onko_Example_Patient.svg	120079	-	-	-	0	0	0	0	0	0	0	0	0	0	0	0	0	0	0	0	0	0	0	0	0	0	0	0	0
/input/images/MII_Onko_UML_Relations_v1.cmapx	5343	-	-	-	0	0	0	0	0	0	0	0	0	0	0	0	0	0	0	0	0	0	0	0	0	0	0	0	0
/input/images/MII_Onko_Melanom_Module.svg	31244	-	-	-	0	0	0	0	0	0	0	0	0	0	0	0	0	0	0	0	0	0	0	0	0	0	0	0	0
/input/images/MII_Onko_13-16_Prozeduren.png	131554	-	-	-	0	0	0	0	0	0	0	0	0	0	0	0	0	0	0	0	0	0	0	0	0	0	0	0	0
/temp/pages/_includes/artifacts.xml	420367	-	-	-	-	-	-	-	-	-	-	-	-	-	-	-	-	-	-	-	-	-	12	0	0	0	0	0	0
