Source File	Size	loadResources	load	generateSnapshots	load-configure	scan	loadDepInfo	loadInfo	checkR4R4B	generateNarratives	validate	loadLists	checkConformanceResources	checkConformanceResources2	checkConformanceResources3	generateLogicalMaps	validateExpressions	scanForUsageStats	checkURLsUnique	processProvenanceDetails	translate	generate1	generate2	generateLogicals	makeDependencies	generateExampleZip	generateValidationPack	scanProfilesForR5	scanExamplesForR5
/fsh-generated/resources/ImplementationGuide-mii-ig-onko-de-v2026.json	181644	-	0	0	0	0	0	0	26	135	0	0	0	0	1	0	0	3	0	0	68	681	1013	0	0	0	18	0	5
fsh-generated/resources/AdverseEvent-mii-exa-onko-oxaliplatin-neuropathy.json	1373	4	0	0	1	0	0	0	0	101	0	0	0	0	0	0	0	0	0	0	13	15	37	0	0	1	0	0	0
fsh-generated/resources/AdverseEvent-mii-pr-onko-nebenwirkung-0.json	884	1	0	0	0	0	0	0	0	18	0	0	0	0	0	0	0	0	0	0	12	13	27	0	0	0	0	0	0
fsh-generated/resources/AdverseEvent-mii-pr-onko-nebenwirkung-text.json	742	2	0	0	0	0	0	0	0	17	0	0	0	0	0	0	0	0	0	0	11	11	27	0	0	0	0	0	0
fsh-generated/resources/Bundle-mii-exa-onko-folfox-workflow-bundle.json	38320	15	29	0	0	0	0	0	2	994	0	0	0	0	0	0	0	0	0	0	21	168	208	0	0	0	0	0	0
fsh-generated/resources/Bundle-mii-exa-onko-krk-bundle.json	17065	5	12	0	0	0	0	0	1	1806	0	0	0	0	0	0	0	0	0	0	8	75	3807	0	0	0	0	0	1
fsh-generated/resources/Bundle-mii-exa-onko-mamma-example-bundle-1.json	12531	3	2	0	1	0	0	0	1	307	0	0	0	0	0	0	0	0	0	0	8	51	970	0	0	0	0	0	0
fsh-generated/resources/Bundle-mii-exa-onko-melanom-bundle.json	13453	3	2	0	0	0	0	0	1	1557	0	0	0	0	0	0	0	0	0	0	8	43	4702	0	0	0	0	0	0
fsh-generated/resources/Bundle-mii-exa-onko-prostata-example-bundle-1.json	15975	3	3	0	0	0	0	0	1	13	0	0	0	0	0	0	0	0	0	0	7	61	83	0	0	0	0	0	0
fsh-generated/resources/CapabilityStatement-mii-cps-onko-capabilitystatement.json	89659	8	0	0	0	0	1	0	4	110	0	0	0	0	1	0	0	1	0	0	9	252	165	0	2	0	6	0	1
fsh-generated/resources/CarePlan-PatientKimMusterperson-Tumorkonferenz-1.json	2020	2	0	0	0	0	0	0	0	7	0	0	0	0	0	0	0	0	0	0	6	13	15	0	0	0	0	0	0
fsh-generated/resources/CarePlan-PatientKimMusterperson-Tumorkonferenz-2.json	1406	1	0	0	0	0	0	0	0	4	0	0	0	0	0	0	0	0	0	0	4	9	11	0	0	0	0	0	0
fsh-generated/resources/CarePlan-PatientKimMusterperson-Tumorkonferenz-3.json	1550	2	0	0	0	0	0	0	0	4	0	0	0	0	0	0	0	0	0	0	6	11	15	0	0	0	0	0	0
fsh-generated/resources/CarePlan-PatientKimMusterperson-Tumorkonferenz-4.json	1651	1	0	0	1	0	0	0	0	4	0	0	0	0	0	0	0	0	0	0	4	11	13	0	0	0	0	0	0
fsh-generated/resources/CarePlan-mii-exa-onko-tumorkonferenz-01.json	1006	1	0	0	0	0	0	0	0	5	0	0	0	0	0	0	0	0	0	0	3	9	11	0	0	0	0	0	0
fsh-generated/resources/CarePlan-mii-exa-onko-tumorkonferenz-02.json	1959	1	0	0	0	0	0	0	0	5	0	0	0	0	0	0	0	0	0	0	3	12	11	0	0	0	0	0	0
fsh-generated/resources/CarePlan-mii-exa-onko-tumorkonferenz-folfox-modification.json	1239	2	0	0	0	0	0	0	0	6	0	0	0	0	0	0	0	0	0	0	4	9	14	0	0	0	0	0	0
fsh-generated/resources/CarePlan-mii-exa-onko-tumorkonferenz-folfox.json	1201	1	0	0	0	0	0	0	0	4	0	0	0	0	0	0	0	0	0	0	3	9	15	0	0	0	0	0	0
fsh-generated/resources/CarePlan-mii-exa-onko-tumorkonferenz-mixed-approach.json	1481	1	0	0	0	0	0	0	0	5	0	0	0	0	0	0	0	0	0	0	3	9	14	0	0	0	0	0	0
fsh-generated/resources/CarePlan-mii-exa-onko-tumorkonferenz-molekular.json	2114	1	0	0	0	0	0	0	1	6	0	0	0	0	0	0	0	0	0	0	3	12	14	0	0	0	0	0	0
fsh-generated/resources/CarePlan-mii-exa-onko-tumorkonferenz-pure-molecular.json	1440	2	0	0	0	0	0	0	0	646	0	0	0	0	0	0	0	0	0	0	3	10	15	0	0	0	0	0	0
fsh-generated/resources/CodeSystem-mii-cs-onko-allgemeiner-leistungszustand-ecog.json	2046	1	0	0	0	0	0	0	0	9	0	0	0	0	1	0	0	0	0	0	3	14	91	0	0	0	1	0	0
fsh-generated/resources/CodeSystem-mii-cs-onko-allgemeiner-leistungszustand-karnofsky.json	1721	2	0	0	0	0	0	0	0	3	0	0	0	0	1	0	0	0	0	0	4	13	81	0	0	0	0	0	0
fsh-generated/resources/CodeSystem-mii-cs-onko-asa-obds.json	1937	1	0	0	0	0	0	0	0	2	0	0	0	0	1	0	0	0	0	0	3	16	68	0	0	0	0	0	0
fsh-generated/resources/CodeSystem-mii-cs-onko-fernmetastasen.json	1759	2	0	0	1	0	0	0	0	6	0	0	0	0	1	0	0	0	0	0	4	12	66	0	0	0	1	0	0
fsh-generated/resources/CodeSystem-mii-cs-onko-genetische-variante-auspraegung.json	1325	1	0	0	0	0	0	0	0	2	0	0	0	0	0	0	0	0	0	0	3	10	60	0	0	0	0	0	0
fsh-generated/resources/CodeSystem-mii-cs-onko-grading.json	1984	1	0	0	0	0	0	0	1	2	0	0	1	0	1	0	0	0	0	0	4	13	60	0	0	0	0	0	0
fsh-generated/resources/CodeSystem-mii-cs-onko-intention.json	1351	1	0	0	0	0	0	0	0	2	0	0	0	0	1	0	0	0	0	0	3	9	58	0	0	0	0	0	0
fsh-generated/resources/CodeSystem-mii-cs-onko-krk-anastomoseninsuffizienz.json	1435	1	0	0	0	0	0	0	0	2	0	0	0	0	0	0	0	0	0	0	3	11	53	0	0	0	0	0	0
fsh-generated/resources/CodeSystem-mii-cs-onko-krk-mrt-mesorektale-faszie-status.json	1584	1	0	0	0	0	0	0	0	2	0	0	0	0	1	0	0	0	0	0	4	16	53	0	0	0	1	0	0
fsh-generated/resources/CodeSystem-mii-cs-onko-krk-operationstyp.json	1433	1	0	0	0	0	0	0	0	3	0	0	0	0	0	0	0	0	0	0	4	11	48	0	0	0	0	0	0
fsh-generated/resources/CodeSystem-mii-cs-onko-krk-stoma-anzeichnung.json	1780	1	0	0	1	0	0	0	0	3	0	0	0	0	1	0	0	0	0	0	5	11	45	0	0	0	0	0	0
fsh-generated/resources/CodeSystem-mii-cs-onko-krk-tme-qualitaet.json	1074	1	0	0	0	0	0	0	0	2	0	0	0	0	0	0	0	0	0	0	4	8	46	0	0	0	0	0	0
fsh-generated/resources/CodeSystem-mii-cs-onko-mamma-her2neu-status-leitlinie.json	1722	1	0	0	0	0	0	0	0	2	0	0	0	0	1	0	0	0	0	0	3	13	49	0	0	0	0	0	0
fsh-generated/resources/CodeSystem-mii-cs-onko-mamma-her2neu-status-obds.json	1247	1	0	0	0	0	0	0	1	2	0	0	0	0	0	0	0	0	0	0	4	9	46	0	0	0	1	0	0
fsh-generated/resources/CodeSystem-mii-cs-onko-mamma-rezeptorstatus-leitlinie.json	1338	1	0	0	0	0	0	0	0	3	0	0	0	0	1	0	0	0	0	0	4	10	44	0	0	0	0	0	0
fsh-generated/resources/CodeSystem-mii-cs-onko-melanom-ulzeration.json	1074	1	0	0	0	0	0	0	0	2	0	0	0	0	0	0	0	0	0	0	3	8	70	0	0	0	0	0	0
fsh-generated/resources/CodeSystem-mii-cs-onko-nebenwirkung-ctcae-grad.json	1585	1	0	0	0	0	0	0	0	3	0	0	0	0	0	0	0	0	0	0	3	12	78	0	0	0	0	0	0
fsh-generated/resources/CodeSystem-mii-cs-onko-operation-komplikation.json	7443	2	0	0	1	0	0	0	1	11	0	0	0	0	1	0	0	0	0	0	6	49	117	0	0	0	1	0	0
fsh-generated/resources/CodeSystem-mii-cs-onko-operation-urgency.json	1395	2	0	0	0	0	0	0	0	3	0	0	0	0	0	0	0	0	0	0	5	10	40	0	0	0	1	0	0
fsh-generated/resources/CodeSystem-mii-cs-onko-primaertumor-diagnosesicherung.json	3939	1	0	0	0	0	0	0	0	4	0	0	0	0	1	0	0	1	0	0	4	27	123	0	0	0	0	0	0
fsh-generated/resources/CodeSystem-mii-cs-onko-prostata-postsurgical-complications.json	1173	1	0	0	0	0	0	0	0	2	0	0	0	0	0	0	0	0	0	0	4	11	50	0	0	0	0	0	0
fsh-generated/resources/CodeSystem-mii-cs-onko-residualstatus.json	1541	1	0	0	0	0	0	0	0	3	0	0	0	0	1	0	0	0	0	0	6	12	38	0	0	0	0	0	0
fsh-generated/resources/CodeSystem-mii-cs-onko-seitenlokalisation.json	1432	1	0	0	0	0	0	0	0	2	0	0	0	0	0	0	0	0	0	0	4	10	36	0	0	0	1	0	0
fsh-generated/resources/CodeSystem-mii-cs-onko-strahlentherapie-applikationsart.json	3630	1	0	0	0	0	0	0	1	3	0	0	0	0	1	0	0	0	0	0	4	23	45	0	0	0	0	0	0
fsh-generated/resources/CodeSystem-mii-cs-onko-strahlentherapie-boost.json	1377	1	0	0	0	0	0	0	0	2	0	0	0	0	0	0	0	0	0	0	3	10	39	0	0	0	0	0	0
fsh-generated/resources/CodeSystem-mii-cs-onko-strahlentherapie-strahlenart.json	2372	1	0	0	1	0	0	0	0	2	0	0	0	0	1	0	0	0	0	0	4	21	1270	0	0	0	1	0	0
fsh-generated/resources/CodeSystem-mii-cs-onko-strahlentherapie-zielgebiet-2014.json	12370	3	0	0	0	0	0	0	1	25	0	0	0	0	0	0	0	0	0	0	6	84	92	0	0	0	2	0	1
fsh-generated/resources/CodeSystem-mii-cs-onko-strahlentherapie-zielgebiet.json	8298	2	0	0	0	0	0	0	1	10	0	0	0	0	0	0	0	0	0	0	6	54	1343	0	0	0	1	0	0
fsh-generated/resources/CodeSystem-mii-cs-onko-studienteilnahme.json	1002	1	0	0	0	0	0	0	0	3	0	0	0	0	1	0	0	0	0	0	4	8	44	0	0	0	0	0	0
fsh-generated/resources/CodeSystem-mii-cs-onko-systemische-therapie-protokolle.json	21883	3	0	0	1	0	0	0	2	24	0	0	0	0	0	0	0	0	0	0	9	118	133	0	0	0	4	0	0
fsh-generated/resources/CodeSystem-mii-cs-onko-therapie-ende-grund.json	1730	1	0	0	0	0	0	0	0	3	0	0	0	0	1	0	0	0	0	0	5	12	46	0	0	0	0	0	0
fsh-generated/resources/CodeSystem-mii-cs-onko-therapie-stellungzurop.json	1264	1	0	0	0	0	0	0	0	2	0	0	0	0	0	0	0	0	0	0	4	10	45	0	0	0	0	0	0
fsh-generated/resources/CodeSystem-mii-cs-onko-therapie-typ.json	2092	1	0	0	0	0	0	0	1	4	0	0	0	0	1	0	0	1	0	1	4	14	47	0	0	0	1	0	0
fsh-generated/resources/CodeSystem-mii-cs-onko-therapieabweichung.json	1043	1	0	0	0	0	0	0	0	2	0	0	0	0	0	0	0	0	0	0	4	8	44	0	0	0	0	0	0
fsh-generated/resources/CodeSystem-mii-cs-onko-therapieplanung-typ.json	1354	1	0	0	0	0	0	0	0	2	0	0	0	0	1	0	0	0	0	0	4	10	44	0	0	0	0	0	0
fsh-generated/resources/CodeSystem-mii-cs-onko-tnm-uicc.json	10009	2	0	0	0	0	0	0	1	13	0	0	0	0	0	0	0	0	0	0	8	59	97	0	0	0	2	0	0
fsh-generated/resources/CodeSystem-mii-cs-onko-tnm-version.json	1514	2	0	0	1	0	0	0	0	3	0	0	0	0	1	0	0	0	0	0	4	10	44	0	0	0	0	0	0
fsh-generated/resources/CodeSystem-mii-cs-onko-tod.json	1211	0	0	0	0	0	0	0	0	2	0	0	0	0	0	0	0	0	0	0	4	9	41	0	0	0	0	0	0
fsh-generated/resources/CodeSystem-mii-cs-onko-verlauf-fernmetastasen.json	1513	1	0	0	0	0	0	0	1	3	0	0	0	0	0	0	0	0	0	0	3	11	75	0	0	0	0	0	0
fsh-generated/resources/CodeSystem-mii-cs-onko-verlauf-gesamtbeurteilung.json	1770	1	0	0	0	0	0	0	0	4	0	0	0	0	1	0	0	0	0	0	3	14	45	0	0	0	1	0	0
fsh-generated/resources/CodeSystem-mii-cs-onko-verlauf-lymphknoten.json	1519	1	0	0	0	0	0	0	0	2	0	0	0	0	0	0	0	0	0	0	3	11	46	0	0	0	0	0	0
fsh-generated/resources/CodeSystem-mii-cs-onko-verlauf-primaertumor.json	1477	1	0	0	0	0	0	0	0	2	0	0	0	0	0	0	0	0	0	0	2	11	50	0	0	0	0	0	0
fsh-generated/resources/CodeSystem-mii-cs-onko-weitere-klassifikationen-obds.json	34328	3	0	0	0	0	0	0	2	19	0	0	0	0	0	0	0	0	0	0	6	161	162	0	0	0	6	0	1
fsh-generated/resources/ConceptMap-mii-cm-mii-to-mvgenomseq-condition-diagnose-primaertumor.json	541	1	0	0	1	0	0	0	0	1284	0	0	0	0	1	0	0	0	0	0	2	7	37	0	0	0	0	0	0
fsh-generated/resources/ConceptMap-mii-cm-onko-allgemeiner-leistungszustand-ecog-loinc.json	3511	1	0	0	0	0	0	0	1	4	0	0	0	0	0	0	0	0	0	0	3	16	35	0	0	0	1	0	0
fsh-generated/resources/ConceptMap-mii-cm-onko-allgemeiner-leistungszustand-karnofsky-loinc.json	4188	1	0	0	0	0	0	0	0	3	0	0	0	0	0	0	0	0	0	0	2	17	39	0	0	0	0	0	0
fsh-generated/resources/ConceptMap-mii-cm-onko-allgemeiner-leistungszustand-sct.json	3509	1	0	0	0	0	0	0	0	1263	0	0	0	0	1	0	0	0	0	0	1	16	44	0	0	0	0	0	0
fsh-generated/resources/ConceptMap-mii-cm-onko-asa-obds-loinc.json	2709	1	0	0	0	0	0	0	0	3	0	0	0	0	0	0	0	1	0	0	2	12	31	0	0	0	1	0	0
fsh-generated/resources/ConceptMap-mii-cm-onko-atc-transitions-2021.json	18763	2	0	0	0	0	0	0	2	8	0	0	0	0	0	0	0	0	0	0	3	58	52	0	0	0	1	0	0
fsh-generated/resources/ConceptMap-mii-cm-onko-atc-transitions-2023.json	2207	1	0	1	0	0	0	0	0	2	0	0	0	0	1	0	0	0	0	0	2	12	28	0	0	0	1	0	0
fsh-generated/resources/ConceptMap-mii-cm-onko-atc-transitions-2024.json	5701	1	0	0	0	0	0	0	0	3	0	0	0	0	1	0	0	0	0	0	2	23	38	0	0	0	0	0	0
fsh-generated/resources/ConceptMap-mii-cm-onko-atc-transitions-2025.json	1739	1	0	0	0	0	0	0	0	1	0	0	0	0	0	0	0	0	0	0	2	10	30	0	0	0	0	0	0
fsh-generated/resources/ConceptMap-mii-cm-onko-atc-transitions-2026.json	1839	0	0	0	0	0	0	0	0	1	0	0	0	0	1	0	0	0	0	0	2	10	32	0	0	0	0	0	0
fsh-generated/resources/ConceptMap-mii-cm-onko-fernmetastasen-sct.json	4493	1	0	0	0	0	0	0	1	6	0	0	0	0	1	0	0	0	0	0	2	17	43	0	0	0	1	0	0
fsh-generated/resources/ConceptMap-mii-cm-onko-genetische-variante-auspraegung-sct.json	2728	1	0	0	0	0	0	0	0	5	0	0	0	0	0	0	0	0	0	0	1	12	32	0	0	0	0	0	0
fsh-generated/resources/ConceptMap-mii-cm-onko-grading-sct.json	4989	1	0	0	1	0	0	0	0	5	0	0	0	0	1	0	0	0	0	0	2	19	37	0	0	0	1	0	0
fsh-generated/resources/ConceptMap-mii-cm-onko-intention-sct.json	3069	1	0	0	0	0	0	0	0	4	0	0	0	0	0	0	0	0	0	0	2	13	26	0	0	0	0	0	0
fsh-generated/resources/ConceptMap-mii-cm-onko-krk-stoma-obds-sct.json	2004	1	0	0	0	0	0	0	0	2	0	0	0	0	1	0	0	0	0	0	2	10	23	0	0	0	0	0	0
fsh-generated/resources/ConceptMap-mii-cm-onko-nebenwirkung-sct.json	2876	1	0	0	0	0	0	0	1	5	0	0	0	0	1	0	0	0	0	0	1	13	28	0	0	0	0	0	0
fsh-generated/resources/ConceptMap-mii-cm-onko-operation-komplikation-sct.json	26782	3	0	0	0	0	0	0	1	15	0	0	0	0	0	0	0	0	0	0	4	85	64	0	0	0	3	0	0
fsh-generated/resources/ConceptMap-mii-cm-onko-primaertumor-diagnosesicherung-sct.json	6258	1	0	0	0	0	0	0	1	7	0	0	0	0	1	0	0	1	0	0	2	24	34	0	0	0	0	0	0
fsh-generated/resources/ConceptMap-mii-cm-onko-residualstatus-uicc-sct.json	2611	1	0	0	0	0	0	0	0	4	0	0	0	0	0	0	0	0	0	0	1	12	28	0	0	0	0	0	0
fsh-generated/resources/ConceptMap-mii-cm-onko-seitenlokalisation-sct.json	2612	1	0	0	0	0	0	0	0	3	0	0	0	0	0	0	0	0	0	0	2	11	28	0	0	0	1	0	0
fsh-generated/resources/ConceptMap-mii-cm-onko-strahlentherapie-applikationsart-sct.json	7779	1	0	0	0	0	0	0	0	5	0	0	0	0	1	0	0	0	0	0	2	28	45	0	0	0	0	0	0
fsh-generated/resources/ConceptMap-mii-cm-onko-strahlentherapie-boost-sct.json	2432	1	0	0	0	0	0	0	1	3	0	0	0	0	1	0	0	0	0	0	2	12	29	0	0	0	1	0	0
fsh-generated/resources/ConceptMap-mii-cm-onko-strahlentherapie-strahlenart-sct.json	7111	1	0	0	0	0	0	0	0	4	0	0	0	0	0	0	0	0	0	0	2	27	30	0	0	0	0	0	0
fsh-generated/resources/ConceptMap-mii-cm-onko-strahlentherapie-strahleneinheit-sct.json	2040	1	0	0	0	0	0	0	0	4	0	0	0	0	1	0	0	0	0	0	1	10	29	0	0	0	1	0	0
fsh-generated/resources/ConceptMap-mii-cm-onko-strahlentherapie-zielgebiet-sct.json	32433	3	0	0	0	0	0	0	2	9	0	0	0	0	0	0	0	0	0	0	4	106	82	0	0	0	2	0	1
fsh-generated/resources/ConceptMap-mii-cm-onko-studienteilnahme-sct.json	1756	1	0	0	0	0	0	0	0	3	0	0	0	0	1	0	0	0	0	0	1	13	127	0	0	0	0	0	0
fsh-generated/resources/ConceptMap-mii-cm-onko-therapie-ende-sct.json	4067	1	0	0	0	0	0	0	0	4	0	0	0	0	1	0	0	0	0	0	2	16	37	0	0	0	1	0	0
fsh-generated/resources/ConceptMap-mii-cm-onko-therapie-stellung-sct.json	2564	0	0	0	1	0	0	0	1	3	0	0	0	0	0	0	0	0	0	0	2	12	31	0	0	0	0	0	0
fsh-generated/resources/ConceptMap-mii-cm-onko-therapie-typ-sct.json	6739	2	0	0	0	0	0	0	0	4	0	0	1	0	1	0	0	0	0	0	2	24	37	0	0	0	1	0	0
fsh-generated/resources/ConceptMap-mii-cm-onko-therapieabweichung-sct.json	1762	0	0	0	0	0	0	0	0	3	0	0	0	0	0	0	0	0	0	0	1	9	30	0	0	0	0	0	0
fsh-generated/resources/ConceptMap-mii-cm-onko-therapieplanung-sct.json	2228	1	0	0	0	0	0	0	0	3	0	0	0	0	1	0	0	0	0	0	2	12	26	0	0	0	0	0	0
fsh-generated/resources/ConceptMap-mii-cm-onko-tnm-uicc-sct-clinical.json	35990	4	0	0	0	0	0	0	3	11	0	0	0	0	1	0	0	1	0	0	4	103	90	0	0	0	2	0	0
fsh-generated/resources/ConceptMap-mii-cm-onko-tnm-uicc-sct-pathological.json	35888	4	0	0	0	0	0	0	2	9	0	0	0	0	0	0	0	0	0	0	5	102	70	0	0	0	3	0	0
fsh-generated/resources/ConceptMap-mii-cm-onko-tod-sct.json	1918	1	0	0	0	0	0	0	0	3	0	0	0	0	1	0	0	0	0	0	4	12	29	0	0	0	0	0	0
fsh-generated/resources/ConceptMap-mii-cm-onko-verlauf-fernmetastasen-sct.json	3669	1	0	0	0	0	0	0	0	4	0	0	0	0	0	0	0	0	0	0	3	16	44	0	0	0	0	0	0
fsh-generated/resources/ConceptMap-mii-cm-onko-verlauf-gesamtbeurteilung-sct.json	4196	1	0	0	0	0	0	0	0	3	0	0	0	0	1	0	0	0	0	0	4	17	28	0	0	0	1	0	0
fsh-generated/resources/ConceptMap-mii-cm-onko-verlauf-lymphknoten-sct.json	3339	0	0	0	0	0	0	0	0	3	0	0	0	0	0	0	0	0	0	0	4	14	36	0	0	0	0	0	0
fsh-generated/resources/ConceptMap-mii-cm-onko-verlauf-primaertumor-sct.json	3303	1	0	0	0	0	0	0	1	3	0	0	0	0	1	0	0	0	0	0	3	14	29	0	0	0	0	0	0
fsh-generated/resources/ConceptMap-mii-cm-onkologie-to-mvgenomseq.json	8680	1	0	0	0	0	0	0	0	1306	0	0	0	0	0	0	0	0	0	0	4	31	53	0	0	0	1	0	0
fsh-generated/resources/Condition-PatientKimMusterperson-Diagnosis-1.json	1642	1	0	0	0	0	0	0	0	2	0	0	0	0	0	0	0	0	0	0	4	9	22	0	0	0	0	0	0
fsh-generated/resources/Condition-PatientKimMusterperson-PrimaryDiagnosis-2.json	1606	1	0	0	0	0	0	0	0	2	0	0	0	0	0	0	0	1	0	0	3	8	14	0	0	0	0	0	0
fsh-generated/resources/Condition-mii-exa-onko-ascending-colon-cancer-diagnosis.json	1496	1	0	0	0	0	0	0	0	5	0	0	0	0	0	0	0	0	0	0	4	10	17	0	0	0	0	0	0
fsh-generated/resources/Condition-mii-exa-onko-colorectal-cancer-diagnosis.json	1487	1	0	0	0	0	0	0	0	2	0	0	0	0	0	0	0	0	0	0	2	11	16	0	0	0	0	0	0
fsh-generated/resources/Condition-mii-exa-onko-diagnose.json	2487	1	0	0	0	0	0	0	1	2	0	0	0	0	0	0	0	0	0	0	3	10	15	0	0	0	0	0	1
fsh-generated/resources/Condition-mii-exa-onko-fruehere-tumorerkrankung-cervix.json	1340	0	0	0	0	0	0	0	0	2	0	0	0	0	0	0	0	0	0	0	2	7	14	0	0	0	0	0	0
fsh-generated/resources/Condition-mii-exa-onko-fruehere-tumorerkrankung-freetext.json	1096	1	0	0	0	0	0	0	0	3	0	0	0	0	0	0	0	0	0	0	2	8	12	0	0	0	0	0	0
fsh-generated/resources/Condition-mii-exa-onko-fruehere-tumorerkrankung-mamma.json	1659	1	0	0	0	0	0	0	0	3	0	0	0	0	0	0	0	0	0	0	2	8	13	0	0	0	0	0	0
fsh-generated/resources/Condition-mii-exa-onko-fruehere-tumorerkrankung-prostata.json	1635	1	0	0	0	0	0	0	0	4	0	0	0	0	0	0	0	0	0	0	2	9	14	0	0	0	0	0	0
fsh-generated/resources/Condition-mii-exa-onko-krk-diagnose.json	1064	1	0	0	0	0	0	0	0	1	0	0	0	0	0	0	0	0	0	0	2	6	12	0	0	0	0	0	0
fsh-generated/resources/Condition-mii-exa-onko-mamma-diagnose.json	1101	1	0	0	0	0	0	0	0	1	0	0	0	0	0	0	0	0	0	0	3	7	12	0	0	0	0	0	0
fsh-generated/resources/Condition-mii-exa-onko-melanom-diagnose.json	1440	1	0	0	0	0	0	0	0	2	0	0	0	0	0	0	0	0	0	0	2	8	15	0	0	0	0	0	0
fsh-generated/resources/Condition-mii-exa-onko-prostata-diagnose.json	1085	2	0	0	0	0	0	0	0	1	0	0	0	0	0	0	0	0	0	0	2	7	13	0	0	0	0	0	0
fsh-generated/resources/Condition-primaertumor-example.json	1102	1	0	0	0	0	0	0	0	2	0	0	0	0	0	0	0	0	0	0	2	6	10	0	0	0	0	0	0
fsh-generated/resources/DiagnosticReport-PatientKimMusterperson-PathoReport-1.json	855	1	0	0	1	0	0	0	0	2	0	0	0	0	0	0	0	0	0	0	1	6	11	0	0	0	0	0	0
fsh-generated/resources/DiagnosticReport-mii-exa-onko-befund-1.json	725	1	0	0	0	0	0	0	0	938	0	0	0	0	0	0	0	0	0	0	2	5	11	0	0	0	0	0	0
fsh-generated/resources/Encounter-mii-exa-onko-krk-bundle-encounter.json	322	0	0	0	0	0	0	0	0	2	0	0	0	0	0	0	0	0	0	0	2	5	8	0	0	0	0	0	0
fsh-generated/resources/Encounter-mii-exa-onko-mamma-bundle-encounter.json	326	1	0	0	0	0	0	0	0	1	0	0	0	0	0	0	0	0	0	0	1	4	8	0	0	0	0	0	0
fsh-generated/resources/Encounter-mii-exa-onko-melanom-bundle-encounter.json	330	1	0	0	0	0	0	0	0	1	0	0	0	0	0	0	0	0	0	0	2	3	8	0	0	0	0	0	0
fsh-generated/resources/Encounter-mii-exa-onko-prostata-bundle-encounter.json	332	0	0	0	0	0	0	0	0	1	0	0	0	0	0	0	0	0	0	0	2	4	10	0	0	0	0	0	0
fsh-generated/resources/List-mii-exa-onko-liste-evidenz-erstdiagnose-1.json	1304	1	0	0	0	0	0	0	0	16	0	5	0	0	0	0	0	0	0	0	1	12	62	0	0	0	0	0	0
fsh-generated/resources/MedicationRequest-mii-exa-onko-cdk46-class-medication.json	1042	1	0	0	0	0	0	0	1	2	0	0	0	0	0	0	0	0	0	0	2	7	14	0	0	0	0	0	0
fsh-generated/resources/MedicationRequest-mii-exa-onko-folfox-5fu-request.json	762	1	0	0	0	0	0	0	0	1	0	0	0	0	0	0	0	0	0	0	2	6	10	0	0	0	0	0	0
fsh-generated/resources/MedicationRequest-mii-exa-onko-folfox-leucovorin-request.json	774	1	0	0	0	0	0	0	0	1	0	0	0	0	0	0	0	0	0	0	2	6	10	0	0	0	0	0	0
fsh-generated/resources/MedicationRequest-mii-exa-onko-folfox-oxaliplatin-request.json	759	0	0	0	0	0	0	0	0	1	0	0	0	0	1	0	0	0	0	0	3	7	11	0	0	0	0	0	0
fsh-generated/resources/MedicationRequest-mii-exa-onko-modification-5fu-request.json	853	1	0	0	0	0	0	0	0	2	0	0	0	0	0	0	0	0	0	0	4	11	11	0	0	0	0	0	0
fsh-generated/resources/MedicationRequest-mii-exa-onko-modification-leucovorin-request.json	865	1	0	0	0	0	0	0	0	2	0	0	0	0	0	0	0	0	0	0	3	7	12	0	0	0	0	0	0
fsh-generated/resources/MedicationRequest-mii-exa-onko-modification-oxaliplatin-request.json	1239	1	0	0	0	0	0	0	0	4	0	0	0	0	0	0	0	0	0	0	3	8	12	0	0	0	0	0	0
fsh-generated/resources/MedicationRequest-mii-exa-onko-tdm1-option.json	886	1	0	0	0	0	0	0	0	2	0	0	0	0	0	0	0	0	0	0	3	7	13	0	0	0	0	0	0
fsh-generated/resources/MedicationRequest-mii-exa-onko-tucatinib-option.json	891	1	0	0	0	0	0	0	0	2	0	0	0	0	0	0	0	0	0	0	3	6	10	0	0	0	0	0	0
fsh-generated/resources/MedicationStatement-PatientKimMusterperson-SystemicTherapyMedication-1a.json	806	1	0	0	0	0	0	0	0	2	0	0	0	0	0	0	0	0	0	0	3	7	12	0	0	0	0	0	0
fsh-generated/resources/MedicationStatement-PatientKimMusterperson-SystemicTherapyMedication-1b.json	807	1	0	0	0	0	0	0	0	2	0	0	0	0	0	0	0	0	0	0	3	6	9	0	0	0	0	0	0
fsh-generated/resources/MedicationStatement-PatientKimMusterperson-SystemicTherapyMedication-2a.json	807	1	0	0	0	0	0	0	0	1	0	0	0	0	0	0	0	0	0	0	4	6	11	0	0	0	0	0	0
fsh-generated/resources/MedicationStatement-PatientKimMusterperson-SystemicTherapyMedication-2b.json	808	1	0	0	1	0	0	0	1	2	0	0	0	0	0	0	0	0	0	0	3	6	11	0	0	0	0	0	0
fsh-generated/resources/MedicationStatement-PatientKimMusterperson-SystemicTherapyMedication-3.json	780	0	0	0	0	0	0	0	0	1	0	0	0	0	0	0	0	0	0	0	3	7	10	0	0	0	0	0	0
fsh-generated/resources/MedicationStatement-mii-exa-onko-folfox-5fu-statement.json	917	1	0	0	0	0	0	0	0	3	0	0	0	0	0	0	0	0	0	0	3	7	15	0	0	0	0	0	0
fsh-generated/resources/MedicationStatement-mii-exa-onko-folfox-leucovorin-statement.json	929	1	0	0	0	0	0	0	0	2	0	0	0	0	0	0	0	0	0	0	3	7	16	0	0	0	0	0	0
fsh-generated/resources/MedicationStatement-mii-exa-onko-folfox-oxaliplatin-statement.json	914	0	0	0	0	0	0	0	0	2	0	0	0	0	0	0	0	0	0	0	3	7	11	0	0	0	0	0	0
fsh-generated/resources/MedicationStatement-mii-exa-onko-medikation-iberdomide-unii.json	915	1	0	0	0	0	0	0	0	5	0	0	0	0	0	0	0	0	0	0	3	7	14	0	0	0	0	0	0
fsh-generated/resources/MedicationStatement-mii-exa-onko-medikation-imatinib-atc-version-transition.json	1121	1	0	0	0	0	0	0	0	4	0	0	0	0	0	0	0	0	0	0	3	8	13	0	0	0	0	0	0
fsh-generated/resources/MedicationStatement-mii-exa-onko-modification-5fu-phase1.json	936	1	0	0	0	0	0	0	0	3	0	0	0	0	0	0	0	0	0	0	4	7	12	0	0	0	0	0	0
fsh-generated/resources/MedicationStatement-mii-exa-onko-modification-5fu-phase2.json	956	0	0	0	0	0	0	0	0	3	0	0	0	0	0	0	0	0	0	0	3	7	12	0	0	0	0	0	0
fsh-generated/resources/MedicationStatement-mii-exa-onko-modification-leucovorin-phase1.json	948	1	0	0	0	0	0	0	0	3	0	0	0	0	0	0	0	0	0	0	3	7	12	0	0	0	0	0	0
fsh-generated/resources/MedicationStatement-mii-exa-onko-modification-leucovorin-phase2.json	968	1	0	0	0	0	0	0	0	3	0	0	0	0	0	0	0	0	0	0	3	8	12	0	0	0	0	0	0
fsh-generated/resources/MedicationStatement-mii-exa-onko-modification-oxaliplatin-phase1.json	1409	1	0	0	0	0	0	0	0	4	0	0	0	0	0	0	0	0	0	0	3	8	12	0	0	0	0	0	0
fsh-generated/resources/MedicationStatement-mii-exa-onko-systemische-therapie-medikation1.json	815	0	0	0	0	0	0	0	0	2	0	0	0	0	0	0	0	0	0	0	3	8	11	0	0	0	0	0	0
fsh-generated/resources/MedicationStatement-mii-exa-onko-systemische-therapie-medikation2.json	811	1	0	0	0	0	0	0	0	2	0	0	0	0	0	0	0	0	0	0	3	9	11	0	0	0	0	0	0
fsh-generated/resources/Observation-PatientKimMusterperson-Verlauf-2022-01-22.json	2087	1	0	0	0	0	0	0	1	2	0	0	0	0	0	0	0	0	0	0	3	13	13	0	0	0	0	0	0
fsh-generated/resources/Observation-TNM-Klassifikation-Observation-2.json	877	1	0	0	0	0	0	0	0	2	0	0	0	0	0	0	0	0	0	0	3	8	10	0	0	0	0	0	0
fsh-generated/resources/Observation-TNM-L-Observation-2.json	957	1	0	0	0	0	0	0	0	655	0	0	0	0	0	0	0	0	0	0	3	9	10	0	0	0	0	0	0
fsh-generated/resources/Observation-TNM-M-Observation-2.json	1377	1	0	0	0	0	0	0	0	2	0	0	0	0	0	0	0	0	0	0	3	8	14	0	0	0	0	0	0
fsh-generated/resources/Observation-TNM-Pn-Observation-2.json	960	1	0	0	1	0	0	0	0	653	0	0	0	0	0	0	0	0	0	0	3	7	13	0	0	0	0	0	0
fsh-generated/resources/Observation-TNM-T-Observation-2.json	1377	1	0	0	0	0	0	0	0	1	0	0	0	0	0	0	0	0	0	0	3	7	15	0	0	0	0	0	0
fsh-generated/resources/Observation-TNM-V-Observation-2.json	957	1	0	0	0	0	0	0	0	640	0	0	0	0	0	0	0	0	0	0	3	6	13	0	0	0	0	0	0
fsh-generated/resources/Observation-TNM-y-Symbol-Observation-2.json	949	1	0	0	0	0	0	0	0	1306	0	0	0	0	0	0	0	0	0	0	3	7	14	0	0	0	0	0	0
fsh-generated/resources/Observation-mii-exa-onko-allgemeiner-leistungszustand-ecog.json	953	1	0	0	0	0	0	0	0	638	0	0	0	0	0	0	0	0	0	0	3	7	12	0	0	0	0	0	0
fsh-generated/resources/Observation-mii-exa-onko-allgemeiner-leistungszustand-karnofsky.json	841	1	0	0	0	0	0	0	0	646	0	0	0	0	0	0	0	0	0	0	3	6	8	0	0	0	0	0	0
fsh-generated/resources/Observation-mii-exa-onko-anzahl-befallene-lymphknoten-0.json	880	1	0	0	0	0	0	0	0	624	0	0	0	0	0	0	0	0	0	0	3	7	10	0	0	0	0	0	0
fsh-generated/resources/Observation-mii-exa-onko-anzahl-befallene-sentinel-lymphknoten-0.json	915	0	0	0	0	0	0	0	0	608	0	0	0	0	0	0	0	0	0	0	2	7	9	0	0	0	0	0	0
fsh-generated/resources/Observation-mii-exa-onko-anzahl-untersuchte-lymphknoten-23.json	886	1	0	0	0	0	0	0	0	704	0	0	0	0	0	0	0	0	0	0	3	6	8	0	0	0	0	0	0
fsh-generated/resources/Observation-mii-exa-onko-anzahl-untersuchte-sentinel-lymphknoten-0.json	932	1	0	0	0	0	0	0	0	615	0	0	0	0	0	0	0	0	0	0	3	7	9	0	0	0	0	0	0
fsh-generated/resources/Observation-mii-exa-onko-asa-klassifikation.json	913	1	0	0	0	0	0	0	0	1	0	0	0	0	0	0	0	0	0	0	3	6	14	0	0	0	0	0	0
fsh-generated/resources/Observation-mii-exa-onko-ascending-colon-tnm-m.json	1178	1	0	0	0	0	0	0	0	2	0	0	0	0	0	0	0	0	0	0	2	7	12	0	0	0	0	0	0
fsh-generated/resources/Observation-mii-exa-onko-ascending-colon-tnm-n.json	1178	1	0	0	0	0	0	0	1	1	0	0	0	0	0	0	0	0	0	0	3	7	9	0	0	0	0	0	0
fsh-generated/resources/Observation-mii-exa-onko-ascending-colon-tnm-t.json	1178	0	0	0	0	0	0	0	0	1	0	0	0	0	0	0	0	0	0	0	3	6	10	0	0	0	0	0	0
fsh-generated/resources/Observation-mii-exa-onko-ascending-colon-tnm.json	1299	1	0	0	1	0	0	0	0	2	0	0	0	0	0	0	0	0	0	0	3	9	15	0	0	0	0	0	0
fsh-generated/resources/Observation-mii-exa-onko-colorectal-tnm-m.json	1372	1	0	0	0	0	0	0	0	1	0	0	0	0	0	0	0	0	0	0	3	7	10	0	0	0	0	0	0
fsh-generated/resources/Observation-mii-exa-onko-colorectal-tnm-n.json	1372	1	0	0	0	0	0	0	0	1	0	0	0	0	0	0	0	0	0	0	3	7	11	0	0	0	0	0	0
fsh-generated/resources/Observation-mii-exa-onko-colorectal-tnm-t.json	1372	1	0	0	0	0	0	0	0	1	0	0	0	0	0	0	0	0	0	0	3	8	11	0	0	0	0	0	0
fsh-generated/resources/Observation-mii-exa-onko-colorectal-tnm.json	1248	0	0	0	0	0	0	0	0	1	0	0	0	0	0	0	0	0	0	0	3	8	14	0	0	0	0	0	0
fsh-generated/resources/Observation-mii-exa-onko-fernmetastasen-1.json	729	1	0	0	0	0	0	0	0	671	0	0	0	0	0	0	0	0	0	0	3	5	8	0	0	0	0	0	0
fsh-generated/resources/Observation-mii-exa-onko-folfox-verlauf-6months.json	2958	1	0	0	0	0	0	0	0	2	0	0	0	0	0	0	0	0	0	0	2	13	12	0	0	0	0	0	0
fsh-generated/resources/Observation-mii-exa-onko-genetische-variante-braf.json	1151	0	0	0	0	0	0	0	0	659	0	0	0	0	0	0	0	0	0	0	3	7	9	0	0	0	0	0	0
fsh-generated/resources/Observation-mii-exa-onko-grading-1.json	989	1	0	0	0	0	0	0	0	2	0	0	0	0	0	0	0	0	0	0	3	7	10	0	0	0	0	0	0
fsh-generated/resources/Observation-mii-exa-onko-histologie-icdo3.json	927	1	0	0	0	0	0	0	0	666	0	0	0	0	0	0	0	0	0	0	3	7	11	0	0	0	0	0	0
fsh-generated/resources/Observation-mii-exa-onko-krk-abstand-circumferelle-resektionsebene.json	966	0	0	0	0	0	0	0	0	626	0	0	0	0	0	0	0	1	0	0	2	7	12	0	0	0	0	0	0
fsh-generated/resources/Observation-mii-exa-onko-krk-abstand-mesorektale-fascie.json	864	1	0	0	0	0	0	0	0	620	0	0	0	0	0	0	0	0	0	0	1	7	11	0	0	0	0	0	0
fsh-generated/resources/Observation-mii-exa-onko-krk-abstand-resektionsrand-aboral.json	916	1	0	0	0	0	0	0	1	613	0	0	0	0	0	0	0	0	0	0	2	7	12	0	0	0	0	0	0
fsh-generated/resources/Observation-mii-exa-onko-krk-abstand-tumor-anokutanlinie.json	869	0	0	0	0	0	0	0	0	630	0	0	0	0	0	0	0	0	0	0	2	7	11	0	0	0	0	0	0
fsh-generated/resources/Observation-mii-exa-onko-krk-anastomoseninsuffizienz.json	1058	1	0	0	0	0	0	0	0	2	0	0	0	0	0	0	0	0	0	0	1	7	12	0	0	0	0	0	0
fsh-generated/resources/Observation-mii-exa-onko-mamma-her2neu-status.json	1604	0	0	0	0	0	0	0	0	1	0	0	0	0	0	0	0	0	0	0	3	9	11	0	0	0	0	0	0
fsh-generated/resources/Observation-mii-exa-onko-mamma-menopause-status-1.json	835	1	0	0	0	0	0	0	0	1	0	0	0	0	0	0	0	0	0	0	3	7	9	0	0	0	0	0	0
fsh-generated/resources/Observation-mii-exa-onko-mamma-rezeptorstatus-estrogen-1.json	1818	1	0	0	0	0	0	0	0	2	0	0	0	0	0	0	0	0	0	0	3	9	11	0	0	0	0	0	0
fsh-generated/resources/Observation-mii-exa-onko-mamma-rezeptorstatus-progesteron-1.json	1833	0	0	0	0	0	0	0	0	1	0	0	0	0	0	0	0	0	0	0	3	10	11	0	0	0	0	0	0
fsh-generated/resources/Observation-mii-exa-onko-mamma-tumorgroesse-1.json	1139	1	0	0	1	0	0	0	0	608	0	0	0	0	0	0	0	0	0	0	2	7	13	0	0	0	0	0	0
fsh-generated/resources/Observation-mii-exa-onko-melanom-breslow-tiefe.json	1100	1	0	0	0	0	0	0	0	624	0	0	0	0	0	0	0	0	0	0	3	7	14	0	0	0	0	0	0
fsh-generated/resources/Observation-mii-exa-onko-melanom-ldh.json	1727	0	0	0	0	0	0	0	0	1903	0	0	0	0	0	0	0	0	0	0	3	10	32	0	0	0	0	0	0
fsh-generated/resources/Observation-mii-exa-onko-melanom-sicherheitsabstand.json	977	1	0	0	0	0	0	0	0	616	0	0	0	0	0	0	0	0	0	0	3	7	13	0	0	0	0	0	0
fsh-generated/resources/Observation-mii-exa-onko-melanom-ulzeration.json	1235	1	0	0	0	0	0	0	0	2	0	0	0	0	0	0	0	0	0	0	2	7	12	0	0	0	0	0	0
fsh-generated/resources/Observation-mii-exa-onko-modification-verlauf-6months.json	3087	0	0	0	0	0	0	0	1	3	0	0	0	0	0	0	0	0	0	0	2	13	12	0	0	0	0	0	0
fsh-generated/resources/Observation-mii-exa-onko-prostata-anzahl-positiver-stanzen-1.json	725	1	0	0	0	0	0	0	0	1	0	0	0	0	0	0	0	0	0	0	2	6	10	0	0	0	0	0	0
fsh-generated/resources/Observation-mii-exa-onko-prostata-anzahl-stanzen-1.json	697	1	0	0	0	0	0	0	0	1	0	0	0	0	0	0	0	0	0	0	2	6	10	0	0	0	0	0	0
fsh-generated/resources/Observation-mii-exa-onko-prostata-ca-befall-stanze-1.json	820	0	0	0	0	0	0	0	0	2	0	0	0	0	0	0	0	0	0	0	1	7	12	0	0	0	0	0	0
fsh-generated/resources/Observation-mii-exa-onko-prostata-gleason-pattern-grade-group-1.json	1292	1	0	0	0	0	0	0	0	1	0	0	0	0	0	0	0	0	0	0	2	8	14	0	0	0	0	0	0
fsh-generated/resources/Observation-mii-exa-onko-prostata-gleason-pattern-primary-1.json	884	1	0	0	0	0	0	0	0	0	0	0	0	0	0	0	0	0	0	0	2	7	11	0	1	0	0	0	0
fsh-generated/resources/Observation-mii-exa-onko-prostata-gleason-pattern-secondary-1.json	888	1	0	0	0	0	0	0	0	1	0	0	0	0	0	0	0	0	0	0	1	7	10	0	0	0	0	0	0
fsh-generated/resources/Observation-mii-exa-onko-prostata-psa-diagnose-1.json	741	0	0	0	0	0	0	0	0	1	0	0	0	0	0	0	0	0	0	0	2	6	10	0	0	0	0	0	1
fsh-generated/resources/Observation-mii-exa-onko-prostata-psa-verlauf-1.json	741	1	0	0	0	0	0	0	0	0	0	0	0	0	0	0	0	0	0	0	2	6	11	0	0	0	0	0	0
fsh-generated/resources/Observation-mii-exa-onko-prostata-surgical-complication-1.json	1205	1	0	0	0	0	0	0	0	1	0	0	0	0	0	0	0	0	0	0	1	7	11	0	0	0	0	0	0
fsh-generated/resources/Observation-mii-exa-onko-residualstatus-1.json	692	0	0	0	0	0	0	0	0	646	0	0	0	0	0	0	0	0	0	0	2	6	9	0	0	0	0	0	0
fsh-generated/resources/Observation-mii-exa-onko-studienteilnahme-prob.json	1225	1	0	0	0	0	0	0	0	2	0	0	0	0	0	0	0	0	0	0	1	9	16	0	0	0	0	0	0
fsh-generated/resources/Observation-mii-exa-onko-studienteilnahme.json	815	1	0	0	0	0	0	0	0	643	0	0	0	0	0	0	0	0	0	0	2	7	9	0	0	0	0	0	0
fsh-generated/resources/Observation-mii-exa-onko-tnm-klassifikation-TisN0M0.json	1214	0	0	0	1	0	0	0	0	2	0	0	0	0	0	0	0	0	0	0	2	7	13	0	0	0	0	0	0
fsh-generated/resources/Observation-mii-exa-onko-tnm-klassifikation-uT2a2pN0023i-sncM1.json	1505	1	0	0	0	0	0	0	0	1	0	0	0	0	0	0	0	0	0	0	1	10	17	0	0	0	0	0	0
fsh-generated/resources/Observation-mii-exa-onko-tnm-l-kategorie-L.json	985	1	0	0	0	0	0	0	0	1	0	0	0	0	0	0	0	0	0	0	2	6	8	0	0	0	0	0	0
fsh-generated/resources/Observation-mii-exa-onko-tnm-l-kategorie-L1.json	986	0	0	0	0	0	0	0	0	1	0	0	0	0	0	0	0	0	0	0	1	7	8	0	0	0	0	0	0
fsh-generated/resources/Observation-mii-exa-onko-tnm-m-kategorie-M0.json	1340	1	0	0	0	0	0	0	1	1	0	0	0	0	0	0	0	0	0	0	2	7	9	0	0	0	0	0	0
fsh-generated/resources/Observation-mii-exa-onko-tnm-m-kategorie-cM1.json	1341	1	0	0	0	0	0	0	0	1	0	0	0	0	0	0	0	0	0	0	1	6	11	0	0	0	0	0	0
fsh-generated/resources/Observation-mii-exa-onko-tnm-n-kategorie-N0.json	1340	1	0	0	0	0	0	0	0	0	0	0	0	0	0	0	0	0	0	0	2	7	14	0	0	0	0	0	0
fsh-generated/resources/Observation-mii-exa-onko-tnm-n-kategorie-pN0i-sn.json	2117	0	0	0	0	0	0	0	0	1	0	0	0	0	0	0	0	0	0	0	2	8	13	0	0	0	0	0	0
fsh-generated/resources/Observation-mii-exa-onko-tnm-pn-kategorie-Pn1.json	1005	1	0	0	0	0	0	0	0	1	0	0	0	0	0	0	0	0	0	0	1	6	12	0	0	0	0	0	0
fsh-generated/resources/Observation-mii-exa-onko-tnm-s-kategorie-S1.json	961	1	0	0	0	0	0	0	0	1	0	0	0	0	0	0	0	0	0	0	2	7	12	0	0	0	0	0	0
fsh-generated/resources/Observation-mii-exa-onko-tnm-t-kategorie-Tis.json	1343	0	0	0	0	0	0	0	0	1	0	0	0	0	0	0	0	0	0	0	1	7	13	0	0	0	0	0	0
fsh-generated/resources/Observation-mii-exa-onko-tnm-t-kategorie-uT2a2.json	1347	1	0	0	0	0	0	0	0	1	0	0	0	0	0	0	0	0	0	0	2	7	13	0	0	0	0	0	0
fsh-generated/resources/Observation-mii-exa-onko-tnm-v-kategorie-V1.json	983	1	0	0	0	0	0	0	0	1	0	0	0	0	0	0	0	0	0	0	1	6	12	0	0	0	0	0	0
fsh-generated/resources/Observation-mii-exa-onko-tod-j.json	1114	1	0	0	0	0	0	0	0	650	0	0	0	0	0	0	0	0	0	0	2	7	12	0	0	0	0	0	0
fsh-generated/resources/Observation-mii-exa-onko-tod-n.json	1118	0	0	0	0	0	0	0	1	2	0	0	0	0	0	0	0	0	0	0	2	7	12	0	0	0	0	0	0
fsh-generated/resources/Observation-mii-exa-onko-tod-u.json	1024	1	0	0	0	0	0	0	0	1	0	0	0	0	0	0	0	0	0	0	1	7	11	0	0	0	0	0	0
fsh-generated/resources/Observation-mii-exa-onko-tumorgroesse.json	1055	1	0	0	1	0	0	0	0	618	0	0	0	0	0	0	0	0	0	0	2	7	14	0	0	0	0	0	0
fsh-generated/resources/Observation-mii-exa-onko-verlauf-tumor.json	2700	1	0	0	0	0	0	0	0	2	0	0	0	0	0	0	0	0	0	0	1	11	17	0	0	0	0	0	0
fsh-generated/resources/Observation-mii-exa-onko-weitere-klassifikationen-1.json	1149	0	0	0	0	0	0	0	0	1	0	0	0	0	0	0	0	0	0	0	2	8	13	0	0	0	0	0	0
fsh-generated/resources/Observation-mii-exa-onko-weitere-klassifikationen-2.json	1163	1	0	0	0	0	0	0	0	1	0	0	0	0	0	0	0	0	0	0	1	7	9	0	0	0	0	0	0
fsh-generated/resources/Observation-mii-exa-onko-weitere-klassifikationen-3.json	1098	1	0	0	0	0	0	0	0	2	0	0	0	0	0	0	0	0	0	0	2	7	11	0	0	0	0	0	0
fsh-generated/resources/Observation-mii-exa-onko-weitere-klassifikationen-4.json	1168	0	0	0	0	0	0	0	0	2	0	0	0	0	0	0	0	0	0	0	2	8	9	0	0	0	0	0	0
fsh-generated/resources/Patient-PatientKimMusterperson.json	195	1	0	0	0	0	0	0	0	0	0	0	0	0	0	0	0	0	0	0	1	4	6	0	0	0	0	0	0
fsh-generated/resources/Patient-mii-exa-onko-folfox-patient.json	366	0	0	0	0	0	0	0	0	0	0	0	0	0	0	0	0	0	0	0	2	3	5	0	0	0	0	0	0
fsh-generated/resources/Patient-mii-exa-onko-krk-bundle-patient.json	177	1	0	0	0	0	0	0	0	1	0	0	0	0	0	0	0	0	0	0	2	3	6	0	0	0	0	0	0
fsh-generated/resources/Patient-mii-exa-onko-mamma-bundle-patient.json	175	0	0	0	0	0	0	0	0	0	0	0	0	0	0	0	0	0	0	0	2	3	8	0	0	0	0	0	0
fsh-generated/resources/Patient-mii-exa-onko-melanom-bundle-patient.json	176	1	0	0	0	0	0	0	0	0	0	0	0	0	0	0	0	0	0	0	2	3	7	0	0	0	0	0	0
fsh-generated/resources/Patient-mii-exa-onko-molecular-board-patient.json	375	0	0	0	0	0	0	0	0	1	0	0	0	0	0	0	0	0	0	0	2	4	8	0	0	0	0	0	0
fsh-generated/resources/Patient-mii-exa-onko-prostata-bundle-patient.json	180	1	0	0	0	0	0	0	0	0	0	0	0	0	0	0	0	0	0	0	2	3	7	0	0	0	0	0	0
fsh-generated/resources/Procedure-PatientKimMusterperson-Procedure-1.json	769	0	0	0	0	0	0	0	0	1	0	0	0	0	0	0	0	0	0	0	2	6	16	0	0	0	0	0	0
fsh-generated/resources/Procedure-PatientKimMusterperson-Procedure-2.json	816	1	0	0	0	0	0	0	0	1	0	0	0	0	0	0	0	0	0	0	2	6	12	0	0	0	0	0	0
fsh-generated/resources/Procedure-PatientKimMusterperson-Procedure-3.json	755	0	0	0	1	0	0	0	0	1	0	0	0	0	0	0	0	0	0	0	2	6	11	0	0	0	0	0	0
fsh-generated/resources/Procedure-PatientKimMusterperson-Procedure-4.json	1457	1	0	0	0	0	0	0	0	2	0	0	0	0	0	0	0	0	0	0	2	8	13	0	0	0	0	0	0
fsh-generated/resources/Procedure-PatientKimMusterperson-Procedure-4a.json	1103	1	0	0	0	0	0	0	1	1	0	0	0	0	0	0	0	0	0	0	3	7	14	0	0	0	0	0	0
fsh-generated/resources/Procedure-PatientKimMusterperson-Procedure-4b.json	1051	0	0	0	0	0	0	0	0	1	0	0	0	0	0	0	0	0	0	0	2	7	13	0	0	0	0	0	0
fsh-generated/resources/Procedure-PatientKimMusterperson-Procedure-4c.json	1031	1	0	0	0	0	0	0	0	1	0	0	0	0	0	0	0	0	0	0	3	8	13	0	0	0	0	0	0
fsh-generated/resources/Procedure-PatientKimMusterperson-Procedure-4d.json	1107	1	0	0	0	0	0	0	0	1	0	0	0	0	0	0	0	0	0	0	3	7	11	0	0	0	0	0	0
fsh-generated/resources/Procedure-PatientKimMusterperson-SystemicTherapy-1.json	1781	0	0	0	0	0	0	0	0	654	0	0	0	0	0	0	0	0	0	0	2	8	9	0	0	0	0	0	0
fsh-generated/resources/Procedure-PatientKimMusterperson-SystemicTherapy-2.json	1676	1	0	0	0	0	0	0	0	2	0	0	0	0	0	0	0	0	0	0	3	8	9	0	0	0	0	0	0
fsh-generated/resources/Procedure-PatientKimMusterperson-SystemicTherapy-3.json	1651	1	0	0	0	0	0	0	0	0	0	0	0	0	0	0	0	0	0	0	2	8	8	0	0	0	0	0	0
fsh-generated/resources/Procedure-mii-exa-onko-folfox-phase1.json	2886	1	0	0	0	0	0	0	0	3	0	0	0	0	0	0	0	0	0	0	2	13	15	0	0	0	0	0	0
fsh-generated/resources/Procedure-mii-exa-onko-folfox-procedure.json	2889	0	0	0	0	0	0	0	0	2	0	0	0	0	0	0	0	0	0	0	3	12	14	0	0	0	0	0	0
fsh-generated/resources/Procedure-mii-exa-onko-krk-operation.json	1565	1	0	0	0	0	0	0	0	1	0	0	0	0	0	0	0	0	0	0	2	9	11	0	0	0	0	0	0
fsh-generated/resources/Procedure-mii-exa-onko-krk-stoma-markierung.json	1301	1	0	0	0	0	0	0	0	2	0	0	0	0	0	0	0	0	0	0	2	8	11	0	0	0	0	0	0
fsh-generated/resources/Procedure-mii-exa-onko-lv5fu2-phase2.json	2997	0	0	0	0	0	0	0	1	3	0	0	0	0	0	0	0	0	0	0	3	13	20	0	0	0	0	0	0
fsh-generated/resources/Procedure-mii-exa-onko-mamma-praeoperative-markierung-1.json	941	1	0	0	0	0	0	0	0	2	0	0	0	0	0	0	0	0	0	0	2	6	10	0	0	0	0	0	0
fsh-generated/resources/Procedure-mii-exa-onko-melanom-exzision-oberarm.json	2002	1	0	0	0	0	0	0	0	4	0	0	0	0	0	0	0	0	0	0	2	9	12	0	0	0	0	0	0
fsh-generated/resources/Procedure-mii-exa-onko-melanom-exzision-ruecken.json	2102	0	0	0	0	0	0	0	0	2	0	0	0	0	0	0	0	0	0	0	2	10	10	0	0	0	0	0	0
fsh-generated/resources/Procedure-mii-exa-onko-operation-1.json	1884	1	0	0	0	0	0	0	0	3	0	0	0	0	0	0	0	0	0	0	2	10	15	0	0	0	0	0	0
fsh-generated/resources/Procedure-mii-exa-onko-palbociclib-therapie.json	1691	1	0	0	1	0	0	0	0	3	0	0	0	0	0	0	0	0	0	0	3	9	13	0	0	0	0	0	0
fsh-generated/resources/Procedure-mii-exa-onko-pertuzumab-therapie.json	1472	1	0	0	0	0	0	0	0	2	0	0	0	0	0	0	0	0	0	0	2	11	14	0	0	0	0	0	0
fsh-generated/resources/Procedure-mii-exa-onko-prostata-operation-prostatektomie.json	1726	1	0	0	0	0	0	0	0	2	0	0	0	0	0	0	0	1	0	0	2	9	11	0	0	0	0	0	0
fsh-generated/resources/Procedure-mii-exa-onko-prostata-operation-turp.json	1735	2	0	0	0	0	0	0	1	2	0	0	0	0	0	0	0	0	0	0	3	10	10	0	0	0	0	0	0
fsh-generated/resources/Procedure-mii-exa-onko-prostata-surgery-1.json	1317	1	0	0	0	0	0	0	0	1	0	0	0	0	0	0	0	0	0	0	2	7	9	0	0	0	0	0	0
fsh-generated/resources/Procedure-mii-exa-onko-prostata-surgery-2.json	2126	1	0	0	0	0	0	0	0	1	0	0	0	0	0	0	0	0	0	0	3	9	11	0	0	0	0	0	0
fsh-generated/resources/Procedure-mii-exa-onko-right-hemicolectomy.json	1939	1	0	0	0	0	0	0	0	2	0	0	0	0	0	0	0	0	0	0	2	10	14	0	0	0	0	0	0
fsh-generated/resources/Procedure-mii-exa-onko-sigmoid-resection-part1.json	1629	1	0	0	0	0	0	0	0	3	0	0	0	0	0	0	0	0	0	0	2	9	15	0	0	0	0	0	0
fsh-generated/resources/Procedure-mii-exa-onko-sigmoid-resection-part2.json	1681	0	0	0	0	0	0	0	0	2	0	0	0	0	0	0	0	0	0	0	2	10	12	0	0	0	0	0	0
fsh-generated/resources/Procedure-mii-exa-onko-sigmoid-resection-part3.json	1587	1	0	0	0	0	0	0	0	1	0	0	0	0	0	0	0	0	0	0	3	9	13	0	0	0	0	0	0
fsh-generated/resources/Procedure-mii-exa-onko-sigmoid-resection.json	2048	1	0	0	0	0	0	0	0	2	0	0	0	0	0	0	0	0	0	0	2	10	11	0	0	0	0	0	0
fsh-generated/resources/Procedure-mii-exa-onko-strahlentherapie-2014-mamma-mit-lk.json	1886	1	0	0	0	0	0	0	0	1253	0	0	0	0	0	0	0	0	0	0	2	10	12	0	0	0	0	0	0
fsh-generated/resources/Procedure-mii-exa-onko-strahlentherapie-2014-prostata-mit-lk.json	1878	0	0	0	0	0	0	0	1	1229	0	0	0	0	0	0	0	0	0	0	2	9	12	0	0	0	0	0	0
fsh-generated/resources/Procedure-mii-exa-onko-strahlentherapie-2021-mamma-lymphknoten.json	2529	1	0	0	0	0	0	0	0	1247	0	0	0	0	0	0	0	0	0	0	2	11	14	0	0	0	0	0	0
fsh-generated/resources/Procedure-mii-exa-onko-strahlentherapie-2021-mamma-primaer.json	2412	1	0	0	0	0	0	0	0	1289	0	0	0	0	0	0	0	0	0	0	1	10	13	0	0	0	0	0	0
fsh-generated/resources/Procedure-mii-exa-onko-strahlentherapie-bestrahlung-nuklearmedizin-1.json	2984	0	0	0	1	0	0	0	0	2	0	0	0	0	0	0	0	0	0	0	2	11	9	0	0	0	0	0	0
fsh-generated/resources/Procedure-mii-exa-onko-strahlentherapie-bestrahlung-strahlentherapie-1.json	3052	1	0	0	0	0	0	0	0	1008	0	0	0	0	0	0	0	0	0	0	2	12	10	0	0	0	0	0	0
fsh-generated/resources/Procedure-mii-exa-onko-strahlentherapie-nuklearmedizin-1.json	1579	1	0	0	0	0	0	0	0	637	0	0	0	0	0	0	0	0	0	0	2	8	9	0	0	0	0	0	0
fsh-generated/resources/Procedure-mii-exa-onko-strahlentherapie-strahlentherapie-1.json	1586	1	0	0	0	0	0	0	0	1	0	0	0	0	0	0	0	0	0	0	1	7	9	0	0	0	0	0	0
fsh-generated/resources/Procedure-mii-exa-onko-systemische-therapie-1.json	2014	0	0	0	0	0	0	0	0	2	0	0	0	0	0	0	0	0	0	0	2	10	10	0	0	0	0	0	0
fsh-generated/resources/Procedure-mii-exa-onko-trastuzumab-therapie.json	1485	1	0	0	0	0	0	0	0	1	0	0	0	0	0	0	0	0	0	0	2	8	11	0	0	0	0	0	1
fsh-generated/resources/RequestGroup-mii-exa-onko-folfox-requestgroup-modification.json	2086	1	0	0	0	0	0	0	1	5	0	0	0	0	0	0	0	0	0	0	1	13	27	0	0	0	0	0	0
fsh-generated/resources/RequestGroup-mii-exa-onko-folfox-requestgroup.json	2054	0	0	0	0	0	0	0	0	2	0	0	0	0	0	0	0	0	0	0	2	11	23	0	0	0	0	0	0
fsh-generated/resources/RequestGroup-mii-exa-onko-molecular-cdk46-protocol.json	1124	1	0	0	0	0	0	0	0	2	0	0	0	0	0	0	0	0	0	0	2	9	19	0	0	0	0	0	0
fsh-generated/resources/RequestGroup-mii-exa-onko-molecular-her2-alternatives.json	1411	1	0	0	0	0	0	0	0	3	0	0	0	0	0	0	0	0	0	0	1	10	19	0	0	0	0	0	0
fsh-generated/resources/ResearchStudy-mii-exa-onko-studie-prob.json	1122	0	0	0	0	0	0	0	0	1	0	0	0	0	0	0	0	0	0	0	2	6	12	0	0	0	0	0	0
fsh-generated/resources/SearchParameter-mii-sp-onko-condition-ext-morphology-behavior-icdo3.json	1570	1	0	0	0	0	0	0	0	5	0	0	0	0	0	0	0	0	0	0	2	10	10	0	0	0	0	0	0
fsh-generated/resources/SearchParameter-mii-sp-onko-ext-strahlentherapie-stellungzurop.json	977	0	0	0	1	0	0	0	0	2	0	0	0	0	0	0	0	0	0	0	1	8	8	0	0	0	1	0	0
fsh-generated/resources/SearchParameter-mii-sp-onko-ext-systemischetherapie-stellungzurop.json	993	1	0	0	0	0	0	0	0	1	0	0	0	0	1	0	0	0	0	0	2	8	9	0	0	0	0	0	0
fsh-generated/resources/SearchParameter-mii-sp-onko-observation-ext-tnm-m-cppraefix.json	1502	0	0	0	0	0	0	0	0	2	0	0	0	0	0	0	0	0	0	0	2	9	8	0	0	0	0	0	0
fsh-generated/resources/SearchParameter-mii-sp-onko-observation-ext-tnm-n-cppraefix.json	1502	1	0	0	0	0	0	0	0	2	0	0	0	0	0	0	0	0	0	0	1	10	9	0	0	0	0	0	0
fsh-generated/resources/SearchParameter-mii-sp-onko-observation-ext-tnm-n-itc.json	1466	1	0	0	0	0	0	0	0	2	0	0	0	0	1	0	0	0	0	0	2	9	8	0	0	0	1	0	0
fsh-generated/resources/SearchParameter-mii-sp-onko-observation-ext-tnm-n-sn-suffix.json	1503	0	0	0	0	0	0	0	0	1	0	0	0	0	1	0	0	0	0	0	1	9	8	0	0	0	0	0	0
fsh-generated/resources/SearchParameter-mii-sp-onko-observation-ext-tnm-t-cppraefix.json	1502	1	0	0	0	0	0	0	0	2	0	0	0	0	0	0	0	0	0	0	2	10	8	0	0	0	0	0	0
fsh-generated/resources/SearchParameter-mii-sp-onko-procedure-ext-operation-intention.json	1510	0	0	0	0	0	0	0	0	1	0	0	0	0	1	0	0	0	0	0	1	9	8	0	0	0	0	0	0
fsh-generated/resources/SearchParameter-mii-sp-onko-procedure-ext-strahlentherapie-bs-boost.json	1545	1	0	0	0	0	0	0	1	1	0	0	0	0	0	0	0	0	0	0	2	9	8	0	0	0	0	0	0
fsh-generated/resources/SearchParameter-mii-sp-onko-procedure-ext-strahlentherapie-bs-einzeldosis.json	1584	0	0	0	0	0	0	0	0	2	0	0	0	0	1	0	0	0	0	0	2	11	8	0	0	0	1	0	0
fsh-generated/resources/SearchParameter-mii-sp-onko-procedure-ext-strahlentherapie-bs-gesamtdosis.json	1584	0	0	0	0	0	0	0	0	1	0	0	0	0	0	0	0	0	0	0	1	9	9	0	0	0	0	0	0
fsh-generated/resources/SearchParameter-mii-sp-onko-procedure-ext-strahlentherapie-intention.json	1545	1	0	0	1	0	0	0	0	1	0	0	0	0	1	0	0	0	0	0	2	10	9	0	0	0	0	0	0
fsh-generated/resources/SearchParameter-mii-sp-onko-procedure-ext-systemischetherapie-intention.json	1561	0	0	0	0	0	0	0	0	1	0	0	0	0	1	0	0	0	0	0	2	10	9	0	0	0	0	0	0
fsh-generated/resources/SearchParameter-mii-sp-onko-procedure-strahlentherapie-applikationsart.json	1550	1	0	0	0	0	0	0	0	2	0	0	0	0	0	0	0	0	0	0	1	9	9	0	0	0	0	0	0
fsh-generated/resources/SearchParameter-mii-sp-onko-procedure-strahlentherapie-lateralitaet.json	1592	0	0	0	0	0	0	0	0	2	0	0	0	0	1	0	0	0	0	0	2	10	8	0	0	0	1	0	0
fsh-generated/resources/SearchParameter-mii-sp-onko-procedure-strahlentherapie-strahlenart.json	1526	1	0	0	0	0	0	0	0	1	0	0	0	0	0	0	0	0	0	0	2	9	8	0	0	0	0	0	0
fsh-generated/resources/ServiceRequest-mii-exa-onko-molecular-surgery-request.json	869	1	0	0	0	0	0	0	0	677	0	0	0	0	0	0	0	0	0	0	2	7	15	0	0	0	0	0	0
fsh-generated/resources/Specimen-PatientKimMusterperson-Specimen-1.json	270	1	0	0	0	0	0	0	0	1	0	0	0	0	0	0	0	0	0	0	1	4	7	0	0	0	0	0	0
fsh-generated/resources/Specimen-mii-exa-onko-krk-specimen.json	1077	0	0	0	0	0	0	0	0	1	0	0	0	0	0	0	0	0	0	0	2	7	7	0	0	0	0	0	0
fsh-generated/resources/Specimen-mii-exa-onko-specimen-1.json	403	1	0	0	0	0	0	0	0	2	0	0	0	0	0	0	0	0	0	0	2	5	8	0	0	0	0	0	0
fsh-generated/resources/StructureDefinition-mii-ex-onko-histology-morphology-behavior-icdo3.json	2574	1	0	18	0	0	0	1	0	70	0	0	0	0	1	0	0	0	0	0	1	93	1118	0	0	0	2	0	0
fsh-generated/resources/StructureDefinition-mii-ex-onko-operation-intention.json	2403	1	0	11	0	0	0	0	0	13	0	0	0	0	0	0	0	1	0	0	0	88	471	0	0	0	1	0	0
fsh-generated/resources/StructureDefinition-mii-ex-onko-operation-urgency.json	2820	0	0	10	0	0	0	0	0	14	0	0	0	0	0	0	0	0	0	0	1	89	410	0	0	0	2	0	0
fsh-generated/resources/StructureDefinition-mii-ex-onko-strahlentherapie-bestrahlung-boost.json	2101	1	0	12	0	0	0	0	1	10	0	0	0	0	1	0	0	0	0	0	0	49	326	0	0	0	1	0	1
fsh-generated/resources/StructureDefinition-mii-ex-onko-strahlentherapie-bestrahlung-einzeldosis.json	2357	1	0	14	0	0	0	0	0	10	0	0	0	0	0	0	0	0	0	0	0	65	389	0	0	0	2	0	0
fsh-generated/resources/StructureDefinition-mii-ex-onko-strahlentherapie-bestrahlung-gesamtdosis.json	2326	0	0	14	0	0	0	0	0	9	0	0	0	0	0	0	0	1	0	0	1	65	350	0	0	0	1	0	0
fsh-generated/resources/StructureDefinition-mii-ex-onko-strahlentherapie-bestrahlung-seitenlokalisation.json	2278	1	0	9	0	0	0	0	0	6	0	0	0	0	1	0	0	0	0	0	0	50	238	0	0	0	1	0	0
fsh-generated/resources/StructureDefinition-mii-ex-onko-strahlentherapie-intention.json	2420	1	0	13	0	0	0	0	0	9	0	0	0	0	0	0	0	0	0	0	0	91	297	0	0	0	2	0	0
fsh-generated/resources/StructureDefinition-mii-ex-onko-strahlentherapie-stellungzurop.json	2454	0	0	17	1	0	0	0	0	7	0	0	0	0	0	0	0	0	0	0	1	90	302	0	0	0	1	1	0
fsh-generated/resources/StructureDefinition-mii-ex-onko-systemische-therapie-intention.json	2456	1	0	20	0	0	0	0	0	8	0	0	0	0	1	0	0	0	0	0	0	88	411	0	0	0	2	0	0
fsh-generated/resources/StructureDefinition-mii-ex-onko-systemische-therapie-stellungzurop.json	2490	1	0	12	0	0	0	0	0	9	0	0	0	0	0	0	0	1	0	0	0	89	296	0	0	0	2	0	1
fsh-generated/resources/StructureDefinition-mii-ex-onko-tnm-cp-praefix.json	2467	0	0	10	0	0	0	0	0	13	0	0	0	0	1	0	0	0	0	0	1	85	278	0	0	0	2	0	0
fsh-generated/resources/StructureDefinition-mii-ex-onko-tnm-itc-suffix.json	2003	1	0	10	0	0	0	0	0	7	0	0	1	0	0	0	0	0	0	0	0	83	281	0	0	0	1	0	0
fsh-generated/resources/StructureDefinition-mii-ex-onko-tnm-sn-suffix.json	2034	1	0	19	0	0	0	0	0	7	0	0	0	0	0	0	0	1	0	0	0	84	286	0	0	0	2	0	0
fsh-generated/resources/StructureDefinition-mii-lm-mvgenomseq-onkologie.json	64353	6	0	57	0	0	0	0	0	126	0	0	0	0	1	0	0	2	0	0	7	969	1834	0	0	0	20	0	2
fsh-generated/resources/StructureDefinition-mii-lm-onko-organspezifische-zusatzmodule.json	45170	4	0	46	0	0	0	0	0	63	0	0	0	0	0	0	0	2	0	0	4	559	1163	0	0	0	11	0	1
fsh-generated/resources/StructureDefinition-mii-lm-onko.json	62832	7	0	53	0	0	0	0	0	96	0	0	1	0	1	0	0	2	0	0	6	815	1235	0	0	0	18	0	1
fsh-generated/resources/StructureDefinition-mii-pr-onko-allgemeiner-leistungszustand-ecog.json	6977	1	0	125	0	0	0	0	0	50	0	0	0	0	0	0	0	2	0	0	1	375	1080	0	0	0	9	0	1
fsh-generated/resources/StructureDefinition-mii-pr-onko-allgemeiner-leistungszustand-karnofsky.json	7002	1	0	80	0	0	0	0	0	25	0	0	0	0	0	0	0	1	0	0	0	376	1040	0	0	0	11	0	1
fsh-generated/resources/StructureDefinition-mii-pr-onko-anzahl-befallene-lymphknoten.json	6953	2	0	82	0	0	0	0	0	26	0	0	0	0	1	0	0	1	0	0	1	344	1279	0	0	0	9	0	1
fsh-generated/resources/StructureDefinition-mii-pr-onko-anzahl-befallene-sentinel-lymphknoten.json	7019	1	0	44	0	0	0	0	0	22	0	0	1	0	0	0	0	1	0	0	0	345	1038	0	0	0	9	0	1
fsh-generated/resources/StructureDefinition-mii-pr-onko-anzahl-untersuchte-lymphknoten.json	6977	2	0	43	0	0	0	0	0	22	0	0	0	0	1	0	0	1	0	0	1	344	1078	0	0	0	8	1	1
fsh-generated/resources/StructureDefinition-mii-pr-onko-anzahl-untersuchte-sentinel-lymphknoten.json	7049	1	0	56	0	0	0	0	0	22	0	0	0	0	0	0	0	1	0	0	0	345	906	0	0	0	9	0	1
fsh-generated/resources/StructureDefinition-mii-pr-onko-asa-klassifikation.json	5439	1	0	38	0	0	0	0	0	16	0	0	0	0	1	0	0	0	0	0	1	258	1229	0	0	0	6	0	1
fsh-generated/resources/StructureDefinition-mii-pr-onko-befund.json	5407	1	0	38	0	0	0	0	0	15	0	0	0	0	0	0	0	1	0	0	0	212	616	0	1	0	6	0	0
fsh-generated/resources/StructureDefinition-mii-pr-onko-diagnose-primaertumor.json	18241	3	0	108	0	0	0	0	0	55	0	0	1	0	0	0	0	2	0	0	1	689	3561	0	0	0	16	0	3
fsh-generated/resources/StructureDefinition-mii-pr-onko-fernmetastasen.json	6363	1	0	30	0	0	0	0	0	18	0	0	0	0	1	0	0	1	0	0	1	259	857	0	0	0	8	0	1
fsh-generated/resources/StructureDefinition-mii-pr-onko-fruehere-tumorerkrankung.json	9910	2	0	52	1	0	0	0	0	25	0	0	0	0	0	0	0	0	0	0	1	385	1442	0	0	0	9	1	1
fsh-generated/resources/StructureDefinition-mii-pr-onko-genetische-variante.json	7704	1	0	231	0	0	0	0	1	57	0	0	1	0	1	0	0	4	0	0	0	1199	3425	0	0	0	23	1	4
fsh-generated/resources/StructureDefinition-mii-pr-onko-grading.json	6680	2	0	21	0	0	0	0	0	21	0	0	0	0	0	0	0	1	0	0	1	382	635	0	0	0	9	0	1
fsh-generated/resources/StructureDefinition-mii-pr-onko-histologie-icdo3.json	12655	1	0	26	0	0	0	0	0	24	0	0	0	0	0	0	0	1	0	0	1	370	1838	0	0	0	9	0	1
fsh-generated/resources/StructureDefinition-mii-pr-onko-krk-abstand-aboral.json	5937	2	0	18	0	0	0	0	0	14	0	0	0	0	1	0	0	1	0	0	0	250	794	0	0	0	7	0	1
fsh-generated/resources/StructureDefinition-mii-pr-onko-krk-abstand-anokutan.json	5801	1	0	16	0	0	0	0	0	15	0	0	0	0	0	0	0	0	0	0	1	259	492	0	0	0	7	0	1
fsh-generated/resources/StructureDefinition-mii-pr-onko-krk-abstand-circumferelle-resektionsebene.json	6051	1	0	19	0	0	0	0	0	14	0	0	0	0	1	0	0	1	0	0	0	250	798	0	0	0	6	0	1
fsh-generated/resources/StructureDefinition-mii-pr-onko-krk-anastomoseninsuffizienz.json	6047	1	0	27	0	0	0	0	0	15	0	0	0	0	0	0	0	1	0	0	1	258	665	0	0	0	7	0	0
fsh-generated/resources/StructureDefinition-mii-pr-onko-krk-mrt-mesorektale-faszie.json	9113	1	0	31	0	0	0	0	0	109	0	0	0	0	0	0	0	0	0	0	1	329	568	0	0	0	9	1	1
fsh-generated/resources/StructureDefinition-mii-pr-onko-krk-operation.json	2984	1	0	111	0	0	0	0	0	23	0	0	1	0	1	0	0	2	0	0	0	440	1080	0	0	0	10	0	2
fsh-generated/resources/StructureDefinition-mii-pr-onko-krk-specimen.json	3204	1	0	28	0	0	1	0	0	12	0	0	0	0	0	0	0	1	0	0	0	173	486	0	0	0	4	0	1
fsh-generated/resources/StructureDefinition-mii-pr-onko-krk-stoma-markierung.json	5755	1	0	39	0	0	0	0	0	20	0	0	0	0	0	0	0	1	0	0	1	368	623	0	0	0	10	1	1
fsh-generated/resources/StructureDefinition-mii-pr-onko-liste-evidenz-erstdiagnose.json	2677	1	0	9	0	0	0	0	0	9	0	0	0	0	1	0	0	0	0	0	0	149	328	0	0	0	3	0	1
fsh-generated/resources/StructureDefinition-mii-pr-onko-mamma-her2neu-status.json	8040	2	0	25	0	0	0	0	0	34	0	0	0	0	0	0	0	1	0	0	1	459	1916	0	0	0	11	0	1
fsh-generated/resources/StructureDefinition-mii-pr-onko-mamma-menopause-status.json	3074	1	0	17	0	0	0	0	1	16	0	0	0	0	1	0	0	1	0	0	0	289	807	0	0	0	6	0	1
fsh-generated/resources/StructureDefinition-mii-pr-onko-mamma-operation.json	5215	1	0	19776	0	0	0	0	0	33	0	0	0	0	0	0	0	1	0	0	1	507	1032	0	0	0	12	0	2
fsh-generated/resources/StructureDefinition-mii-pr-onko-mamma-praeoperative-markierung.json	2833	1	0	14	0	0	0	0	0	11	0	0	0	0	0	0	0	1	0	0	0	185	419	0	0	0	5	0	0
fsh-generated/resources/StructureDefinition-mii-pr-onko-mamma-rezeptorstatus-estrogen.json	8484	1	0	50	0	0	0	0	0	31	0	0	0	0	0	0	0	1	0	0	1	516	1671	0	0	0	12	0	2
fsh-generated/resources/StructureDefinition-mii-pr-onko-mamma-rezeptorstatus-progesteron.json	7708	2	0	39	0	0	0	0	0	28	0	0	0	0	1	0	0	1	0	0	0	471	998	0	0	0	11	0	1
fsh-generated/resources/StructureDefinition-mii-pr-onko-mamma-sozialdienst.json	2780	0	0	45	1	0	0	0	0	24	0	0	1	0	0	0	0	2	0	0	0	446	787	0	1	0	11	1	2
fsh-generated/resources/StructureDefinition-mii-pr-onko-melanom-breslow-tiefe.json	7124	2	0	26	0	0	0	0	0	16	0	0	0	0	0	0	0	1	0	0	1	299	632	0	0	0	7	0	0
fsh-generated/resources/StructureDefinition-mii-pr-onko-melanom-exzision.json	2058	0	0	379	0	0	0	0	0	22	0	0	0	0	1	0	0	1	0	0	0	422	870	0	0	0	10	0	2
fsh-generated/resources/StructureDefinition-mii-pr-onko-melanom-ldh.json	7693	2	0	25	0	0	0	0	0	17	0	0	0	0	0	0	0	1	0	0	2	292	852	0	0	0	8	0	1
fsh-generated/resources/StructureDefinition-mii-pr-onko-melanom-sicherheitsabstand.json	7578	1	0	24	0	0	0	0	0	20	0	0	0	0	0	0	0	1	0	0	1	272	481	0	0	0	7	0	0
fsh-generated/resources/StructureDefinition-mii-pr-onko-melanom-ulzeration.json	6620	1	0	22	0	0	0	0	0	16	0	0	0	0	1	0	0	0	0	0	1	266	463	0	0	0	7	0	1
fsh-generated/resources/StructureDefinition-mii-pr-onko-nebenwirkung-adverse-event.json	9413	1	0	71	0	0	0	0	0	19	0	0	0	0	0	0	0	1	0	0	0	300	471	0	0	0	7	0	1
fsh-generated/resources/StructureDefinition-mii-pr-onko-operation.json	16803	3	0	4	0	0	0	0	1	35	0	0	0	0	0	0	0	1	0	0	1	602	858	0	0	0	14	0	1
fsh-generated/resources/StructureDefinition-mii-pr-onko-prostata-operation.json	2112	0	0	398	0	0	0	0	0	21	0	0	1	0	1	0	0	1	0	0	0	463	862	0	0	0	10	0	2
fsh-generated/resources/StructureDefinition-mii-pr-onko-prostate-anzahl-positive-stanzen.json	5096	1	0	31	1	0	0	0	0	13	0	0	0	0	0	0	0	0	0	0	0	229	497	0	0	0	6	0	1
fsh-generated/resources/StructureDefinition-mii-pr-onko-prostate-anzahl-stanzen.json	4982	1	0	22	0	0	0	0	0	12	0	0	0	0	1	0	0	1	0	0	0	225	505	0	0	0	6	0	0
fsh-generated/resources/StructureDefinition-mii-pr-onko-prostate-ca-befall-stanze.json	4629	1	0	25	0	0	0	0	0	15	0	0	0	0	0	0	0	0	0	0	1	259	507	0	0	0	6	0	1
fsh-generated/resources/StructureDefinition-mii-pr-onko-prostate-clavien-dindo.json	7012	1	0	30	0	0	0	0	0	24	0	0	0	0	0	0	0	0	0	0	0	358	2369	0	0	0	9	0	0
fsh-generated/resources/StructureDefinition-mii-pr-onko-prostate-gleason-grade-group.json	5891	1	0	28	0	0	0	0	0	21	0	0	0	0	1	0	0	1	0	0	0	263	863	0	0	0	7	1	1
fsh-generated/resources/StructureDefinition-mii-pr-onko-prostate-gleason-patterns.json	6142	1	0	31	0	0	0	0	0	13	0	0	0	0	0	0	0	0	0	0	1	255	1095	0	0	0	7	0	1
fsh-generated/resources/StructureDefinition-mii-pr-onko-prostate-psa.json	5659	2	0	25	0	0	0	0	0	17	0	0	0	0	0	0	0	1	0	0	0	259	762	0	0	0	6	0	0
fsh-generated/resources/StructureDefinition-mii-pr-onko-residualstatus.json	6361	1	0	31	0	0	0	0	0	17	0	0	0	0	1	0	0	0	0	0	1	329	613	0	0	0	9	0	1
fsh-generated/resources/StructureDefinition-mii-pr-onko-specimen.json	5206	1	0	1	0	0	0	0	0	11	0	0	0	0	0	0	0	0	0	0	0	202	433	0	0	0	4	0	0
fsh-generated/resources/StructureDefinition-mii-pr-onko-strahlentherapie-bestrahlung-nuklearmedizin.json	24732	3	0	99	0	0	0	0	0	137	0	0	1	0	1	0	0	2	0	0	1	812	1093	0	1	0	17	0	2
fsh-generated/resources/StructureDefinition-mii-pr-onko-strahlentherapie-bestrahlung-strahlentherapie.json	19213	2	0	95	0	0	0	0	1	61	0	0	0	0	0	0	0	1	0	0	0	757	944	0	0	0	17	0	2
fsh-generated/resources/StructureDefinition-mii-pr-onko-strahlentherapie.json	12688	2	0	75	0	0	0	0	0	29	0	0	0	0	0	0	0	1	0	0	1	513	778	0	0	0	12	0	2
fsh-generated/resources/StructureDefinition-mii-pr-onko-studienteilnahme.json	7309	1	0	29	0	0	0	0	0	17	0	0	0	0	1	0	0	0	0	0	0	282	552	0	0	0	8	0	1
fsh-generated/resources/StructureDefinition-mii-pr-onko-systemische-therapie-medikation.json	10616	2	0	219	0	0	0	0	0	42	0	0	1	0	0	0	0	2	0	0	1	810	2023	0	0	0	18	0	3
fsh-generated/resources/StructureDefinition-mii-pr-onko-systemische-therapie.json	18044	2	0	82	0	0	0	0	0	38	0	0	0	0	0	0	0	1	0	0	0	627	981	0	0	0	23	1	2
fsh-generated/resources/StructureDefinition-mii-pr-onko-therapieempfehlung-kombinationstherapie.json	5718	1	0	30	0	0	0	0	0	16	0	0	0	0	1	0	0	0	0	0	1	272	517	0	0	0	7	0	0
fsh-generated/resources/StructureDefinition-mii-pr-onko-therapieempfehlung-medikation.json	4344	1	0	112	0	0	0	0	0	42	0	0	1	0	0	0	0	2	0	0	0	850	1837	0	0	0	22	0	3
fsh-generated/resources/StructureDefinition-mii-pr-onko-therapieempfehlung-operation.json	2906	0	0	18	1	0	0	0	0	12	0	0	0	0	1	0	0	0	0	0	0	186	439	0	0	0	5	0	0
fsh-generated/resources/StructureDefinition-mii-pr-onko-tnm-a-symbol.json	6675	2	0	27	0	0	0	0	0	18	0	0	0	0	0	0	0	1	0	0	1	279	1848	0	0	0	7	0	1
fsh-generated/resources/StructureDefinition-mii-pr-onko-tnm-klassifikation.json	10023	1	0	35	0	0	0	0	1	17	0	0	0	0	0	0	0	0	0	0	0	285	796	0	1	0	8	0	1
fsh-generated/resources/StructureDefinition-mii-pr-onko-tnm-l-kategorie.json	6939	1	0	29	0	0	0	0	0	17	0	0	0	0	1	0	0	1	0	0	0	288	510	0	0	0	7	0	0
fsh-generated/resources/StructureDefinition-mii-pr-onko-tnm-m-kategorie.json	10865	2	0	33	0	0	0	0	0	23	0	0	0	0	0	0	0	0	0	0	1	390	922	0	0	0	10	0	1
fsh-generated/resources/StructureDefinition-mii-pr-onko-tnm-m-symbol.json	6724	1	0	27	0	0	0	0	0	18	0	0	0	0	1	0	0	1	0	0	0	281	1142	0	0	0	7	0	1
fsh-generated/resources/StructureDefinition-mii-pr-onko-tnm-n-kategorie.json	11415	2	0	31	0	0	0	0	0	24	0	0	0	0	0	0	0	0	0	0	1	390	961	0	0	0	10	0	1
fsh-generated/resources/StructureDefinition-mii-pr-onko-tnm-pn-kategorie.json	7988	1	0	27	0	0	0	0	0	18	0	0	1	0	1	0	0	1	0	0	0	301	572	0	0	0	7	1	0
fsh-generated/resources/StructureDefinition-mii-pr-onko-tnm-r-symbol.json	6673	1	0	25	0	0	0	0	0	17	0	0	0	0	0	0	0	0	0	0	1	279	1860	0	0	0	8	0	1
fsh-generated/resources/StructureDefinition-mii-pr-onko-tnm-s-kategorie.json	6999	1	0	75	0	0	0	0	0	18	0	0	0	0	0	0	0	0	0	0	0	287	1145	0	0	0	7	0	1
fsh-generated/resources/StructureDefinition-mii-pr-onko-tnm-t-kategorie.json	9437	2	0	32	0	0	0	0	0	35	0	0	0	0	1	0	0	1	0	0	1	358	875	0	0	0	9	0	0
fsh-generated/resources/StructureDefinition-mii-pr-onko-tnm-v-kategorie.json	7023	2	0	27	0	0	0	0	0	30	0	0	0	0	0	0	0	0	0	0	0	300	517	0	1	0	8	0	1
fsh-generated/resources/StructureDefinition-mii-pr-onko-tnm-y-symbol.json	6784	3	0	26	0	0	0	0	1	28	0	0	0	0	1	0	0	1	0	0	0	281	545	0	0	0	7	0	1
fsh-generated/resources/StructureDefinition-mii-pr-onko-tod.json	8071	2	0	27	0	0	0	0	0	24	0	0	0	0	0	0	0	0	0	0	1	312	8084	0	0	0	8	0	0
fsh-generated/resources/StructureDefinition-mii-pr-onko-tumorgroesse.json	7372	2	0	29	0	0	0	0	0	21	0	0	0	0	0	0	0	1	0	0	1	347	551	0	0	0	9	0	1
fsh-generated/resources/StructureDefinition-mii-pr-onko-tumorkonferenz.json	16205	3	0	49	0	0	0	0	0	38	0	0	1	0	1	0	0	1	0	0	0	610	843	0	0	0	13	0	1
fsh-generated/resources/StructureDefinition-mii-pr-onko-verlauf.json	17016	3	0	65	0	0	0	0	0	120	0	0	0	0	0	0	0	1	0	0	1	766	951	0	0	0	17	0	2
fsh-generated/resources/StructureDefinition-mii-pr-onko-weitere-klassifikationen.json	10882	1	0	38	0	0	0	0	0	18	0	0	0	0	1	0	0	0	0	0	0	303	1513	0	0	0	7	0	0
fsh-generated/resources/ValueSet-mii-vs-onko-allgemeiner-leistungszustand-ecog.json	1040	1	0	0	1	0	0	0	0	42	0	0	0	0	0	0	0	0	0	0	6	8	94	0	0	0	1	0	0
fsh-generated/resources/ValueSet-mii-vs-onko-allgemeiner-leistungszustand-karnofsky.json	1070	1	0	0	0	0	0	0	0	3	0	0	0	0	0	0	0	0	0	0	3	8	76	0	0	0	0	0	0
fsh-generated/resources/ValueSet-mii-vs-onko-asa-loinc.json	1399	0	0	0	0	0	0	0	0	338	0	0	0	0	1	0	0	0	0	0	2	9	394	0	0	0	0	0	0
fsh-generated/resources/ValueSet-mii-vs-onko-asa-obds.json	939	1	0	0	0	0	0	0	0	2	0	0	0	0	0	0	0	0	0	0	2	7	45	0	0	0	0	0	0
fsh-generated/resources/ValueSet-mii-vs-onko-beurteilung-lokaler-residualstatus.json	1024	0	0	0	0	0	0	0	1	2	0	0	0	0	1	0	0	0	0	0	2	7	39	0	0	0	0	0	0
fsh-generated/resources/ValueSet-mii-vs-onko-fernmetastasen.json	912	1	0	0	0	0	0	0	0	1	1	0	0	0	0	0	0	0	0	0	1	7	44	0	0	0	0	0	0
fsh-generated/resources/ValueSet-mii-vs-onko-genetische-variante-auspraegung.json	1019	0	0	0	0	0	0	0	0	1	0	0	0	0	0	0	0	0	0	0	2	7	50	0	0	0	0	0	0
fsh-generated/resources/ValueSet-mii-vs-onko-gesamtbeurteilung-residualstatus.json	1014	1	0	0	0	0	0	0	0	2	0	0	0	0	1	0	0	0	0	0	2	7	46	0	0	0	1	0	0
fsh-generated/resources/ValueSet-mii-vs-onko-grading.json	946	0	0	0	0	0	0	0	0	1	0	0	0	0	0	0	0	0	0	0	1	7	49	0	0	0	0	0	0
fsh-generated/resources/ValueSet-mii-vs-onko-icdo3-morphologie.json	1059	1	0	0	0	0	0	0	0	946	0	0	0	0	0	0	0	0	0	0	2	7	240	0	0	0	0	0	0
fsh-generated/resources/ValueSet-mii-vs-onko-icdo3-topographie.json	1031	0	0	0	0	0	0	0	0	312	0	0	0	0	0	0	0	0	0	0	1	7	419	0	0	0	0	0	0
fsh-generated/resources/ValueSet-mii-vs-onko-krk-abstand-circumferelle-resektionsrand.json	1304	1	0	0	0	0	0	0	0	313	0	0	0	0	1	0	0	0	0	0	2	8	42	0	0	0	0	0	0
fsh-generated/resources/ValueSet-mii-vs-onko-krk-abstand-resektionslinie-aboral.json	1270	1	0	0	0	0	0	0	0	331	0	0	0	0	0	0	0	0	0	0	2	9	41	0	0	0	0	0	0
fsh-generated/resources/ValueSet-mii-vs-onko-krk-anastomoseninsuffizienz.json	955	0	0	0	0	0	0	0	0	1	0	0	0	0	0	0	0	0	0	0	1	8	39	0	0	0	1	0	0
fsh-generated/resources/ValueSet-mii-vs-onko-krk-mrt-mesorektale-faszie-status.json	1029	1	0	0	1	0	0	0	0	1	0	0	0	0	1	0	0	0	0	0	2	7	44	0	0	0	0	0	0
fsh-generated/resources/ValueSet-mii-vs-onko-krk-stoma-anzeichnung.json	946	0	0	0	0	0	0	0	0	1	0	0	0	0	1	0	0	0	0	0	1	7	43	0	0	0	0	0	0
fsh-generated/resources/ValueSet-mii-vs-onko-krk-stoma-status-reason.json	1332	1	0	0	0	0	0	0	0	331	0	0	0	0	0	0	0	0	0	0	2	9	344	0	0	0	0	0	0
fsh-generated/resources/ValueSet-mii-vs-onko-krk-tme-qualitaet.json	955	0	0	0	0	0	0	0	0	1	0	0	0	0	0	0	0	0	0	0	1	7	37	0	0	0	0	0	0
fsh-generated/resources/ValueSet-mii-vs-onko-mamma-her2neu-status-leitlinie.json	1018	1	0	0	0	0	0	0	0	1	0	0	0	0	1	0	0	0	0	0	2	7	38	0	0	0	0	0	0
fsh-generated/resources/ValueSet-mii-vs-onko-mamma-her2neu-status-obds.json	961	0	0	0	0	0	0	0	0	2	0	0	0	0	0	0	0	0	0	0	1	8	42	0	1	0	0	0	0
fsh-generated/resources/ValueSet-mii-vs-onko-mamma-intraoperatives-imaging-praeparat.json	1049	1	0	0	0	0	0	0	1	317	0	0	0	0	0	0	0	0	0	0	2	8	694	0	0	0	1	0	0
fsh-generated/resources/ValueSet-mii-vs-onko-mamma-menopause-status.json	1193	0	0	0	0	0	0	0	0	331	0	0	0	0	1	0	0	0	0	0	2	8	40	0	0	0	0	0	0
fsh-generated/resources/ValueSet-mii-vs-onko-mamma-operation-ops.json	960	1	0	0	0	0	0	0	0	366	0	0	0	0	0	0	0	0	0	0	1	7	420	0	0	0	0	0	0
fsh-generated/resources/ValueSet-mii-vs-onko-mamma-operation-sct.json	961	0	0	0	0	0	0	0	0	310	0	0	0	0	1	0	0	0	0	0	2	7	412	0	0	0	0	0	0
fsh-generated/resources/ValueSet-mii-vs-onko-mamma-praeoperative-markierung-modalitaet.json	1598	1	0	0	0	0	0	0	0	326	0	0	0	0	0	0	0	0	0	0	1	10	363	0	0	0	0	0	0
fsh-generated/resources/ValueSet-mii-vs-onko-mamma-rezeptorstatus-leitlinie.json	924	1	0	0	0	0	0	0	0	1	0	0	0	0	0	0	0	0	0	0	2	8	38	0	0	0	0	0	0
fsh-generated/resources/ValueSet-mii-vs-onko-mamma-rezeptorstatus-obds.json	1111	0	0	0	0	0	0	0	0	323	0	0	0	0	1	0	0	0	0	0	1	8	42	0	0	0	0	0	0
fsh-generated/resources/ValueSet-mii-vs-onko-melanom-exzision-snomedct.json	1153	1	0	0	1	0	0	0	0	310	0	0	0	0	0	0	0	0	0	0	2	9	364	0	0	0	1	0	0
fsh-generated/resources/ValueSet-mii-vs-onko-melanom-ldh.json	1343	0	0	0	0	0	0	0	0	314	0	0	0	0	0	0	0	0	0	0	1	8	35	0	0	0	0	0	1
fsh-generated/resources/ValueSet-mii-vs-onko-melanom-ulzeration.json	1111	1	0	0	0	0	0	0	0	3	0	0	0	0	1	0	0	0	0	0	2	8	37	0	0	0	0	0	0
fsh-generated/resources/ValueSet-mii-vs-onko-nebenwirkung-art.json	1172	0	0	0	0	0	0	0	0	1560	0	0	0	0	0	0	0	0	0	0	2	9	2485	0	0	0	0	0	0
fsh-generated/resources/ValueSet-mii-vs-onko-nebenwirkung-ctcae-grad.json	977	1	0	0	0	0	0	0	0	1	0	0	0	0	1	0	0	0	0	0	1	7	37	0	0	0	0	0	0
fsh-generated/resources/ValueSet-mii-vs-onko-operation-intention.json	1508	0	0	0	0	0	0	0	0	2	0	0	0	0	0	0	0	0	0	0	2	9	38	0	0	0	0	0	0
fsh-generated/resources/ValueSet-mii-vs-onko-operation-komplikation.json	989	1	0	0	0	0	0	0	0	1	0	0	0	0	0	0	0	0	0	0	1	7	45	0	0	0	1	0	0
fsh-generated/resources/ValueSet-mii-vs-onko-operation-urgency.json	939	0	0	0	0	0	0	0	0	1	0	0	0	0	1	0	0	0	0	0	2	8	35	0	0	0	0	0	0
fsh-generated/resources/ValueSet-mii-vs-onko-ops-nuklearmedizin.json	1169	1	0	0	0	0	0	0	1	643	0	0	0	0	0	0	0	0	0	0	1	9	662	0	0	0	0	0	0
fsh-generated/resources/ValueSet-mii-vs-onko-ops-strahlentherapie.json	1165	0	0	0	0	0	0	0	0	629	0	0	0	0	1	0	0	0	0	0	2	8	709	0	0	0	0	0	0
fsh-generated/resources/ValueSet-mii-vs-onko-primaertumor-diagnosesicherung.json	1050	1	0	0	0	0	0	0	0	1	0	0	0	0	0	0	0	0	0	0	2	8	38	0	0	0	0	0	0
fsh-generated/resources/ValueSet-mii-vs-onko-prostata-clavien-dindo.json	2017	0	0	0	0	0	0	0	0	339	0	0	0	0	1	0	0	0	0	0	2	11	39	0	0	0	1	0	0
fsh-generated/resources/ValueSet-mii-vs-onko-prostata-gleason-patterns.json	1619	1	0	0	0	0	0	0	0	334	0	0	0	0	0	0	0	0	0	0	1	9	37	0	0	0	0	0	0
fsh-generated/resources/ValueSet-mii-vs-onko-prostata-gleason-primary-secondary-tertiary.json	1657	0	0	0	0	0	0	0	0	316	0	0	0	0	1	0	0	0	0	0	2	9	43	0	0	0	0	0	0
fsh-generated/resources/ValueSet-mii-vs-onko-prostata-gleason-score.json	2517	1	0	0	1	0	0	0	0	315	0	0	0	0	0	0	0	0	0	0	2	14	41	0	0	0	0	0	0
fsh-generated/resources/ValueSet-mii-vs-onko-prostata-operation-snomedct.json	1137	1	0	0	0	0	0	0	0	309	0	0	0	0	1	0	0	0	0	0	2	7	435	0	0	0	0	0	0
fsh-generated/resources/ValueSet-mii-vs-onko-prostata-postsurgical-complications.json	947	0	0	0	0	0	0	0	0	1	0	0	0	0	0	0	0	0	0	0	2	7	39	0	0	0	0	0	0
fsh-generated/resources/ValueSet-mii-vs-onko-prostata-psa-loinc.json	1250	1	0	0	0	0	0	0	0	324	0	0	0	0	1	0	0	0	0	0	1	9	41	0	0	0	1	0	0
fsh-generated/resources/ValueSet-mii-vs-onko-seitenlokalisation.json	982	0	0	0	0	0	0	0	0	1	0	0	0	0	0	0	0	0	0	0	2	7	46	0	0	0	0	0	0
fsh-generated/resources/ValueSet-mii-vs-onko-strahlentherapie-applikationsart.json	1046	1	0	0	0	0	0	0	0	1	0	0	0	0	0	0	0	0	0	0	2	7	43	0	0	0	0	0	0
fsh-generated/resources/ValueSet-mii-vs-onko-strahlentherapie-boost.json	986	0	0	0	0	0	0	0	0	1	0	0	0	0	1	0	0	0	0	0	1	7	39	0	0	0	0	0	0
fsh-generated/resources/ValueSet-mii-vs-onko-strahlentherapie-ende-grund.json	1862	1	0	0	0	0	0	0	1	2	0	0	0	0	1	0	0	0	0	0	2	12	45	0	0	0	0	0	0
fsh-generated/resources/ValueSet-mii-vs-onko-strahlentherapie-intention.json	1475	0	0	0	0	0	0	0	0	2	0	0	0	0	1	0	0	0	0	0	2	10	40	0	0	0	0	0	0
fsh-generated/resources/ValueSet-mii-vs-onko-strahlentherapie-stellungzurop.json	1002	1	0	0	0	0	0	0	0	1	0	0	0	0	0	0	0	0	0	0	1	7	38	0	0	0	1	0	0
fsh-generated/resources/ValueSet-mii-vs-onko-strahlentherapie-strahlenart.json	1015	0	0	0	0	0	0	0	0	1	0	0	0	0	0	0	0	0	0	0	2	7	42	0	0	0	0	0	0
fsh-generated/resources/ValueSet-mii-vs-onko-strahlentherapie-strahlungseinheit.json	1319	1	0	0	0	0	0	0	0	939	0	0	0	0	1	0	0	0	0	0	1	8	2188	0	0	0	0	0	0
fsh-generated/resources/ValueSet-mii-vs-onko-strahlentherapie-zielgebiet.json	1230	0	0	0	0	0	0	0	0	2	0	0	0	0	0	0	0	0	0	0	2	9	82	0	0	0	0	0	0
fsh-generated/resources/ValueSet-mii-vs-onko-studienteilnahme.json	930	0	0	0	0	0	0	0	0	1	0	0	0	0	0	0	0	0	0	0	1	7	36	0	0	0	0	0	0
fsh-generated/resources/ValueSet-mii-vs-onko-systemische-therapie-art.json	2425	1	0	0	0	0	0	0	0	3	0	0	0	0	1	0	0	0	0	0	2	14	38	0	0	0	0	0	0
fsh-generated/resources/ValueSet-mii-vs-onko-systemische-therapie-ende-grund.json	1975	1	0	0	0	0	0	0	0	3	0	0	0	0	0	0	0	0	0	0	2	12	37	0	0	0	1	0	0
fsh-generated/resources/ValueSet-mii-vs-onko-systemische-therapie-intention.json	1383	0	0	0	0	0	0	0	0	2	0	0	0	0	0	0	0	0	0	0	1	17	36	0	0	0	0	0	0
fsh-generated/resources/ValueSet-mii-vs-onko-systemische-therapie-protokolle.json	1017	1	0	0	1	0	0	0	0	1	0	0	0	0	0	0	0	0	0	0	2	8	62	0	0	0	0	0	0
fsh-generated/resources/ValueSet-mii-vs-onko-systemische-therapie-stellungzurop.json	1497	0	0	0	0	0	0	0	0	2	0	0	0	0	1	0	0	0	0	0	1	10	53	0	0	0	0	0	0
fsh-generated/resources/ValueSet-mii-vs-onko-systemische-therapie-substanzen-2018.json	28672	2	0	0	0	0	0	0	3	1903	0	0	0	0	0	0	0	1	0	0	4	70	3014	0	0	0	3	0	0
fsh-generated/resources/ValueSet-mii-vs-onko-systemische-therapie-substanzen-2019.json	29616	2	0	0	0	0	0	0	2	1275	0	0	0	0	0	0	0	0	0	0	4	80	2983	0	0	0	2	0	0
fsh-generated/resources/ValueSet-mii-vs-onko-systemische-therapie-substanzen-2020.json	30827	2	0	0	0	0	0	0	2	1313	0	0	0	0	1	0	0	0	0	0	4	90	3073	0	0	0	3	0	0
fsh-generated/resources/ValueSet-mii-vs-onko-systemische-therapie-substanzen-2021.json	32776	3	0	0	0	0	0	0	3	1050	0	0	0	0	0	0	0	0	0	0	5	85	2456	0	0	0	3	0	0
fsh-generated/resources/ValueSet-mii-vs-onko-systemische-therapie-substanzen-2022.json	37922	2	0	0	0	0	0	0	2	1070	0	0	0	0	0	0	0	0	0	0	4	97	2445	0	0	0	4	0	1
fsh-generated/resources/ValueSet-mii-vs-onko-systemische-therapie-substanzen-2023.json	39574	3	0	0	1	0	0	0	3	1083	0	0	0	0	1	0	0	0	0	0	6	109	2462	0	0	0	4	0	0
fsh-generated/resources/ValueSet-mii-vs-onko-systemische-therapie-substanzen-2024.json	40222	3	0	0	0	0	0	0	5	1043	0	0	0	0	0	0	0	1	0	0	5	100	2416	0	0	0	4	0	0
fsh-generated/resources/ValueSet-mii-vs-onko-systemische-therapie-substanzen-2025.json	40594	45	0	0	0	0	0	0	3	1072	0	0	0	0	0	0	0	0	0	0	5	99	2442	0	0	0	4	0	0
fsh-generated/resources/ValueSet-mii-vs-onko-systemische-therapie-substanzen-2026.json	42780	3	0	0	0	0	0	0	3	468	0	0	0	0	1	0	0	0	0	0	6	98	579	0	0	0	4	0	1
fsh-generated/resources/ValueSet-mii-vs-onko-systemische-therapie-substanzen-unii.json	10902	2	0	0	0	0	0	0	1	598	0	0	0	0	0	0	0	0	0	0	3	30	397	0	0	0	1	0	0
fsh-generated/resources/ValueSet-mii-vs-onko-systemische-therapie-substanzen.json	50320	3	0	0	0	0	0	0	3	1278	0	0	0	0	0	0	0	0	0	0	5	114	3109	0	0	0	5	0	0
fsh-generated/resources/ValueSet-mii-vs-onko-therapieabweichung.json	966	0	0	0	0	0	0	0	1	2	0	0	0	0	1	0	0	0	0	0	4	7	34	0	0	0	0	0	0
fsh-generated/resources/ValueSet-mii-vs-onko-therapieempfehlung-typ.json	955	1	0	0	0	0	0	0	0	1	0	0	0	0	0	0	0	0	0	0	3	7	32	0	0	0	0	0	0
fsh-generated/resources/ValueSet-mii-vs-onko-therapieplanung-typ.json	947	0	0	0	0	0	0	0	0	0	0	0	0	0	0	0	0	0	0	0	3	6	32	0	0	0	0	0	0
fsh-generated/resources/ValueSet-mii-vs-onko-tnm-cp-praefix.json	1195	1	0	0	1	0	0	0	0	2	0	0	0	0	0	0	0	0	0	0	3	9	34	0	0	0	1	0	0
fsh-generated/resources/ValueSet-mii-vs-onko-tnm-itc-suffix.json	1320	0	0	0	0	0	0	0	0	2	0	0	0	0	1	0	0	0	0	0	3	9	31	0	0	0	0	0	0
fsh-generated/resources/ValueSet-mii-vs-onko-tnm-klassifikation-typ.json	1567	1	0	0	0	0	0	0	0	307	0	0	0	0	0	0	0	0	0	0	2	8	34	0	0	0	0	0	0
fsh-generated/resources/ValueSet-mii-vs-onko-tnm-l-kategorie-werte.json	1243	0	0	0	0	0	0	0	0	2	0	0	0	0	0	0	0	0	0	0	3	9	34	0	1	0	0	0	0
fsh-generated/resources/ValueSet-mii-vs-onko-tnm-m-kategorie-werte.json	1533	1	0	0	0	0	0	0	0	3	0	0	0	0	1	0	0	0	0	0	3	9	35	0	0	0	0	0	0
fsh-generated/resources/ValueSet-mii-vs-onko-tnm-m-kategorie.json	1273	0	0	0	0	0	0	0	0	311	0	0	0	0	0	0	0	0	0	0	2	8	36	0	0	0	1	0	0
fsh-generated/resources/ValueSet-mii-vs-onko-tnm-m-symbol.json	1696	1	0	0	0	0	0	0	0	2	0	0	0	0	0	0	0	0	0	0	2	11	38	0	0	0	0	0	0
fsh-generated/resources/ValueSet-mii-vs-onko-tnm-n-kategorie-werte.json	2181	0	0	0	0	0	0	0	1	2	0	0	0	0	1	0	0	0	0	0	2	12	40	0	0	0	0	0	0
fsh-generated/resources/ValueSet-mii-vs-onko-tnm-n-kategorie.json	1273	1	0	0	0	0	0	0	0	317	0	0	0	0	0	0	0	0	0	0	2	8	36	0	0	0	0	0	0
fsh-generated/resources/ValueSet-mii-vs-onko-tnm-pn-kategorie-werte.json	1247	0	0	0	0	0	0	0	0	2	0	0	0	0	0	0	0	0	0	0	1	8	34	0	0	0	0	0	0
fsh-generated/resources/ValueSet-mii-vs-onko-tnm-s-kategorie-werte.json	1377	1	0	0	1	0	0	0	0	2	0	0	0	0	1	0	0	0	0	0	2	10	36	0	0	0	0	0	0
fsh-generated/resources/ValueSet-mii-vs-onko-tnm-sn-suffix.json	1075	0	0	0	0	0	0	0	0	1	0	0	0	0	0	0	0	0	0	0	1	7	90	0	0	0	1	0	0
fsh-generated/resources/ValueSet-mii-vs-onko-tnm-t-kategorie-werte.json	4446	1	0	0	0	0	0	0	0	3	0	0	0	0	0	0	0	0	0	0	2	22	63	0	0	0	0	0	0
fsh-generated/resources/ValueSet-mii-vs-onko-tnm-t-kategorie.json	1272	1	0	0	0	0	0	0	0	333	0	0	0	0	1	0	0	0	0	0	2	9	47	0	0	0	0	0	0
fsh-generated/resources/ValueSet-mii-vs-onko-tnm-uicc-stadium.json	3702	0	0	0	0	0	0	0	1	4	0	0	0	0	0	0	0	0	0	0	2	19	49	0	0	0	1	0	0
fsh-generated/resources/ValueSet-mii-vs-onko-tnm-v-kategorie-werte.json	1315	1	0	0	0	0	0	0	0	2	0	0	0	0	0	0	0	0	0	0	1	9	37	0	0	0	0	0	0
fsh-generated/resources/ValueSet-mii-vs-onko-tnm-version.json	931	0	0	0	0	0	0	0	0	1	0	0	0	0	1	0	0	0	0	0	2	7	38	0	0	0	0	0	0
fsh-generated/resources/ValueSet-mii-vs-onko-tod.json	857	1	0	0	0	0	0	0	0	2	0	0	0	0	0	0	0	0	0	0	1	6	40	0	0	0	0	0	0
fsh-generated/resources/ValueSet-mii-vs-onko-verlauf-fernmetastasen.json	995	0	0	0	0	0	0	0	0	1	0	0	0	0	0	0	0	0	0	0	2	7	38	0	0	0	0	0	0
fsh-generated/resources/ValueSet-mii-vs-onko-verlauf-gesamtbeurteilung.json	997	1	0	0	0	0	0	0	0	1	0	0	0	0	1	0	0	0	0	0	1	7	38	0	0	0	0	0	0
fsh-generated/resources/ValueSet-mii-vs-onko-verlauf-lymphknoten.json	977	0	0	0	0	0	0	0	0	2	0	0	0	0	0	0	0	0	0	0	2	7	41	0	0	0	0	0	0
fsh-generated/resources/ValueSet-mii-vs-onko-verlauf-primaertumor.json	984	1	0	0	0	0	0	0	0	1	0	0	0	0	0	0	0	0	0	0	1	7	42	0	0	0	1	0	0
fsh-generated/resources/ValueSet-mii-vs-onko-weitere-klassifikationen-auspraegungen.json	7998	0	0	0	0	0	0	0	0	318	0	0	0	0	1	0	0	0	0	0	2	43	108	0	0	0	0	0	0
fsh-generated/resources/ValueSet-mii-vs-onko-weitere-klassifikationen.json	10054	1	0	0	0	0	0	0	1	1249	0	0	0	0	0	0	0	0	0	0	2	36	61	0	0	0	1	0	0
/fsh-generated/includes/menu.xml	3459	-	-	-	0	0	0	0	0	0	0	0	0	0	0	0	0	0	0	0	0	0	2	0	0	0	0	0	0
/fsh-generated/includes/fsh-link-references.md	46247	-	-	-	0	0	0	0	0	0	0	0	0	0	0	0	0	0	0	0	0	0	4	0	0	0	0	0	0
/input/intro-notes/ConceptMap-mii-cm-onko-strahlentherapie-zielgebiet-sct-intro.md	344	-	-	-	0	0	0	0	0	0	0	0	0	0	0	0	0	0	0	0	0	0	0	0	0	0	0	0	0
/input/intro-notes/StructureDefinition-mii-pr-onko-systemische-therapie-medikation-intro.md	3438	-	-	-	0	0	0	0	0	0	0	0	0	0	0	0	0	0	0	0	0	0	1	0	0	0	0	0	0
/input/intro-notes/ConceptMap-mii-cm-onko-operation-komplikation-sct-intro.md	177	-	-	-	0	0	0	0	0	0	0	0	0	0	0	0	0	0	0	0	0	0	0	0	0	0	0	0	0
/input/intro-notes/StructureDefinition-mii-pr-onko-melanom-breslow-tiefe-intro.md	3985	-	-	-	0	0	0	0	0	0	0	0	0	0	0	0	0	0	0	0	0	0	1	0	0	0	0	0	0
/input/intro-notes/StructureDefinition-mii-pr-onko-mamma-rezeptorstatus-estrogen-intro.md	6183	-	-	-	0	0	0	0	0	0	0	0	0	0	0	0	0	0	0	0	0	0	1	0	0	0	0	0	0
/input/intro-notes/StructureDefinition-mii-pr-onko-genetische-variante-intro.md	7013	-	-	-	0	0	0	0	0	0	0	0	0	0	0	0	0	0	0	0	0	0	1	0	0	0	0	0	0
/input/intro-notes/StructureDefinition-mii-ex-onko-tnm-cp-praefix-intro.md	527	-	-	-	0	0	0	0	0	0	0	0	0	0	0	0	0	0	0	0	0	0	0	0	0	0	0	0	0
/input/intro-notes/StructureDefinition-mii-pr-onko-prostate-psa-intro.md	3880	-	-	-	0	0	0	0	0	0	0	0	0	0	0	0	0	0	0	0	0	0	1	0	0	0	0	0	0
/input/intro-notes/StructureDefinition-mii-pr-onko-fernmetastasen-intro.md	4033	-	-	-	0	0	0	0	0	0	0	0	0	0	0	0	0	0	0	0	0	0	1	0	0	0	0	0	0
/input/intro-notes/ConceptMap-mii-cm-onko-strahlentherapie-applikationsart-sct-intro.md	238	-	-	-	0	0	0	0	0	0	0	0	0	0	0	0	0	0	0	0	0	0	0	0	0	0	0	0	0
/input/intro-notes/StructureDefinition-mii-pr-onko-therapieempfehlung-medikation-intro.md	4721	-	-	-	0	0	0	0	0	0	0	0	0	0	0	0	0	0	0	0	0	0	1	0	0	0	0	0	0
/input/intro-notes/StructureDefinition-mii-pr-onko-tod-intro.md	4344	-	-	-	0	0	0	0	0	0	0	0	0	0	0	0	0	0	0	0	0	0	0	0	0	0	0	0	0
/input/intro-notes/ConceptMap-mii-cm-onko-verlauf-lymphknoten-sct-intro.md	65	-	-	-	0	0	0	0	0	0	0	0	0	0	0	0	0	0	0	0	0	0	1	0	0	0	0	0	0
/input/intro-notes/StructureDefinition-mii-pr-onko-histologie-icdo3-intro.md	3997	-	-	-	0	0	0	0	0	0	0	0	0	0	0	0	0	0	0	0	0	0	0	0	0	0	0	0	0
/input/intro-notes/StructureDefinition-mii-pr-onko-strahlentherapie-bestrahlung-nuklearmedizin-intro.md	10815	-	-	-	0	0	0	0	0	0	0	0	0	0	0	0	0	0	0	0	0	0	1	0	0	0	0	0	0
/input/intro-notes/StructureDefinition-mii-pr-onko-mamma-praeoperative-markierung-intro.md	5130	-	-	-	0	0	0	0	0	0	0	0	0	0	0	0	0	0	0	0	0	0	1	0	0	0	0	0	0
/input/intro-notes/StructureDefinition-mii-pr-onko-prostate-ca-befall-stanze-intro.md	3995	-	-	-	0	0	0	0	0	0	0	0	0	0	0	0	0	0	0	0	0	0	0	0	0	0	0	0	0
/input/intro-notes/StructureDefinition-mii-pr-onko-prostate-anzahl-positive-stanzen-intro.md	2147	-	-	-	0	0	0	0	0	0	0	0	0	0	0	0	0	0	0	0	0	0	0	0	0	0	0	0	0
/input/intro-notes/StructureDefinition-mii-pr-onko-therapieempfehlung-kombinationstherapie-intro.md	5347	-	-	-	0	0	0	0	0	0	0	0	0	0	0	0	0	0	0	0	0	0	1	0	0	0	0	0	0
/input/intro-notes/ConceptMap-mii-cm-onko-primaertumor-diagnosesicherung-sct-intro.md	160	-	-	-	0	0	0	0	0	0	0	0	0	0	0	0	0	0	0	0	0	0	0	0	0	0	0	0	0
/input/intro-notes/StructureDefinition-mii-pr-onko-tumorkonferenz-intro.md	8087	-	-	-	0	0	0	0	0	0	0	0	0	0	0	0	0	0	0	0	0	0	0	0	0	0	0	0	0
/input/intro-notes/StructureDefinition-mii-pr-onko-krk-specimen-intro.md	3463	-	-	-	0	0	0	0	0	0	0	0	0	0	0	0	0	0	0	0	0	0	1	0	0	0	0	0	0
/input/intro-notes/StructureDefinition-mii-pr-onko-tnm-y-symbol-intro.md	3080	-	-	-	0	0	0	0	0	0	0	0	0	0	0	0	0	0	0	0	0	0	0	0	0	0	0	0	0
/input/intro-notes/StructureDefinition-mii-pr-onko-tnm-m-symbol-intro.md	3283	-	-	-	0	0	0	0	0	0	0	0	0	0	0	0	0	0	0	0	0	0	0	0	0	0	0	0	0
/input/intro-notes/ConceptMap-mii-cm-onko-residualstatus-uicc-sct-intro.md	247	-	-	-	0	0	0	0	0	0	0	0	0	0	0	0	0	0	0	0	0	0	1	0	0	0	0	0	0
/input/intro-notes/StructureDefinition-mii-pr-onko-krk-anastomoseninsuffizienz-intro.md	4010	-	-	-	0	0	0	0	0	0	0	0	0	0	0	0	0	0	0	0	0	0	0	0	0	0	0	0	0
/input/intro-notes/StructureDefinition-mii-pr-onko-tnm-n-kategorie-intro.md	3868	-	-	-	0	0	0	0	0	0	0	0	0	0	0	0	0	0	0	0	0	0	0	0	0	0	0	0	0
/input/intro-notes/ConceptMap-mii-cm-onko-verlauf-gesamtbeurteilung-sct-intro.md	95	-	-	-	0	0	0	0	0	0	0	0	0	0	0	0	0	0	0	0	0	0	1	0	0	0	0	0	0
/input/intro-notes/StructureDefinition-mii-pr-onko-melanom-ldh-intro.md	4345	-	-	-	0	0	0	0	0	0	0	0	0	0	0	0	0	0	0	0	0	0	0	0	0	0	0	0	0
/input/intro-notes/StructureDefinition-mii-pr-onko-tnm-a-symbol-intro.md	3097	-	-	-	0	0	0	0	0	0	0	0	0	0	0	0	0	0	0	0	0	0	0	0	0	0	0	0	0
/input/intro-notes/StructureDefinition-mii-pr-onko-melanom-sicherheitsabstand-intro.md	4675	-	-	-	0	0	0	0	0	0	0	0	0	0	0	0	0	0	0	0	0	0	1	0	0	0	0	0	0
/input/intro-notes/ConceptMap-mii-cm-onko-therapie-typ-sct-intro.md	163	-	-	-	0	0	0	0	0	0	0	0	0	0	0	0	0	0	0	0	0	0	0	0	0	0	0	0	0
/input/intro-notes/StructureDefinition-mii-pr-onko-prostate-anzahl-stanzen-intro.md	1991	-	-	-	0	0	0	0	0	0	0	0	0	0	0	0	0	0	0	0	0	0	0	0	0	0	0	0	0
/input/intro-notes/StructureDefinition-mii-pr-onko-liste-evidenz-erstdiagnose-intro.md	3153	-	-	-	0	0	0	0	0	0	0	0	0	0	0	0	0	0	0	0	0	0	0	0	0	0	0	0	0
/input/intro-notes/ConceptMap-mii-cm-onko-tod-sct-intro.md	158	-	-	-	0	0	0	0	0	0	0	0	0	0	0	0	0	0	0	0	0	0	0	0	0	0	0	0	0
/input/intro-notes/StructureDefinition-mii-pr-onko-krk-abstand-aboral-intro.md	4018	-	-	-	0	0	0	0	0	0	0	0	0	0	0	0	0	0	0	0	0	0	1	0	0	0	0	0	0
/input/intro-notes/StructureDefinition-mii-pr-onko-allgemeiner-leistungszustand-ecog-intro.md	5067	-	-	-	0	0	0	0	0	0	0	0	0	0	0	0	0	0	0	0	0	0	0	0	0	0	0	0	0
/input/intro-notes/StructureDefinition-mii-pr-onko-mamma-rezeptorstatus-progesteron-intro.md	6220	-	-	-	0	0	0	0	0	0	0	0	0	0	0	0	0	0	0	0	0	0	0	0	0	0	0	0	0
/input/intro-notes/ConceptMap-mii-cm-onko-fernmetastasen-sct-intro.md	1	-	-	-	0	0	0	0	0	0	0	0	0	0	0	0	0	0	0	0	0	0	1	0	0	0	0	0	0
/input/intro-notes/ConceptMap-mii-cm-onko-tnm-uicc-sct-clinical-intro.md	427	-	-	-	0	0	0	0	0	0	0	0	0	0	0	0	0	0	0	0	0	0	0	0	0	0	0	0	0
/input/intro-notes/ConceptMap-mii-cm-onko-studienteilnahme-sct-intro.md	1	-	-	-	0	0	0	0	0	0	0	0	0	0	0	0	0	0	0	0	0	0	0	0	0	0	0	0	0
/input/intro-notes/StructureDefinition-mii-pr-onko-asa-klassifikation-intro.md	4298	-	-	-	0	0	0	0	0	0	0	0	0	0	0	0	0	0	0	0	0	0	1	0	0	0	0	0	0
/input/intro-notes/StructureDefinition-mii-pr-onko-fruehere-tumorerkrankung-intro.md	6851	-	-	-	0	0	0	0	0	0	0	0	0	0	0	0	0	0	0	0	0	0	0	0	0	0	0	0	0
/input/intro-notes/StructureDefinition-mii-pr-onko-prostate-gleason-patterns-intro.md	2922	-	-	-	0	0	0	0	0	0	0	0	0	0	0	0	0	0	0	0	0	0	0	0	0	0	0	0	0
/input/intro-notes/ConceptMap-mii-cm-onko-grading-sct-intro.md	43	-	-	-	0	0	0	0	0	0	0	0	0	0	0	0	0	0	0	0	0	0	1	0	0	0	0	0	0
/input/intro-notes/StructureDefinition-mii-pr-onko-systemische-therapie-intro.md	10299	-	-	-	0	0	0	0	0	0	0	0	0	0	0	0	0	0	0	0	0	0	0	0	0	0	0	0	0
/input/intro-notes/StructureDefinition-mii-pr-onko-tnm-l-kategorie-intro.md	3407	-	-	-	0	0	0	0	0	0	0	0	0	0	0	0	0	0	0	0	0	0	0	0	0	0	0	0	0
/input/intro-notes/StructureDefinition-mii-ex-onko-strahlentherapie-stellungzurop-intro.md	139	-	-	-	0	0	0	0	0	0	0	0	0	0	0	0	0	0	0	0	0	0	1	0	0	0	0	0	0
/input/intro-notes/ConceptMap-mii-cm-onko-therapieplanung-sct-intro.md	126	-	-	-	0	0	0	0	0	0	0	0	0	0	0	0	0	0	0	0	0	0	0	0	0	0	0	0	0
/input/intro-notes/StructureDefinition-mii-pr-onko-anzahl-untersuchte-lymphknoten-intro.md	4333	-	-	-	0	0	0	0	0	0	0	0	0	0	0	0	0	0	0	0	0	0	0	0	0	0	0	0	0
/input/intro-notes/StructureDefinition-mii-pr-onko-strahlentherapie-bestrahlung-strahlentherapie-intro.md	9628	-	-	-	0	0	0	0	0	0	0	0	0	0	0	0	0	0	0	0	0	0	0	0	0	0	0	0	0
/input/intro-notes/StructureDefinition-mii-pr-onko-tnm-m-kategorie-intro.md	4121	-	-	-	0	0	0	0	0	0	0	0	0	0	0	0	0	0	0	0	0	0	1	0	0	0	0	0	0
/input/intro-notes/StructureDefinition-mii-pr-onko-prostate-clavien-dindo-intro.md	4853	-	-	-	0	0	0	0	0	0	0	0	0	0	0	0	0	0	0	0	0	0	0	0	0	0	0	0	0
/input/intro-notes/ConceptMap-mii-cm-onko-seitenlokalisation-sct-intro.md	115	-	-	-	0	0	0	0	0	0	0	0	0	0	0	0	0	0	0	0	0	0	0	0	0	0	0	0	0
/input/intro-notes/StructureDefinition-mii-pr-onko-nebenwirkung-adverse-event-intro.md	3171	-	-	-	0	0	0	0	0	0	0	0	0	0	0	0	0	0	0	0	0	0	1	0	0	0	0	0	0
/input/intro-notes/StructureDefinition-mii-pr-onko-mamma-operation-intro.md	5400	-	-	-	0	0	0	0	0	0	0	0	0	0	0	0	0	0	0	0	0	0	0	0	0	0	0	0	0
/input/intro-notes/StructureDefinition-mii-pr-onko-anzahl-befallene-lymphknoten-intro.md	4333	-	-	-	0	0	0	0	0	0	0	0	0	0	0	0	0	0	0	0	0	0	0	0	0	0	0	0	0
/input/intro-notes/StructureDefinition-mii-pr-onko-tnm-v-kategorie-intro.md	3431	-	-	-	0	0	0	0	0	0	0	0	0	0	0	0	0	0	0	0	0	0	1	0	0	0	0	0	0
/input/intro-notes/StructureDefinition-mii-pr-onko-weitere-klassifikationen-intro.md	7723	-	-	-	0	0	0	0	0	0	0	0	0	0	0	0	0	0	0	0	0	0	0	0	0	0	0	0	0
/input/intro-notes/StructureDefinition-mii-pr-onko-krk-stoma-markierung-intro.md	3646	-	-	-	0	0	0	0	0	0	0	0	0	0	0	0	0	0	0	0	0	0	0	0	0	0	0	0	0
/input/intro-notes/ConceptMap-mii-cm-onko-verlauf-primaertumor-sct-intro.md	131	-	-	-	0	0	0	0	0	0	0	0	0	0	0	0	0	0	0	0	0	0	0	0	0	0	0	0	0
/input/intro-notes/StructureDefinition-mii-ex-onko-operation-intention-intro.md	363	-	-	-	0	0	0	0	0	0	0	0	0	0	0	0	0	0	0	0	0	0	1	0	0	0	0	0	0
/input/intro-notes/StructureDefinition-mii-pr-onko-tnm-t-kategorie-intro.md	3535	-	-	-	0	0	0	0	0	0	0	0	0	0	0	0	0	0	0	0	0	0	0	0	0	0	0	0	0
/input/intro-notes/StructureDefinition-mii-ex-onko-operation-urgency-intro.md	1619	-	-	-	0	0	0	0	0	0	0	0	0	0	0	0	0	0	0	0	0	0	0	0	0	0	0	0	0
/input/intro-notes/StructureDefinition-mii-pr-onko-mamma-her2neu-status-intro.md	7594	-	-	-	0	0	0	0	0	0	0	0	0	0	0	0	0	0	0	0	0	0	1	0	0	0	0	0	0
/input/intro-notes/StructureDefinition-mii-pr-onko-krk-mrt-mesorektale-faszie-intro.md	4135	-	-	-	0	0	0	0	0	0	0	0	0	0	0	0	0	0	0	0	0	0	0	0	0	0	0	0	0
/input/intro-notes/ConceptMap-mii-cm-onko-strahlentherapie-strahleneinheit-sct-intro.md	78	-	-	-	0	0	0	0	0	0	0	0	0	0	0	0	0	0	0	0	0	0	0	0	0	0	0	0	0
/input/intro-notes/StructureDefinition-mii-pr-onko-tnm-klassifikation-intro.md	4152	-	-	-	0	0	0	0	0	0	0	0	0	0	0	0	0	0	0	0	0	0	0	0	0	0	0	0	0
/input/intro-notes/ConceptMap-mii-cm-onko-verlauf-fernmetastasen-sct-intro.md	158	-	-	-	0	0	0	0	0	0	0	0	0	0	0	0	0	0	0	0	0	0	1	0	0	0	0	0	0
/input/intro-notes/ConceptMap-mii-cm-onko-strahlentherapie-strahlenart-sct-intro.md	172	-	-	-	0	0	0	0	0	0	0	0	0	0	0	0	0	0	0	0	0	0	0	0	0	0	0	0	0
/input/intro-notes/StructureDefinition-mii-ex-onko-strahlentherapie-intention-intro.md	144	-	-	-	0	0	0	0	0	0	0	0	0	0	0	0	0	0	0	0	0	0	0	0	0	0	0	0	0
/input/intro-notes/StructureDefinition-mii-pr-onko-therapieempfehlung-operation-intro.md	4098	-	-	-	0	0	0	0	0	0	0	0	0	0	0	0	0	0	0	0	0	0	0	0	0	0	0	0	0
/input/intro-notes/ConceptMap-mii-cm-onko-tnm-uicc-sct-pathological-intro.md	431	-	-	-	0	0	0	0	0	0	0	0	0	0	0	0	0	0	0	0	0	0	1	0	0	0	0	0	0
/input/intro-notes/StructureDefinition-mii-pr-onko-prostate-gleason-grade-group-intro.md	3126	-	-	-	0	0	0	0	0	0	0	0	0	0	0	0	0	0	0	0	0	0	0	0	0	0	0	0	0
/input/intro-notes/StructureDefinition-mii-pr-onko-anzahl-untersuchte-sentinel-lymphknoten-intro.md	4333	-	-	-	0	0	0	0	0	0	0	0	0	0	0	0	0	0	0	0	0	0	0	0	0	0	0	0	0
/input/intro-notes/StructureDefinition-mii-pr-onko-grading-intro.md	3209	-	-	-	0	0	0	0	0	0	0	0	0	0	0	0	0	0	0	0	0	0	0	0	0	0	0	0	0
/input/intro-notes/StructureDefinition-mii-pr-onko-tumorgroesse-intro.md	3361	-	-	-	0	0	0	0	0	0	0	0	0	0	0	0	0	0	0	0	0	0	1	0	0	0	0	0	0
/input/intro-notes/ConceptMap-mii-cm-onko-therapie-stellung-sct-intro.md	125	-	-	-	0	0	0	0	0	0	0	0	0	0	0	0	0	0	0	0	0	0	0	0	0	0	0	0	0
/input/intro-notes/ConceptMap-mii-cm-onko-therapieabweichung-sct-intro.md	92	-	-	-	0	0	0	0	0	0	0	0	0	0	0	0	0	0	0	0	0	0	0	0	0	0	0	0	0
/input/intro-notes/StructureDefinition-mii-pr-onko-diagnose-primaertumor-intro.md	6632	-	-	-	0	0	0	0	0	0	0	0	0	0	0	0	0	0	0	0	0	0	0	0	0	0	0	0	0
/input/intro-notes/StructureDefinition-mii-pr-onko-studienteilnahme-intro.md	4741	-	-	-	0	0	0	0	0	0	0	0	0	0	0	0	0	0	0	0	0	0	1	0	0	0	0	0	0
/input/intro-notes/StructureDefinition-mii-pr-onko-krk-abstand-anokutan-intro.md	3896	-	-	-	0	0	0	0	0	0	0	0	0	0	0	0	0	0	0	0	0	0	0	0	0	0	0	0	0
/input/intro-notes/StructureDefinition-mii-pr-onko-allgemeiner-leistungszustand-karnofsky-intro.md	4830	-	-	-	0	0	0	0	0	0	0	0	0	0	0	0	0	0	0	0	0	0	0	0	0	0	0	0	0
/input/intro-notes/StructureDefinition-mii-pr-onko-mamma-menopause-status-intro.md	3990	-	-	-	0	0	0	0	0	0	0	0	0	0	0	0	0	0	0	0	0	0	1	0	0	0	0	0	0
/input/intro-notes/StructureDefinition-mii-pr-onko-melanom-ulzeration-intro.md	4202	-	-	-	0	0	0	0	0	0	0	0	0	0	0	0	0	0	0	0	0	0	0	0	0	0	0	0	0
/input/intro-notes/StructureDefinition-mii-ex-onko-histology-morphology-behavior-icdo3-intro.md	1045	-	-	-	0	0	0	0	0	0	0	0	0	0	0	0	0	0	0	0	0	0	1	0	0	0	0	0	0
/input/intro-notes/ConceptMap-mii-cm-onko-intention-sct-intro.md	183	-	-	-	0	0	0	0	0	0	0	0	0	0	0	0	0	0	0	0	0	0	0	0	0	0	0	0	0
/input/intro-notes/StructureDefinition-mii-pr-onko-strahlentherapie-intro.md	18875	-	-	-	0	0	0	0	0	0	0	0	0	0	0	0	0	0	0	0	0	0	2	0	0	0	0	0	0
/input/intro-notes/ConceptMap-mii-cm-onko-therapie-ende-sct-intro.md	290	-	-	-	0	0	0	0	0	0	0	0	0	0	0	0	0	0	0	0	0	0	0	0	0	0	0	0	0
/input/intro-notes/StructureDefinition-mii-pr-onko-specimen-intro.md	1808	-	-	-	0	0	0	0	0	0	0	0	0	0	0	0	0	0	0	0	0	0	0	0	0	0	0	0	0
/input/intro-notes/StructureDefinition-mii-pr-onko-tnm-s-kategorie-intro.md	3444	-	-	-	0	0	0	0	0	0	0	0	0	0	0	0	0	0	0	0	0	0	1	0	0	0	0	0	0
/input/intro-notes/StructureDefinition-mii-pr-onko-residualstatus-intro.md	3031	-	-	-	0	0	0	0	0	0	0	0	0	0	0	0	0	0	0	0	0	0	0	0	0	0	0	0	0
/input/intro-notes/StructureDefinition-mii-pr-onko-operation-intro.md	13146	-	-	-	0	0	0	0	0	0	0	0	0	0	0	0	0	0	0	0	0	0	1	0	0	0	0	0	0
/input/intro-notes/StructureDefinition-mii-pr-onko-tnm-pn-kategorie-intro.md	3405	-	-	-	0	0	0	0	0	0	0	0	0	0	0	0	0	0	0	0	0	0	0	0	0	0	0	0	0
/input/intro-notes/StructureDefinition-mii-pr-onko-verlauf-intro.md	4669	-	-	-	0	0	0	0	0	0	0	0	0	0	0	0	0	0	0	0	0	0	1	0	0	0	0	0	0
/input/intro-notes/StructureDefinition-mii-pr-onko-tnm-r-symbol-intro.md	3033	-	-	-	0	0	0	0	0	0	0	0	0	0	0	0	0	0	0	0	0	0	0	0	0	0	0	0	0
/input/intro-notes/StructureDefinition-mii-pr-onko-krk-operation-intro.md	3440	-	-	-	0	0	0	0	0	0	0	0	0	0	0	0	0	0	0	0	0	0	1	0	0	0	0	0	0
/input/intro-notes/StructureDefinition-mii-pr-onko-befund-intro.md	1690	-	-	-	0	0	0	0	0	0	0	0	0	0	0	0	0	0	0	0	0	0	0	0	0	0	0	0	0
/input/intro-notes/StructureDefinition-mii-pr-onko-krk-abstand-circumferelle-resektionsebene-intro.md	4270	-	-	-	0	0	0	0	0	0	0	0	0	0	0	0	0	0	0	0	0	0	1	0	0	0	0	0	0
/input/intro-notes/ConceptMap-mii-cm-onko-strahlentherapie-boost-sct-intro.md	154	-	-	-	0	0	0	0	0	0	0	0	0	0	0	0	0	0	0	0	0	0	0	0	0	0	0	0	0
/input/intro-notes/StructureDefinition-mii-pr-onko-anzahl-befallene-sentinel-lymphknoten-intro.md	4333	-	-	-	0	0	0	0	0	0	0	0	0	0	0	0	0	0	0	0	0	0	1	0	0	0	0	0	0
/input/intro-notes/ConceptMap-mii-cm-onko-allgemeiner-leistungszustand-sct-intro.md	1	-	-	-	0	0	0	0	0	0	0	0	0	0	0	0	0	0	0	0	0	0	0	0	0	0	0	0	0
/input/intro-notes/ConceptMap-mii-cm-onko-nebenwirkung-sct-intro.md	70	-	-	-	0	0	0	0	0	0	0	0	0	0	0	0	0	0	0	0	0	0	0	0	0	0	0	0	0
/input/intro-notes/ConceptMap-mii-cm-onko-genetische-variante-auspraegung-sct-intro.md	353	-	-	-	0	0	0	0	0	0	0	0	0	0	0	0	0	0	0	0	0	0	0	0	0	0	0	0	0
/input/pagecontent/szenarien.md	4807	-	-	-	0	0	0	0	0	0	0	0	0	0	0	0	0	0	0	0	0	0	1	0	0	0	0	0	0
/input/pagecontent/capability-statement.md	1334	-	-	-	0	0	0	0	0	0	0	0	0	0	0	0	0	0	0	0	0	0	0	0	0	0	0	0	0
/input/pagecontent/organspezifische-krk.md	3848	-	-	-	0	0	0	0	0	0	0	0	0	0	0	0	0	0	0	0	0	0	0	0	0	0	0	0	0
/input/pagecontent/organspezifische-module.md	3850	-	-	-	0	0	0	0	0	0	0	0	0	0	0	0	0	0	0	0	0	0	0	0	0	0	0	0	0
/input/pagecontent/fhir-profil-ressourcentyp.md	174	-	-	-	0	0	0	0	0	0	0	0	0	0	0	0	0	0	0	0	0	0	1	0	0	0	0	0	0
/input/pagecontent/obds-snomed-mapping.md	1188	-	-	-	0	0	0	0	0	0	0	0	0	0	0	0	0	0	0	0	0	0	0	0	0	0	0	0	0
/input/pagecontent/terminologien-systemische-therapie.md	5937	-	-	-	0	0	0	0	0	0	0	0	0	0	0	0	0	0	0	0	0	0	0	0	0	0	0	0	0
/input/pagecontent/bezug-nationale-standards.md	4680	-	-	-	0	0	0	0	0	0	0	0	0	0	0	0	0	0	0	0	0	0	1	0	0	0	0	0	0
/input/pagecontent/kontext.md	2849	-	-	-	0	0	0	0	0	0	0	0	0	0	0	0	0	0	0	0	0	0	0	0	0	0	0	0	0
/input/pagecontent/fhir-profile.md	2321	-	-	-	0	0	0	0	0	0	0	0	0	0	0	0	0	0	0	0	0	0	0	0	0	0	0	0	0
/input/pagecontent/beschreibung-modul.md	2172	-	-	-	0	0	0	0	0	0	0	0	0	0	0	0	0	0	0	0	0	0	0	0	0	0	0	0	0
/input/pagecontent/profile-beziehungen.md	584	-	-	-	0	0	0	0	0	0	0	0	0	0	0	0	0	0	0	0	0	0	1	0	0	0	0	0	0
/input/pagecontent/organspezifische-melanom.md	2158	-	-	-	0	0	0	0	0	0	0	0	0	0	0	0	0	0	0	0	0	0	0	0	0	0	0	0	0
/input/pagecontent/referenzen.md	1473	-	-	-	0	0	0	0	0	0	0	0	0	0	0	0	0	0	0	0	0	0	0	0	0	0	0	0	0
/input/pagecontent/bezug-internationale-standards.md	4084	-	-	-	0	0	0	0	0	0	0	0	0	1	0	0	0	0	0	0	0	0	0	0	0	0	0	0	0
/input/pagecontent/abweichungen-obds.md	3208	-	-	-	0	0	0	0	0	0	0	0	0	0	0	0	0	0	0	0	0	0	0	0	0	0	0	0	0
/input/pagecontent/terminologien-weitere-klassifikationen.md	3330	-	-	-	0	0	0	0	0	0	0	0	0	0	0	0	0	0	0	0	0	0	1	0	0	0	0	0	0
/input/pagecontent/example-melanom-bundle.md	4969	-	-	-	0	0	0	0	0	0	0	0	0	0	0	0	0	0	0	0	0	0	0	0	0	0	0	0	0
/input/pagecontent/extension-bestrahlung.md	780	-	-	-	0	0	0	0	0	0	0	0	0	0	0	0	0	0	0	0	0	0	0	0	0	0	0	0	0
/input/pagecontent/profile-inhalt-vererbung.md	1515	-	-	-	0	0	0	0	0	0	0	0	0	0	0	0	0	0	0	0	0	0	1	0	0	0	0	0	0
/input/pagecontent/example-krk-bundle.md	6834	-	-	-	0	0	0	0	0	0	0	0	0	0	0	0	0	0	0	0	0	0	0	0	0	0	0	0	0
/input/pagecontent/organspezifische-prostata.md	4192	-	-	-	0	0	0	0	0	0	0	0	0	0	0	0	0	0	0	0	0	0	1	0	0	0	0	0	0
/input/pagecontent/technische-implementierung.md	76	-	-	-	0	0	0	0	0	0	0	0	0	0	0	0	0	0	0	0	0	0	0	0	0	0	0	0	0
/input/pagecontent/example-mamma-bundle.md	4426	-	-	-	0	0	0	0	0	0	0	0	0	0	0	0	0	0	0	0	0	0	0	0	0	0	0	0	0
/input/pagecontent/verwendung-extensions.md	3194	-	-	-	0	0	0	0	0	0	0	0	0	0	0	0	0	0	0	0	0	0	1	0	0	0	0	0	0
/input/pagecontent/uml.md	1211	-	-	-	0	0	0	0	0	0	0	0	0	0	0	0	0	0	0	0	0	0	0	0	0	0	0	0	0
/input/pagecontent/tumorkonferenz-detailed-recommendations.md	4807	-	-	-	0	0	0	0	0	0	0	0	0	0	0	0	0	0	0	0	0	0	1	0	0	0	0	0	0
/input/pagecontent/index.md	2678	-	-	-	0	0	0	0	0	0	0	0	0	0	0	0	0	0	0	0	0	0	0	0	0	0	0	0	0
/input/pagecontent/datensaetze.md	1245	-	-	-	0	0	0	0	0	0	0	0	0	0	0	0	0	0	0	0	0	0	0	0	0	0	0	0	0
/input/pagecontent/anwendungsfaelle.md	87	-	-	-	0	0	0	0	0	0	0	0	0	0	0	0	0	0	0	0	0	0	1	0	0	0	0	0	0
/input/pagecontent/terminologien.md	5634	-	-	-	0	0	0	0	0	0	0	0	0	0	0	0	0	0	0	0	0	0	0	0	0	0	0	0	0
/input/pagecontent/qa-validierung.md	5609	-	-	-	0	0	0	0	0	0	0	0	0	0	0	0	0	0	0	0	0	0	1	0	0	0	0	0	0
/input/pagecontent/organspezifische-mamma.md	4710	-	-	-	0	0	0	0	0	0	0	0	0	0	0	0	0	0	0	0	0	0	0	0	0	0	0	0	0
/input/pagecontent/release-notes.md	32607	-	-	-	0	0	0	0	0	0	0	0	0	0	0	0	0	0	0	0	0	0	1	0	0	0	0	0	0
/input/intro-notes	0	-	-	-	0	0	0	0	0	0	0	0	0	0	0	0	0	0	0	0	0	0	1	0	0	0	0	0	0
/input/intro-notes/ConceptMap-mii-cm-onko-strahlentherapie-zielgebiet-sct-intro.md	344	-	-	-	0	0	0	0	0	0	0	0	0	0	0	0	0	0	0	0	0	0	0	0	0	0	0	0	0
/input/intro-notes/StructureDefinition-mii-pr-onko-systemische-therapie-medikation-intro.md	3438	-	-	-	0	0	0	0	0	0	0	0	0	0	0	0	0	0	0	0	0	0	0	0	0	0	0	0	0
/input/intro-notes/ConceptMap-mii-cm-onko-operation-komplikation-sct-intro.md	177	-	-	-	0	0	0	0	0	0	0	0	0	0	0	0	0	0	0	0	0	0	0	0	0	0	0	0	0
/input/intro-notes/StructureDefinition-mii-pr-onko-melanom-breslow-tiefe-intro.md	3985	-	-	-	0	0	0	0	0	0	0	0	0	0	0	0	0	0	0	0	0	0	1	0	0	0	0	0	0
/input/intro-notes/StructureDefinition-mii-pr-onko-mamma-rezeptorstatus-estrogen-intro.md	6183	-	-	-	0	0	0	0	0	0	0	0	0	0	0	0	0	0	0	0	0	0	0	0	0	0	0	0	0
/input/intro-notes/StructureDefinition-mii-pr-onko-genetische-variante-intro.md	7013	-	-	-	0	0	0	0	0	0	0	0	0	0	0	0	0	0	0	0	0	0	1	0	0	0	0	0	0
/input/intro-notes/StructureDefinition-mii-ex-onko-tnm-cp-praefix-intro.md	527	-	-	-	0	0	0	0	0	0	0	0	0	0	0	0	0	0	0	0	0	0	0	0	0	0	0	0	0
/input/intro-notes/StructureDefinition-mii-pr-onko-prostate-psa-intro.md	3880	-	-	-	0	0	0	0	0	0	0	0	0	0	0	0	0	0	0	0	0	0	0	0	0	0	0	0	0
/input/intro-notes/StructureDefinition-mii-pr-onko-fernmetastasen-intro.md	4033	-	-	-	0	0	0	0	0	0	0	0	0	0	0	0	0	0	0	0	0	0	0	0	0	0	0	0	0
/input/intro-notes/ConceptMap-mii-cm-onko-strahlentherapie-applikationsart-sct-intro.md	238	-	-	-	0	0	0	0	0	0	0	0	0	0	0	0	0	0	0	0	0	0	1	0	0	0	0	0	0
/input/intro-notes/StructureDefinition-mii-pr-onko-therapieempfehlung-medikation-intro.md	4721	-	-	-	0	0	0	0	0	0	0	0	0	0	0	0	0	0	0	0	0	0	0	0	0	0	0	0	0
/input/intro-notes/StructureDefinition-mii-pr-onko-tod-intro.md	4344	-	-	-	0	0	0	0	0	0	0	0	0	0	0	0	0	0	0	0	0	0	0	0	0	0	0	0	0
/input/intro-notes/ConceptMap-mii-cm-onko-verlauf-lymphknoten-sct-intro.md	65	-	-	-	0	0	0	0	0	0	0	0	0	0	0	0	0	0	0	0	0	0	1	0	0	0	0	0	0
/input/intro-notes/StructureDefinition-mii-pr-onko-histologie-icdo3-intro.md	3997	-	-	-	0	0	0	0	0	0	0	0	0	0	0	0	0	0	0	0	0	0	0	0	0	0	0	0	0
/input/intro-notes/StructureDefinition-mii-pr-onko-strahlentherapie-bestrahlung-nuklearmedizin-intro.md	10815	-	-	-	0	0	0	0	0	0	0	0	0	0	0	0	0	0	0	0	0	0	0	0	0	0	0	0	0
/input/intro-notes/StructureDefinition-mii-pr-onko-mamma-praeoperative-markierung-intro.md	5130	-	-	-	0	0	0	0	0	0	0	0	0	0	0	0	0	0	0	0	0	0	1	0	0	0	0	0	0
/input/intro-notes/StructureDefinition-mii-pr-onko-prostate-ca-befall-stanze-intro.md	3995	-	-	-	0	0	0	0	0	0	0	0	0	0	0	0	0	0	0	0	0	0	0	0	0	0	0	0	0
/input/intro-notes/StructureDefinition-mii-pr-onko-prostate-anzahl-positive-stanzen-intro.md	2147	-	-	-	0	0	0	0	0	0	0	0	0	0	0	0	0	0	0	0	0	0	0	0	0	0	0	0	0
/input/intro-notes/StructureDefinition-mii-pr-onko-therapieempfehlung-kombinationstherapie-intro.md	5347	-	-	-	0	0	0	0	0	0	0	0	0	0	0	0	0	0	0	0	0	0	1	0	0	0	0	0	0
/input/intro-notes/ConceptMap-mii-cm-onko-primaertumor-diagnosesicherung-sct-intro.md	160	-	-	-	0	0	0	0	0	0	0	0	0	0	0	0	0	0	0	0	0	0	5	0	0	0	0	0	0
/input/intro-notes/StructureDefinition-mii-pr-onko-tumorkonferenz-intro.md	8087	-	-	-	0	0	0	0	0	0	0	0	0	0	0	0	0	0	0	0	0	0	0	0	0	0	0	0	0
/input/intro-notes/StructureDefinition-mii-pr-onko-krk-specimen-intro.md	3463	-	-	-	0	0	0	0	0	0	0	0	0	0	0	0	0	0	0	0	0	0	1	0	0	0	0	0	0
/input/intro-notes/StructureDefinition-mii-pr-onko-tnm-y-symbol-intro.md	3080	-	-	-	0	0	0	0	0	0	0	0	0	0	0	0	0	0	0	0	0	0	0	0	0	0	0	0	0
/input/intro-notes/StructureDefinition-mii-pr-onko-tnm-m-symbol-intro.md	3283	-	-	-	0	0	0	0	0	0	0	0	0	0	0	0	0	0	0	0	0	0	0	0	0	0	0	0	0
/input/intro-notes/ConceptMap-mii-cm-onko-residualstatus-uicc-sct-intro.md	247	-	-	-	0	0	0	0	0	0	0	0	0	0	0	0	0	0	0	0	0	0	1	0	0	0	0	0	0
/input/intro-notes/StructureDefinition-mii-pr-onko-krk-anastomoseninsuffizienz-intro.md	4010	-	-	-	0	0	0	0	0	0	0	0	0	0	0	0	0	0	0	0	0	0	0	0	0	0	0	0	0
/input/intro-notes/StructureDefinition-mii-pr-onko-tnm-n-kategorie-intro.md	3868	-	-	-	0	0	0	0	0	0	0	0	0	0	0	0	0	0	0	0	0	0	1	0	0	0	0	0	0
/input/intro-notes/ConceptMap-mii-cm-onko-verlauf-gesamtbeurteilung-sct-intro.md	95	-	-	-	0	0	0	0	0	0	0	0	0	0	0	0	0	0	0	0	0	0	0	0	0	0	0	0	0
/input/intro-notes/StructureDefinition-mii-pr-onko-melanom-ldh-intro.md	4345	-	-	-	0	0	0	0	0	0	0	0	0	0	0	0	0	0	0	0	0	0	0	0	0	0	0	0	0
/input/intro-notes/StructureDefinition-mii-pr-onko-tnm-a-symbol-intro.md	3097	-	-	-	0	0	0	0	0	0	0	0	0	0	0	0	0	0	0	0	0	0	1	0	0	0	0	0	0
/input/intro-notes/StructureDefinition-mii-pr-onko-melanom-sicherheitsabstand-intro.md	4675	-	-	-	0	0	0	0	0	0	0	0	0	0	0	0	0	0	0	0	0	0	0	0	0	0	0	0	0
/input/intro-notes/ConceptMap-mii-cm-onko-therapie-typ-sct-intro.md	163	-	-	-	0	0	0	0	0	0	0	0	0	0	0	0	0	0	0	0	0	0	0	0	0	0	0	0	0
/input/intro-notes/StructureDefinition-mii-pr-onko-prostate-anzahl-stanzen-intro.md	1991	-	-	-	0	0	0	0	0	0	0	0	0	0	0	0	0	0	0	0	0	0	1	0	0	0	0	0	0
/input/intro-notes/StructureDefinition-mii-pr-onko-liste-evidenz-erstdiagnose-intro.md	3153	-	-	-	0	0	0	0	0	0	0	0	0	0	0	0	0	0	0	0	0	0	0	0	0	0	0	0	0
/input/intro-notes/ConceptMap-mii-cm-onko-tod-sct-intro.md	158	-	-	-	0	0	0	0	0	0	0	0	0	0	0	0	0	0	0	0	0	0	0	0	0	0	0	0	0
/input/intro-notes/StructureDefinition-mii-pr-onko-krk-abstand-aboral-intro.md	4018	-	-	-	0	0	0	0	0	0	0	0	0	0	0	0	0	0	0	0	0	0	1	0	0	0	0	0	0
/input/intro-notes/StructureDefinition-mii-pr-onko-allgemeiner-leistungszustand-ecog-intro.md	5067	-	-	-	0	0	0	0	0	0	0	0	0	0	0	0	0	0	0	0	0	0	0	0	0	0	0	0	0
/input/intro-notes/StructureDefinition-mii-pr-onko-mamma-rezeptorstatus-progesteron-intro.md	6220	-	-	-	0	0	0	0	0	0	0	0	0	0	0	0	0	0	0	0	0	0	1	0	0	0	0	0	0
/input/intro-notes/ConceptMap-mii-cm-onko-fernmetastasen-sct-intro.md	1	-	-	-	0	0	0	0	0	0	0	0	0	0	0	0	0	0	0	0	0	0	0	0	0	0	0	0	0
/input/intro-notes/ConceptMap-mii-cm-onko-tnm-uicc-sct-clinical-intro.md	427	-	-	-	0	0	0	0	0	0	0	0	0	0	0	0	0	0	0	0	0	0	0	0	0	0	0	0	0
/input/intro-notes/ConceptMap-mii-cm-onko-studienteilnahme-sct-intro.md	1	-	-	-	0	0	0	0	0	0	0	0	0	0	0	0	0	0	0	0	0	0	0	0	0	0	0	0	0
/input/intro-notes/StructureDefinition-mii-pr-onko-asa-klassifikation-intro.md	4298	-	-	-	0	0	0	0	0	0	0	0	0	0	0	0	0	0	0	0	0	0	1	0	0	0	0	0	0
/input/intro-notes/StructureDefinition-mii-pr-onko-fruehere-tumorerkrankung-intro.md	6851	-	-	-	0	0	0	0	0	0	0	0	0	0	0	0	0	0	0	0	0	0	0	0	0	0	0	0	0
/input/intro-notes/StructureDefinition-mii-pr-onko-prostate-gleason-patterns-intro.md	2922	-	-	-	0	0	0	0	0	0	0	0	0	0	0	0	0	0	0	0	0	0	1	0	0	0	0	0	0
/input/intro-notes/ConceptMap-mii-cm-onko-grading-sct-intro.md	43	-	-	-	0	0	0	0	0	0	0	0	0	0	0	0	0	0	0	0	0	0	0	0	0	0	0	0	0
/input/intro-notes/StructureDefinition-mii-pr-onko-systemische-therapie-intro.md	10299	-	-	-	0	0	0	0	0	0	0	0	0	0	0	0	0	0	0	0	0	0	1	0	0	0	0	1	0
/input/intro-notes/StructureDefinition-mii-pr-onko-tnm-l-kategorie-intro.md	3407	-	-	-	0	0	0	0	0	0	0	0	0	0	0	0	0	0	0	0	0	0	0	0	0	0	0	0	0
/input/intro-notes/StructureDefinition-mii-ex-onko-strahlentherapie-stellungzurop-intro.md	139	-	-	-	0	0	0	0	0	0	0	0	0	0	0	0	0	0	0	0	0	0	0	0	0	0	0	0	0
/input/intro-notes/ConceptMap-mii-cm-onko-therapieplanung-sct-intro.md	126	-	-	-	0	0	0	0	0	0	0	0	0	0	0	0	0	0	0	0	0	0	1	0	0	0	0	0	0
/input/intro-notes/StructureDefinition-mii-pr-onko-anzahl-untersuchte-lymphknoten-intro.md	4333	-	-	-	0	0	0	0	0	0	0	0	0	0	0	0	0	0	0	0	0	0	0	0	0	0	0	0	0
/input/intro-notes/StructureDefinition-mii-pr-onko-strahlentherapie-bestrahlung-strahlentherapie-intro.md	9628	-	-	-	0	0	0	0	0	0	0	0	0	0	0	0	0	0	0	0	0	0	1	0	0	0	0	0	0
/input/intro-notes/StructureDefinition-mii-pr-onko-tnm-m-kategorie-intro.md	4121	-	-	-	0	0	0	0	0	0	0	0	0	0	0	0	0	0	0	0	0	0	0	0	0	0	0	0	0
/input/intro-notes/StructureDefinition-mii-pr-onko-prostate-clavien-dindo-intro.md	4853	-	-	-	0	0	0	0	0	0	0	0	0	0	0	0	0	0	0	0	0	0	1	0	0	0	0	0	0
/input/intro-notes/ConceptMap-mii-cm-onko-seitenlokalisation-sct-intro.md	115	-	-	-	0	0	0	0	0	0	0	0	0	0	0	0	0	0	0	0	0	0	0	0	0	0	0	0	0
/input/intro-notes/StructureDefinition-mii-pr-onko-nebenwirkung-adverse-event-intro.md	3171	-	-	-	0	0	0	0	0	0	0	0	0	0	0	0	0	0	0	0	0	0	0	0	0	0	0	0	0
/input/intro-notes/StructureDefinition-mii-pr-onko-mamma-operation-intro.md	5400	-	-	-	0	0	0	0	0	0	0	0	0	0	0	0	0	0	0	0	0	0	1	0	0	0	0	0	0
/input/intro-notes/StructureDefinition-mii-pr-onko-anzahl-befallene-lymphknoten-intro.md	4333	-	-	-	0	0	0	0	0	0	0	0	0	0	0	0	0	0	0	0	0	0	0	0	0	0	0	0	0
/input/intro-notes/StructureDefinition-mii-pr-onko-tnm-v-kategorie-intro.md	3431	-	-	-	0	0	0	0	0	0	0	0	0	0	0	0	0	0	0	0	0	0	1	0	0	0	0	0	0
/input/intro-notes/StructureDefinition-mii-pr-onko-weitere-klassifikationen-intro.md	7723	-	-	-	0	0	0	0	0	0	0	0	0	0	0	0	0	0	0	0	0	0	0	0	0	0	0	0	0
/input/intro-notes/StructureDefinition-mii-pr-onko-krk-stoma-markierung-intro.md	3646	-	-	-	0	0	0	0	0	0	0	0	0	0	0	0	0	0	0	0	0	0	1	0	0	0	0	0	0
/input/intro-notes/ConceptMap-mii-cm-onko-verlauf-primaertumor-sct-intro.md	131	-	-	-	0	0	0	0	0	0	0	0	0	0	0	0	0	0	0	0	0	0	0	0	0	0	0	0	0
/input/intro-notes/StructureDefinition-mii-ex-onko-operation-intention-intro.md	363	-	-	-	0	0	0	0	0	0	0	0	0	0	0	0	0	0	0	0	0	0	0	0	0	0	0	0	0
/input/intro-notes/StructureDefinition-mii-pr-onko-tnm-t-kategorie-intro.md	3535	-	-	-	0	0	0	0	0	0	0	0	0	0	0	0	0	0	0	0	0	0	0	0	0	0	0	0	0
/input/intro-notes/StructureDefinition-mii-ex-onko-operation-urgency-intro.md	1619	-	-	-	0	0	0	0	0	0	0	0	0	0	0	0	0	0	0	0	0	0	1	0	0	0	0	0	0
/input/intro-notes/StructureDefinition-mii-pr-onko-mamma-her2neu-status-intro.md	7594	-	-	-	0	0	0	0	0	0	0	0	0	0	0	1	0	0	0	0	0	0	0	0	0	0	0	0	0
/input/intro-notes/StructureDefinition-mii-pr-onko-krk-mrt-mesorektale-faszie-intro.md	4135	-	-	-	0	0	0	0	0	0	0	0	0	0	0	0	0	0	0	0	0	0	1	0	0	0	0	0	0
/input/intro-notes/ConceptMap-mii-cm-onko-strahlentherapie-strahleneinheit-sct-intro.md	78	-	-	-	0	0	0	0	0	0	0	0	0	0	0	0	0	0	0	0	0	0	0	0	0	0	0	0	0
/input/intro-notes/StructureDefinition-mii-pr-onko-tnm-klassifikation-intro.md	4152	-	-	-	0	0	0	0	0	0	0	0	0	0	0	0	0	0	0	0	0	0	1	0	0	0	0	0	0
/input/intro-notes/ConceptMap-mii-cm-onko-verlauf-fernmetastasen-sct-intro.md	158	-	-	-	0	0	0	0	0	0	0	0	0	0	0	0	0	0	0	0	0	0	0	0	0	0	0	0	0
/input/intro-notes/ConceptMap-mii-cm-onko-strahlentherapie-strahlenart-sct-intro.md	172	-	-	-	0	0	0	0	0	0	0	0	0	0	0	0	0	0	0	0	0	0	0	0	0	0	0	0	0
/input/intro-notes/StructureDefinition-mii-ex-onko-strahlentherapie-intention-intro.md	144	-	-	-	0	0	0	0	0	0	0	0	0	0	0	0	0	0	0	0	0	0	0	0	0	0	0	0	0
/input/intro-notes/StructureDefinition-mii-pr-onko-therapieempfehlung-operation-intro.md	4098	-	-	-	0	0	0	0	0	0	0	0	0	0	0	0	0	0	0	0	0	0	1	0	0	0	0	0	0
/input/intro-notes/ConceptMap-mii-cm-onko-tnm-uicc-sct-pathological-intro.md	431	-	-	-	0	0	0	0	0	0	0	0	0	0	0	0	0	0	0	0	0	0	0	0	0	0	0	0	0
/input/intro-notes/StructureDefinition-mii-pr-onko-prostate-gleason-grade-group-intro.md	3126	-	-	-	0	0	0	0	0	0	0	0	0	0	0	0	0	0	0	0	0	0	0	0	0	0	0	0	0
/input/intro-notes/StructureDefinition-mii-pr-onko-anzahl-untersuchte-sentinel-lymphknoten-intro.md	4333	-	-	-	0	0	0	0	0	0	0	0	0	0	0	0	0	0	0	0	0	0	1	0	0	0	0	0	0
/input/intro-notes/StructureDefinition-mii-pr-onko-grading-intro.md	3209	-	-	-	0	0	0	0	0	0	0	0	0	0	0	0	0	0	0	0	0	0	0	0	0	0	0	0	0
/input/intro-notes/StructureDefinition-mii-pr-onko-tumorgroesse-intro.md	3361	-	-	-	0	0	0	0	0	0	0	0	0	0	0	0	0	0	0	0	0	0	1	0	0	0	0	0	0
/input/intro-notes/ConceptMap-mii-cm-onko-therapie-stellung-sct-intro.md	125	-	-	-	0	0	0	0	0	0	0	0	0	0	0	0	0	0	0	0	0	0	0	0	0	0	0	0	0
/input/intro-notes/ConceptMap-mii-cm-onko-therapieabweichung-sct-intro.md	92	-	-	-	0	0	0	0	0	0	0	0	0	0	0	0	0	0	0	0	0	0	0	0	0	0	0	0	0
/input/intro-notes/StructureDefinition-mii-pr-onko-diagnose-primaertumor-intro.md	6632	-	-	-	0	0	0	0	0	0	0	0	0	0	0	0	0	0	0	0	0	0	1	0	0	0	0	0	0
/input/intro-notes/StructureDefinition-mii-pr-onko-studienteilnahme-intro.md	4741	-	-	-	0	0	0	0	0	0	0	0	0	0	0	0	0	0	0	0	0	0	0	0	0	0	0	0	0
/input/intro-notes/StructureDefinition-mii-pr-onko-krk-abstand-anokutan-intro.md	3896	-	-	-	0	0	0	0	0	0	0	0	0	0	0	0	0	0	0	0	0	0	1	0	0	0	0	0	0
/input/intro-notes/StructureDefinition-mii-pr-onko-allgemeiner-leistungszustand-karnofsky-intro.md	4830	-	-	-	0	0	0	0	0	0	0	0	0	0	0	0	0	0	0	0	0	0	0	0	0	0	0	0	0
/input/intro-notes/StructureDefinition-mii-pr-onko-mamma-menopause-status-intro.md	3990	-	-	-	0	0	0	0	0	0	0	0	0	0	0	0	0	0	0	0	0	0	1	0	0	0	0	0	0
/input/intro-notes/StructureDefinition-mii-pr-onko-melanom-ulzeration-intro.md	4202	-	-	-	0	0	0	0	0	0	0	0	0	0	0	0	0	0	0	0	0	0	0	0	0	0	0	0	0
/input/intro-notes/StructureDefinition-mii-ex-onko-histology-morphology-behavior-icdo3-intro.md	1045	-	-	-	0	0	0	0	0	0	0	0	0	0	0	0	0	0	0	0	0	0	0	0	0	0	0	0	0
/input/intro-notes/ConceptMap-mii-cm-onko-intention-sct-intro.md	183	-	-	-	0	0	0	0	0	0	0	0	0	0	0	0	0	0	0	0	0	0	0	0	0	0	0	0	0
/input/intro-notes/StructureDefinition-mii-pr-onko-strahlentherapie-intro.md	18875	-	-	-	0	0	0	0	0	0	0	0	0	0	0	0	0	0	0	0	0	0	2	0	0	0	0	0	0
/input/intro-notes/ConceptMap-mii-cm-onko-therapie-ende-sct-intro.md	290	-	-	-	0	0	0	0	0	0	0	0	0	0	0	0	0	0	0	0	0	0	0	0	0	0	0	0	0
/input/intro-notes/StructureDefinition-mii-pr-onko-specimen-intro.md	1808	-	-	-	0	0	0	0	0	0	0	0	0	0	0	0	0	0	0	0	0	0	0	0	0	0	0	0	0
/input/intro-notes/StructureDefinition-mii-pr-onko-tnm-s-kategorie-intro.md	3444	-	-	-	0	0	0	0	0	0	0	0	0	0	0	0	0	0	0	0	0	0	1	0	0	0	0	0	0
/input/intro-notes/StructureDefinition-mii-pr-onko-residualstatus-intro.md	3031	-	-	-	0	0	0	0	0	0	0	0	0	0	0	0	0	0	0	0	0	0	0	0	0	0	0	0	0
/input/intro-notes/StructureDefinition-mii-pr-onko-operation-intro.md	13146	-	-	-	0	0	0	0	0	0	0	0	0	0	0	0	0	0	0	0	0	0	1	0	0	0	0	0	0
/input/intro-notes/StructureDefinition-mii-pr-onko-tnm-pn-kategorie-intro.md	3405	-	-	-	0	0	0	0	0	0	0	0	0	0	0	0	0	0	0	0	0	0	1	0	0	0	0	0	0
/input/intro-notes/StructureDefinition-mii-pr-onko-verlauf-intro.md	4669	-	-	-	0	0	0	0	0	0	0	0	0	0	0	0	0	0	0	0	0	0	0	0	0	0	0	0	0
/input/intro-notes/StructureDefinition-mii-pr-onko-tnm-r-symbol-intro.md	3033	-	-	-	0	0	0	0	0	0	0	0	0	0	0	0	0	0	0	0	0	0	1	0	0	0	0	0	0
/input/intro-notes/StructureDefinition-mii-pr-onko-krk-operation-intro.md	3440	-	-	-	0	0	0	0	0	0	0	0	0	0	0	0	0	0	0	0	0	0	0	0	0	0	0	0	0
/input/intro-notes/StructureDefinition-mii-pr-onko-befund-intro.md	1690	-	-	-	0	0	0	0	0	0	0	0	0	0	0	0	0	0	0	0	0	0	0	0	0	0	0	0	0
/input/intro-notes/StructureDefinition-mii-pr-onko-krk-abstand-circumferelle-resektionsebene-intro.md	4270	-	-	-	0	0	0	0	0	0	0	0	0	0	0	0	0	0	0	0	0	0	1	0	0	0	0	0	0
/input/intro-notes/ConceptMap-mii-cm-onko-strahlentherapie-boost-sct-intro.md	154	-	-	-	0	0	0	0	0	0	0	0	0	0	0	0	0	0	0	0	0	0	0	0	0	0	0	0	0
/input/intro-notes/StructureDefinition-mii-pr-onko-anzahl-befallene-sentinel-lymphknoten-intro.md	4333	-	-	-	0	0	0	0	0	0	0	0	0	0	0	0	0	0	0	0	0	0	0	0	0	0	0	0	0
/input/intro-notes/ConceptMap-mii-cm-onko-allgemeiner-leistungszustand-sct-intro.md	1	-	-	-	0	0	0	0	0	0	0	0	0	0	0	0	0	0	0	0	0	0	1	0	0	0	0	0	0
/input/intro-notes/ConceptMap-mii-cm-onko-nebenwirkung-sct-intro.md	70	-	-	-	0	0	0	0	0	0	0	0	0	0	0	0	0	0	0	0	0	0	0	0	0	0	0	0	0
/input/intro-notes/ConceptMap-mii-cm-onko-genetische-variante-auspraegung-sct-intro.md	353	-	-	-	0	0	0	0	0	0	0	0	0	0	0	0	0	0	0	0	0	0	0	0	0	0	0	0	0
/template/config	0	-	-	-	0	0	0	0	0	0	0	0	0	0	0	0	0	0	0	0	0	0	0	0	0	0	0	0	0
/template/config/_config.yml	140	-	-	-	0	0	0	0	0	0	0	0	0	0	0	0	0	0	0	0	0	0	1	0	0	0	0	0	0
/input/images	0	-	-	-	0	0	0	0	0	0	0	0	0	0	0	0	0	0	0	0	1	0	0	0	0	0	0	0	0
/input/images/MII_Onko_08_TNM.svg	24357	-	-	-	0	0	0	0	0	0	0	0	0	0	0	0	0	0	0	0	0	0	0	0	0	0	0	0	0
/input/images/her2neu-2.png	376265	-	-	-	0	0	0	0	0	0	0	0	0	0	0	0	0	0	0	0	0	0	1	0	0	0	0	0	0
/input/images/MII_Onko_Melanom_Module.png	124766	-	-	-	0	0	0	0	0	0	0	0	0	0	0	0	0	0	0	0	0	0	0	0	0	0	0	0	0
/input/images/MII_Onko_UML_Relations_v1.svg	32402	-	-	-	0	0	0	0	0	0	0	0	0	0	0	0	0	0	0	0	0	0	1	0	0	0	0	0	0
/input/images/MII_Onko_Mamma_Module.png	190663	-	-	-	0	0	0	0	0	0	0	0	0	0	0	0	0	0	0	0	0	0	0	0	0	0	0	0	0
/input/images/MII_Onko_17-20_23_Others.png	67745	-	-	-	0	0	0	0	0	0	0	0	0	0	0	0	0	0	0	0	0	0	1	0	0	0	0	0	0
/input/images/MII_Onko_Mamma_Module.svg	29685	-	-	-	0	0	0	0	0	0	0	0	0	0	0	0	0	0	0	0	0	0	0	0	0	0	0	0	0
/input/images/MII_Onko_UML_Relations_v1.png	108960	-	-	-	0	0	0	0	0	0	0	0	0	0	0	0	0	0	0	0	0	0	0	0	0	0	0	0	0
/input/images/MII_Onko_9-12_Observations.svg	15393	-	-	-	0	0	0	0	0	0	0	0	0	0	0	0	0	0	0	0	0	0	1	0	0	0	0	0	0
/input/images/MII_Onko_MultiPartSurgery_Example.png	122765	-	-	-	0	0	0	0	0	0	0	0	0	0	0	0	0	0	0	0	0	0	0	0	0	0	0	0	0
/input/images/MII_Onko_Melanom_Module.svg	25598	-	-	-	0	0	0	0	0	0	0	0	0	0	0	0	0	0	0	0	0	0	0	0	0	0	0	0	0
/input/images/MII_Onko_Prostata_Module.png	192120	-	-	-	0	0	0	0	0	0	0	0	0	0	0	0	0	0	0	0	0	0	1	0	0	0	0	0	0
/input/images/MII_Onko_Example_Patient.svg	120079	-	-	-	0	0	0	0	0	0	0	0	0	0	0	0	0	0	0	0	0	0	0	0	0	0	0	0	0
/input/images/MII_Onko_13-16_Prozeduren.svg	30242	-	-	-	0	0	0	0	0	0	0	0	0	0	0	0	0	0	0	0	0	0	1	0	0	0	0	0	0
/input/images/MII_Onko_13-16_Prozeduren.png	131554	-	-	-	0	0	0	0	0	0	0	0	0	0	0	0	0	0	0	0	0	0	0	0	0	0	0	0	0
/input/images/MII_Onko_08_TNM.png	93569	-	-	-	0	0	0	0	0	0	0	0	0	0	0	0	0	0	0	0	0	0	0	0	0	0	0	0	0
/input/images/her2neu-1.png	619935	-	-	-	0	0	0	0	0	0	0	0	0	0	0	0	0	0	0	0	0	0	1	0	0	0	0	0	0
/input/images/MII_Onko_Strahlentherapie_Zielgebiet_Migration.svg	34979	-	-	-	0	0	0	0	0	0	0	0	0	0	0	0	0	0	0	0	0	0	1	0	0	0	0	0	0
/input/images/MII_Onko_MultiPartSurgery_Example.svg	20687	-	-	-	0	0	0	0	0	0	0	0	0	0	0	0	0	0	0	0	0	0	0	0	0	0	0	0	0
/input/images/MII_Onko_9-12_Observations.png	59527	-	-	-	0	0	0	0	0	0	0	0	0	0	0	0	0	0	0	0	0	0	0	0	0	0	0	0	0
/input/images/MII_Onko_06_Histologie.svg	19854	-	-	-	0	0	0	0	0	0	0	0	0	0	0	0	0	0	0	0	0	0	0	0	0	0	0	0	0
/input/images/MII_Onko_Strahlentherapie_Zielgebiet_Migration.png	110772	-	-	-	0	0	0	0	0	0	0	0	0	0	0	0	0	0	0	0	0	0	1	0	0	0	0	0	0
/input/images/MII_Onko_05_Diagnosis.png	54697	-	-	-	0	0	0	0	0	0	0	0	0	0	0	0	0	0	0	0	0	0	0	0	0	0	0	0	0
/input/images/MII_Onko_KRK_Module.png	192075	-	-	-	0	0	0	0	0	0	0	0	0	0	0	0	0	0	0	0	0	0	1	0	0	0	0	0	0
/input/images/MII_Onko_UML_Relations_v2.png	187033	-	-	-	0	0	0	0	0	0	0	0	0	0	0	0	0	0	0	0	0	0	0	0	0	0	0	0	0
/input/images/MII_Onko_KRK_Module.svg	32145	-	-	-	0	0	0	0	0	0	0	0	0	0	0	0	0	0	0	0	0	0	1	0	0	0	0	0	0
/input/images/MII_Onko_UML_Relations_v2.svg	46498	-	-	-	0	0	0	0	0	0	0	0	0	0	0	0	0	0	0	0	0	0	0	0	0	0	0	0	0
/input/images/onco_merged.svg	52916	-	-	-	0	0	0	0	0	0	0	0	0	0	0	0	0	0	0	0	0	0	0	0	0	0	0	0	0
/input/images/MII_Onko_Prostata_Module.svg	34630	-	-	-	0	0	0	0	0	0	0	0	0	0	0	0	0	0	0	0	0	0	1	0	0	0	0	0	0
/input/images/MII_Onko_17-20_23_Others.svg	20489	-	-	-	0	0	0	0	0	0	0	0	0	0	0	0	0	0	0	0	0	0	0	0	0	0	0	0	0
/input/images/MII_Onko_05_Diagnosis.svg	16113	-	-	-	0	0	0	0	0	0	0	0	0	0	0	0	0	0	0	0	0	0	0	0	0	0	0	0	0
/input/images/onco_merged.png	346705	-	-	-	0	0	0	0	0	0	0	0	0	0	0	0	0	0	0	0	0	0	1	0	0	0	0	0	0
/input/images/MII_Onko_06_Histologie.png	72328	-	-	-	0	0	0	0	0	0	0	0	0	0	0	0	0	0	0	0	0	0	0	0	0	0	0	0	0
/temp/pages/_includes/artifacts.xml	307500	-	-	-	-	-	-	-	-	-	-	-	-	-	-	-	-	-	-	-	-	-	14	0	0	0	0	0	0
