Source File	Size	loadResources	load	generateSnapshots	load-configure	scan	loadDepInfo	loadInfo	checkR4R4B	generateNarratives	validate	loadLists	checkConformanceResources	checkConformanceResources2	checkConformanceResources3	generateLogicalMaps	validateExpressions	scanForUsageStats	checkURLsUnique	processProvenanceDetails	translate	generate1	generate2	generateLogicals	makeDependencies	generateExampleZip	generateValidationPack	scanProfilesForR5	scanExamplesForR5
/fsh-generated/resources/ImplementationGuide-mii-ig-onko-de.json	263048	-	0	0	0	0	0	0	20	81	0	0	0	0	0	0	0	3	0	0	53	424	2754	0	0	0	19	0	8
fsh-generated/resources/AdverseEvent-mii-exa-onko-nebenwirkung-anaemie-grad3.json	1522	3	0	0	2	0	0	0	0	14	0	0	0	0	0	0	0	0	0	0	10	8	43	0	0	0	0	0	0
fsh-generated/resources/AdverseEvent-mii-exa-onko-nebenwirkung-crs-grad4.json	1581	2	0	0	0	0	0	0	0	6	0	0	0	0	0	0	0	0	0	0	9	6	25	0	0	0	0	0	0
fsh-generated/resources/AdverseEvent-mii-exa-onko-nebenwirkung-rektale-mukositis-grad2.json	1425	2	0	0	0	0	0	0	0	998	0	0	0	0	0	0	0	0	0	0	3	6	22	0	0	0	0	0	0
fsh-generated/resources/AdverseEvent-mii-exa-onko-oxaliplatin-neuropathy.json	1373	2	0	0	0	0	0	0	1	8	0	0	0	0	0	0	0	0	0	0	3	7	23	0	0	0	0	0	0
fsh-generated/resources/AdverseEvent-mii-pr-onko-nebenwirkung-0.json	1480	2	0	0	0	0	0	0	0	5	0	0	0	0	0	0	0	0	0	0	4	6	22	0	0	0	0	0	0
fsh-generated/resources/AdverseEvent-mii-pr-onko-nebenwirkung-text.json	774	2	0	0	0	0	0	0	0	4	0	0	0	0	0	0	0	0	0	0	3	5	21	0	0	0	0	0	0
fsh-generated/resources/Bundle-mii-exa-onko-cup-bundle.json	14337	4	13	0	0	0	0	0	1	1041	0	0	0	0	0	0	0	0	0	0	7	51	143	0	0	0	0	0	0
fsh-generated/resources/Bundle-mii-exa-onko-folfox-workflow-bundle.json	40464	6	19	0	0	0	0	0	2	149	0	0	0	0	0	0	0	0	0	0	4	56	418	0	0	0	0	0	1
fsh-generated/resources/Bundle-mii-exa-onko-kim-musterperson-synthesized.json	55496	5	13	0	0	0	0	0	3	466	0	0	0	0	0	0	0	0	0	0	5	73	454	0	0	0	0	0	0
fsh-generated/resources/Bundle-mii-exa-onko-krk-bundle.json	17333	3	6	0	0	0	0	0	1	1688	0	0	0	0	0	0	0	0	0	0	3	27	4997	0	0	0	0	0	0
fsh-generated/resources/Bundle-mii-exa-onko-mamma-example-bundle-1.json	12839	2	2	0	0	0	0	0	1	407	0	0	0	0	0	0	0	1	0	0	4	20	1300	0	0	0	0	0	0
fsh-generated/resources/Bundle-mii-exa-onko-melanom-bundle.json	13734	3	3	0	0	0	0	0	1	2037	0	0	0	0	0	0	0	0	0	0	3	20	6131	0	0	0	0	0	0
fsh-generated/resources/Bundle-mii-exa-onko-prostata-example-bundle-1.json	16890	3	2	0	0	0	0	0	1	10	0	0	0	0	0	0	0	0	0	0	4	24	117	0	0	0	0	0	0
fsh-generated/resources/Bundle-mii-exa-onko-tnm-bundle-legacy.json	10688	2	1	0	0	0	0	0	1	6	0	0	0	0	0	0	0	0	0	0	3	15	52	0	0	0	0	0	0
fsh-generated/resources/Bundle-mii-exa-onko-tnm-bundle-synthesized.json	21890	3	3	0	0	0	0	0	1	11	0	0	0	0	0	0	0	0	0	0	3	27	120	0	0	0	0	0	0
fsh-generated/resources/Bundle-mii-exa-onko-tnm-bundle.json	11228	2	1	0	0	0	0	0	1	5	0	0	0	0	0	0	0	0	0	0	4	15	52	0	0	0	0	0	0
fsh-generated/resources/CapabilityStatement-mii-cps-onko-capabilitystatement.json	93468	5	0	0	1	0	0	0	4	59	0	0	0	0	0	0	0	0	0	0	4	128	214	0	1	0	5	0	1
fsh-generated/resources/CarePlan-PatientKimMusterperson-Tumorkonferenz-1.json	2020	2	0	0	0	0	0	0	0	5	0	0	0	0	0	0	0	0	0	0	4	12	23	0	0	0	0	0	0
fsh-generated/resources/CarePlan-PatientKimMusterperson-Tumorkonferenz-2.json	1406	1	0	0	0	0	0	0	0	2	0	0	0	0	0	0	0	0	0	0	3	7	21	0	0	0	0	0	0
fsh-generated/resources/CarePlan-PatientKimMusterperson-Tumorkonferenz-3.json	1550	1	0	0	0	0	0	0	0	3	0	0	0	0	0	0	0	0	0	0	3	7	27	0	0	0	0	0	0
fsh-generated/resources/CarePlan-PatientKimMusterperson-Tumorkonferenz-4.json	1651	2	0	0	0	0	0	0	0	4	0	0	0	0	0	0	0	1	0	0	3	7	21	0	0	0	0	0	0
fsh-generated/resources/CarePlan-mii-exa-onko-kim-tk1.json	1267	1	0	0	0	0	0	0	1	4	0	0	0	0	0	0	0	0	0	0	3	5	19	0	0	0	0	0	0
fsh-generated/resources/CarePlan-mii-exa-onko-kim-tk2.json	1225	1	0	0	0	0	0	0	0	4	0	0	0	0	0	0	0	0	0	0	3	7	19	0	0	0	0	0	0
fsh-generated/resources/CarePlan-mii-exa-onko-kim-tk3.json	1267	2	0	0	0	0	0	0	0	4	0	0	0	0	0	0	0	0	0	0	3	6	18	0	0	0	0	0	0
fsh-generated/resources/CarePlan-mii-exa-onko-kim-tk4.json	1350	1	0	0	0	0	0	0	0	4	0	0	0	0	0	0	0	0	0	0	3	7	22	0	0	0	0	0	0
fsh-generated/resources/CarePlan-mii-exa-onko-tnm-synth-tumorkonferenz.json	1297	1	0	0	0	0	0	0	0	3	0	0	0	0	0	0	0	0	0	0	3	6	19	0	0	0	0	0	0
fsh-generated/resources/CarePlan-mii-exa-onko-tumorkonferenz-01.json	1015	2	0	0	0	0	0	0	0	4	0	0	0	0	0	0	0	0	0	0	3	5	10	0	0	0	0	0	0
fsh-generated/resources/CarePlan-mii-exa-onko-tumorkonferenz-02.json	1968	1	0	0	0	0	0	0	0	4	0	0	0	0	0	0	0	0	0	0	3	7	11	0	0	0	0	0	0
fsh-generated/resources/CarePlan-mii-exa-onko-tumorkonferenz-folfox-modification.json	1248	1	0	0	0	0	0	0	0	4	0	0	0	0	0	0	0	0	0	0	3	6	19	0	0	0	0	0	0
fsh-generated/resources/CarePlan-mii-exa-onko-tumorkonferenz-folfox.json	1210	2	0	0	1	0	0	0	0	3	0	0	0	0	0	0	0	0	0	0	3	7	17	0	0	0	0	0	0
fsh-generated/resources/CarePlan-mii-exa-onko-tumorkonferenz-mixed-approach.json	1490	1	0	0	0	0	0	0	0	5	0	0	0	0	0	0	0	0	0	0	3	8	18	0	0	0	0	0	0
fsh-generated/resources/CarePlan-mii-exa-onko-tumorkonferenz-molekular.json	2123	1	0	0	0	0	0	0	0	5	0	0	0	0	0	0	0	0	0	0	3	8	15	0	0	0	0	0	0
fsh-generated/resources/CarePlan-mii-exa-onko-tumorkonferenz-pure-molecular.json	1449	2	0	0	0	0	0	0	0	861	0	0	0	0	0	0	0	0	0	0	3	8	22	0	0	0	0	0	0
fsh-generated/resources/CodeSystem-meddra.json	30824	7	0	0	0	0	0	0	5	62	0	0	0	0	0	0	0	0	0	0	5	118	447	0	0	0	11	0	0
fsh-generated/resources/CodeSystem-mii-cs-onko-allgemeiner-leistungszustand-ecog.json	6198	1	0	0	0	0	0	0	1	4	0	0	1	0	0	0	0	0	0	0	4	13	71	0	1	0	1	0	1
fsh-generated/resources/CodeSystem-mii-cs-onko-allgemeiner-leistungszustand-karnofsky.json	5873	2	0	0	0	0	0	0	0	4	0	0	0	0	0	0	0	0	0	0	3	12	64	0	0	0	0	0	0
fsh-generated/resources/CodeSystem-mii-cs-onko-asa-obds.json	6089	1	0	0	0	0	0	0	0	4	0	0	0	0	0	0	0	0	0	0	3	17	58	0	0	0	0	0	0
fsh-generated/resources/CodeSystem-mii-cs-onko-fernmetastasen.json	6070	1	0	0	1	0	0	0	1	4	0	0	0	0	0	0	0	0	0	0	4	17	60	0	0	0	1	0	0
fsh-generated/resources/CodeSystem-mii-cs-onko-genetische-variante-auspraegung.json	5477	2	0	0	0	0	0	0	0	3	0	0	0	0	0	0	0	0	0	0	3	15	51	0	0	0	0	0	0
fsh-generated/resources/CodeSystem-mii-cs-onko-grading.json	6136	1	0	0	0	0	0	0	1	3	0	0	1	0	0	0	0	0	0	0	3	17	224	0	0	0	0	0	0
fsh-generated/resources/CodeSystem-mii-cs-onko-intention.json	5503	2	0	0	0	0	0	0	0	2	0	0	0	0	0	0	0	0	0	0	3	15	65	0	0	0	1	0	0
fsh-generated/resources/CodeSystem-mii-cs-onko-krk-anastomoseninsuffizienz.json	5587	1	0	0	0	0	0	0	1	2	0	0	0	0	0	0	0	0	0	0	4	16	58	0	0	0	0	0	0
fsh-generated/resources/CodeSystem-mii-cs-onko-krk-mrt-mesorektale-faszie-status.json	5802	2	0	0	0	0	0	0	0	3	0	0	0	0	0	0	0	1	0	0	3	16	46	0	0	0	0	0	0
fsh-generated/resources/CodeSystem-mii-cs-onko-krk-operationstyp.json	5585	1	0	0	0	0	0	0	0	2	0	0	0	0	0	0	0	0	0	0	3	15	47	0	0	0	0	0	0
fsh-generated/resources/CodeSystem-mii-cs-onko-krk-stoma-anzeichnung.json	5986	1	0	0	0	0	0	0	1	2	0	0	0	0	0	0	0	0	0	0	3	16	46	0	0	0	1	0	0
fsh-generated/resources/CodeSystem-mii-cs-onko-krk-tme-qualitaet.json	5226	2	0	0	0	0	0	0	0	3	0	0	1	0	0	0	0	0	0	0	4	12	43	0	0	0	0	0	0
fsh-generated/resources/CodeSystem-mii-cs-onko-mamma-her2neu-status-leitlinie.json	5874	1	0	0	0	0	0	0	1	3	0	0	0	0	0	0	0	0	0	0	3	11	45	0	0	0	0	0	0
fsh-generated/resources/CodeSystem-mii-cs-onko-mamma-her2neu-status-obds.json	5399	1	0	0	0	0	0	0	0	3	0	0	0	0	0	0	0	0	0	0	3	10	43	0	0	0	0	0	0
fsh-generated/resources/CodeSystem-mii-cs-onko-mamma-rezeptorstatus-leitlinie.json	5490	2	0	0	0	0	0	0	0	4	0	0	0	0	0	0	0	0	0	0	3	10	42	0	0	0	1	0	0
fsh-generated/resources/CodeSystem-mii-cs-onko-melanom-ulzeration.json	5265	1	0	0	0	0	0	0	1	3	0	0	0	0	0	0	0	0	0	0	3	13	44	0	0	0	0	0	0
fsh-generated/resources/CodeSystem-mii-cs-onko-nebenwirkung-ctcae-grad.json	5737	2	0	0	0	0	0	0	0	2	0	0	1	0	0	0	0	0	0	0	4	11	49	0	0	0	0	0	0
fsh-generated/resources/CodeSystem-mii-cs-onko-nebenwirkung-ctcae-version.json	5370	1	0	0	0	0	0	0	1	3	0	0	0	0	0	0	0	0	0	0	3	11	46	0	0	0	0	0	0
fsh-generated/resources/CodeSystem-mii-cs-onko-nebenwirkung-meddra-de.json	648442	35	0	0	0	0	0	0	45	257	0	0	0	0	0	0	0	5	0	0	41	1040	1306	0	0	0	62	0	4
fsh-generated/resources/CodeSystem-mii-cs-onko-operation-komplikation.json	11595	2	0	0	0	0	0	0	1	8	0	0	1	0	0	0	0	0	0	0	6	30	62	0	0	0	2	0	1
fsh-generated/resources/CodeSystem-mii-cs-onko-operation-urgency.json	5597	2	0	0	0	0	0	0	0	4	0	0	0	0	0	0	0	0	0	0	5	11	32	0	0	0	0	0	0
fsh-generated/resources/CodeSystem-mii-cs-onko-primaertumor-diagnosesicherung.json	8091	1	0	0	1	0	0	0	1	4	0	0	0	0	0	0	0	0	0	0	3	16	34	0	0	0	0	0	0
fsh-generated/resources/CodeSystem-mii-cs-onko-prostata-postsurgical-complications.json	5325	2	0	0	0	0	0	0	1	3	0	0	0	0	0	0	0	0	0	0	3	10	31	0	0	0	1	0	0
fsh-generated/resources/CodeSystem-mii-cs-onko-residualstatus.json	5693	1	0	0	0	0	0	0	0	4	0	0	1	0	0	0	0	0	0	0	3	13	32	0	0	0	0	0	0
fsh-generated/resources/CodeSystem-mii-cs-onko-seitenlokalisation.json	5743	1	0	0	0	0	0	0	1	3	0	0	0	0	0	0	0	0	0	0	3	11	32	0	0	0	0	0	0
fsh-generated/resources/CodeSystem-mii-cs-onko-strahlentherapie-applikationsart.json	7782	2	0	0	0	0	0	0	0	4	0	0	0	0	0	0	0	0	0	0	3	22	41	0	0	0	1	0	0
fsh-generated/resources/CodeSystem-mii-cs-onko-strahlentherapie-boost.json	5529	1	0	0	0	0	0	0	1	3	0	0	0	0	0	0	0	0	0	0	3	10	32	0	0	0	0	0	0
fsh-generated/resources/CodeSystem-mii-cs-onko-strahlentherapie-strahlenart.json	6524	2	0	0	0	0	0	0	0	4	0	0	0	0	0	0	0	0	0	0	3	18	32	0	0	0	0	0	0
fsh-generated/resources/CodeSystem-mii-cs-onko-strahlentherapie-zielgebiet-2014.json	16522	2	0	0	0	0	0	0	2	13	0	0	1	0	0	0	0	1	0	0	4	49	85	0	0	0	2	0	0
fsh-generated/resources/CodeSystem-mii-cs-onko-strahlentherapie-zielgebiet.json	12450	3	0	0	0	0	0	0	2	7	0	0	0	0	0	0	0	0	0	0	4	34	52	0	0	0	2	0	0
fsh-generated/resources/CodeSystem-mii-cs-onko-studienteilnahme.json	5154	1	0	0	0	0	0	0	1	3	0	0	0	0	0	0	0	0	0	0	3	9	30	0	0	0	0	0	0
fsh-generated/resources/CodeSystem-mii-cs-onko-systemische-therapie-protokolle.json	26035	4	0	0	0	0	0	0	2	16	0	0	0	0	0	0	0	0	0	0	4	64	77	0	0	0	3	0	0
fsh-generated/resources/CodeSystem-mii-cs-onko-therapie-ende-grund.json	5882	1	0	0	0	0	0	0	1	3	0	0	1	0	0	0	0	0	0	0	3	12	32	0	0	0	1	0	1
fsh-generated/resources/CodeSystem-mii-cs-onko-therapie-stellungzurop.json	5416	1	0	0	0	0	0	0	1	3	0	0	0	0	0	0	0	0	0	0	3	11	29	0	0	0	0	0	0
fsh-generated/resources/CodeSystem-mii-cs-onko-therapie-typ.json	6244	2	0	0	0	0	0	0	0	4	0	0	0	0	0	0	0	0	0	0	3	12	31	0	0	0	0	0	0
fsh-generated/resources/CodeSystem-mii-cs-onko-therapieabweichung.json	5195	1	0	0	0	0	0	0	0	2	0	0	0	0	0	0	0	0	0	0	3	10	26	0	0	0	1	0	0
fsh-generated/resources/CodeSystem-mii-cs-onko-therapieplanung-typ.json	5506	1	0	0	0	0	0	0	1	3	0	0	0	0	0	0	0	0	0	0	42	12	30	0	0	0	0	0	0
fsh-generated/resources/CodeSystem-mii-cs-onko-tnm-formel.json	5271	2	0	0	0	0	0	0	0	3	0	0	1	0	0	0	0	0	0	0	4	10	31	0	0	0	0	0	0
fsh-generated/resources/CodeSystem-mii-cs-onko-tnm-uicc.json	14648	2	0	0	0	0	0	0	2	9	0	0	0	0	0	0	0	0	0	0	4	37	58	0	0	0	2	0	0
fsh-generated/resources/CodeSystem-mii-cs-onko-tnm-version.json	5666	1	0	0	0	0	0	0	0	3	0	0	0	0	0	0	0	0	0	0	3	12	30	0	0	0	0	0	0
fsh-generated/resources/CodeSystem-mii-cs-onko-tod.json	5363	1	0	0	0	0	0	0	0	3	0	0	0	0	0	0	0	0	0	0	3	10	33	0	0	0	0	0	0
fsh-generated/resources/CodeSystem-mii-cs-onko-verlauf-fernmetastasen.json	5665	2	0	0	0	0	0	0	1	3	0	0	0	0	0	0	0	0	0	0	3	14	53	0	0	0	1	0	0
fsh-generated/resources/CodeSystem-mii-cs-onko-verlauf-gesamtbeurteilung.json	5922	1	0	0	1	0	0	0	0	3	0	0	0	0	0	0	0	0	0	0	3	12	29	0	0	0	0	0	0
fsh-generated/resources/CodeSystem-mii-cs-onko-verlauf-lymphknoten.json	5671	1	0	0	0	0	0	0	1	3	0	0	1	0	0	0	0	0	0	0	3	11	28	0	0	0	0	0	0
fsh-generated/resources/CodeSystem-mii-cs-onko-verlauf-primaertumor.json	5629	2	0	0	0	0	0	0	0	3	0	0	0	0	0	0	0	0	0	0	3	11	28	0	0	0	0	0	0
fsh-generated/resources/CodeSystem-mii-cs-onko-weitere-klassifikationen-obds.json	45224	3	0	0	0	0	0	0	3	23	0	0	0	0	0	0	0	0	0	0	6	107	120	0	0	0	8	0	1
fsh-generated/resources/CodeSystem-radelement.json	893	1	0	0	0	0	0	0	0	2	0	0	0	0	0	0	0	1	0	0	3	8	27	0	0	0	0	0	0
fsh-generated/resources/ConceptMap-mii-cm-mii-to-mvgenomseq-condition-diagnose-primaertumor.json	4747	1	0	0	0	0	0	0	1	859	0	0	0	0	0	0	0	0	0	0	3	17	30	0	0	0	0	0	0
fsh-generated/resources/ConceptMap-mii-cm-onko-allgemeiner-leistungszustand-ecog-loinc.json	7797	2	0	0	0	0	0	0	1	5	0	0	0	0	0	0	0	0	0	0	3	16	24	0	0	0	1	0	0
fsh-generated/resources/ConceptMap-mii-cm-onko-allgemeiner-leistungszustand-karnofsky-loinc.json	8475	1	0	0	0	0	0	0	0	3	0	0	0	0	0	0	0	0	0	0	3	16	24	0	0	0	0	0	0
fsh-generated/resources/ConceptMap-mii-cm-onko-allgemeiner-leistungszustand-sct.json	8595	2	0	0	0	0	0	0	1	860	0	0	0	0	0	0	0	0	0	0	3	16	36	0	0	0	1	0	0
fsh-generated/resources/ConceptMap-mii-cm-onko-asa-obds-loinc.json	6900	1	0	0	0	0	0	0	0	3	1	0	0	0	0	0	0	0	0	0	3	13	26	0	0	0	0	0	0
fsh-generated/resources/ConceptMap-mii-cm-onko-atc-transitions-2021.json	22945	3	0	0	0	0	0	0	2	9	0	0	0	0	0	0	0	0	0	0	4	38	51	0	0	0	2	0	0
fsh-generated/resources/ConceptMap-mii-cm-onko-atc-transitions-2022.json	12164	1	0	0	0	0	0	0	1	6	0	0	0	0	0	0	0	0	0	0	3	21	43	0	0	0	0	0	0
fsh-generated/resources/ConceptMap-mii-cm-onko-atc-transitions-2023.json	6389	2	0	0	0	0	0	0	0	5	0	0	0	0	0	0	0	0	0	0	3	16	24	0	0	0	1	0	0
fsh-generated/resources/ConceptMap-mii-cm-onko-atc-transitions-2024.json	9883	2	0	0	0	0	0	0	1	6	0	0	0	0	0	0	0	0	0	0	3	23	32	0	0	0	0	0	1
fsh-generated/resources/ConceptMap-mii-cm-onko-atc-transitions-2025.json	5921	1	0	0	0	0	0	0	0	5	0	0	0	0	0	0	0	0	0	0	3	11	23	0	0	0	1	0	0
fsh-generated/resources/ConceptMap-mii-cm-onko-atc-transitions-2026.json	6021	1	0	0	0	0	0	0	0	5	0	0	0	0	0	0	0	0	0	0	3	11	126	0	0	0	0	0	0
fsh-generated/resources/ConceptMap-mii-cm-onko-fernmetastasen-sct.json	9580	2	0	0	0	0	0	0	1	6	0	0	0	0	0	0	0	0	0	0	3	15	50	0	0	0	1	0	0
fsh-generated/resources/ConceptMap-mii-cm-onko-genetische-variante-auspraegung-sct.json	7814	2	0	0	1	0	0	0	1	7	0	0	0	0	0	0	0	0	0	0	3	13	41	0	0	0	0	0	0
fsh-generated/resources/ConceptMap-mii-cm-onko-grading-sct.json	10075	1	0	0	0	0	0	0	0	9	0	0	0	0	0	0	0	0	0	0	3	17	36	0	0	0	1	0	0
fsh-generated/resources/ConceptMap-mii-cm-onko-icdo3-transitions-2019.json	28853	3	0	0	0	0	0	0	2	8	0	0	0	0	0	0	0	0	0	0	4	59	52	0	0	0	2	0	0
fsh-generated/resources/ConceptMap-mii-cm-onko-intention-sct.json	8155	1	0	0	0	0	0	0	0	7	0	0	0	0	0	0	0	0	0	0	3	15	32	0	0	1	1	0	0
fsh-generated/resources/ConceptMap-mii-cm-onko-krk-stoma-obds-sct.json	6584	2	0	0	0	0	0	0	1	3	0	0	0	0	0	0	0	0	0	0	3	12	21	0	0	0	0	0	0
fsh-generated/resources/ConceptMap-mii-cm-onko-nebenwirkung-meddra-sct.json	254954	12	0	0	0	0	0	0	18	72	0	0	0	0	0	0	0	2	0	0	18	434	353	0	0	0	28	0	1
fsh-generated/resources/ConceptMap-mii-cm-onko-nebenwirkung-sct.json	7962	2	0	0	0	0	0	0	0	9	0	0	0	0	0	0	0	0	0	0	3	15	32	0	0	0	1	0	0
fsh-generated/resources/ConceptMap-mii-cm-onko-operation-komplikation-sct.json	31868	3	0	0	0	0	0	0	2	13	0	0	0	0	0	0	0	0	0	0	5	55	64	0	0	0	2	0	1
fsh-generated/resources/ConceptMap-mii-cm-onko-primaertumor-diagnosesicherung-sct.json	11344	1	0	0	0	0	0	0	1	7	0	0	0	0	0	0	0	0	0	0	3	24	31	0	0	0	1	0	0
fsh-generated/resources/ConceptMap-mii-cm-onko-residualstatus-uicc-sct.json	7697	1	0	0	0	0	0	0	0	5	0	0	0	0	0	0	0	0	0	0	3	15	25	0	0	0	0	0	0
fsh-generated/resources/ConceptMap-mii-cm-onko-seitenlokalisation-sct.json	7698	2	0	0	0	0	0	0	1	6	0	0	0	0	0	0	0	0	0	0	3	12	29	0	0	0	1	0	0
fsh-generated/resources/ConceptMap-mii-cm-onko-strahlentherapie-applikationsart-sct.json	12865	1	0	0	0	0	0	0	1	8	0	0	0	0	0	0	0	0	0	0	3	23	32	0	0	0	0	0	0
fsh-generated/resources/ConceptMap-mii-cm-onko-strahlentherapie-boost-sct.json	7518	2	0	0	0	0	0	0	0	6	0	0	0	0	0	0	0	0	0	0	3	13	29	0	0	0	1	0	0
fsh-generated/resources/ConceptMap-mii-cm-onko-strahlentherapie-strahlenart-sct.json	12197	1	0	0	0	0	0	0	1	8	0	0	0	0	0	0	0	0	0	0	4	21	31	0	0	0	0	0	0
fsh-generated/resources/ConceptMap-mii-cm-onko-strahlentherapie-strahleneinheit-sct.json	7126	2	0	0	0	0	0	0	0	6	0	0	0	0	0	0	0	0	0	0	2	12	26	0	0	0	1	0	0
fsh-generated/resources/ConceptMap-mii-cm-onko-strahlentherapie-zielgebiet-sct.json	37519	2	0	0	1	0	0	0	3	13	0	0	0	0	0	0	0	0	0	0	5	63	63	0	0	0	2	0	0
fsh-generated/resources/ConceptMap-mii-cm-onko-studienteilnahme-sct.json	6842	2	0	0	0	0	0	0	0	6	0	0	0	0	0	0	0	0	0	0	2	12	26	0	0	0	1	0	0
fsh-generated/resources/ConceptMap-mii-cm-onko-therapie-ende-sct.json	9153	1	0	0	0	0	0	0	1	7	0	0	0	0	0	0	0	0	0	0	4	16	32	0	0	0	0	0	0
fsh-generated/resources/ConceptMap-mii-cm-onko-therapie-stellung-sct.json	7650	1	0	0	0	0	0	0	0	7	0	0	0	0	0	0	0	0	0	0	2	12	28	0	0	0	1	0	0
fsh-generated/resources/ConceptMap-mii-cm-onko-therapie-typ-sct.json	11824	2	0	0	0	0	0	0	1	7	0	0	0	0	0	0	0	0	0	0	4	21	32	0	0	0	0	0	1
fsh-generated/resources/ConceptMap-mii-cm-onko-therapieabweichung-sct.json	6848	1	0	0	0	0	0	0	0	6	0	0	0	0	0	0	0	1	0	0	3	11	26	0	0	0	1	0	0
fsh-generated/resources/ConceptMap-mii-cm-onko-therapieplanung-sct.json	7314	1	0	0	0	0	0	0	1	6	0	0	0	0	0	0	0	0	0	0	3	12	26	0	0	0	0	0	0
fsh-generated/resources/ConceptMap-mii-cm-onko-tnm-uicc-sct-clinical.json	41076	3	0	0	0	0	0	0	2	11	0	0	0	0	0	0	0	0	0	0	4	65	64	0	0	0	2	0	0
fsh-generated/resources/ConceptMap-mii-cm-onko-tnm-uicc-sct-pathological.json	40974	3	0	0	0	0	0	0	3	10	0	0	0	0	0	0	0	0	0	0	4	64	62	0	0	0	3	0	0
fsh-generated/resources/ConceptMap-mii-cm-onko-tod-sct.json	7004	2	0	0	0	0	0	0	0	7	0	0	0	0	0	0	0	0	0	0	3	13	35	0	0	0	0	0	0
fsh-generated/resources/ConceptMap-mii-cm-onko-verlauf-fernmetastasen-sct.json	8755	1	0	1	0	0	0	0	1	6	0	0	0	0	0	0	0	0	0	0	3	15	34	0	0	0	1	0	0
fsh-generated/resources/ConceptMap-mii-cm-onko-verlauf-gesamtbeurteilung-sct.json	9282	2	0	0	0	0	0	0	0	7	0	0	0	0	0	0	0	0	0	0	3	17	27	0	0	0	0	0	0
fsh-generated/resources/ConceptMap-mii-cm-onko-verlauf-lymphknoten-sct.json	8425	1	0	0	0	0	0	0	1	6	0	0	0	0	0	0	0	0	0	0	3	15	28	0	0	0	1	0	0
fsh-generated/resources/ConceptMap-mii-cm-onko-verlauf-primaertumor-sct.json	8389	1	0	0	0	0	0	0	0	6	0	0	0	0	0	0	0	0	0	0	3	14	33	0	0	0	0	0	0
fsh-generated/resources/ConceptMap-mii-cm-onkologie-to-mvgenomseq.json	13525	2	0	0	0	0	0	0	1	879	0	0	0	0	0	0	0	0	0	0	3	23	44	0	0	0	1	0	1
fsh-generated/resources/Condition-PatientKimMusterperson-Diagnosis-1.json	1839	1	0	0	1	0	0	0	0	3	0	0	0	0	0	0	0	0	0	0	3	7	12	0	0	0	0	0	0
fsh-generated/resources/Condition-PatientKimMusterperson-PrimaryDiagnosis-2.json	1803	1	0	0	0	0	0	0	0	2	0	0	0	0	0	0	0	0	0	0	3	7	11	0	0	0	0	0	0
fsh-generated/resources/Condition-mii-exa-onko-ascending-colon-cancer-diagnosis.json	1716	2	0	0	0	0	0	0	1	3	0	0	0	0	0	0	0	0	0	0	2	7	15	0	0	0	0	0	0
fsh-generated/resources/Condition-mii-exa-onko-colorectal-cancer-diagnosis.json	1730	1	0	0	0	0	0	0	0	2	0	0	0	0	0	0	0	0	0	0	3	8	15	0	0	0	0	0	0
fsh-generated/resources/Condition-mii-exa-onko-cup-diagnose-aufgeloest.json	2340	1	0	0	0	0	0	0	0	2	0	0	0	0	0	0	0	0	0	0	3	8	13	0	0	0	0	0	0
fsh-generated/resources/Condition-mii-exa-onko-cup-diagnose.json	2357	1	0	0	0	0	0	0	0	1	0	0	0	0	0	0	0	0	0	0	3	8	13	0	0	0	0	0	0
fsh-generated/resources/Condition-mii-exa-onko-diagnose-aml-transformation.json	2644	1	0	0	0	0	0	0	0	2	0	0	0	0	0	0	0	0	0	0	3	8	21	0	0	0	0	0	0
fsh-generated/resources/Condition-mii-exa-onko-diagnose-angiosarkom-nach-radiatio.json	2414	2	0	0	0	0	0	0	0	3	0	0	0	0	0	0	0	0	0	0	3	7	139	0	0	0	0	0	0
fsh-generated/resources/Condition-mii-exa-onko-diagnose-mds.json	2204	1	0	0	0	0	0	0	0	2	0	0	0	0	0	0	0	0	0	0	3	6	27	0	0	0	0	0	0
fsh-generated/resources/Condition-mii-exa-onko-diagnose-meningeom-benigne.json	2154	1	0	0	0	0	0	0	1	2	0	0	0	0	0	0	0	0	0	0	2	6	18	0	0	0	0	0	0
fsh-generated/resources/Condition-mii-exa-onko-diagnose-meningeom-maligne-transformation.json	2423	1	0	0	0	0	0	0	0	2	0	0	0	0	0	0	0	0	0	0	3	6	17	0	0	0	0	0	0
fsh-generated/resources/Condition-mii-exa-onko-diagnose-taml-nach-chemo.json	2387	1	0	0	0	0	0	0	0	2	0	0	0	0	0	0	0	0	0	0	3	7	16	0	0	0	0	0	0
fsh-generated/resources/Condition-mii-exa-onko-diagnose.json	2745	2	0	0	0	0	0	0	0	1	0	0	0	0	0	0	0	0	0	0	3	6	18	0	0	0	0	0	0
fsh-generated/resources/Condition-mii-exa-onko-fruehere-tumorerkrankung-cervix.json	1526	1	0	0	0	0	0	0	0	3	0	0	0	0	0	0	0	0	0	0	3	6	14	0	0	0	0	0	0
fsh-generated/resources/Condition-mii-exa-onko-fruehere-tumorerkrankung-freetext.json	1282	1	0	0	0	0	0	0	0	2	0	0	0	0	0	0	0	0	0	0	2	5	9	0	0	0	0	0	0
fsh-generated/resources/Condition-mii-exa-onko-fruehere-tumorerkrankung-mamma.json	1845	1	0	0	0	0	0	0	0	2	0	0	0	0	0	0	0	0	0	0	3	6	18	0	0	0	0	0	0
fsh-generated/resources/Condition-mii-exa-onko-fruehere-tumorerkrankung-prostata.json	1821	1	0	0	0	0	0	0	1	3	0	0	0	0	0	0	0	0	0	0	3	6	12	0	0	0	0	0	0
fsh-generated/resources/Condition-mii-exa-onko-kim-synth-diagnose.json	1312	1	0	0	0	0	0	0	0	2	0	0	0	0	0	0	0	0	0	0	3	5	12	0	0	0	0	0	0
fsh-generated/resources/Condition-mii-exa-onko-krk-diagnose.json	1261	1	0	0	0	0	0	0	0	2	0	0	0	0	0	0	0	0	0	0	2	5	12	0	0	0	0	0	0
fsh-generated/resources/Condition-mii-exa-onko-mamma-diagnose.json	1298	1	0	0	0	0	0	0	0	2	0	0	0	0	0	0	0	0	0	0	3	5	12	0	0	0	0	0	0
fsh-generated/resources/Condition-mii-exa-onko-melanom-diagnose.json	1646	1	0	0	0	0	0	0	0	1	0	0	0	0	0	0	0	0	0	0	3	6	15	0	0	0	0	0	0
fsh-generated/resources/Condition-mii-exa-onko-prostata-diagnose.json	1291	1	0	0	0	0	0	0	0	2	0	0	0	0	0	0	0	0	0	0	3	5	12	0	0	0	0	0	0
fsh-generated/resources/Condition-mii-exa-onko-tnm-bundle-diagnose.json	1287	1	0	0	0	0	0	0	0	2	0	0	0	0	0	0	0	0	0	0	2	4	11	0	0	0	0	0	0
fsh-generated/resources/Condition-mii-exa-onko-tnm-bundle-legacy-diagnose.json	1301	2	0	0	0	0	0	0	0	2	0	0	0	0	0	0	0	0	0	0	3	9	11	0	0	0	0	0	0
fsh-generated/resources/Condition-mii-exa-onko-tnm-synth-diagnose.json	1285	1	0	0	1	0	0	0	0	2	0	0	0	0	0	0	0	0	0	0	3	5	12	0	0	0	0	0	0
fsh-generated/resources/Condition-primaertumor-example.json	1308	1	0	0	0	0	0	0	0	2	0	0	0	0	0	0	0	0	0	0	3	5	11	0	0	0	0	0	0
fsh-generated/resources/Device-mii-exa-onko-kim-synthesis-device.json	260	1	0	0	0	0	0	0	0	3	0	0	0	0	0	0	0	0	0	0	2	3	4	0	0	0	0	0	0
fsh-generated/resources/DiagnosticReport-PatientKimMusterperson-PathoReport-1.json	855	1	0	0	0	0	0	0	0	2	0	0	0	0	0	0	0	0	0	0	3	5	12	0	0	0	0	0	0
fsh-generated/resources/DiagnosticReport-mii-exa-onko-befund-1.json	749	1	0	0	0	0	0	0	1	834	0	0	0	0	0	0	0	0	0	0	3	4	17	0	0	0	0	0	0
fsh-generated/resources/Encounter-example-chemo-phase1.json	289	1	0	0	0	0	0	0	0	2	0	0	0	0	0	0	0	1	0	0	3	4	9	0	0	0	0	0	0
fsh-generated/resources/Encounter-example-chemo-phase2.json	289	1	0	0	0	0	0	0	0	1	0	0	0	0	0	0	0	0	0	0	2	3	8	0	0	0	0	0	0
fsh-generated/resources/Encounter-example-diagnosis-modification.json	299	1	0	0	0	0	0	0	0	2	0	0	0	0	0	0	0	0	0	0	3	3	9	0	0	0	0	0	0
fsh-generated/resources/Encounter-example-surgery-modification.json	306	0	0	0	0	0	0	0	0	1	0	0	0	0	0	0	0	0	0	0	3	3	9	0	0	0	0	0	0
fsh-generated/resources/Encounter-example.json	263	1	0	0	0	0	0	0	0	1	0	0	0	0	0	0	0	0	0	0	2	3	9	0	0	0	0	0	0
fsh-generated/resources/Encounter-mii-exa-onko-folfox-encounter-chemo.json	311	1	0	0	0	0	0	0	0	1	0	0	0	0	0	0	0	0	0	0	3	4	9	0	0	0	0	0	0
fsh-generated/resources/Encounter-mii-exa-onko-folfox-encounter-diagnosis.json	315	1	0	0	0	0	0	0	0	1	0	0	0	0	0	0	0	0	0	0	3	4	9	0	0	0	0	0	0
fsh-generated/resources/Encounter-mii-exa-onko-folfox-encounter-surgery.json	322	1	0	0	0	0	0	0	0	1	0	0	0	0	0	0	0	0	0	0	3	3	9	0	0	0	0	0	0
fsh-generated/resources/Encounter-mii-exa-onko-krk-bundle-encounter.json	322	1	0	0	0	0	0	0	0	1	0	0	0	0	0	0	0	0	0	0	2	3	10	0	0	0	0	0	0
fsh-generated/resources/Encounter-mii-exa-onko-mamma-bundle-encounter.json	326	1	0	0	0	0	0	0	0	1	0	0	0	0	0	0	0	0	0	0	3	3	10	0	0	0	0	0	0
fsh-generated/resources/Encounter-mii-exa-onko-melanom-bundle-encounter.json	330	1	0	0	0	0	0	0	0	1	0	0	0	0	0	0	0	0	0	0	3	3	9	0	0	0	0	0	0
fsh-generated/resources/Encounter-mii-exa-onko-prostata-bundle-encounter.json	332	1	0	0	0	0	0	0	0	1	0	0	0	0	0	0	0	0	0	0	3	3	8	0	0	0	0	0	0
fsh-generated/resources/Library-mii-lib-onko-synthesize-tnm.json	5400	1	0	0	0	0	0	0	0	25	0	0	0	0	0	0	0	0	0	0	3	9	8	0	0	0	0	0	0
fsh-generated/resources/List-mii-exa-onko-liste-evidenz-erstdiagnose-1.json	1402	1	0	0	0	0	0	0	0	1318	0	5	0	0	0	0	0	0	0	0	3	7	58	0	0	0	0	0	0
fsh-generated/resources/MedicationRequest-mii-exa-onko-cdk46-class-medication.json	1051	2	0	0	0	0	0	0	0	4	0	0	0	0	0	0	0	0	0	0	2	5	18	0	0	0	0	0	0
fsh-generated/resources/MedicationRequest-mii-exa-onko-folfox-5fu-request.json	771	1	0	0	0	0	0	0	0	2	0	0	0	0	0	0	0	0	0	0	3	4	14	0	0	0	0	0	0
fsh-generated/resources/MedicationRequest-mii-exa-onko-folfox-leucovorin-request.json	783	1	0	0	0	0	0	0	0	2	0	0	0	0	0	0	0	0	0	0	3	5	14	0	0	0	0	0	0
fsh-generated/resources/MedicationRequest-mii-exa-onko-folfox-oxaliplatin-request.json	768	1	0	0	0	0	0	0	1	2	0	0	0	0	0	0	0	0	0	0	2	4	18	0	0	0	0	0	0
fsh-generated/resources/MedicationRequest-mii-exa-onko-modification-5fu-request.json	862	1	0	0	0	0	0	0	0	3	0	0	0	0	0	0	0	0	0	0	3	5	15	0	0	0	0	0	0
fsh-generated/resources/MedicationRequest-mii-exa-onko-modification-leucovorin-request.json	874	1	0	0	0	0	0	0	0	3	0	0	0	0	0	0	0	0	0	0	3	5	15	0	0	0	0	0	0
fsh-generated/resources/MedicationRequest-mii-exa-onko-modification-oxaliplatin-request.json	1248	1	0	0	0	0	0	0	0	2	0	0	0	0	0	0	0	0	0	0	3	6	15	0	0	0	0	0	0
fsh-generated/resources/MedicationRequest-mii-exa-onko-tdm1-option.json	895	1	0	0	0	0	0	0	0	2	0	0	0	0	0	0	0	0	0	0	2	5	15	0	0	0	0	0	0
fsh-generated/resources/MedicationRequest-mii-exa-onko-tucatinib-option.json	900	1	0	0	0	0	0	0	0	1	0	0	0	0	0	0	0	0	0	0	3	5	14	0	0	0	0	0	0
fsh-generated/resources/MedicationStatement-PatientKimMusterperson-SystemicTherapyMedication-1a.json	806	2	0	0	1	0	0	0	0	2	0	0	0	0	0	0	0	0	0	0	3	5	17	0	0	0	0	0	0
fsh-generated/resources/MedicationStatement-PatientKimMusterperson-SystemicTherapyMedication-1b.json	807	1	0	0	0	0	0	0	0	2	0	0	0	0	0	0	0	0	0	0	3	5	14	0	0	0	0	0	0
fsh-generated/resources/MedicationStatement-PatientKimMusterperson-SystemicTherapyMedication-2a.json	807	1	0	0	0	0	0	0	0	2	0	0	0	0	0	0	0	0	0	0	2	5	14	0	0	0	0	0	0
fsh-generated/resources/MedicationStatement-PatientKimMusterperson-SystemicTherapyMedication-2b.json	808	1	0	0	0	0	0	0	0	2	0	0	0	0	0	0	0	0	0	0	3	4	15	0	0	0	0	0	0
fsh-generated/resources/MedicationStatement-PatientKimMusterperson-SystemicTherapyMedication-3.json	780	2	0	0	0	0	0	0	0	1	0	0	0	0	0	0	0	0	0	0	3	5	15	0	0	0	0	0	0
fsh-generated/resources/MedicationStatement-mii-exa-onko-folfox-5fu-statement.json	917	2	0	0	0	0	0	0	0	3	0	0	0	0	0	0	0	0	0	0	3	5	18	0	0	0	0	0	0
fsh-generated/resources/MedicationStatement-mii-exa-onko-folfox-leucovorin-statement.json	929	1	0	0	0	0	0	0	0	2	0	0	0	0	0	0	0	0	0	0	2	5	19	0	0	0	0	0	0
fsh-generated/resources/MedicationStatement-mii-exa-onko-folfox-oxaliplatin-statement.json	914	1	0	0	0	0	0	0	0	2	0	0	0	0	0	0	0	0	0	0	3	5	18	0	0	0	0	0	0
fsh-generated/resources/MedicationStatement-mii-exa-onko-medikation-iberdomide-unii.json	954	1	0	0	0	0	0	0	0	3	0	0	0	0	0	0	0	0	0	0	3	5	19	0	0	0	0	0	0
fsh-generated/resources/MedicationStatement-mii-exa-onko-medikation-imatinib-atc-version-transition.json	1160	2	0	0	0	0	0	0	1	2	0	0	0	0	0	0	0	0	0	0	3	5	19	0	0	0	0	0	0
fsh-generated/resources/MedicationStatement-mii-exa-onko-modification-5fu-phase1.json	936	1	0	0	0	0	0	0	0	2	0	0	0	0	0	0	0	0	0	0	2	5	18	0	0	0	0	0	0
fsh-generated/resources/MedicationStatement-mii-exa-onko-modification-5fu-phase2.json	956	1	0	0	0	0	0	0	0	2	0	0	0	0	0	0	0	0	0	0	3	5	19	0	0	0	0	0	0
fsh-generated/resources/MedicationStatement-mii-exa-onko-modification-leucovorin-phase1.json	948	1	0	0	0	0	0	0	0	2	0	0	0	0	0	0	0	0	0	0	3	5	18	0	0	0	0	0	0
fsh-generated/resources/MedicationStatement-mii-exa-onko-modification-leucovorin-phase2.json	968	1	0	0	0	0	0	0	0	1	0	0	0	0	0	0	0	0	0	0	3	5	18	0	0	0	0	0	0
fsh-generated/resources/MedicationStatement-mii-exa-onko-modification-oxaliplatin-phase1.json	1409	2	0	0	0	0	0	0	0	3	0	0	0	0	0	0	0	0	0	0	2	6	20	0	0	0	0	0	0
fsh-generated/resources/MedicationStatement-mii-exa-onko-systemische-therapie-medikation1.json	824	1	0	0	0	0	0	0	0	1	0	0	0	0	0	0	0	0	0	0	3	5	14	0	0	0	0	0	0
fsh-generated/resources/MedicationStatement-mii-exa-onko-systemische-therapie-medikation2.json	820	1	0	0	0	0	0	0	0	2	0	0	0	0	0	0	0	0	0	0	3	4	15	0	0	0	0	0	0
fsh-generated/resources/Observation-PatientKimMusterperson-Verlauf-2022-01-22.json	2087	2	0	0	0	0	0	0	0	2	0	0	0	0	0	0	0	0	0	0	3	7	14	0	0	0	0	0	0
fsh-generated/resources/Observation-TNM-Klassifikation-Observation-2.json	877	1	0	0	0	0	0	0	0	1	0	0	0	0	0	0	0	0	0	0	2	8	15	0	0	0	0	0	0
fsh-generated/resources/Observation-TNM-L-Observation-2.json	957	2	0	0	0	0	0	0	0	841	0	0	0	0	0	0	0	0	0	0	3	5	13	0	0	0	0	0	0
fsh-generated/resources/Observation-TNM-M-Observation-2.json	1377	1	0	0	0	0	0	0	0	3	0	0	0	0	0	0	0	0	0	0	3	5	13	0	0	0	0	0	0
fsh-generated/resources/Observation-TNM-Pn-Observation-2.json	960	2	0	0	0	0	0	0	0	835	0	0	0	0	0	0	0	0	0	0	2	4	13	0	0	0	0	0	0
fsh-generated/resources/Observation-TNM-T-Observation-2.json	1377	1	0	0	1	0	0	0	0	2	0	0	0	0	0	0	0	0	0	0	3	5	13	0	0	0	0	0	0
fsh-generated/resources/Observation-TNM-V-Observation-2.json	957	1	0	0	0	0	0	0	1	842	0	0	0	0	0	0	0	0	0	0	3	5	13	0	0	0	0	0	0
fsh-generated/resources/Observation-TNM-y-Symbol-Observation-2.json	949	1	0	0	0	0	0	0	0	1290	0	0	0	0	0	0	0	0	0	0	3	6	13	0	0	0	0	0	0
fsh-generated/resources/Observation-mii-exa-onko-allgemeiner-leistungszustand-ecog.json	1220	2	0	0	0	0	0	0	0	2	0	0	0	0	0	0	0	0	0	0	2	5	10	0	0	0	0	0	0
fsh-generated/resources/Observation-mii-exa-onko-allgemeiner-leistungszustand-karnofsky.json	1021	1	0	0	0	0	0	0	0	846	0	0	0	0	0	0	0	0	0	0	3	4	9	0	0	0	0	0	0
fsh-generated/resources/Observation-mii-exa-onko-anzahl-befallene-lymphknoten-0.json	889	1	0	0	0	0	0	0	0	817	0	0	0	0	0	0	0	0	0	0	3	5	10	0	0	0	0	0	0
fsh-generated/resources/Observation-mii-exa-onko-anzahl-befallene-sentinel-lymphknoten-0.json	924	1	0	0	0	0	0	0	0	822	0	0	0	0	0	0	0	0	0	0	2	5	9	0	0	0	0	0	0
fsh-generated/resources/Observation-mii-exa-onko-anzahl-untersuchte-lymphknoten-23.json	895	1	0	0	0	0	0	0	0	846	0	0	0	0	0	0	0	0	0	0	3	4	10	0	0	0	0	0	0
fsh-generated/resources/Observation-mii-exa-onko-anzahl-untersuchte-sentinel-lymphknoten-0.json	941	2	0	0	0	0	0	0	0	826	0	0	0	0	0	0	0	0	0	0	3	5	9	0	0	0	0	0	0
fsh-generated/resources/Observation-mii-exa-onko-asa-klassifikation.json	913	1	0	0	0	0	0	0	0	2	0	0	0	0	0	0	0	0	0	0	3	5	14	0	0	0	0	0	0
fsh-generated/resources/Observation-mii-exa-onko-ascending-colon-tnm-m.json	1187	2	0	0	0	0	0	0	0	2	0	0	0	0	0	0	0	0	0	0	2	5	13	0	0	0	0	0	0
fsh-generated/resources/Observation-mii-exa-onko-ascending-colon-tnm-n.json	1187	1	0	0	0	0	0	0	0	2	0	0	0	0	0	0	0	0	0	0	3	6	13	0	0	0	0	0	0
fsh-generated/resources/Observation-mii-exa-onko-ascending-colon-tnm-t.json	1187	2	0	0	0	0	0	0	0	2	0	0	0	0	0	0	0	0	0	0	3	5	14	0	0	0	0	0	0
fsh-generated/resources/Observation-mii-exa-onko-ascending-colon-tnm.json	1299	1	0	0	0	0	0	0	0	2	0	0	0	0	0	0	0	0	0	0	3	6	24	0	0	0	0	0	0
fsh-generated/resources/Observation-mii-exa-onko-colorectal-tnm-m.json	1381	1	0	0	0	0	0	0	0	2	0	0	0	0	0	0	0	0	0	0	2	5	13	0	0	0	0	0	0
fsh-generated/resources/Observation-mii-exa-onko-colorectal-tnm-n.json	1381	1	0	0	1	0	0	0	1	2	0	0	0	0	0	0	0	0	0	0	3	5	14	0	0	0	0	0	0
fsh-generated/resources/Observation-mii-exa-onko-colorectal-tnm-t.json	1381	2	0	0	0	0	0	0	0	1	0	0	0	0	0	0	0	0	0	0	3	5	14	0	0	0	0	0	0
fsh-generated/resources/Observation-mii-exa-onko-colorectal-tnm.json	1248	1	0	0	0	0	0	0	0	2	0	0	0	0	0	0	0	0	0	0	3	6	24	0	0	0	0	0	0
fsh-generated/resources/Observation-mii-exa-onko-cup-fernmetastase-hep.json	847	1	0	0	0	0	0	0	0	1	0	0	0	0	0	0	0	0	0	0	2	5	26	0	0	0	0	0	0
fsh-generated/resources/Observation-mii-exa-onko-cup-fernmetastase-pul.json	847	1	0	0	0	0	0	0	0	1	0	0	0	0	0	0	0	0	0	0	3	4	12	0	0	0	0	0	0
fsh-generated/resources/Observation-mii-exa-onko-cup-tnm-klassifikation.json	1128	1	0	0	0	0	0	0	0	2	0	0	0	0	0	0	0	0	0	0	3	6	24	0	0	0	0	0	0
fsh-generated/resources/Observation-mii-exa-onko-cup-tnm-m-cM1.json	1621	2	0	0	0	0	0	0	0	1	0	0	0	0	0	0	0	0	0	0	3	5	14	0	0	0	0	0	0
fsh-generated/resources/Observation-mii-exa-onko-cup-tnm-n-cNX.json	1448	1	0	0	0	0	0	0	0	1	0	0	0	0	0	0	0	0	0	0	2	6	14	0	0	0	0	0	0
fsh-generated/resources/Observation-mii-exa-onko-cup-tnm-t-cTX.json	1448	2	0	0	0	0	0	0	0	1	0	0	0	0	0	0	0	0	0	0	3	6	13	0	0	0	0	0	0
fsh-generated/resources/Observation-mii-exa-onko-fernmetastasen-1.json	738	1	0	0	0	0	0	0	0	2	0	0	0	0	0	0	0	0	0	0	3	4	9	0	0	0	0	0	0
fsh-generated/resources/Observation-mii-exa-onko-folfox-verlauf-6months.json	2958	1	0	0	0	0	0	0	0	3	0	0	0	0	0	0	0	0	0	0	2	8	15	0	0	0	0	0	0
fsh-generated/resources/Observation-mii-exa-onko-genetische-variante-braf.json	1160	1	0	0	0	0	0	0	0	811	0	0	0	0	0	0	0	0	0	0	3	5	9	0	0	0	0	0	0
fsh-generated/resources/Observation-mii-exa-onko-grading-1.json	1014	1	0	0	0	0	0	0	0	3	0	0	0	0	0	0	0	0	0	0	3	5	13	0	0	0	0	0	0
fsh-generated/resources/Observation-mii-exa-onko-histologie-icdo3.json	1000	2	0	0	0	0	0	0	1	809	0	0	0	0	0	0	0	0	0	0	3	5	13	0	0	0	0	0	0
fsh-generated/resources/Observation-mii-exa-onko-kim-klass1-cM1.json	1541	1	0	0	0	0	0	0	0	2	0	0	0	0	0	0	0	0	0	0	2	4	9	0	0	0	0	0	0
fsh-generated/resources/Observation-mii-exa-onko-kim-klass1-cN1.json	1541	1	0	0	0	0	0	0	0	1	0	0	0	0	0	0	0	0	0	0	3	6	10	0	0	0	0	0	1
fsh-generated/resources/Observation-mii-exa-onko-kim-klass1-cT3c.json	1545	1	0	0	0	0	0	0	0	1	0	0	0	0	0	0	0	0	0	0	3	4	9	0	0	0	0	0	0
fsh-generated/resources/Observation-mii-exa-onko-kim-klass1.json	1313	1	0	0	0	0	0	0	0	2	0	0	0	0	0	0	0	0	0	0	3	6	25	0	0	0	0	0	0
fsh-generated/resources/Observation-mii-exa-onko-kim-klass2-ycM1b.json	1920	2	0	0	0	0	0	0	0	2	0	0	0	0	0	0	0	0	0	0	3	6	11	0	0	0	0	0	0
fsh-generated/resources/Observation-mii-exa-onko-kim-klass2-ycN1.json	1916	1	0	0	1	0	0	0	0	2	0	0	0	0	0	0	0	0	0	0	2	5	10	0	0	0	0	0	0
fsh-generated/resources/Observation-mii-exa-onko-kim-klass2-ycT3c.json	1920	1	0	0	0	0	0	0	0	1	0	0	0	0	0	0	0	0	0	0	3	6	11	0	0	0	0	0	0
fsh-generated/resources/Observation-mii-exa-onko-kim-klass2-ysym.json	945	1	0	0	0	0	0	0	0	2	0	0	0	0	0	0	0	0	0	0	3	5	9	0	0	0	0	0	0
fsh-generated/resources/Observation-mii-exa-onko-kim-klass2.json	1392	1	0	0	0	0	0	0	0	2	0	0	0	0	0	0	0	0	0	0	3	6	29	0	0	0	0	0	0
fsh-generated/resources/Observation-mii-exa-onko-kim-klass3-L1.json	1013	1	0	0	0	0	0	0	1	2	0	0	0	0	0	0	0	0	0	0	2	28	10	0	0	0	0	0	0
fsh-generated/resources/Observation-mii-exa-onko-kim-klass3-Pn0.json	1031	2	0	0	0	0	0	0	0	1	0	0	0	0	0	0	0	0	0	0	3	5	9	0	0	0	0	0	0
fsh-generated/resources/Observation-mii-exa-onko-kim-klass3-V0.json	1010	1	0	0	0	0	0	0	0	2	0	0	0	0	0	0	0	0	0	0	3	5	10	0	0	0	0	0	0
fsh-generated/resources/Observation-mii-exa-onko-kim-klass3-ypM1b.json	1920	1	0	0	0	0	0	0	0	1	0	0	0	0	0	0	0	0	0	0	3	6	11	0	0	0	0	0	0
fsh-generated/resources/Observation-mii-exa-onko-kim-klass3-ypT3c.json	1920	1	0	0	0	0	0	0	0	2	0	0	0	0	0	0	0	0	0	0	3	6	10	0	0	0	0	0	0
fsh-generated/resources/Observation-mii-exa-onko-kim-klass3-ysym.json	945	1	0	0	0	0	0	0	0	1	0	0	0	0	0	0	0	0	0	0	2	4	9	0	0	0	0	0	0
fsh-generated/resources/Observation-mii-exa-onko-kim-klass3.json	1539	1	0	0	0	0	0	0	0	2	0	0	0	0	0	0	0	0	0	0	3	7	36	0	0	0	0	0	0
fsh-generated/resources/Observation-mii-exa-onko-kim-synth1.json	1495	1	0	0	0	0	0	0	0	2	0	0	0	0	0	0	0	0	0	0	3	6	32	0	0	0	0	0	0
fsh-generated/resources/Observation-mii-exa-onko-kim-synth2.json	1574	2	0	0	0	0	0	0	0	3	0	0	0	0	0	0	0	0	0	0	3	6	35	0	0	0	0	0	0
fsh-generated/resources/Observation-mii-exa-onko-kim-synth3.json	1864	1	0	0	0	0	0	0	0	2	0	0	0	0	0	0	0	0	0	0	2	7	51	0	0	0	0	0	0
fsh-generated/resources/Observation-mii-exa-onko-kim-synth4.json	1864	1	0	0	0	0	0	0	1	2	0	0	0	0	0	0	0	0	0	0	3	7	51	0	0	0	0	0	0
fsh-generated/resources/Observation-mii-exa-onko-krk-abstand-circumferelle-resektionsebene.json	966	1	0	0	0	0	0	0	0	804	0	0	0	0	0	0	0	0	0	0	3	6	17	0	0	0	0	0	0
fsh-generated/resources/Observation-mii-exa-onko-krk-abstand-mesorektale-fascie.json	869	1	0	0	0	0	0	0	0	789	0	0	0	0	0	0	0	0	0	0	3	5	17	0	0	0	0	0	0
fsh-generated/resources/Observation-mii-exa-onko-krk-abstand-resektionsrand-aboral.json	916	1	0	0	0	0	0	0	0	842	0	0	0	0	0	0	0	0	0	0	2	5	18	0	0	0	0	0	0
fsh-generated/resources/Observation-mii-exa-onko-krk-abstand-tumor-anokutanlinie.json	869	2	0	0	0	0	0	0	0	821	0	0	0	0	0	0	0	0	0	0	3	5	17	0	0	0	0	0	0
fsh-generated/resources/Observation-mii-exa-onko-krk-anastomoseninsuffizienz.json	1058	1	0	0	0	0	0	0	0	1	0	0	0	0	0	0	0	0	0	0	3	5	16	0	0	0	0	0	0
fsh-generated/resources/Observation-mii-exa-onko-mamma-her2neu-status.json	1619	1	0	0	0	0	0	0	0	2	0	0	0	0	0	0	0	0	0	0	3	6	14	0	0	0	0	0	0
fsh-generated/resources/Observation-mii-exa-onko-mamma-menopause-status-1.json	844	1	0	0	1	0	0	0	0	1	0	0	0	0	0	0	0	0	0	0	2	4	12	0	0	0	0	0	0
fsh-generated/resources/Observation-mii-exa-onko-mamma-rezeptorstatus-estrogen-1.json	1827	1	0	0	0	0	0	0	0	1	0	0	0	0	0	0	0	0	0	0	3	6	14	0	0	0	0	0	0
fsh-generated/resources/Observation-mii-exa-onko-mamma-rezeptorstatus-progesteron-1.json	1842	1	0	0	0	0	0	0	0	1	0	0	0	0	0	0	0	0	0	0	3	7	15	0	0	0	0	0	0
fsh-generated/resources/Observation-mii-exa-onko-mamma-tumorgroesse-1.json	1148	2	0	0	0	0	0	0	1	791	0	0	0	0	0	0	0	0	0	0	3	6	14	0	0	0	0	0	0
fsh-generated/resources/Observation-mii-exa-onko-melanom-breslow-tiefe.json	1100	1	0	0	0	0	0	0	0	826	0	0	0	0	0	0	0	0	0	0	2	6	18	0	0	0	0	0	0
fsh-generated/resources/Observation-mii-exa-onko-melanom-ldh.json	1727	2	0	0	0	0	0	0	0	2461	0	0	0	0	0	0	0	0	0	0	3	6	18	0	0	0	0	0	0
fsh-generated/resources/Observation-mii-exa-onko-melanom-sicherheitsabstand.json	977	1	0	0	0	0	0	0	0	776	0	0	0	0	0	0	0	0	0	0	3	6	17	0	0	0	0	0	0
fsh-generated/resources/Observation-mii-exa-onko-melanom-ulzeration.json	1235	2	0	0	0	0	0	0	0	2	0	0	0	0	0	0	0	0	0	0	3	5	18	0	0	0	0	0	0
fsh-generated/resources/Observation-mii-exa-onko-modification-verlauf-6months.json	3087	1	0	0	0	0	0	0	0	2	0	0	0	0	0	0	0	0	0	0	3	8	15	0	0	0	0	0	0
fsh-generated/resources/Observation-mii-exa-onko-prostata-anzahl-positiver-stanzen-1.json	734	2	0	0	0	0	0	0	0	0	0	0	0	0	0	0	0	0	0	0	2	5	13	0	0	0	0	0	0
fsh-generated/resources/Observation-mii-exa-onko-prostata-anzahl-stanzen-1.json	706	1	0	0	0	0	0	0	0	1	0	0	0	0	0	0	0	0	0	0	3	4	13	0	0	0	0	0	0
fsh-generated/resources/Observation-mii-exa-onko-prostata-ca-befall-stanze-1.json	840	2	0	0	0	0	0	0	0	1	0	0	0	0	0	0	0	0	0	0	3	5	17	0	0	0	0	0	0
fsh-generated/resources/Observation-mii-exa-onko-prostata-gleason-pattern-grade-group-1.json	1470	1	0	0	0	0	1	0	0	2	0	0	0	0	0	0	0	0	0	0	3	6	21	0	0	0	0	0	0
fsh-generated/resources/Observation-mii-exa-onko-prostata-gleason-pattern-primary-1.json	1038	1	0	0	0	0	0	0	0	1	0	0	0	0	0	0	0	0	0	0	2	5	14	0	0	0	0	0	0
fsh-generated/resources/Observation-mii-exa-onko-prostata-gleason-pattern-secondary-1.json	1044	1	0	0	0	0	0	0	0	0	0	0	0	0	0	0	0	0	0	0	3	6	14	0	0	0	0	0	0
fsh-generated/resources/Observation-mii-exa-onko-prostata-gleason-score-gesamt-1.json	1048	1	0	0	0	0	0	0	1	1	0	0	0	0	0	0	0	0	0	0	3	9	13	0	0	0	0	0	0
fsh-generated/resources/Observation-mii-exa-onko-prostata-psa-diagnose-1.json	750	2	0	0	0	0	0	0	0	1	0	0	0	0	0	0	0	0	0	0	3	4	13	0	0	0	0	0	0
fsh-generated/resources/Observation-mii-exa-onko-prostata-psa-verlauf-1.json	750	1	0	0	0	0	0	0	0	1	0	0	0	0	0	0	0	0	0	0	2	5	13	0	0	0	0	0	0
fsh-generated/resources/Observation-mii-exa-onko-prostata-surgical-complication-1.json	1214	1	0	0	1	0	0	0	0	2	0	0	0	0	0	0	0	0	0	0	3	5	17	0	0	0	0	0	0
fsh-generated/resources/Observation-mii-exa-onko-residualstatus-1.json	701	1	0	0	0	0	0	0	0	811	0	0	0	0	0	0	0	0	0	0	3	5	9	0	0	0	0	0	0
fsh-generated/resources/Observation-mii-exa-onko-studienteilnahme-prob.json	1234	1	0	0	0	0	0	0	0	2	0	0	0	0	0	0	0	0	0	0	3	7	17	0	0	0	0	0	0
fsh-generated/resources/Observation-mii-exa-onko-studienteilnahme.json	819	1	0	0	0	0	0	0	0	877	0	0	0	0	0	0	0	0	0	0	2	5	13	0	0	0	0	0	0
fsh-generated/resources/Observation-mii-exa-onko-tnm-biopsy-cT4cN1cM0.json	1207	1	0	0	0	0	0	0	0	2	0	0	0	0	0	0	0	0	0	0	3	7	21	0	0	0	0	0	0
fsh-generated/resources/Observation-mii-exa-onko-tnm-bundle-klassifikation-cT2cN3cM0.json	1379	1	0	0	0	0	0	0	0	1	0	0	0	0	0	0	0	0	0	0	3	7	26	0	0	0	0	0	0
fsh-generated/resources/Observation-mii-exa-onko-tnm-bundle-legacy-klassifikation-cT2cN3cM0.json	1391	1	0	0	0	0	0	0	0	2	0	0	0	0	0	0	0	0	0	0	3	6	25	0	0	0	0	0	0
fsh-generated/resources/Observation-mii-exa-onko-tnm-bundle-legacy-m-cM0.json	1385	2	0	0	0	0	0	0	0	1	0	0	0	0	0	0	0	0	0	0	2	5	10	0	0	0	0	0	0
fsh-generated/resources/Observation-mii-exa-onko-tnm-bundle-legacy-n-cN3.json	1385	1	0	0	0	0	0	0	0	1	0	0	0	0	0	0	0	0	0	0	3	5	10	0	0	0	0	0	0
fsh-generated/resources/Observation-mii-exa-onko-tnm-bundle-legacy-t-cT2.json	1385	1	0	0	0	0	0	0	1	1	0	0	0	0	0	0	0	0	0	0	3	5	10	0	0	0	0	0	0
fsh-generated/resources/Observation-mii-exa-onko-tnm-bundle-m-kategorie-cM0.json	1554	1	0	0	0	0	0	0	0	1	0	0	0	0	0	0	0	0	0	0	3	6	10	0	0	0	0	0	0
fsh-generated/resources/Observation-mii-exa-onko-tnm-bundle-n-kategorie-cN3.json	1554	1	0	0	0	0	0	0	0	1	0	0	0	0	0	0	0	0	0	0	2	4	10	0	0	0	0	0	0
fsh-generated/resources/Observation-mii-exa-onko-tnm-bundle-t-kategorie-cT2.json	1554	1	0	0	0	0	0	0	0	2	0	0	0	0	0	0	0	0	0	0	3	6	10	0	0	0	0	0	0
fsh-generated/resources/Observation-mii-exa-onko-tnm-clinical-cT3cN1cM0.json	1209	1	0	0	0	0	0	0	0	1	0	0	0	0	0	0	0	0	0	0	3	5	21	0	0	0	0	0	0
fsh-generated/resources/Observation-mii-exa-onko-tnm-journey-l-kategorie-L0.json	985	1	0	0	0	0	0	0	0	1	0	0	0	0	0	0	0	0	0	0	3	5	10	0	0	0	0	0	0
fsh-generated/resources/Observation-mii-exa-onko-tnm-journey-pn-kategorie-Pn0.json	1004	1	0	0	0	0	0	0	0	1	0	0	0	0	0	0	0	0	0	0	2	5	10	0	0	0	0	0	0
fsh-generated/resources/Observation-mii-exa-onko-tnm-journey-residualstatus-R0.json	696	1	0	0	1	0	0	0	0	2	0	0	0	0	0	0	0	0	0	0	3	5	9	0	0	0	0	0	0
fsh-generated/resources/Observation-mii-exa-onko-tnm-journey-v-kategorie-V0.json	982	2	0	0	0	0	0	0	0	1	0	0	0	0	0	0	0	1	0	0	3	5	10	0	0	0	0	0	0
fsh-generated/resources/Observation-mii-exa-onko-tnm-klassifikation-TisN0M0.json	1223	1	0	0	0	0	0	0	0	1	0	0	0	0	0	0	0	0	0	0	3	5	21	0	0	0	0	0	0
fsh-generated/resources/Observation-mii-exa-onko-tnm-klassifikation-uT2a2pN0023i-sncM1.json	1514	1	0	0	0	0	0	0	0	1	0	0	0	0	0	0	0	0	0	0	2	7	33	0	0	0	0	0	0
fsh-generated/resources/Observation-mii-exa-onko-tnm-l-kategorie-L.json	994	1	0	0	0	0	0	0	1	2	0	0	0	0	0	0	0	0	0	0	3	5	10	0	0	0	0	0	0
fsh-generated/resources/Observation-mii-exa-onko-tnm-l-kategorie-L1.json	995	1	0	0	0	0	0	0	0	1	0	0	0	0	0	0	0	0	0	0	3	5	10	0	0	0	0	0	0
fsh-generated/resources/Observation-mii-exa-onko-tnm-m-kategorie-M0.json	1349	1	0	0	0	0	0	0	0	1	0	0	0	0	0	0	0	0	0	0	3	5	10	0	0	0	0	0	0
fsh-generated/resources/Observation-mii-exa-onko-tnm-m-kategorie-cM0.json	1505	1	0	0	0	0	0	0	0	1	0	0	0	0	0	0	0	0	0	0	2	5	10	0	0	0	0	0	0
fsh-generated/resources/Observation-mii-exa-onko-tnm-m-kategorie-cM1.json	1350	1	0	0	0	0	0	0	0	1	0	0	0	0	0	0	0	0	0	0	3	5	10	0	0	0	0	0	0
fsh-generated/resources/Observation-mii-exa-onko-tnm-m-kategorie-rcM1.json	1880	1	0	0	0	0	0	0	0	1	0	0	0	0	0	0	0	0	0	0	3	5	10	0	0	0	0	0	0
fsh-generated/resources/Observation-mii-exa-onko-tnm-n-kategorie-N0.json	1349	1	0	0	0	0	0	0	0	1	0	0	0	0	0	0	0	0	0	0	2	6	10	0	0	0	0	0	0
fsh-generated/resources/Observation-mii-exa-onko-tnm-n-kategorie-cN1.json	1505	2	0	0	0	0	0	0	0	1	0	0	0	0	0	0	0	0	0	0	3	6	10	0	0	0	0	0	0
fsh-generated/resources/Observation-mii-exa-onko-tnm-n-kategorie-pN0i-sn.json	2126	1	0	0	0	0	0	0	0	1	0	0	0	0	0	0	0	0	0	0	3	5	11	0	0	0	0	0	0
fsh-generated/resources/Observation-mii-exa-onko-tnm-n-kategorie-rcN1.json	1880	1	0	0	0	0	0	0	0	2	0	0	0	0	0	0	0	0	0	0	3	6	10	0	0	0	0	0	0
fsh-generated/resources/Observation-mii-exa-onko-tnm-n-kategorie-ycN0.json	1880	1	0	0	0	0	0	0	1	1	0	0	0	0	0	0	0	0	0	0	3	6	10	0	0	0	0	0	0
fsh-generated/resources/Observation-mii-exa-onko-tnm-n-kategorie-ypN0.json	1880	2	0	0	0	0	0	0	0	1	0	0	0	0	0	0	0	0	0	0	2	5	11	0	0	0	0	0	0
fsh-generated/resources/Observation-mii-exa-onko-tnm-pn-kategorie-Pn1.json	1014	1	0	0	0	0	0	0	0	1	0	0	0	0	0	0	0	0	0	0	3	4	10	0	0	0	0	0	0
fsh-generated/resources/Observation-mii-exa-onko-tnm-post-chemo-ycT2ycN0cM0.json	1213	1	0	0	1	0	0	0	0	1	0	0	0	0	0	0	0	0	0	0	3	6	21	0	0	0	0	0	0
fsh-generated/resources/Observation-mii-exa-onko-tnm-post-surgery-ypT0ypN0cM0.json	1475	1	0	0	0	0	0	0	0	1	0	0	0	0	0	0	0	0	0	0	2	7	33	0	0	0	0	0	0
fsh-generated/resources/Observation-mii-exa-onko-tnm-recurrence-rcT2cN1cM1.json	1211	1	0	0	0	0	0	0	0	1	0	0	0	0	0	0	0	0	0	0	3	5	22	0	0	0	0	0	0
fsh-generated/resources/Observation-mii-exa-onko-tnm-s-kategorie-S1.json	970	1	1	0	0	0	0	0	0	1	0	0	0	0	0	0	0	0	0	0	3	5	10	0	0	0	0	0	0
fsh-generated/resources/Observation-mii-exa-onko-tnm-synth-klassifikation.json	1920	1	0	0	0	0	0	0	0	2	0	0	0	0	0	0	0	0	0	0	3	10	33	0	0	0	0	0	0
fsh-generated/resources/Observation-mii-exa-onko-tnm-synth-meldung1-klassifikation.json	1369	1	0	0	0	0	0	0	0	1	0	0	0	0	0	0	0	0	0	0	2	6	25	0	0	0	0	0	0
fsh-generated/resources/Observation-mii-exa-onko-tnm-synth-meldung1-m-cM0.json	1551	2	0	0	0	0	0	0	1	1	0	0	0	0	0	0	0	0	0	0	3	5	10	0	0	0	0	0	0
fsh-generated/resources/Observation-mii-exa-onko-tnm-synth-meldung1-n-cN2.json	1551	1	0	0	0	0	0	0	0	1	0	0	0	0	0	0	0	0	0	0	3	6	9	0	0	0	0	0	0
fsh-generated/resources/Observation-mii-exa-onko-tnm-synth-meldung1-t-cT3.json	1551	1	0	0	0	0	0	0	0	1	0	0	0	0	0	0	0	0	0	0	3	5	10	0	0	0	0	0	0
fsh-generated/resources/Observation-mii-exa-onko-tnm-synth-meldung2-klassifikation.json	1287	1	0	0	0	0	0	0	0	1	0	0	0	0	0	0	0	0	0	0	2	6	21	0	0	0	0	0	0
fsh-generated/resources/Observation-mii-exa-onko-tnm-synth-meldung2-n-pN1.json	1551	1	0	0	0	0	0	0	0	1	0	0	0	0	0	0	0	0	0	0	3	5	9	0	0	0	0	0	0
fsh-generated/resources/Observation-mii-exa-onko-tnm-synth-meldung2-t-pT2.json	1551	1	0	0	0	0	0	0	0	1	0	0	0	0	0	0	0	0	0	0	3	5	10	0	0	0	0	0	0
fsh-generated/resources/Observation-mii-exa-onko-tnm-t-kategorie-Tis.json	1352	1	0	0	0	0	0	0	0	1	0	0	0	0	0	0	0	0	0	0	3	5	9	0	0	0	0	0	0
fsh-generated/resources/Observation-mii-exa-onko-tnm-t-kategorie-cT3.json	1505	1	0	0	0	0	0	0	0	1	0	0	0	0	0	0	0	0	0	0	2	5	10	0	0	0	0	0	0
fsh-generated/resources/Observation-mii-exa-onko-tnm-t-kategorie-cT4.json	1505	2	0	0	0	0	0	0	0	1	0	0	0	0	0	0	0	0	0	0	3	5	10	0	0	0	0	0	0
fsh-generated/resources/Observation-mii-exa-onko-tnm-t-kategorie-rcT2.json	1880	1	0	0	0	0	0	0	0	1	0	0	0	0	0	0	0	0	0	0	3	5	10	0	0	0	0	0	0
fsh-generated/resources/Observation-mii-exa-onko-tnm-t-kategorie-uT2a2.json	1356	1	0	0	1	0	0	0	1	1	0	0	0	0	0	0	0	0	0	0	3	5	9	0	0	0	0	0	0
fsh-generated/resources/Observation-mii-exa-onko-tnm-t-kategorie-ycT2.json	1880	1	0	0	0	0	0	0	0	1	0	0	0	0	0	0	0	0	0	0	2	6	11	0	0	0	0	0	0
fsh-generated/resources/Observation-mii-exa-onko-tnm-t-kategorie-ypT0.json	1880	1	0	0	0	0	0	0	0	1	0	0	0	0	0	0	0	0	0	0	3	5	9	0	0	0	0	0	0
fsh-generated/resources/Observation-mii-exa-onko-tnm-v-kategorie-V1.json	992	1	0	0	0	0	0	0	0	1	0	0	0	0	0	0	0	0	0	0	3	4	10	0	0	0	0	0	0
fsh-generated/resources/Observation-mii-exa-onko-tod-j.json	1123	2	0	0	0	0	0	0	0	812	0	0	0	0	0	0	0	0	0	0	3	5	10	0	0	0	0	0	0
fsh-generated/resources/Observation-mii-exa-onko-tod-n.json	1127	1	0	0	0	0	0	0	0	1	0	0	0	0	0	0	0	0	0	0	2	6	11	0	0	0	0	0	0
fsh-generated/resources/Observation-mii-exa-onko-tod-u.json	1033	1	0	0	0	0	0	0	0	1	0	0	0	0	0	0	0	0	0	0	3	5	10	0	0	0	0	0	0
fsh-generated/resources/Observation-mii-exa-onko-tumorgroesse.json	1050	1	0	0	0	0	0	0	0	776	0	0	0	0	0	0	0	0	0	0	3	6	13	0	0	0	0	0	0
fsh-generated/resources/Observation-mii-exa-onko-tumormarker-cea.json	1688	1	0	0	0	0	0	0	0	824	0	0	0	0	0	0	0	0	0	0	3	5	14	0	0	0	0	0	0
fsh-generated/resources/Observation-mii-exa-onko-verlauf-journey-post-chemo.json	2632	1	0	0	0	0	0	0	0	1	0	0	0	0	0	0	0	0	0	0	3	8	14	0	0	0	0	0	1
fsh-generated/resources/Observation-mii-exa-onko-verlauf-journey-post-surgery.json	2631	1	0	0	0	0	0	0	1	2	0	0	0	0	0	0	0	0	0	0	2	7	14	0	0	0	0	0	0
fsh-generated/resources/Observation-mii-exa-onko-verlauf-journey-recurrence.json	2618	2	0	0	0	0	0	0	0	1	0	0	0	0	0	0	0	0	0	0	3	7	14	0	0	0	0	0	0
fsh-generated/resources/Observation-mii-exa-onko-verlauf-tumor.json	2704	1	0	0	0	0	0	0	0	1	0	0	0	0	0	0	0	0	0	0	3	7	14	0	0	0	0	0	0
fsh-generated/resources/Observation-mii-exa-onko-weitere-klassifikationen-1.json	1332	1	0	0	0	0	0	0	0	1	0	0	0	0	0	0	0	0	0	0	3	6	14	0	0	0	0	0	0
fsh-generated/resources/Observation-mii-exa-onko-weitere-klassifikationen-2.json	1172	1	0	0	0	0	0	0	0	1	0	0	0	0	0	0	0	0	0	0	2	5	13	0	0	0	0	0	0
fsh-generated/resources/Observation-mii-exa-onko-weitere-klassifikationen-3.json	1123	1	0	0	0	0	0	0	0	2	0	0	0	0	0	0	0	0	0	0	3	5	17	0	0	0	0	0	0
fsh-generated/resources/Observation-mii-exa-onko-weitere-klassifikationen-4.json	1177	1	0	0	1	0	0	0	0	1	0	0	0	0	0	0	0	0	0	0	3	6	13	0	0	0	0	0	0
fsh-generated/resources/Patient-PatientKimMusterperson.json	195	1	0	0	0	0	0	0	0	1	0	0	0	0	0	0	0	0	0	0	3	3	4	0	0	0	0	0	0
fsh-generated/resources/Patient-example-modification.json	212	1	0	0	0	0	0	0	0	1	0	0	0	0	0	0	0	0	0	0	2	3	3	0	0	0	0	0	0
fsh-generated/resources/Patient-example.json	200	1	0	0	0	0	0	0	0	0	0	0	0	0	0	0	0	0	0	0	3	2	4	0	0	0	0	0	0
fsh-generated/resources/Patient-mii-exa-onko-cup-patient.json	215	1	0	0	0	0	0	0	0	1	0	0	0	0	0	0	0	0	0	0	3	3	4	0	0	0	0	0	0
fsh-generated/resources/Patient-mii-exa-onko-folfox-patient.json	366	1	0	0	0	0	0	0	0	1	0	0	0	0	0	0	0	0	0	0	2	4	3	0	0	1	0	0	0
fsh-generated/resources/Patient-mii-exa-onko-kim-synth-patient.json	225	1	0	0	0	0	0	0	0	0	0	0	0	0	0	0	0	0	0	0	3	3	4	0	0	0	0	0	0
fsh-generated/resources/Patient-mii-exa-onko-krk-bundle-patient.json	177	1	0	0	0	0	0	0	0	0	0	0	0	0	0	0	0	0	0	0	3	3	4	0	0	0	0	0	0
fsh-generated/resources/Patient-mii-exa-onko-mamma-bundle-patient.json	175	0	0	0	0	0	0	0	0	1	0	0	0	0	0	0	0	0	0	0	3	3	4	0	0	0	0	0	0
fsh-generated/resources/Patient-mii-exa-onko-melanom-bundle-patient.json	176	1	0	0	0	0	0	0	0	1	0	0	0	0	0	0	0	0	0	0	2	2	4	0	0	0	0	0	0
fsh-generated/resources/Patient-mii-exa-onko-molecular-board-patient.json	375	1	0	0	0	0	0	0	1	0	0	0	0	0	0	0	0	0	0	0	3	4	4	0	0	0	0	0	0
fsh-generated/resources/Patient-mii-exa-onko-prostata-bundle-patient.json	180	1	0	0	0	0	0	0	0	1	0	0	0	0	0	0	0	0	0	0	3	2	4	0	0	0	0	0	0
fsh-generated/resources/Patient-mii-exa-onko-tnm-bundle-legacy-patient.json	231	1	0	0	0	0	0	0	0	0	0	0	0	0	0	0	0	0	0	0	3	4	5	0	0	0	0	0	0
fsh-generated/resources/Patient-mii-exa-onko-tnm-bundle-patient.json	226	2	0	0	0	0	0	0	0	1	0	0	0	0	0	0	0	0	0	0	2	3	4	0	0	0	0	0	0
fsh-generated/resources/Patient-mii-exa-onko-tnm-synth-patient.json	222	1	0	0	0	0	0	0	0	1	0	0	0	0	0	0	0	0	0	0	3	3	3	0	0	0	0	0	0
fsh-generated/resources/Procedure-PatientKimMusterperson-Procedure-1.json	769	1	0	0	0	0	0	0	0	1	0	0	0	0	0	0	0	0	0	0	3	5	11	0	0	0	0	0	0
fsh-generated/resources/Procedure-PatientKimMusterperson-Procedure-2.json	816	1	0	0	0	0	0	0	0	1	0	0	0	0	0	0	0	0	0	0	3	5	11	0	0	0	0	0	0
fsh-generated/resources/Procedure-PatientKimMusterperson-Procedure-3.json	755	1	0	0	0	0	0	0	0	1	0	0	0	0	0	0	0	0	0	0	2	4	10	0	0	0	0	0	0
fsh-generated/resources/Procedure-PatientKimMusterperson-Procedure-4.json	1457	1	0	0	0	0	0	0	0	1	0	0	0	0	0	0	0	0	0	0	3	9	13	0	0	0	0	0	0
fsh-generated/resources/Procedure-PatientKimMusterperson-Procedure-4a.json	1103	2	0	0	1	0	0	0	0	1	0	0	0	0	0	0	0	0	0	0	3	5	14	0	0	0	0	0	0
fsh-generated/resources/Procedure-PatientKimMusterperson-Procedure-4b.json	1051	1	0	0	0	0	0	0	0	1	0	0	0	0	0	0	0	0	0	0	3	5	14	0	0	0	0	0	0
fsh-generated/resources/Procedure-PatientKimMusterperson-Procedure-4c.json	1031	1	0	0	0	0	0	0	0	2	0	0	0	0	0	0	0	0	0	0	2	5	14	0	0	0	0	0	0
fsh-generated/resources/Procedure-PatientKimMusterperson-Procedure-4d.json	1107	1	0	0	0	0	0	0	0	1	0	0	0	0	0	0	0	0	0	0	3	5	15	0	0	0	0	0	0
fsh-generated/resources/Procedure-PatientKimMusterperson-SystemicTherapy-1.json	1781	1	0	0	0	0	0	0	0	798	0	0	0	0	0	0	0	0	0	0	3	6	15	0	0	0	0	0	0
fsh-generated/resources/Procedure-PatientKimMusterperson-SystemicTherapy-2.json	1676	1	0	0	0	0	0	0	0	1	0	0	0	0	0	0	0	0	0	0	3	6	10	0	0	0	0	0	0
fsh-generated/resources/Procedure-PatientKimMusterperson-SystemicTherapy-3.json	1651	1	0	0	0	0	0	0	0	1	0	0	0	0	0	0	0	0	0	0	2	6	11	0	0	0	0	0	0
fsh-generated/resources/Procedure-mii-exa-onko-folfox-phase1.json	2886	1	0	0	0	0	0	0	1	3	0	0	0	0	0	0	0	0	0	0	3	7	25	0	0	0	0	0	0
fsh-generated/resources/Procedure-mii-exa-onko-folfox-procedure.json	2917	1	0	0	0	0	0	0	0	2	0	0	0	0	0	0	0	0	0	0	3	8	25	0	0	0	0	0	0
fsh-generated/resources/Procedure-mii-exa-onko-krk-operation.json	1565	1	0	0	0	0	0	0	0	2	0	0	0	0	0	0	0	0	0	0	3	7	18	0	0	0	0	0	0
fsh-generated/resources/Procedure-mii-exa-onko-krk-stoma-markierung.json	1301	1	0	0	0	0	0	0	0	1	0	0	0	0	0	0	0	0	0	0	2	6	17	0	0	0	0	0	0
fsh-generated/resources/Procedure-mii-exa-onko-lv5fu2-phase2.json	2997	1	0	0	0	0	0	0	0	3	0	0	0	0	0	0	0	0	0	0	3	8	28	0	0	0	0	0	0
fsh-generated/resources/Procedure-mii-exa-onko-mamma-praeoperative-markierung-1.json	950	2	0	0	0	0	0	0	0	1	0	0	0	0	0	0	0	0	0	0	3	5	13	0	0	0	0	0	0
fsh-generated/resources/Procedure-mii-exa-onko-melanom-exzision-oberarm.json	2011	1	0	0	0	0	0	0	0	1	0	0	0	0	0	0	0	0	0	0	3	7	15	0	0	0	0	0	0
fsh-generated/resources/Procedure-mii-exa-onko-melanom-exzision-ruecken.json	2111	1	0	0	0	0	0	0	0	1	0	0	0	0	0	0	0	0	0	0	2	7	16	0	0	0	0	0	0
fsh-generated/resources/Procedure-mii-exa-onko-operation-1.json	1916	1	0	0	0	0	0	0	1	2	0	0	0	0	0	0	0	0	0	0	3	6	19	0	0	0	0	0	0
fsh-generated/resources/Procedure-mii-exa-onko-palbociclib-therapie.json	1700	1	0	0	0	0	0	0	0	3	0	0	0	0	0	0	0	0	0	0	3	6	20	0	0	0	0	0	0
fsh-generated/resources/Procedure-mii-exa-onko-pertuzumab-therapie.json	1481	1	0	0	0	0	0	0	0	1	0	0	0	0	0	0	0	0	0	0	3	5	19	0	0	0	0	0	0
fsh-generated/resources/Procedure-mii-exa-onko-prostata-operation-prostatektomie.json	1787	1	0	0	0	0	0	0	0	1	0	0	0	0	0	0	0	0	0	0	2	6	15	0	0	0	0	0	0
fsh-generated/resources/Procedure-mii-exa-onko-prostata-operation-turp.json	1784	1	0	0	1	0	0	0	0	1	0	0	0	0	0	0	0	0	0	0	3	6	15	0	0	0	0	0	0
fsh-generated/resources/Procedure-mii-exa-onko-prostata-surgery-1.json	1326	1	0	0	0	0	0	0	0	1	0	0	0	0	0	0	0	0	0	0	3	6	15	0	0	0	0	0	0
fsh-generated/resources/Procedure-mii-exa-onko-prostata-surgery-2.json	2135	1	0	0	0	0	0	0	0	1	0	0	0	0	0	0	0	0	0	0	3	6	19	0	0	0	0	0	0
fsh-generated/resources/Procedure-mii-exa-onko-right-hemicolectomy.json	1939	1	0	0	0	0	0	0	0	2	0	0	0	0	0	0	0	0	0	0	2	6	19	0	0	0	0	0	0
fsh-generated/resources/Procedure-mii-exa-onko-sigmoid-resection-part1.json	1651	1	0	0	0	0	0	0	0	2	0	0	0	0	0	0	0	0	0	0	3	6	22	0	0	0	0	0	0
fsh-generated/resources/Procedure-mii-exa-onko-sigmoid-resection-part2.json	1703	2	0	0	0	0	0	0	0	1	0	0	0	0	0	0	0	0	0	0	3	6	23	0	0	0	0	0	0
fsh-generated/resources/Procedure-mii-exa-onko-sigmoid-resection-part3.json	1609	1	0	0	0	0	0	0	1	2	0	0	0	0	0	0	0	0	0	0	3	6	22	0	0	0	0	0	0
fsh-generated/resources/Procedure-mii-exa-onko-sigmoid-resection.json	2070	1	0	0	0	0	0	0	0	2	0	0	0	0	0	0	0	0	0	0	2	6	19	0	0	0	0	0	0
fsh-generated/resources/Procedure-mii-exa-onko-strahlentherapie-2014-mamma-mit-lk.json	1895	1	0	0	0	0	0	0	0	1611	0	0	0	0	0	0	0	0	0	0	3	6	19	0	0	0	0	0	0
fsh-generated/resources/Procedure-mii-exa-onko-strahlentherapie-2014-prostata-mit-lk.json	1887	1	0	0	0	0	0	0	0	1666	0	0	0	0	0	0	0	0	0	0	3	7	20	0	0	0	0	0	0
fsh-generated/resources/Procedure-mii-exa-onko-strahlentherapie-2021-mamma-lymphknoten.json	2538	2	0	0	0	0	0	0	0	1643	0	0	0	0	0	0	0	0	0	0	3	7	23	0	0	0	0	0	0
fsh-generated/resources/Procedure-mii-exa-onko-strahlentherapie-2021-mamma-primaer.json	2421	1	0	0	0	0	0	0	0	1578	0	0	0	0	0	0	0	0	0	0	3	6	20	0	0	0	0	0	0
fsh-generated/resources/Procedure-mii-exa-onko-strahlentherapie-bestrahlung-nuklearmedizin-1.json	2993	2	0	0	0	0	0	0	0	3	0	0	0	0	0	0	0	0	0	0	2	7	12	0	0	0	0	0	0
fsh-generated/resources/Procedure-mii-exa-onko-strahlentherapie-bestrahlung-pci-sclc.json	2311	1	0	0	0	0	0	0	0	900	0	0	0	0	0	0	0	0	0	0	3	10	16	0	0	0	0	0	0
fsh-generated/resources/Procedure-mii-exa-onko-strahlentherapie-bestrahlung-strahlentherapie-1.json	3061	2	0	0	0	0	0	0	1	3	0	0	0	0	0	0	0	0	0	0	3	8	13	0	0	0	0	0	0
fsh-generated/resources/Procedure-mii-exa-onko-strahlentherapie-nuklearmedizin-1.json	1588	1	0	0	0	0	0	0	0	837	0	0	0	0	0	0	0	0	0	0	2	7	11	0	0	0	0	0	0
fsh-generated/resources/Procedure-mii-exa-onko-strahlentherapie-pci-sclc.json	1585	1	0	0	0	0	0	0	0	2	0	0	0	0	0	0	0	0	0	0	3	5	11	0	0	0	0	0	0
fsh-generated/resources/Procedure-mii-exa-onko-strahlentherapie-strahlentherapie-1.json	1595	1	0	0	0	0	0	0	0	2	0	0	0	0	0	0	0	0	0	0	3	6	11	0	0	0	0	0	0
fsh-generated/resources/Procedure-mii-exa-onko-systemische-therapie-1.json	2023	1	0	0	0	0	0	0	0	1	0	0	0	0	0	0	0	0	0	0	3	5	12	0	0	0	0	0	0
fsh-generated/resources/Procedure-mii-exa-onko-trastuzumab-therapie.json	1494	1	0	0	0	0	0	0	0	2	0	0	0	0	0	0	0	0	0	0	3	6	16	0	0	0	0	0	0
fsh-generated/resources/Provenance-mii-exa-onko-kim-synthesis-provenance.json	1803	1	0	0	0	0	0	0	0	2	0	0	0	0	0	0	0	0	0	0	2	6	40	0	0	0	0	0	0
fsh-generated/resources/RequestGroup-mii-exa-onko-folfox-requestgroup-modification.json	2095	1	0	0	0	0	0	0	0	2	0	0	0	0	0	0	0	0	0	0	3	8	46	0	0	0	0	0	0
fsh-generated/resources/RequestGroup-mii-exa-onko-folfox-requestgroup.json	2063	1	0	0	0	0	0	0	1	2	0	0	0	0	0	0	0	0	0	0	3	7	36	0	0	0	0	0	0
fsh-generated/resources/RequestGroup-mii-exa-onko-molecular-cdk46-protocol.json	1133	1	0	0	0	0	0	0	0	2	0	0	0	0	0	0	0	0	0	0	3	6	27	0	0	0	0	0	0
fsh-generated/resources/RequestGroup-mii-exa-onko-molecular-her2-alternatives.json	1420	1	0	0	1	0	0	0	0	4	0	0	0	0	0	0	0	0	0	0	2	7	31	0	0	0	0	0	0
fsh-generated/resources/ResearchStudy-mii-exa-onko-studie-prob.json	1122	1	0	0	0	0	0	0	0	1	0	0	0	0	0	0	0	0	0	0	3	5	16	0	0	0	0	0	0
fsh-generated/resources/SearchParameter-mii-sp-onko-condition-ext-morphology-behavior-icdo3.json	5441	1	0	0	0	0	0	0	0	5	0	0	0	0	0	0	0	0	0	0	3	11	10	0	0	0	1	0	0
fsh-generated/resources/SearchParameter-mii-sp-onko-ext-strahlentherapie-stellungzurop.json	4912	2	0	0	0	0	0	0	0	3	0	0	0	0	0	0	0	0	0	0	3	11	10	0	0	0	0	0	0
fsh-generated/resources/SearchParameter-mii-sp-onko-ext-systemischetherapie-stellungzurop.json	4931	1	0	0	0	0	0	0	1	2	0	0	0	0	0	0	0	0	0	0	3	10	9	0	0	0	0	0	0
fsh-generated/resources/SearchParameter-mii-sp-onko-observation-ext-tnm-n-itc.json	5322	1	0	0	0	0	0	0	0	2	0	0	0	0	0	0	0	0	0	0	3	11	9	0	0	0	1	0	0
fsh-generated/resources/SearchParameter-mii-sp-onko-observation-ext-tnm-n-sn-suffix.json	5366	1	0	0	0	0	0	0	1	3	0	0	0	0	0	0	0	1	0	0	3	11	10	0	0	0	0	0	0
fsh-generated/resources/SearchParameter-mii-sp-onko-observation-tnm-cp-praefix.json	5535	1	0	0	0	0	0	0	0	2	0	0	0	0	0	0	0	0	0	0	2	12	10	0	0	0	0	0	0
fsh-generated/resources/SearchParameter-mii-sp-onko-observation-tnm-r-praefix.json	5545	2	0	0	0	0	0	0	0	2	0	0	0	0	0	0	0	0	0	0	3	65	10	0	0	0	0	0	1
fsh-generated/resources/SearchParameter-mii-sp-onko-observation-tnm-y-praefix.json	5565	1	0	0	0	0	0	0	1	2	0	0	0	0	0	0	0	0	0	0	3	11	10	0	0	0	1	0	0
fsh-generated/resources/SearchParameter-mii-sp-onko-procedure-ext-operation-intention.json	5374	1	0	0	0	0	0	0	0	2	0	0	0	0	0	0	0	0	0	0	3	10	9	0	0	0	0	0	0
fsh-generated/resources/SearchParameter-mii-sp-onko-procedure-ext-strahlentherapie-bs-boost.json	5424	1	0	0	1	0	0	0	0	2	0	0	0	0	0	0	0	0	0	0	3	11	9	0	0	0	0	0	0
fsh-generated/resources/SearchParameter-mii-sp-onko-procedure-ext-strahlentherapie-bs-einzeldosis.json	5469	2	0	0	0	0	0	0	1	2	0	0	0	0	0	0	0	0	0	0	3	11	10	0	0	0	0	0	0
fsh-generated/resources/SearchParameter-mii-sp-onko-procedure-ext-strahlentherapie-bs-gesamtdosis.json	5469	1	0	0	0	0	0	0	0	2	0	0	0	0	0	0	0	0	0	0	2	11	8	0	0	0	1	0	0
fsh-generated/resources/SearchParameter-mii-sp-onko-procedure-ext-strahlentherapie-intention.json	5416	1	0	0	0	0	0	0	0	2	0	0	0	0	0	0	0	0	0	0	3	10	9	0	0	0	0	0	0
fsh-generated/resources/SearchParameter-mii-sp-onko-procedure-ext-systemischetherapie-intention.json	5435	1	0	0	0	0	0	0	1	2	0	0	0	0	0	0	0	0	0	0	3	10	9	0	0	0	0	0	0
fsh-generated/resources/SearchParameter-mii-sp-onko-procedure-strahlentherapie-applikationsart.json	5417	2	0	0	0	0	0	0	0	3	0	0	0	0	0	0	0	0	0	0	3	11	10	0	0	0	0	0	0
fsh-generated/resources/SearchParameter-mii-sp-onko-procedure-strahlentherapie-lateralitaet.json	5456	1	0	0	0	0	0	0	0	3	0	0	0	0	0	0	0	0	0	0	3	11	9	0	0	0	1	0	0
fsh-generated/resources/SearchParameter-mii-sp-onko-procedure-strahlentherapie-strahlenart.json	5389	1	0	0	0	0	0	0	1	2	0	0	0	0	0	0	0	0	0	0	3	11	9	0	0	0	0	0	0
fsh-generated/resources/ServiceRequest-mii-exa-onko-molecular-surgery-request.json	869	1	0	0	0	0	0	0	0	787	0	0	0	0	0	0	0	0	0	0	2	5	19	0	0	0	0	0	0
fsh-generated/resources/Specimen-PatientKimMusterperson-Specimen-1.json	270	1	0	0	0	0	0	0	0	1	0	0	0	0	0	0	0	0	0	0	3	4	8	0	0	0	0	0	0
fsh-generated/resources/Specimen-mii-exa-onko-krk-specimen.json	1077	1	0	0	0	0	0	0	0	3	0	0	0	0	0	0	0	0	0	0	3	5	9	0	0	0	0	0	0
fsh-generated/resources/Specimen-mii-exa-onko-prostata-specimen-stanze.json	459	1	0	0	0	0	0	0	0	1	0	0	0	0	0	0	0	0	0	0	3	4	9	0	0	0	0	0	0
fsh-generated/resources/Specimen-mii-exa-onko-specimen-1.json	412	1	0	0	0	0	0	0	0	1	0	0	0	0	0	0	0	0	0	0	2	5	9	0	0	0	0	0	0
fsh-generated/resources/StructureDefinition-mii-ex-onko-histology-morphology-behavior-icdo3.json	7092	1	0	31	0	0	0	0	0	78	0	0	1	0	0	0	0	0	0	0	1	58	1172	0	0	0	2	1	0
fsh-generated/resources/StructureDefinition-mii-ex-onko-nebenwirkung-ctcae-version.json	6856	2	0	16	1	0	0	0	0	10	0	0	0	0	0	0	0	0	0	0	1	38	430	0	1	0	1	0	0
fsh-generated/resources/StructureDefinition-mii-ex-onko-operation-intention.json	6921	1	0	26	0	0	0	0	0	11	0	0	0	0	0	0	0	0	0	0	0	57	462	0	0	0	2	0	1
fsh-generated/resources/StructureDefinition-mii-ex-onko-operation-urgency.json	7338	1	0	29	0	0	0	0	0	12	0	0	0	0	0	0	0	0	0	0	0	58	414	0	0	0	1	0	0
fsh-generated/resources/StructureDefinition-mii-ex-onko-strahlentherapie-bestrahlung-boost.json	6619	2	0	14	0	0	0	0	0	9	0	0	1	0	0	0	0	0	0	0	0	36	383	0	0	0	1	0	0
fsh-generated/resources/StructureDefinition-mii-ex-onko-strahlentherapie-bestrahlung-einzeldosis.json	6880	1	0	23	0	0	0	0	0	9	0	0	0	0	0	0	0	1	0	0	1	49	421	0	0	0	2	0	0
fsh-generated/resources/StructureDefinition-mii-ex-onko-strahlentherapie-bestrahlung-gesamtdosis.json	6849	2	0	24	0	0	0	0	0	10	0	0	0	0	0	0	0	0	0	0	0	48	350	0	0	0	1	0	0
fsh-generated/resources/StructureDefinition-mii-ex-onko-strahlentherapie-bestrahlung-seitenlokalisation.json	6796	1	0	15	0	0	0	0	0	8	0	0	0	0	0	0	0	0	0	0	0	37	260	0	0	0	1	0	0
fsh-generated/resources/StructureDefinition-mii-ex-onko-strahlentherapie-intention.json	6938	1	0	27	0	0	0	0	0	9	0	0	0	0	0	0	0	0	0	0	0	57	495	0	0	0	2	0	0
fsh-generated/resources/StructureDefinition-mii-ex-onko-strahlentherapie-stellungzurop.json	6977	1	0	26	0	0	0	0	0	8	0	0	0	0	0	0	0	0	0	0	1	58	417	0	0	0	1	0	1
fsh-generated/resources/StructureDefinition-mii-ex-onko-systemische-therapie-intention.json	6974	2	0	26	0	0	0	0	0	10	0	0	1	0	0	0	0	0	0	0	0	57	347	0	0	0	2	0	0
fsh-generated/resources/StructureDefinition-mii-ex-onko-systemische-therapie-stellungzurop.json	7013	1	0	78	0	0	0	0	0	9	0	0	0	0	0	0	0	0	0	0	0	57	368	0	0	0	2	0	0
fsh-generated/resources/StructureDefinition-mii-ex-onko-tnm-a-praefix.json	7083	1	0	26	0	0	0	0	0	14	0	0	0	0	0	0	0	0	0	0	0	56	312	0	0	0	2	0	0
fsh-generated/resources/StructureDefinition-mii-ex-onko-tnm-cp-praefix.json	6985	2	0	26	0	0	0	0	0	7	0	0	0	0	0	0	0	1	0	0	0	56	312	0	0	0	1	0	0
fsh-generated/resources/StructureDefinition-mii-ex-onko-tnm-itc-suffix.json	6521	1	0	25	0	0	0	0	0	8	0	0	0	0	0	0	0	0	0	0	1	55	301	0	0	0	2	0	1
fsh-generated/resources/StructureDefinition-mii-ex-onko-tnm-r-praefix.json	7082	1	0	30	0	0	0	0	0	7	0	0	1	0	0	0	0	0	0	0	0	57	288	0	0	0	1	0	0
fsh-generated/resources/StructureDefinition-mii-ex-onko-tnm-sn-suffix.json	6552	1	0	29	0	0	0	0	0	8	0	0	0	0	0	0	0	0	0	0	0	55	385	0	0	0	2	0	0
fsh-generated/resources/StructureDefinition-mii-ex-onko-tnm-y-praefix.json	7142	2	0	15	0	0	0	0	1	7	0	0	0	0	0	0	0	0	0	0	0	58	389	0	0	0	2	0	0
fsh-generated/resources/StructureDefinition-mii-ex-onko-transformation-von.json	7578	1	0	9	0	0	0	0	0	7	0	0	0	0	0	0	0	0	0	0	0	37	485	0	0	0	1	0	0
fsh-generated/resources/StructureDefinition-mii-lm-mvgenomseq-onkologie.json	69278	4	0	66	0	0	0	0	0	109	0	0	1	0	0	0	0	2	0	0	4	478	1054	0	0	0	16	0	1
fsh-generated/resources/StructureDefinition-mii-lm-onko-organspezifische-zusatzmodule.json	63723	5	0	68	0	0	0	0	0	75	0	0	0	0	0	0	0	1	0	0	4	352	810	0	0	0	12	0	1
fsh-generated/resources/StructureDefinition-mii-lm-onko.json	87060	8	0	63	0	0	0	0	0	79	0	0	0	0	0	0	0	1	0	0	6	446	1111	0	0	0	16	0	1
fsh-generated/resources/StructureDefinition-mii-pr-onko-allgemeiner-leistungszustand-ecog.json	12443	2	0	90	0	0	0	0	0	37	0	0	1	0	0	0	0	1	0	0	1	220	1789	0	0	0	9	0	1
fsh-generated/resources/StructureDefinition-mii-pr-onko-allgemeiner-leistungszustand-karnofsky.json	12473	2	0	77	1	0	0	0	0	118	0	0	0	0	0	0	0	1	0	0	0	218	1568	0	0	0	9	1	1
fsh-generated/resources/StructureDefinition-mii-pr-onko-anzahl-befallene-lymphknoten.json	11822	3	0	66	0	0	0	0	0	29	0	0	0	0	0	0	0	1	0	0	0	197	667	0	0	0	8	0	1
fsh-generated/resources/StructureDefinition-mii-pr-onko-anzahl-befallene-sentinel-lymphknoten.json	11888	2	0	110	0	0	0	0	0	31	0	0	1	0	0	0	0	1	0	0	1	197	714	0	0	0	8	0	1
fsh-generated/resources/StructureDefinition-mii-pr-onko-anzahl-untersuchte-lymphknoten.json	11846	2	0	61	0	0	0	0	0	25	0	0	0	0	0	0	0	1	0	0	0	196	648	0	0	0	8	0	0
fsh-generated/resources/StructureDefinition-mii-pr-onko-anzahl-untersuchte-sentinel-lymphknoten.json	11918	2	0	64	0	0	0	0	0	21	0	0	0	0	0	0	0	0	0	0	0	257	688	0	0	0	8	0	0
fsh-generated/resources/StructureDefinition-mii-pr-onko-asa-klassifikation.json	10308	2	0	73	0	0	0	0	0	15	0	0	1	0	0	0	0	1	0	0	1	153	1511	0	0	0	6	0	1
fsh-generated/resources/StructureDefinition-mii-pr-onko-befund.json	10276	2	0	41	0	0	0	0	0	17	0	0	0	0	0	0	0	0	0	0	0	130	576	0	0	0	5	0	0
fsh-generated/resources/StructureDefinition-mii-pr-onko-diagnose-primaertumor.json	30634	4	0	229	0	0	0	0	0	63	0	0	1	0	0	0	0	3	0	0	1	526	34535	0	0	0	20	0	3
fsh-generated/resources/StructureDefinition-mii-pr-onko-fernmetastasen.json	13186	2	0	118	0	0	0	0	0	21	0	0	0	0	0	0	0	1	0	0	0	196	1624	0	0	0	9	1	1
fsh-generated/resources/StructureDefinition-mii-pr-onko-fruehere-tumorerkrankung.json	15872	3	0	92	0	0	0	0	0	27	0	0	1	0	0	0	0	1	0	0	1	217	576	0	0	0	8	0	0
fsh-generated/resources/StructureDefinition-mii-pr-onko-genetische-variante.json	13771	2	0	379	0	0	0	0	0	46	0	0	1	0	0	0	0	3	0	0	0	619	3125	0	0	0	19	1	3
fsh-generated/resources/StructureDefinition-mii-pr-onko-grading.json	11549	2	0	134	0	0	0	0	0	20	0	0	0	0	0	0	0	1	0	0	0	198	613	0	0	0	8	0	1
fsh-generated/resources/StructureDefinition-mii-pr-onko-histologie-icdo3.json	17524	3	0	142	0	0	0	0	0	22	0	0	0	0	0	0	0	1	0	0	1	208	1513	0	1	0	8	0	1
fsh-generated/resources/StructureDefinition-mii-pr-onko-krk-abstand-aboral.json	11534	2	0	83	0	0	0	0	0	14	0	0	1	0	0	0	0	0	0	0	0	150	1062	0	0	0	6	0	1
fsh-generated/resources/StructureDefinition-mii-pr-onko-krk-abstand-anokutan.json	11389	2	0	61	0	0	0	0	1	15	0	0	0	0	0	0	0	1	0	0	1	154	526	0	0	0	7	0	1
fsh-generated/resources/StructureDefinition-mii-pr-onko-krk-abstand-circumferelle-resektionsebene.json	11679	2	0	60	0	0	0	0	0	14	0	0	0	0	0	0	0	1	0	0	0	149	1070	0	0	0	6	0	0
fsh-generated/resources/StructureDefinition-mii-pr-onko-krk-anastomoseninsuffizienz.json	10902	2	0	62	0	0	0	0	0	20	0	0	1	0	0	0	0	1	0	0	0	154	539	0	0	0	6	0	1
fsh-generated/resources/StructureDefinition-mii-pr-onko-krk-mrt-mesorektale-faszie.json	13987	3	0	70	0	0	0	0	0	23	0	0	0	0	0	0	0	0	0	0	1	189	582	0	0	0	9	0	1
fsh-generated/resources/StructureDefinition-mii-pr-onko-krk-operation.json	8125	1	0	291	0	0	0	0	0	21	0	0	0	0	0	0	0	2	0	0	0	290	964	0	0	0	10	1	1
fsh-generated/resources/StructureDefinition-mii-pr-onko-krk-specimen.json	8507	2	0	67	0	0	0	0	0	14	0	0	1	0	0	0	0	1	0	0	0	189	443	0	0	0	4	0	1
fsh-generated/resources/StructureDefinition-mii-pr-onko-krk-stoma-markierung.json	10674	2	0	115	1	0	0	0	0	19	0	0	0	0	0	0	0	1	0	0	1	240	770	0	0	0	10	0	1
fsh-generated/resources/StructureDefinition-mii-pr-onko-liste-evidenz-erstdiagnose.json	7546	2	0	39	0	0	0	0	0	10	0	0	0	0	0	0	0	0	0	0	0	91	363	0	0	0	3	0	1
fsh-generated/resources/StructureDefinition-mii-pr-onko-mamma-her2neu-status.json	13070	2	0	92	0	0	0	0	0	30	0	0	1	0	0	1	0	1	0	0	0	251	1804	0	0	0	9	0	1
fsh-generated/resources/StructureDefinition-mii-pr-onko-mamma-menopause-status.json	8515	2	0	115	0	0	0	0	0	14	0	0	0	0	0	0	0	1	0	0	0	148	1183	0	0	0	17	0	0
fsh-generated/resources/StructureDefinition-mii-pr-onko-mamma-operation.json	11215	2	0	16567	0	0	0	0	0	30	0	0	1	0	0	0	0	2	0	0	1	337	1035	0	0	0	12	0	2
fsh-generated/resources/StructureDefinition-mii-pr-onko-mamma-praeoperative-markierung.json	9054	1	0	55	0	0	0	0	0	12	0	0	0	0	0	0	0	0	0	0	0	121	467	0	0	0	5	0	1
fsh-generated/resources/StructureDefinition-mii-pr-onko-mamma-rezeptorstatus-estrogen.json	14407	3	0	108	0	0	0	0	0	31	0	0	0	0	0	0	0	1	0	0	0	281	1792	0	0	0	11	1	1
fsh-generated/resources/StructureDefinition-mii-pr-onko-mamma-rezeptorstatus-progesteron.json	13636	2	0	138	0	0	0	0	0	30	0	0	0	0	0	0	0	1	0	0	1	271	1139	0	0	0	10	0	0
fsh-generated/resources/StructureDefinition-mii-pr-onko-mamma-sozialdienst.json	7887	2	0	170	0	0	0	0	0	22	0	0	0	0	0	0	0	2	0	0	0	290	945	0	0	0	10	0	2
fsh-generated/resources/StructureDefinition-mii-pr-onko-melanom-breslow-tiefe.json	11988	2	0	68	0	0	0	0	0	17	0	0	0	0	0	0	0	1	0	0	0	173	540	0	0	0	7	0	1
fsh-generated/resources/StructureDefinition-mii-pr-onko-melanom-exzision.json	7014	2	0	844	0	0	0	0	0	20	0	0	1	0	0	0	0	1	0	0	1	276	922	0	0	0	11	0	2
fsh-generated/resources/StructureDefinition-mii-pr-onko-melanom-ldh.json	12606	2	0	116	0	0	0	0	0	20	0	0	0	0	0	0	0	1	0	0	0	171	1153	0	0	0	7	0	0
fsh-generated/resources/StructureDefinition-mii-pr-onko-melanom-sicherheitsabstand.json	12447	2	0	63	0	0	0	0	0	15	0	0	1	0	0	0	0	1	0	0	0	159	525	0	0	0	7	0	1
fsh-generated/resources/StructureDefinition-mii-pr-onko-melanom-ulzeration.json	11489	2	0	85	0	0	0	0	0	16	0	0	0	0	0	0	0	0	0	0	1	155	511	0	0	0	6	0	1
fsh-generated/resources/StructureDefinition-mii-pr-onko-nebenwirkung-adverse-event.json	18575	2	0	94	0	0	0	0	0	135	0	0	0	0	0	0	0	0	0	0	0	203	560	0	0	0	8	0	0
fsh-generated/resources/StructureDefinition-mii-pr-onko-operation.json	22918	3	0	149	0	0	0	0	1	2137	0	0	1	0	0	0	0	1	0	0	1	458	1021	0	0	0	13	0	2
fsh-generated/resources/StructureDefinition-mii-pr-onko-prostata-operation.json	7091	2	0	1615	0	0	0	0	0	33	0	0	0	0	0	0	0	1	0	0	0	279	950	0	0	0	10	1	2
fsh-generated/resources/StructureDefinition-mii-pr-onko-prostate-anzahl-positive-stanzen.json	10631	2	0	69	0	0	0	0	0	19	0	0	1	0	0	0	0	1	0	0	0	135	561	0	0	0	5	0	1
fsh-generated/resources/StructureDefinition-mii-pr-onko-prostate-anzahl-stanzen.json	10510	2	0	67	0	0	0	0	0	12	0	0	0	0	0	0	0	0	0	0	1	136	486	0	0	0	6	0	0
fsh-generated/resources/StructureDefinition-mii-pr-onko-prostate-ca-befall-stanze.json	10026	1	0	60	1	0	0	0	0	14	0	0	0	0	0	0	0	0	0	0	0	152	509	0	0	0	6	0	1
fsh-generated/resources/StructureDefinition-mii-pr-onko-prostate-clavien-dindo.json	12691	3	0	135	0	0	0	0	0	20	0	0	1	0	0	0	0	1	0	0	0	205	3811	0	1	0	9	0	0
fsh-generated/resources/StructureDefinition-mii-pr-onko-prostate-gleason-grade-group.json	13033	2	0	80	0	0	0	0	0	18	0	0	0	0	0	0	0	0	0	0	1	200	1266	0	0	0	7	0	1
fsh-generated/resources/StructureDefinition-mii-pr-onko-prostate-gleason-patterns.json	13687	2	0	87	0	0	0	0	0	17	0	0	0	0	0	0	0	1	0	0	0	189	2715	0	0	0	8	0	1
fsh-generated/resources/StructureDefinition-mii-pr-onko-prostate-gleason-score-gesamt.json	13439	2	0	115	0	0	0	0	0	19	0	0	1	0	0	0	0	0	0	0	0	190	1271	0	0	0	8	0	1
fsh-generated/resources/StructureDefinition-mii-pr-onko-prostate-psa.json	10528	2	0	72	0	0	0	0	0	13	0	0	0	0	0	0	0	0	0	0	1	153	1088	0	0	0	6	0	0
fsh-generated/resources/StructureDefinition-mii-pr-onko-residualstatus.json	11483	3	0	89	0	0	0	0	0	18	0	0	0	0	0	0	0	1	0	0	0	183	582	0	0	0	8	0	1
fsh-generated/resources/StructureDefinition-mii-pr-onko-specimen.json	10075	2	0	47	0	0	0	0	0	11	0	0	1	0	0	0	0	0	0	0	0	116	434	0	0	0	4	0	0
fsh-generated/resources/StructureDefinition-mii-pr-onko-strahlentherapie-bestrahlung-nuklearmedizin.json	29227	3	0	205	0	0	0	0	0	41	0	0	0	0	0	0	0	1	0	0	1	432	1181	0	0	0	16	0	2
fsh-generated/resources/StructureDefinition-mii-pr-onko-strahlentherapie-bestrahlung-strahlentherapie.json	23708	3	0	240	0	0	0	0	1	39	0	0	1	0	0	0	0	1	0	0	0	420	1047	0	0	0	15	1	2
fsh-generated/resources/StructureDefinition-mii-pr-onko-strahlentherapie.json	18054	3	0	169	0	0	0	0	0	28	0	0	0	0	0	0	0	1	0	0	1	319	951	0	0	0	12	0	2
fsh-generated/resources/StructureDefinition-mii-pr-onko-studienteilnahme.json	12928	2	0	76	0	0	0	0	0	15	0	0	1	0	0	0	0	0	0	0	0	243	527	0	0	0	7	0	0
fsh-generated/resources/StructureDefinition-mii-pr-onko-systemische-therapie-medikation.json	18549	2	0	386	0	0	0	0	0	34	0	0	0	0	0	0	0	1	0	0	1	461	1707	0	0	0	16	0	2
fsh-generated/resources/StructureDefinition-mii-pr-onko-systemische-therapie.json	23219	3	0	299	0	0	0	0	0	35	0	0	1	0	0	0	0	1	0	0	0	374	1328	0	0	0	13	0	2
fsh-generated/resources/StructureDefinition-mii-pr-onko-therapieempfehlung-kombinationstherapie.json	10587	2	0	170	0	0	0	0	0	15	0	0	0	0	0	0	0	1	0	0	0	159	512	0	0	0	6	0	1
fsh-generated/resources/StructureDefinition-mii-pr-onko-therapieempfehlung-medikation.json	9489	2	0	275	0	0	0	0	0	30	0	0	1	0	0	0	0	1	0	0	1	409	1622	0	0	0	15	1	2
fsh-generated/resources/StructureDefinition-mii-pr-onko-therapieempfehlung-operation.json	7775	2	0	54	0	0	0	0	0	12	0	0	0	0	0	0	0	0	0	0	0	112	443	0	0	0	5	0	1
fsh-generated/resources/StructureDefinition-mii-pr-onko-tnm-a-symbol.json	11778	2	0	82	0	0	0	0	0	114	0	0	0	0	0	0	0	1	0	0	0	163	2280	0	1	0	7	0	0
fsh-generated/resources/StructureDefinition-mii-pr-onko-tnm-klassifikation-synthetisiert.json	12872	2	0	178	0	0	0	0	0	18	0	0	1	0	0	0	0	0	0	0	0	181	1476	0	0	0	7	0	1
fsh-generated/resources/StructureDefinition-mii-pr-onko-tnm-klassifikation.json	14892	2	0	79	1	0	0	0	0	16	0	0	0	0	0	0	0	0	0	0	1	164	531	0	0	0	7	0	1
fsh-generated/resources/StructureDefinition-mii-pr-onko-tnm-l-kategorie.json	11808	2	0	117	0	0	0	0	0	18	0	0	0	0	0	0	0	1	0	0	0	170	550	0	0	0	7	0	0
fsh-generated/resources/StructureDefinition-mii-pr-onko-tnm-m-kategorie.json	21158	3	0	201	0	0	0	0	0	35	0	0	1	0	0	0	0	1	0	0	1	331	4344	0	0	0	13	0	2
fsh-generated/resources/StructureDefinition-mii-pr-onko-tnm-m-symbol.json	11988	2	0	81	0	0	0	0	1	15	0	0	0	0	0	0	0	0	0	0	0	164	1412	0	0	0	8	0	0
fsh-generated/resources/StructureDefinition-mii-pr-onko-tnm-n-kategorie.json	21708	2	0	180	0	0	0	0	0	34	0	0	1	0	0	0	0	1	0	0	0	338	5760	0	0	0	13	1	1
fsh-generated/resources/StructureDefinition-mii-pr-onko-tnm-pn-kategorie.json	12857	2	0	87	0	0	0	0	0	17	0	0	0	0	0	0	0	0	0	0	1	175	580	0	0	0	7	0	1
fsh-generated/resources/StructureDefinition-mii-pr-onko-tnm-r-symbol.json	11776	2	0	78	0	0	0	0	0	15	0	0	0	0	0	0	0	1	0	0	0	255	2416	0	0	0	7	0	1
fsh-generated/resources/StructureDefinition-mii-pr-onko-tnm-s-kategorie.json	11868	1	0	81	0	0	0	0	0	15	0	0	1	0	0	0	0	0	0	0	0	195	1403	0	0	0	7	0	0
fsh-generated/resources/StructureDefinition-mii-pr-onko-tnm-t-kategorie.json	22023	2	0	177	0	0	0	0	0	36	0	0	0	0	0	0	0	1	0	0	1	361	5787	0	0	0	12	0	2
fsh-generated/resources/StructureDefinition-mii-pr-onko-tnm-v-kategorie.json	11892	1	0	84	0	0	0	0	0	17	0	0	1	0	0	0	0	0	0	0	0	176	561	0	0	0	8	0	0
fsh-generated/resources/StructureDefinition-mii-pr-onko-tnm-y-symbol.json	11887	2	0	80	0	0	0	0	0	15	0	0	0	0	0	0	0	1	0	0	1	166	555	0	1	0	6	0	1
fsh-generated/resources/StructureDefinition-mii-pr-onko-tod.json	12940	2	0	82	0	0	0	0	0	16	0	0	0	0	0	0	0	0	0	0	0	179	580	0	0	0	8	0	1
fsh-generated/resources/StructureDefinition-mii-pr-onko-tumorgroesse.json	12241	2	0	86	0	0	0	0	0	22	0	0	1	0	0	0	0	0	0	0	0	199	606	0	0	0	7	0	1
fsh-generated/resources/StructureDefinition-mii-pr-onko-tumorkonferenz.json	21317	2	0	166	0	0	0	0	0	31	0	0	0	0	0	0	0	1	0	0	1	297	808	0	0	0	13	0	1
fsh-generated/resources/StructureDefinition-mii-pr-onko-tumormarker.json	9451	2	0	217	0	0	0	0	0	20	0	0	1	0	0	0	0	1	0	0	0	273	2475	0	0	0	11	0	1
fsh-generated/resources/StructureDefinition-mii-pr-onko-verlauf.json	22728	2	0	170	0	0	0	0	0	37	0	0	0	0	0	0	0	1	0	0	0	368	919	0	0	0	14	0	2
fsh-generated/resources/StructureDefinition-mii-pr-onko-weitere-klassifikationen.json	15747	2	0	84	0	0	0	0	0	15	0	0	0	0	0	0	0	0	0	0	1	169	2591	0	0	0	7	0	0
fsh-generated/resources/ValueSet-mii-vs-onko-allgemeiner-leistungszustand-ecog-loinc.json	6400	1	0	0	0	0	0	0	1	1173	0	0	0	0	0	0	0	0	0	0	6	13	96	0	0	0	1	0	1
fsh-generated/resources/ValueSet-mii-vs-onko-allgemeiner-leistungszustand-ecog.json	5394	1	0	0	1	0	0	0	0	6	0	0	0	0	0	0	0	0	0	0	5	10	70	0	0	0	0	0	0
fsh-generated/resources/ValueSet-mii-vs-onko-allgemeiner-leistungszustand-karnofsky-loinc.json	6931	1	0	0	0	0	0	0	0	568	0	0	0	0	0	0	0	0	0	0	4	13	66	0	0	0	0	0	0
fsh-generated/resources/ValueSet-mii-vs-onko-allgemeiner-leistungszustand-karnofsky.json	5424	1	0	0	0	0	0	0	1	3	0	0	0	0	0	0	0	0	0	0	3	10	72	0	0	0	0	0	0
fsh-generated/resources/ValueSet-mii-vs-onko-asa-loinc.json	5794	1	0	0	0	0	0	0	0	576	0	0	0	0	0	0	0	0	0	0	3	11	661	0	0	0	1	0	0
fsh-generated/resources/ValueSet-mii-vs-onko-asa-obds.json	5333	1	0	0	0	0	0	0	0	3	0	0	0	0	0	0	0	0	0	0	2	10	42	0	0	0	0	0	0
fsh-generated/resources/ValueSet-mii-vs-onko-beurteilung-lokaler-residualstatus.json	5378	1	0	0	0	0	0	0	1	2	0	0	0	0	0	0	0	0	0	0	3	10	37	0	0	0	0	0	0
fsh-generated/resources/ValueSet-mii-vs-onko-fernmetastasen.json	5266	1	0	0	0	0	0	0	0	2	0	0	0	0	0	0	0	0	0	0	3	10	36	0	0	0	0	0	0
fsh-generated/resources/ValueSet-mii-vs-onko-genetische-variante-auspraegung.json	5373	0	0	0	0	0	0	0	0	2	0	0	0	0	0	0	0	0	0	0	3	11	35	0	0	0	1	0	0
fsh-generated/resources/ValueSet-mii-vs-onko-gesamtbeurteilung-residualstatus.json	5368	1	0	0	0	0	0	0	1	2	0	0	0	0	0	0	0	0	0	0	3	15	35	0	0	0	0	0	0
fsh-generated/resources/ValueSet-mii-vs-onko-grading.json	5300	1	0	0	0	0	0	0	0	2	0	0	0	0	0	0	0	0	0	0	3	9	35	0	0	0	0	0	0
fsh-generated/resources/ValueSet-mii-vs-onko-icd10-meldepflichtige-tumoren.json	7544	1	0	0	0	0	0	0	1	3855	0	0	0	0	0	0	0	0	0	0	3	18	4763	0	0	0	0	0	0
fsh-generated/resources/ValueSet-mii-vs-onko-icdo3-morphologie-2014.json	5516	1	0	0	0	0	0	0	0	820	0	0	0	0	0	0	0	0	0	0	3	11	872	0	0	0	1	0	0
fsh-generated/resources/ValueSet-mii-vs-onko-icdo3-morphologie-2019.json	5517	1	0	0	0	0	0	0	0	431	0	0	0	0	0	0	0	0	0	0	31	10	201	0	0	0	0	0	0
fsh-generated/resources/ValueSet-mii-vs-onko-icdo3-morphologie.json	5700	1	0	0	0	0	0	0	1	3	0	0	0	0	0	0	0	0	0	0	3	11	178	0	0	0	0	0	0
fsh-generated/resources/ValueSet-mii-vs-onko-icdo3-topographie-2014.json	5492	1	0	0	0	0	0	0	0	432	0	0	0	0	0	0	0	0	0	0	3	10	651	0	0	0	0	0	0
fsh-generated/resources/ValueSet-mii-vs-onko-icdo3-topographie-2019.json	5493	1	0	0	0	0	0	0	0	437	0	0	0	0	0	0	0	0	0	0	3	10	83	0	0	0	0	0	0
fsh-generated/resources/ValueSet-mii-vs-onko-icdo3-topographie.json	5672	1	0	0	1	0	0	0	1	3	0	0	0	0	0	0	0	0	0	0	3	10	86	0	0	0	1	0	1
fsh-generated/resources/ValueSet-mii-vs-onko-ighv-gensegmente-hgnc.json	21307	2	0	0	0	0	0	0	1	2245	0	0	0	0	0	0	0	1	0	0	4	61	398	0	0	0	3	0	0
fsh-generated/resources/ValueSet-mii-vs-onko-kdl-dokumentklassen.json	10244	1	0	0	0	0	0	0	1	949	0	0	0	0	0	0	0	0	0	0	3	35	97	0	0	0	2	0	0
fsh-generated/resources/ValueSet-mii-vs-onko-koerperstruktur-sct.json	5751	1	0	0	0	0	0	0	0	445	0	0	0	0	0	0	0	0	0	0	3	10	186	0	0	0	0	0	0
fsh-generated/resources/ValueSet-mii-vs-onko-krk-abstand-circumferelle-resektionsrand.json	5731	1	0	0	0	0	0	0	1	612	0	0	0	0	0	0	0	0	0	0	3	10	41	0	0	0	0	0	0
fsh-generated/resources/ValueSet-mii-vs-onko-krk-abstand-resektionslinie-aboral.json	5691	1	0	0	0	0	0	0	0	550	0	0	0	0	0	0	0	0	0	0	3	11	36	0	0	0	1	0	0
fsh-generated/resources/ValueSet-mii-vs-onko-krk-anastomoseninsuffizienz.json	5369	1	0	0	0	0	0	0	0	3	0	0	0	0	0	0	0	0	0	0	3	9	34	0	0	0	0	0	0
fsh-generated/resources/ValueSet-mii-vs-onko-krk-mrt-mesorektale-faszie-status.json	5449	1	0	0	0	0	0	0	1	2	0	0	0	0	0	0	0	0	0	0	3	10	33	0	0	0	0	0	0
fsh-generated/resources/ValueSet-mii-vs-onko-krk-stoma-anzeichnung.json	5354	1	0	0	0	0	0	0	0	3	0	0	0	0	0	0	0	0	0	0	2	13	33	0	0	0	0	0	0
fsh-generated/resources/ValueSet-mii-vs-onko-krk-stoma-status-reason.json	6131	1	0	0	0	0	0	0	0	644	0	0	0	0	0	0	0	0	0	0	3	12	829	0	0	0	1	0	0
fsh-generated/resources/ValueSet-mii-vs-onko-krk-tme-qualitaet.json	5359	1	0	0	0	0	0	0	1	3	0	0	0	0	0	0	0	0	0	0	3	9	38	0	0	0	0	0	0
fsh-generated/resources/ValueSet-mii-vs-onko-mamma-faerbeintensitaet.json	5611	1	0	0	0	0	0	0	0	537	0	0	0	0	0	0	0	0	0	0	3	11	37	0	0	0	0	0	0
fsh-generated/resources/ValueSet-mii-vs-onko-mamma-her2neu-ihc-score.json	5757	1	0	0	0	0	0	0	1	601	0	0	0	0	0	0	0	0	0	0	3	10	36	0	0	0	0	0	0
fsh-generated/resources/ValueSet-mii-vs-onko-mamma-her2neu-status-leitlinie.json	5372	1	0	0	0	0	0	0	0	3	0	0	0	0	0	0	0	0	0	0	3	11	38	0	0	0	0	0	0
fsh-generated/resources/ValueSet-mii-vs-onko-mamma-her2neu-status-obds.json	5315	1	0	0	0	0	0	0	0	3	0	0	0	0	0	0	0	0	0	0	3	9	34	0	0	0	1	0	0
fsh-generated/resources/ValueSet-mii-vs-onko-mamma-intraoperatives-imaging-praeparat.json	5867	1	0	0	0	0	0	0	0	406	0	0	0	0	0	0	0	0	0	0	2	11	755	0	0	0	0	0	0
fsh-generated/resources/ValueSet-mii-vs-onko-mamma-ish-ergebnis.json	5557	1	0	0	0	0	0	0	1	565	0	0	0	0	0	0	0	0	0	0	3	10	38	0	0	0	0	0	0
fsh-generated/resources/ValueSet-mii-vs-onko-mamma-menopause-status.json	5991	1	0	0	0	0	0	0	0	682	0	0	0	0	0	0	0	0	0	0	3	11	43	0	0	0	0	0	1
fsh-generated/resources/ValueSet-mii-vs-onko-mamma-operation-ops.json	5366	1	0	0	1	0	0	0	1	951	0	0	0	0	0	0	0	0	0	0	3	10	622	0	0	0	1	0	0
fsh-generated/resources/ValueSet-mii-vs-onko-mamma-operation-sct.json	6180	0	0	0	0	0	0	0	0	1223	0	0	0	0	0	0	0	0	0	0	3	11	885	0	0	0	0	0	0
fsh-generated/resources/ValueSet-mii-vs-onko-mamma-praeoperative-markierung-modalitaet.json	6415	1	0	0	0	0	0	0	0	704	0	0	0	0	0	0	0	0	0	0	3	12	750	0	1	0	0	0	0
fsh-generated/resources/ValueSet-mii-vs-onko-mamma-rezeptorstatus-leitlinie.json	5341	1	0	0	0	0	0	0	1	3	0	0	0	0	0	0	0	0	0	0	3	9	32	0	0	0	0	0	0
fsh-generated/resources/ValueSet-mii-vs-onko-mamma-rezeptorstatus-obds.json	5523	1	0	0	0	0	0	0	0	530	0	0	0	0	0	0	0	0	0	0	3	11	32	0	0	0	1	0	0
fsh-generated/resources/ValueSet-mii-vs-onko-marker-gene-hgnc.json	9182	1	0	0	0	0	0	0	1	21	0	0	0	0	0	0	0	0	0	0	3	21	91	0	0	0	0	0	0
fsh-generated/resources/ValueSet-mii-vs-onko-melanom-exzision-snomedct.json	5896	2	0	0	0	0	0	0	0	688	0	0	0	0	0	0	0	0	0	0	3	10	730	0	0	0	1	0	0
fsh-generated/resources/ValueSet-mii-vs-onko-melanom-ldh.json	5741	1	0	0	0	0	0	0	0	557	0	0	0	0	0	0	0	0	0	0	3	11	36	0	0	0	0	0	0
fsh-generated/resources/ValueSet-mii-vs-onko-melanom-ulzeration.json	5504	1	0	0	0	0	0	0	1	4	0	0	0	0	0	0	0	0	0	0	2	10	34	0	0	0	0	0	0
fsh-generated/resources/ValueSet-mii-vs-onko-nebenwirkung-art.json	49504	3	0	0	0	0	0	0	4	130	0	0	0	0	0	0	0	0	0	0	4	192	316	0	0	0	13	0	0
fsh-generated/resources/ValueSet-mii-vs-onko-nebenwirkung-ctcae-grad.json	5251	1	0	0	0	0	0	0	0	3	0	0	0	0	0	0	0	0	0	0	3	11	41	0	0	0	1	0	0
fsh-generated/resources/ValueSet-mii-vs-onko-nebenwirkung-ctcae-version.json	5337	1	0	0	0	0	0	0	1	2	0	0	0	0	0	0	0	0	0	0	2	9	35	0	0	0	0	0	0
fsh-generated/resources/ValueSet-mii-vs-onko-operation-intention.json	5862	1	0	0	0	0	0	0	0	4	0	0	0	0	0	0	0	0	0	0	3	16	36	0	0	0	0	0	0
fsh-generated/resources/ValueSet-mii-vs-onko-operation-komplikation.json	5343	1	0	0	0	0	0	0	0	3	0	0	0	0	0	0	0	0	0	0	3	10	45	0	0	0	0	0	1
fsh-generated/resources/ValueSet-mii-vs-onko-operation-urgency.json	5343	1	0	0	0	0	0	0	1	2	0	0	0	0	0	0	0	0	0	0	3	11	32	0	0	0	0	0	0
fsh-generated/resources/ValueSet-mii-vs-onko-ops-nuklearmedizin.json	5523	1	0	0	0	0	0	0	0	975	0	0	0	0	0	0	0	0	0	0	3	10	1190	0	0	0	1	0	0
fsh-generated/resources/ValueSet-mii-vs-onko-ops-strahlentherapie.json	5519	1	0	0	0	0	0	0	0	1003	0	0	0	0	0	0	0	0	0	0	3	11	1213	0	0	0	0	0	0
fsh-generated/resources/ValueSet-mii-vs-onko-praedispositionsgene-hgnc.json	15481	1	0	0	1	0	0	0	2	70	0	0	0	0	0	0	0	0	0	0	3	40	306	0	0	0	2	0	0
fsh-generated/resources/ValueSet-mii-vs-onko-praedispositionssyndrome-orpha.json	11643	2	0	0	0	0	0	0	0	1135	0	0	0	0	0	0	0	0	0	0	3	19	773	0	0	0	0	0	0
fsh-generated/resources/ValueSet-mii-vs-onko-primaertumor-diagnosesicherung.json	5404	0	0	0	0	0	0	0	1	2	0	0	0	0	0	0	0	0	0	0	3	10	42	0	0	0	1	0	0
fsh-generated/resources/ValueSet-mii-vs-onko-prostata-clavien-dindo.json	6815	1	0	0	0	0	0	0	0	687	0	0	0	0	0	0	0	0	0	0	3	13	47	0	0	0	0	0	0
fsh-generated/resources/ValueSet-mii-vs-onko-prostata-gleason-pattern-loinc.json	5829	1	0	0	0	0	0	0	0	518	0	0	0	0	0	0	0	0	0	0	3	11	38	0	0	0	0	0	0
fsh-generated/resources/ValueSet-mii-vs-onko-prostata-gleason-patterns.json	6363	1	0	0	0	0	0	0	1	637	0	0	0	0	0	0	0	0	0	0	3	11	35	0	0	0	0	0	0
fsh-generated/resources/ValueSet-mii-vs-onko-prostata-gleason-primary-secondary-tertiary.json	6476	1	0	0	0	0	0	0	0	708	0	0	0	0	0	0	0	0	0	0	3	11	35	0	0	0	1	0	0
fsh-generated/resources/ValueSet-mii-vs-onko-prostata-gleason-score-gesamt.json	7332	1	0	0	0	0	0	0	1	648	0	0	0	0	0	0	0	0	0	0	3	13	37	0	0	0	0	0	0
fsh-generated/resources/ValueSet-mii-vs-onko-prostata-gleason-score.json	7616	1	0	0	0	0	0	0	0	707	0	0	0	0	0	0	0	0	0	0	3	14	41	0	0	0	0	0	0
fsh-generated/resources/ValueSet-mii-vs-onko-prostata-operation-snomedct.json	6081	1	0	0	0	0	0	0	0	1061	0	0	0	0	0	0	0	0	0	0	3	11	883	0	0	0	1	0	0
fsh-generated/resources/ValueSet-mii-vs-onko-prostata-postsurgical-complications.json	5369	1	0	0	0	0	0	0	1	3	0	0	0	0	0	0	0	0	0	0	2	10	39	0	0	0	0	0	0
fsh-generated/resources/ValueSet-mii-vs-onko-prostata-psa-loinc.json	5604	1	0	0	0	0	0	0	0	558	0	0	0	0	0	0	0	0	0	0	3	16	36	0	0	0	0	0	0
fsh-generated/resources/ValueSet-mii-vs-onko-seitenlokalisation.json	5336	1	0	0	0	0	0	0	0	2	0	0	0	0	0	0	0	0	0	0	3	10	33	0	0	0	0	0	0
fsh-generated/resources/ValueSet-mii-vs-onko-strahlentherapie-applikationsart.json	5400	1	0	0	0	0	0	0	1	3	0	0	0	0	0	0	0	0	0	0	3	10	37	0	0	0	0	0	1
fsh-generated/resources/ValueSet-mii-vs-onko-strahlentherapie-boost.json	5340	1	0	0	0	0	0	0	0	2	0	0	0	0	0	0	0	0	0	0	3	10	33	0	0	0	1	0	0
fsh-generated/resources/ValueSet-mii-vs-onko-strahlentherapie-ende-grund.json	6221	0	0	0	1	0	0	0	0	3	0	0	0	0	0	0	0	0	0	0	3	11	36	0	0	0	0	0	0
fsh-generated/resources/ValueSet-mii-vs-onko-strahlentherapie-intention.json	5829	1	0	0	0	0	0	0	0	3	0	0	0	0	0	0	0	0	0	0	3	11	35	0	0	0	0	0	0
fsh-generated/resources/ValueSet-mii-vs-onko-strahlentherapie-stellungzurop.json	5361	1	0	0	0	0	0	0	1	2	0	0	0	0	0	0	0	0	0	0	2	9	33	0	0	0	0	0	0
fsh-generated/resources/ValueSet-mii-vs-onko-strahlentherapie-strahlenart.json	5374	1	0	0	0	0	0	0	0	2	0	0	0	0	0	0	0	0	0	0	3	10	33	0	0	0	1	0	0
fsh-generated/resources/ValueSet-mii-vs-onko-strahlentherapie-strahlungseinheit.json	5678	1	0	0	0	0	0	0	0	592	0	0	0	0	0	0	0	0	0	0	3	11	611	0	0	0	0	0	0
fsh-generated/resources/ValueSet-mii-vs-onko-strahlentherapie-zielgebiet.json	5589	1	0	0	0	0	0	0	0	3	0	0	0	0	0	0	0	0	0	0	3	11	75	0	0	0	0	0	0
fsh-generated/resources/ValueSet-mii-vs-onko-studienteilnahme.json	5284	1	0	0	0	0	0	0	1	2	0	0	0	0	0	0	0	0	0	0	3	9	35	0	0	0	0	0	0
fsh-generated/resources/ValueSet-mii-vs-onko-systemische-therapie-art.json	6779	1	0	0	0	0	0	0	0	4	0	0	0	0	0	0	0	0	0	0	3	13	40	0	0	0	1	0	0
fsh-generated/resources/ValueSet-mii-vs-onko-systemische-therapie-ende-grund.json	6334	1	0	0	0	0	0	0	0	5	0	0	0	0	0	0	0	0	0	0	3	13	38	0	0	0	0	0	0
fsh-generated/resources/ValueSet-mii-vs-onko-systemische-therapie-intention.json	5737	1	0	0	0	0	0	0	1	3	0	0	0	0	0	0	0	0	0	0	2	10	40	0	0	0	0	0	0
fsh-generated/resources/ValueSet-mii-vs-onko-systemische-therapie-protokolle.json	5371	1	0	0	0	0	0	0	0	3	0	0	0	0	0	0	0	0	0	0	3	11	58	0	0	0	0	0	0
fsh-generated/resources/ValueSet-mii-vs-onko-systemische-therapie-stellungzurop.json	5856	1	0	0	0	0	0	0	0	4	0	0	0	0	0	0	0	0	0	0	3	12	67	0	0	0	1	0	0
fsh-generated/resources/ValueSet-mii-vs-onko-systemische-therapie-substanzen-2018.json	34933	2	0	0	0	0	0	0	2	1972	0	0	0	0	0	0	0	1	0	0	5	155	3338	0	0	0	2	0	0
fsh-generated/resources/ValueSet-mii-vs-onko-systemische-therapie-substanzen-2019.json	35877	3	0	0	0	0	0	0	3	704	0	0	0	0	0	0	0	0	0	0	4	72	825	0	0	0	3	0	1
fsh-generated/resources/ValueSet-mii-vs-onko-systemische-therapie-substanzen-2020.json	37088	2	0	0	0	0	0	0	2	710	0	0	0	0	0	0	0	0	0	0	5	59	814	0	0	0	3	0	0
fsh-generated/resources/ValueSet-mii-vs-onko-systemische-therapie-substanzen-2021.json	39037	2	0	0	0	0	0	0	3	719	0	0	0	0	0	0	0	0	0	0	5	59	835	0	0	0	3	0	0
fsh-generated/resources/ValueSet-mii-vs-onko-systemische-therapie-substanzen-2022.json	42304	2	0	0	1	0	0	0	3	742	0	0	0	0	0	0	0	0	0	0	5	60	955	0	0	0	3	0	1
fsh-generated/resources/ValueSet-mii-vs-onko-systemische-therapie-substanzen-2023.json	43956	2	0	0	0	0	0	0	3	1560	0	0	0	0	0	0	0	0	0	0	5	67	3444	0	0	0	4	0	0
fsh-generated/resources/ValueSet-mii-vs-onko-systemische-therapie-substanzen-2024.json	44604	3	0	0	0	0	0	0	3	751	0	0	0	0	0	0	0	0	0	0	6	63	869	0	0	0	4	0	0
fsh-generated/resources/ValueSet-mii-vs-onko-systemische-therapie-substanzen-2025.json	44976	2	0	0	0	0	0	0	3	733	0	0	0	0	0	0	0	0	0	0	5	64	847	0	0	0	4	0	0
fsh-generated/resources/ValueSet-mii-vs-onko-systemische-therapie-substanzen-2026.json	47162	2	0	0	0	0	0	0	3	763	0	0	0	0	0	0	0	1	0	0	6	64	871	0	0	0	4	0	1
fsh-generated/resources/ValueSet-mii-vs-onko-systemische-therapie-substanzen-unii.json	15256	2	0	0	0	0	0	0	1	733	0	0	0	0	0	0	0	0	0	0	3	24	776	0	0	0	1	0	0
fsh-generated/resources/ValueSet-mii-vs-onko-systemische-therapie-substanzen.json	54674	2	0	0	0	0	0	0	3	2376	0	0	0	0	0	0	0	0	0	0	6	73	5920	0	0	0	5	0	0
fsh-generated/resources/ValueSet-mii-vs-onko-therapieabweichung.json	5320	1	0	0	0	0	0	0	0	3	0	0	0	0	0	0	0	0	0	0	2	11	39	0	0	0	0	0	0
fsh-generated/resources/ValueSet-mii-vs-onko-therapieempfehlung-typ.json	5309	1	0	0	0	0	0	0	1	2	0	0	0	0	0	0	0	0	0	0	3	10	36	0	0	0	1	0	0
fsh-generated/resources/ValueSet-mii-vs-onko-therapieplanung-typ.json	5301	1	0	0	0	0	0	0	0	2	0	0	0	0	0	0	0	0	0	0	3	10	32	0	0	0	0	0	0
fsh-generated/resources/ValueSet-mii-vs-onko-tnm-cp-praefix.json	5549	1	0	0	0	0	0	0	0	3	0	0	0	0	0	0	0	0	0	0	3	11	35	0	0	0	0	0	0
fsh-generated/resources/ValueSet-mii-vs-onko-tnm-itc-suffix.json	5674	1	0	0	0	0	0	0	0	3	0	0	0	0	0	0	0	0	0	0	3	10	34	0	0	0	0	0	0
fsh-generated/resources/ValueSet-mii-vs-onko-tnm-klassifikation-typ.json	6129	1	0	0	0	0	0	0	0	697	0	0	0	0	0	0	0	0	0	0	3	12	34	0	0	0	1	0	1
fsh-generated/resources/ValueSet-mii-vs-onko-tnm-l-kategorie-werte.json	5597	1	0	0	0	0	0	0	0	4	0	0	0	0	0	0	0	0	0	0	3	10	34	0	0	0	0	0	0
fsh-generated/resources/ValueSet-mii-vs-onko-tnm-m-kategorie-werte-sct.json	6449	0	0	0	0	0	0	0	0	1758	0	0	0	0	0	0	0	0	0	0	3	12	45	0	0	0	0	0	0
fsh-generated/resources/ValueSet-mii-vs-onko-tnm-m-kategorie-werte.json	6053	1	0	0	1	0	0	0	1	4	0	0	0	0	0	0	0	0	0	0	3	11	34	0	0	0	0	0	0
fsh-generated/resources/ValueSet-mii-vs-onko-tnm-m-kategorie.json	6016	1	0	0	0	0	0	0	0	680	0	0	0	0	0	0	0	0	0	0	2	11	34	0	0	0	1	0	0
fsh-generated/resources/ValueSet-mii-vs-onko-tnm-m-symbol.json	6050	1	0	0	0	0	0	0	0	4	0	0	0	0	0	0	0	0	0	0	3	12	35	0	0	0	0	0	0
fsh-generated/resources/ValueSet-mii-vs-onko-tnm-n-kategorie-werte-sct.json	6879	1	0	0	0	0	0	0	0	2496	0	0	0	0	0	0	0	0	0	0	3	17	57	0	0	0	0	0	0
fsh-generated/resources/ValueSet-mii-vs-onko-tnm-n-kategorie-werte.json	6535	1	0	0	0	0	0	0	0	5	0	0	0	0	0	0	0	0	0	0	3	13	35	0	0	0	1	0	0
fsh-generated/resources/ValueSet-mii-vs-onko-tnm-n-kategorie.json	6016	1	0	0	0	0	0	0	0	661	0	0	0	0	0	0	0	0	0	0	3	10	34	0	0	0	0	0	0
fsh-generated/resources/ValueSet-mii-vs-onko-tnm-pn-kategorie-werte.json	5601	1	0	0	0	0	0	0	1	3	0	0	0	0	0	0	0	0	0	0	3	11	33	0	0	0	0	0	0
fsh-generated/resources/ValueSet-mii-vs-onko-tnm-s-kategorie-werte.json	5731	1	0	0	0	0	0	0	0	3	0	0	0	0	0	0	0	0	0	0	3	11	32	0	0	0	0	0	0
fsh-generated/resources/ValueSet-mii-vs-onko-tnm-sn-suffix.json	5429	0	0	0	0	0	0	0	0	3	0	0	0	0	0	0	0	0	0	0	3	10	33	0	0	0	1	0	0
fsh-generated/resources/ValueSet-mii-vs-onko-tnm-t-kategorie-werte-sct.json	6879	1	0	0	0	0	0	0	0	2588	0	0	0	0	0	0	0	0	0	0	3	13	72	0	0	0	0	0	0
fsh-generated/resources/ValueSet-mii-vs-onko-tnm-t-kategorie-werte.json	8883	1	0	0	0	0	0	0	0	5	0	0	0	0	0	0	0	0	0	0	3	18	43	0	0	0	0	0	0
fsh-generated/resources/ValueSet-mii-vs-onko-tnm-t-kategorie.json	6015	1	0	0	0	0	0	0	1	666	0	0	0	0	0	0	0	0	0	0	3	10	33	0	0	0	1	0	0
fsh-generated/resources/ValueSet-mii-vs-onko-tnm-uicc-stadium.json	8056	1	0	0	0	0	1	0	0	5	0	0	0	0	0	0	0	0	0	0	3	16	40	0	0	0	0	0	0
fsh-generated/resources/ValueSet-mii-vs-onko-tnm-v-kategorie-werte.json	5669	1	0	0	0	0	0	0	0	4	0	0	0	0	0	0	0	0	0	0	3	10	33	0	0	0	0	0	0
fsh-generated/resources/ValueSet-mii-vs-onko-tnm-version.json	5285	1	0	0	1	0	0	0	0	3	0	0	0	0	0	0	0	0	0	0	3	9	31	0	0	0	1	0	0
fsh-generated/resources/ValueSet-mii-vs-onko-tod.json	5211	1	0	0	0	0	0	0	0	3	0	0	0	0	0	0	0	0	0	0	3	10	32	0	0	0	0	0	1
fsh-generated/resources/ValueSet-mii-vs-onko-tumormarker-loinc.json	11670	1	0	0	0	0	0	0	0	679	0	0	0	0	0	0	0	0	0	0	3	21	76	0	1	0	0	0	0
fsh-generated/resources/ValueSet-mii-vs-onko-verlauf-fernmetastasen.json	5349	1	0	0	0	0	0	0	1	3	0	0	0	0	0	0	0	0	0	0	2	10	32	0	0	0	1	0	0
fsh-generated/resources/ValueSet-mii-vs-onko-verlauf-gesamtbeurteilung.json	5351	1	0	0	0	0	0	0	0	2	0	0	0	0	0	0	0	0	0	0	3	10	88	0	0	0	0	0	0
fsh-generated/resources/ValueSet-mii-vs-onko-verlauf-lymphknoten.json	5331	1	0	0	0	0	0	0	0	2	0	0	0	0	0	0	0	0	0	0	3	9	32	0	0	0	0	0	0
fsh-generated/resources/ValueSet-mii-vs-onko-verlauf-primaertumor.json	5338	1	0	0	0	0	0	0	0	2	0	0	0	0	0	0	0	0	0	0	3	12	31	0	0	0	0	0	0
fsh-generated/resources/ValueSet-mii-vs-onko-weitere-klassifikationen-auspraegungen.json	13079	1	0	0	0	0	0	0	0	711	0	0	0	0	0	0	0	0	0	0	3	31	90	0	0	0	1	0	0
fsh-generated/resources/ValueSet-mii-vs-onko-weitere-klassifikationen.json	14837	1	0	0	0	0	0	0	1	1332	0	0	0	0	0	0	0	0	0	0	3	27	57	0	0	0	1	0	0
input/resources/Parameters-expansion-manifest.json	509	1	0	0	0	0	0	0	1	0	0	0	0	0	0	0	0	0	0	0	3	64	925	0	0	0	0	0	1
/input/includes/menu.xml	6475	-	-	-	0	0	0	0	0	0	0	0	0	0	0	0	0	0	0	0	0	0	2	0	0	0	0	0	0
/fsh-generated/includes/fsh-link-references.md	59491	-	-	-	0	0	0	0	0	0	0	0	0	0	0	0	0	0	0	0	0	0	2	0	0	0	0	0	0
/input/intro-notes/ConceptMap-mii-cm-onko-intention-sct-intro.md	518	-	-	-	0	0	0	0	0	0	0	0	0	0	0	0	0	0	0	0	0	0	1	0	0	0	0	0	0
/input/intro-notes/StructureDefinition-mii-pr-onko-therapieempfehlung-kombinationstherapie-intro.md	7742	-	-	-	0	0	0	0	0	0	0	0	0	0	0	0	0	0	0	0	0	0	1	0	0	0	0	0	0
/input/intro-notes/ConceptMap-mii-cm-onko-therapie-stellung-sct-intro.md	468	-	-	-	0	0	0	0	0	0	0	0	0	0	0	0	0	0	0	0	0	0	0	0	0	0	0	0	0
/input/intro-notes/StructureDefinition-mii-pr-onko-prostate-anzahl-stanzen-intro.md	2167	-	-	-	0	0	0	0	0	0	0	0	0	0	0	0	0	0	0	0	0	0	1	0	0	0	0	0	0
/input/intro-notes/StructureDefinition-mii-pr-onko-prostate-gleason-grade-group-intro.md	3555	-	-	-	0	0	0	0	0	0	0	0	0	0	0	0	0	0	0	0	0	0	0	0	0	0	0	0	0
/input/intro-notes/StructureDefinition-mii-pr-onko-tnm-s-kategorie-intro.md	384	-	-	-	0	0	0	0	0	0	0	0	0	0	0	0	0	0	0	0	0	0	0	0	0	0	0	0	0
/input/intro-notes/ConceptMap-mii-cm-onko-tnm-uicc-sct-clinical-intro.md	534	-	-	-	0	0	0	0	0	0	0	0	0	0	0	0	0	0	0	0	0	0	0	0	0	0	0	0	0
/input/intro-notes/StructureDefinition-mii-pr-onko-genetische-variante-intro.md	3694	-	-	-	0	0	0	0	0	0	0	0	0	0	0	0	0	0	0	0	0	0	0	0	0	0	0	0	0
/input/intro-notes/StructureDefinition-mii-pr-onko-mamma-praeoperative-markierung-intro.md	4098	-	-	-	0	0	0	0	0	0	0	0	0	0	0	0	0	0	0	0	0	0	0	0	0	0	0	0	0
/input/intro-notes/ConceptMap-mii-cm-onko-fernmetastasen-sct-intro.md	379	-	-	-	0	0	0	0	0	0	0	0	0	0	0	0	0	0	0	0	0	0	0	0	0	0	0	0	0
/input/intro-notes/StructureDefinition-mii-pr-onko-prostate-gleason-patterns-intro.md	3756	-	-	-	0	0	0	0	0	0	0	0	0	0	0	0	0	0	0	0	0	0	1	0	0	0	0	0	0
/input/intro-notes/StructureDefinition-mii-pr-onko-mamma-her2neu-status-intro.md	6694	-	-	-	0	0	0	0	0	0	0	0	0	0	0	0	0	0	0	0	0	0	0	0	0	0	0	0	0
/input/intro-notes/ConceptMap-mii-cm-onko-therapieabweichung-sct-intro.md	471	-	-	-	0	0	0	0	0	0	0	0	0	0	0	0	0	0	0	0	0	0	1	0	0	0	0	0	0
/input/intro-notes/StructureDefinition-mii-pr-onko-strahlentherapie-bestrahlung-nuklearmedizin-intro.md	2222	-	-	-	0	0	0	0	0	0	0	0	0	0	0	0	0	0	0	0	0	0	0	0	0	0	0	0	0
/input/intro-notes/StructureDefinition-mii-pr-onko-krk-specimen-intro.md	3043	-	-	-	0	0	0	0	0	0	0	0	0	0	0	0	0	0	0	0	0	0	0	0	0	0	0	0	0
/input/intro-notes/StructureDefinition-mii-pr-onko-melanom-breslow-tiefe-intro.md	2592	-	-	-	0	0	0	0	0	0	0	0	0	0	0	0	0	0	0	0	0	0	1	0	0	0	0	0	0
/input/intro-notes/ConceptMap-mii-cm-onko-nebenwirkung-sct-intro.md	441	-	-	-	0	0	0	0	0	0	0	0	0	0	0	0	0	0	0	0	0	0	0	0	0	0	0	0	0
/input/intro-notes/StructureDefinition-mii-pr-onko-allgemeiner-leistungszustand-ecog-intro.md	3002	-	-	-	0	0	0	0	0	0	0	0	0	0	0	0	0	0	0	0	0	0	0	0	0	0	0	0	0
/input/intro-notes/StructureDefinition-mii-pr-onko-tnm-t-kategorie-intro.md	1248	-	-	-	0	0	0	0	0	0	0	0	0	0	0	0	0	0	0	0	0	0	1	0	0	0	0	0	0
/input/intro-notes/StructureDefinition-mii-pr-onko-tnm-y-symbol-intro.md	565	-	-	-	0	0	0	0	0	0	0	0	0	0	0	0	0	0	0	0	0	0	0	0	0	0	0	0	0
/input/intro-notes/ConceptMap-mii-cm-onko-allgemeiner-leistungszustand-sct-intro.md	847	-	-	-	0	0	0	0	0	0	0	0	0	0	0	0	0	0	0	0	0	0	0	0	0	0	0	0	0
/input/intro-notes/StructureDefinition-mii-pr-onko-melanom-ldh-intro.md	3569	-	-	-	0	0	0	0	0	0	0	0	0	0	0	0	0	0	0	0	0	0	1	0	0	0	0	0	0
/input/intro-notes/StructureDefinition-mii-pr-onko-liste-evidenz-erstdiagnose-intro.md	1009	-	-	-	0	0	0	0	0	0	0	0	0	0	0	0	0	0	0	0	0	0	0	0	0	0	0	0	0
/input/intro-notes/ConceptMap-mii-cm-onko-strahlentherapie-zielgebiet-sct-intro.md	675	-	-	-	0	0	0	0	0	0	0	0	0	0	0	0	0	0	0	0	0	0	0	0	0	0	0	0	0
/input/intro-notes/StructureDefinition-mii-pr-onko-tnm-r-symbol-intro.md	510	-	-	-	0	0	0	0	0	0	0	0	0	0	0	0	0	0	0	0	0	0	1	0	0	0	0	0	0
/input/intro-notes/ConceptMap-mii-cm-onko-verlauf-lymphknoten-sct-intro.md	437	-	-	-	0	0	0	0	0	0	0	0	0	0	0	0	0	0	0	0	0	0	0	0	0	0	0	0	0
/input/intro-notes/ConceptMap-mii-cm-onko-operation-komplikation-sct-intro.md	608	-	-	-	0	0	0	0	0	0	0	0	0	0	0	0	0	0	0	0	0	0	0	0	0	0	0	0	0
/input/intro-notes/StructureDefinition-mii-pr-onko-tod-intro.md	2168	-	-	-	0	0	0	0	0	0	0	0	0	0	0	0	0	0	0	0	0	0	1	0	0	0	0	0	0
/input/intro-notes/StructureDefinition-mii-ex-onko-operation-urgency-intro.md	2249	-	-	-	0	0	0	0	0	0	0	0	0	0	0	0	0	0	0	0	0	0	0	0	0	0	0	0	0
/input/intro-notes/ConceptMap-mii-cm-onko-verlauf-fernmetastasen-sct-intro.md	637	-	-	-	0	0	0	0	0	0	0	0	0	0	0	0	0	0	0	0	0	0	0	0	0	0	0	0	0
/input/intro-notes/ConceptMap-mii-cm-onko-verlauf-primaertumor-sct-intro.md	519	-	-	-	0	0	0	0	0	0	0	0	0	0	0	0	0	0	0	0	0	0	1	0	0	0	0	0	0
/input/intro-notes/ConceptMap-mii-cm-onko-therapie-typ-sct-intro.md	526	-	-	-	0	0	0	0	0	0	0	0	0	0	0	0	0	0	0	0	0	0	0	0	0	0	0	0	0
/input/intro-notes/StructureDefinition-mii-pr-onko-allgemeiner-leistungszustand-karnofsky-intro.md	3056	-	-	-	0	0	0	0	0	0	0	0	0	0	0	0	0	0	0	0	0	0	0	0	0	0	0	0	0
/input/intro-notes/StructureDefinition-mii-pr-onko-mamma-rezeptorstatus-progesteron-intro.md	5079	-	-	-	0	0	0	0	0	0	0	0	0	0	0	0	0	0	0	0	0	0	1	0	0	0	0	0	0
/input/intro-notes/ConceptMap-mii-cm-onko-therapieplanung-sct-intro.md	487	-	-	-	0	0	0	0	0	0	0	0	0	0	0	0	0	0	0	0	0	0	0	0	0	0	0	0	0
/input/intro-notes/StructureDefinition-mii-pr-onko-mamma-menopause-status-intro.md	3200	-	-	-	0	0	0	0	0	0	0	0	0	0	0	0	0	0	0	0	0	0	0	0	0	0	0	0	0
/input/intro-notes/ConceptMap-mii-cm-onko-tnm-uicc-sct-pathological-intro.md	684	-	-	-	0	0	0	0	0	0	0	0	0	0	0	0	0	0	0	0	0	0	1	0	0	0	0	0	0
/input/intro-notes/StructureDefinition-mii-pr-onko-operation-intro.md	8338	-	-	-	0	0	0	0	0	0	0	0	0	0	0	0	0	0	0	0	0	0	0	0	0	0	0	0	0
/input/intro-notes/StructureDefinition-mii-pr-onko-krk-stoma-markierung-intro.md	3214	-	-	-	0	0	0	0	0	0	0	0	0	0	0	0	0	0	0	0	0	0	0	0	0	0	0	0	0
/input/intro-notes/StructureDefinition-mii-pr-onko-krk-operation-intro.md	2675	-	-	-	0	0	0	0	0	0	0	0	0	0	0	0	0	0	0	0	0	0	1	0	0	0	0	0	0
/input/intro-notes/StructureDefinition-mii-pr-onko-tnm-a-symbol-intro.md	573	-	-	-	0	0	0	0	0	0	0	0	0	0	0	0	0	0	0	0	0	0	0	0	0	0	0	0	0
/input/intro-notes/ValueSet-mii-vs-onko-kdl-dokumentklassen-intro.md	15865	-	-	-	0	0	0	0	0	0	0	0	0	0	0	0	0	0	0	0	0	0	1	0	0	0	0	0	0
/input/intro-notes/StructureDefinition-mii-pr-onko-weitere-klassifikationen-intro.md	5541	-	-	-	0	0	0	0	0	0	0	0	0	0	0	0	0	0	0	0	0	0	0	0	0	0	0	0	0
/input/intro-notes/ConceptMap-mii-cm-onko-strahlentherapie-boost-sct-intro.md	522	-	-	-	0	0	0	0	0	0	0	0	0	0	0	0	0	0	0	0	0	0	1	0	0	0	0	0	0
/input/intro-notes/StructureDefinition-mii-pr-onko-befund-intro.md	1626	-	-	-	0	0	0	0	0	0	0	0	0	0	0	0	0	0	0	0	0	0	0	0	0	0	0	0	0
/input/intro-notes/StructureDefinition-mii-pr-onko-tnm-klassifikation-intro.md	6363	-	-	-	0	0	0	0	0	0	0	0	0	0	0	0	0	0	0	0	1	0	1	0	0	0	0	0	0
/input/intro-notes/ConceptMap-mii-cm-onko-strahlentherapie-strahlenart-sct-intro.md	573	-	-	-	0	0	0	0	0	0	0	0	0	0	0	0	0	0	0	0	0	0	0	0	0	0	0	0	0
/input/intro-notes/StructureDefinition-mii-pr-onko-specimen-intro.md	905	-	-	-	0	0	0	0	0	0	0	0	0	0	0	0	0	0	0	0	0	0	0	0	0	0	0	0	0
/input/intro-notes/ConceptMap-mii-cm-onko-verlauf-gesamtbeurteilung-sct-intro.md	479	-	-	-	0	0	0	0	0	0	0	0	0	0	0	0	0	0	0	0	0	0	0	0	0	0	0	0	0
/input/intro-notes/StructureDefinition-mii-pr-onko-krk-abstand-anokutan-intro.md	2600	-	-	-	0	0	0	0	0	0	0	0	0	0	0	0	0	0	0	0	0	0	1	0	0	0	0	0	0
/input/intro-notes/StructureDefinition-mii-pr-onko-tnm-v-kategorie-intro.md	352	-	-	-	0	0	0	0	0	0	0	0	0	0	0	0	0	0	0	0	0	0	0	0	0	0	0	0	0
/input/intro-notes/StructureDefinition-mii-pr-onko-krk-mrt-mesorektale-faszie-intro.md	3487	-	-	-	0	0	0	0	0	0	0	0	0	0	0	0	0	0	0	0	0	0	0	0	0	0	0	0	0
/input/intro-notes/StructureDefinition-mii-pr-onko-prostate-clavien-dindo-intro.md	3684	-	-	-	0	0	0	0	0	0	0	0	0	0	0	0	0	0	0	0	0	0	1	0	0	0	0	0	0
/input/intro-notes/ConceptMap-mii-cm-onko-seitenlokalisation-sct-intro.md	456	-	-	-	0	0	0	0	0	0	0	0	0	0	0	0	0	0	0	0	0	0	0	0	0	0	0	0	0
/input/intro-notes/StructureDefinition-mii-pr-onko-strahlentherapie-bestrahlung-strahlentherapie-intro.md	2922	-	-	-	0	0	0	0	0	0	0	0	0	0	0	0	0	0	0	0	0	0	0	0	0	0	0	0	0
/input/intro-notes/StructureDefinition-mii-pr-onko-nebenwirkung-adverse-event-intro.md	1976	-	-	-	0	0	0	0	0	0	0	0	0	0	0	0	0	0	0	0	0	0	1	0	0	0	0	0	0
/input/intro-notes/StructureDefinition-mii-pr-onko-melanom-sicherheitsabstand-intro.md	3197	-	-	-	0	0	0	0	0	0	0	0	0	0	0	0	0	0	0	0	0	0	0	0	0	0	0	0	0
/input/intro-notes/ConceptMap-mii-cm-onko-tod-sct-intro.md	645	-	-	-	0	0	0	0	0	0	0	0	0	0	0	0	0	0	0	0	0	0	0	0	0	0	0	0	0
/input/intro-notes/StructureDefinition-mii-pr-onko-residualstatus-intro.md	749	-	-	-	0	0	0	0	0	0	0	0	0	0	0	0	0	0	0	0	0	0	0	0	0	0	0	0	0
/input/intro-notes/StructureDefinition-mii-ex-onko-strahlentherapie-intention-intro.md	211	-	-	-	0	0	0	0	0	0	0	0	0	0	0	0	0	0	0	0	0	0	1	0	0	0	0	0	0
/input/intro-notes/ConceptMap-mii-cm-onko-strahlentherapie-applikationsart-sct-intro.md	642	-	-	-	0	0	0	0	0	0	0	0	0	0	0	0	0	0	0	0	0	0	0	0	0	0	0	0	0
/input/intro-notes/StructureDefinition-mii-pr-onko-therapieempfehlung-medikation-intro.md	4433	-	-	-	0	0	0	0	0	0	0	0	0	0	0	0	0	0	0	0	0	0	0	0	0	0	0	0	0
/input/intro-notes/StructureDefinition-mii-pr-onko-histologie-icdo3-intro.md	796	-	-	-	0	0	0	0	0	0	0	0	0	0	0	0	0	0	0	0	0	0	1	0	0	0	0	0	0
/input/intro-notes/Bundle-mii-exa-onko-mamma-example-bundle-1-intro.md	5171	-	-	-	0	0	0	0	0	0	0	0	0	0	0	0	0	0	0	0	0	0	0	0	0	0	0	0	0
/input/intro-notes/StructureDefinition-mii-pr-onko-prostate-psa-intro.md	2441	-	-	-	0	0	0	0	0	0	0	0	0	0	0	0	0	0	0	0	0	0	0	0	0	0	0	0	0
/input/intro-notes/StructureDefinition-mii-pr-onko-tnm-pn-kategorie-intro.md	336	-	-	-	0	0	0	0	0	0	0	0	0	0	0	0	0	0	0	0	0	0	1	0	0	0	0	0	0
/input/intro-notes/StructureDefinition-mii-ex-onko-strahlentherapie-stellungzurop-intro.md	219	-	-	-	0	0	0	0	0	0	0	0	0	0	0	0	0	0	0	0	0	0	0	0	0	0	0	0	0
/input/intro-notes/ConceptMap-mii-cm-onko-strahlentherapie-strahleneinheit-sct-intro.md	478	-	-	-	0	0	0	0	0	0	0	0	0	0	0	0	0	0	0	0	0	0	0	0	0	0	0	0	0
/input/intro-notes/StructureDefinition-mii-pr-onko-mamma-operation-intro.md	4605	-	-	-	0	0	0	0	0	0	0	0	0	0	0	0	0	0	0	0	0	0	0	0	0	0	0	0	0
/input/intro-notes/StructureDefinition-mii-pr-onko-strahlentherapie-intro.md	9902	-	-	-	0	0	0	0	0	0	0	0	0	0	0	0	0	0	0	0	0	0	1	0	0	0	0	0	0
/input/intro-notes/StructureDefinition-mii-pr-onko-grading-intro.md	348	-	-	-	0	0	0	0	0	0	0	0	0	0	0	0	0	0	0	0	0	0	0	0	0	0	0	0	0
/input/intro-notes/Bundle-mii-exa-onko-krk-bundle-intro.md	7764	-	-	-	0	0	0	0	0	0	0	0	0	0	0	0	0	0	0	0	0	0	1	0	0	0	0	0	0
/input/intro-notes/StructureDefinition-mii-pr-onko-systemische-therapie-intro.md	5803	-	-	-	0	0	0	0	0	0	0	0	0	0	0	0	0	0	0	0	0	0	0	0	0	0	0	0	0
/input/intro-notes/ConceptMap-mii-cm-onko-primaertumor-diagnosesicherung-sct-intro.md	583	-	-	-	0	0	0	0	0	0	0	0	0	0	0	0	0	0	0	0	0	0	0	0	0	0	0	0	0
/input/intro-notes/ConceptMap-mii-cm-onko-genetische-variante-auspraegung-sct-intro.md	928	-	-	-	0	0	0	0	0	0	0	0	0	0	0	0	0	0	0	0	0	0	1	0	0	0	0	0	0
/input/intro-notes/StructureDefinition-mii-pr-onko-verlauf-intro.md	2697	-	-	-	0	0	0	0	0	0	0	0	0	0	0	0	0	0	0	0	0	0	0	0	0	0	0	0	0
/input/intro-notes/StructureDefinition-mii-pr-onko-melanom-ulzeration-intro.md	3388	-	-	-	0	0	0	0	0	0	0	0	0	0	0	0	0	0	0	0	0	0	0	0	0	0	0	0	0
/input/intro-notes/Bundle-mii-exa-onko-melanom-bundle-intro.md	6338	-	-	-	0	0	0	0	0	0	0	0	0	0	0	0	0	0	0	0	0	0	1	0	0	0	0	0	0
/input/intro-notes/StructureDefinition-mii-pr-onko-prostate-ca-befall-stanze-intro.md	1630	-	-	-	0	0	0	0	0	0	0	0	0	0	0	0	0	0	0	0	0	0	0	0	0	0	0	0	0
/input/intro-notes/StructureDefinition-mii-pr-onko-tnm-n-kategorie-intro.md	1292	-	-	-	0	0	0	0	0	0	0	0	0	0	0	0	0	0	0	0	0	0	0	0	0	0	0	0	0
/input/intro-notes/StructureDefinition-mii-pr-onko-tumorgroesse-intro.md	1291	-	-	-	0	0	0	0	0	0	0	0	0	0	0	0	0	0	0	0	0	0	0	0	0	0	0	0	0
/input/intro-notes/StructureDefinition-mii-pr-onko-therapieempfehlung-operation-intro.md	3851	-	-	-	0	0	0	0	0	0	0	0	0	0	0	0	0	0	0	0	0	0	1	0	0	0	0	0	0
/input/intro-notes/StructureDefinition-mii-pr-onko-tnm-m-kategorie-intro.md	1272	-	-	-	0	0	0	0	0	0	0	0	0	0	0	0	0	0	0	0	0	0	0	0	0	0	0	0	0
/input/intro-notes/StructureDefinition-mii-pr-onko-prostate-anzahl-positive-stanzen-intro.md	2366	-	-	-	0	0	0	0	0	0	0	0	0	0	0	0	0	0	0	0	0	0	1	0	0	0	0	0	0
/input/intro-notes/StructureDefinition-mii-pr-onko-krk-abstand-aboral-intro.md	3364	-	-	-	0	0	0	0	0	0	0	0	0	0	0	0	0	0	0	0	0	0	0	0	0	0	0	0	0
/input/intro-notes/StructureDefinition-mii-ex-onko-histology-morphology-behavior-icdo3-intro.md	1562	-	-	-	0	0	0	0	0	0	0	0	0	0	0	0	0	0	0	0	0	0	0	0	0	0	0	0	0
/input/intro-notes/StructureDefinition-mii-pr-onko-fernmetastasen-intro.md	1178	-	-	-	0	0	0	0	0	0	0	0	0	0	0	0	0	0	0	0	0	0	1	0	0	0	0	0	0
/input/intro-notes/StructureDefinition-mii-pr-onko-tumorkonferenz-intro.md	5439	-	-	-	0	0	0	0	0	0	0	0	0	0	0	0	0	0	0	0	0	0	1	0	0	0	0	0	0
/input/intro-notes/StructureDefinition-mii-pr-onko-krk-anastomoseninsuffizienz-intro.md	3303	-	-	-	0	0	0	0	0	0	0	0	0	0	0	0	0	0	0	0	0	0	0	0	0	0	0	0	0
/input/intro-notes/StructureDefinition-mii-pr-onko-mamma-rezeptorstatus-estrogen-intro.md	5063	-	-	-	0	0	0	0	0	0	0	0	0	0	0	0	0	0	0	0	0	0	0	0	0	0	0	0	0
/input/intro-notes/ConceptMap-mii-cm-onko-studienteilnahme-sct-intro.md	370	-	-	-	0	0	0	0	0	0	0	0	0	0	0	0	0	0	0	0	0	0	1	0	0	0	0	0	0
/input/intro-notes/StructureDefinition-mii-ex-onko-tnm-cp-praefix-intro.md	1126	-	-	-	0	0	0	0	0	0	0	0	0	0	0	0	0	0	0	0	0	0	0	0	0	0	0	0	0
/input/intro-notes/StructureDefinition-mii-pr-onko-tnm-m-symbol-intro.md	949	-	-	-	0	0	0	0	0	0	0	0	0	0	0	0	0	0	0	0	0	0	1	0	0	0	0	0	0
/input/intro-notes/StructureDefinition-mii-pr-onko-fruehere-tumorerkrankung-intro.md	5710	-	-	-	0	0	0	0	0	0	0	0	0	0	0	0	0	0	0	0	0	0	0	0	0	0	0	0	0
/input/intro-notes/StructureDefinition-mii-ex-onko-operation-intention-intro.md	463	-	-	-	0	0	0	0	0	0	0	0	0	0	0	0	0	0	0	0	0	0	1	0	0	0	0	0	0
/input/intro-notes/StructureDefinition-mii-pr-onko-tnm-l-kategorie-intro.md	347	-	-	-	0	0	0	0	0	0	0	0	0	0	0	0	0	0	0	0	0	0	0	0	0	0	0	0	0
/input/intro-notes/StructureDefinition-mii-pr-onko-krk-abstand-circumferelle-resektionsebene-intro.md	3436	-	-	-	0	0	0	0	0	0	0	0	0	0	0	0	0	0	0	0	0	0	0	0	0	0	0	0	0
/input/intro-notes/ConceptMap-mii-cm-onko-therapie-ende-sct-intro.md	630	-	-	-	0	0	0	0	0	0	0	0	0	0	0	0	0	0	0	0	0	0	1	0	0	0	0	0	0
/input/intro-notes/ConceptMap-mii-cm-onko-grading-sct-intro.md	394	-	-	-	0	0	0	1	0	0	0	0	0	0	0	0	0	0	0	0	0	0	0	0	0	0	0	0	0
/input/intro-notes/StructureDefinition-mii-pr-onko-systemische-therapie-medikation-intro.md	2267	-	-	-	0	0	0	0	0	0	0	0	0	0	0	0	0	0	0	0	0	0	0	0	0	0	0	0	0
/input/intro-notes/StructureDefinition-mii-pr-onko-diagnose-primaertumor-intro.md	6245	-	-	-	0	0	0	0	0	0	0	0	0	0	0	0	0	0	0	0	0	0	1	0	0	0	0	0	0
/input/intro-notes/StructureDefinition-mii-pr-onko-studienteilnahme-intro.md	2902	-	-	-	0	0	0	0	0	0	0	0	0	0	0	0	0	0	0	0	0	0	0	0	0	0	0	0	0
/input/intro-notes/StructureDefinition-mii-pr-onko-asa-klassifikation-intro.md	2179	-	-	-	0	0	0	0	0	0	0	0	0	0	0	0	0	0	0	0	0	0	1	0	0	0	0	0	0
/input/pagecontent/version-history.md	4464	-	-	-	0	0	0	0	0	0	0	0	0	0	0	0	0	0	0	0	0	0	0	0	0	0	0	0	0
/input/pagecontent/datasets-and-descriptions.md	2730	-	-	-	0	0	0	0	0	0	0	0	0	0	0	0	0	0	0	0	0	0	0	0	0	0	0	0	0
/input/pagecontent/value-sets.md	1479	-	-	-	0	0	0	0	0	0	0	0	0	0	0	0	0	0	0	0	0	0	1	0	0	0	0	0	0
/input/pagecontent/search-parameters.md	1709	-	-	-	0	0	0	0	0	0	0	0	0	0	0	0	0	0	0	0	0	0	0	0	0	0	0	0	0
/input/pagecontent/profiles.md	18346	-	-	-	0	0	0	0	0	0	0	0	0	0	0	0	0	0	0	0	0	0	1	0	0	0	0	0	0
/input/pagecontent/anwendungsfaelle-informationsmodell.md	958	-	-	-	0	0	0	0	0	0	0	0	0	0	0	0	0	0	0	0	0	0	0	0	0	0	0	0	0
/input/pagecontent/ImplementationGuide-mii-ig-onko-de.md	3490	-	-	-	0	0	0	0	0	0	0	0	0	0	0	0	0	0	0	0	0	0	1	0	0	0	0	0	0
/input/pagecontent/molgen-variantentypen.md	12779	-	-	-	0	0	0	0	0	0	0	0	0	0	0	0	0	0	0	0	0	0	1	0	0	0	0	0	0
/input/pagecontent/tnm-breast-cancer-journey.md	8694	-	-	-	0	0	0	0	0	0	0	0	0	0	0	0	0	0	0	0	0	0	0	0	0	0	0	0	0
/input/pagecontent/researcher-guidance.md	2816	-	-	-	0	0	0	0	0	0	0	0	0	0	0	0	0	0	0	0	0	0	1	0	0	0	0	0	0
/input/pagecontent/konformitaets-mappings.md	4542	-	-	-	0	0	0	0	0	0	0	0	0	0	0	0	0	0	0	0	0	0	4197	0	0	0	0	0	0
/input/pagecontent/extensions.md	5394	-	-	-	0	0	0	0	0	0	0	0	0	0	0	0	0	0	0	0	0	0	1	0	0	0	0	0	0
/input/pagecontent/code-systems.md	5351	-	-	-	0	0	0	0	0	0	0	0	0	0	0	0	0	0	0	0	0	0	0	0	0	0	0	0	0
/input/pagecontent/downloads.md	2972	-	-	-	0	0	0	0	0	0	0	0	0	0	0	0	0	0	0	0	0	0	0	0	0	0	0	0	0
/input/pagecontent/examples.md	1312	-	-	-	0	0	0	0	0	0	0	0	0	0	0	0	0	0	0	0	0	0	1	0	0	0	0	0	0
/input/pagecontent/security-and-privacy.md	4430	-	-	-	0	0	0	0	0	0	0	0	0	0	0	0	0	0	0	0	0	0	0	0	0	0	0	0	0
/input/pagecontent/tnm-journey.md	5193	-	-	-	0	0	0	0	0	0	0	0	0	0	0	0	0	0	0	0	0	0	1	0	0	0	0	0	0
/input/pagecontent/therapieziele.md	2875	-	-	-	0	0	0	0	0	0	0	0	0	0	0	0	0	0	0	0	0	0	0	0	0	0	0	0	0
/input/pagecontent/logical-models.md	946	-	-	-	0	0	0	0	0	0	0	0	0	0	0	0	0	0	0	0	0	0	0	0	0	0	0	0	0
/input/pagecontent/metadata.md	21613	-	-	-	0	0	0	0	0	0	0	0	0	0	0	0	0	0	0	0	0	0	1	0	0	0	0	0	0
/input/pagecontent/atc-terminologie.md	10328	-	-	-	0	0	0	0	0	0	0	0	0	0	0	0	0	0	0	0	0	0	1	0	0	0	0	0	0
/input/pagecontent/translationinfo.md	1475	-	-	-	0	0	0	0	0	0	0	0	0	0	0	0	0	0	0	0	0	0	0	0	0	0	0	0	0
/input/pagecontent/guidance.md	8892	-	-	-	0	0	0	0	0	0	0	0	0	0	0	0	0	0	0	0	0	0	1	0	0	0	0	0	0
/input/pagecontent/migration-v2026.md	12745	-	-	-	0	0	0	0	0	0	0	0	0	0	0	0	0	0	0	0	0	0	1	0	0	0	0	0	0
/input/pagecontent/toronto-klassifikation.md	9800	-	-	-	0	0	0	0	0	0	0	0	0	0	0	0	0	0	0	0	0	0	1	0	0	0	0	0	0
/input/pagecontent/icd-o-terminologie.md	5846	-	-	-	0	0	0	0	0	0	0	0	0	0	0	0	0	0	0	0	0	0	0	0	0	0	0	0	0
/input/pagecontent/changes.md	19662	-	-	-	0	0	0	0	0	0	0	0	0	0	0	0	0	0	0	0	0	0	2	0	0	0	0	0	0
/input/pagecontent/capability-statements.md	1270	-	-	-	0	0	0	0	0	0	0	0	0	0	0	0	0	0	0	0	0	0	0	0	0	0	0	0	0
/input/pagecontent/weitere-klassifikationen-terminologien.md	6804	-	-	-	0	0	0	0	0	0	0	0	0	0	0	0	0	0	0	0	0	0	1	0	0	0	0	0	0
/input/pagecontent/uml-diagrams.md	1123	-	-	-	0	0	0	0	0	0	0	0	0	0	0	0	0	0	0	0	0	0	0	0	0	0	0	0	0
/input/pagecontent/tumormarker-loinc.md	11854	-	-	-	0	0	0	0	0	0	0	0	0	0	0	0	0	0	0	0	0	0	1	0	0	0	0	0	0
/input/pagecontent/index.md	7064	-	-	-	0	0	0	0	0	0	0	0	0	0	0	0	0	0	0	0	0	0	0	0	0	0	0	0	0
/input/pagecontent/implementer-guidance.md	8467	-	-	-	0	0	0	0	0	0	0	0	0	0	0	0	0	0	0	0	0	0	1894	0	0	0	0	0	0
/input/intro-notes	0	-	-	-	0	0	0	0	0	0	0	0	0	0	0	0	0	0	0	0	0	0	0	0	0	0	0	0	0
/input/intro-notes/ConceptMap-mii-cm-onko-intention-sct-intro.md	518	-	-	-	0	0	0	0	0	0	0	0	0	0	0	0	0	0	0	0	0	0	0	0	0	0	0	0	0
/input/intro-notes/StructureDefinition-mii-pr-onko-therapieempfehlung-kombinationstherapie-intro.md	7742	-	-	-	0	0	0	0	0	0	0	0	0	0	0	0	0	0	0	0	0	0	1	0	0	0	0	0	0
/input/intro-notes/ConceptMap-mii-cm-onko-therapie-stellung-sct-intro.md	468	-	-	-	0	0	0	0	0	0	0	0	0	0	0	0	0	0	0	0	0	0	0	0	0	0	0	0	0
/input/intro-notes/StructureDefinition-mii-pr-onko-prostate-anzahl-stanzen-intro.md	2167	-	-	-	0	0	0	0	0	0	0	0	0	0	0	0	0	0	0	0	0	0	0	0	0	0	0	0	0
/input/intro-notes/StructureDefinition-mii-pr-onko-prostate-gleason-grade-group-intro.md	3555	-	-	-	0	0	0	0	0	0	0	0	0	0	0	0	0	0	0	0	0	0	0	0	0	0	0	0	0
/input/intro-notes/StructureDefinition-mii-pr-onko-tnm-s-kategorie-intro.md	384	-	-	-	0	0	0	0	0	0	0	0	0	0	0	0	0	0	0	0	0	0	0	0	0	0	0	0	0
/input/intro-notes/ConceptMap-mii-cm-onko-tnm-uicc-sct-clinical-intro.md	534	-	-	-	0	0	0	0	0	0	0	0	0	0	0	0	0	0	0	0	0	0	0	0	0	0	0	0	0
/input/intro-notes/StructureDefinition-mii-pr-onko-genetische-variante-intro.md	3694	-	-	-	0	0	0	0	0	0	0	0	0	0	0	0	0	0	0	0	0	0	1	0	0	0	0	0	0
/input/intro-notes/StructureDefinition-mii-pr-onko-mamma-praeoperative-markierung-intro.md	4098	-	-	-	0	0	0	0	0	0	0	0	0	0	0	0	0	0	0	0	0	0	0	1	0	0	0	0	0
/input/intro-notes/ConceptMap-mii-cm-onko-fernmetastasen-sct-intro.md	379	-	-	-	0	0	0	0	0	0	0	0	0	0	0	0	0	0	0	0	0	0	0	0	0	0	0	0	0
/input/intro-notes/StructureDefinition-mii-pr-onko-prostate-gleason-patterns-intro.md	3756	-	-	-	0	0	0	0	0	0	0	0	0	0	0	0	0	0	0	0	0	0	0	0	0	0	0	0	0
/input/intro-notes/StructureDefinition-mii-pr-onko-mamma-her2neu-status-intro.md	6694	-	-	-	0	0	0	0	0	0	0	0	0	0	0	0	0	0	0	0	0	0	1	0	0	0	0	0	0
/input/intro-notes/ConceptMap-mii-cm-onko-therapieabweichung-sct-intro.md	471	-	-	-	0	0	0	0	0	0	0	0	0	0	0	0	0	0	0	0	0	0	0	0	0	0	0	0	0
/input/intro-notes/StructureDefinition-mii-pr-onko-strahlentherapie-bestrahlung-nuklearmedizin-intro.md	2222	-	-	-	0	0	0	0	0	0	0	0	0	0	0	0	0	0	0	0	0	0	0	0	0	0	0	0	0
/input/intro-notes/StructureDefinition-mii-pr-onko-krk-specimen-intro.md	3043	-	-	-	0	0	0	0	0	0	0	0	0	0	0	0	0	0	0	0	0	0	0	0	0	0	0	0	0
/input/intro-notes/StructureDefinition-mii-pr-onko-melanom-breslow-tiefe-intro.md	2592	-	-	-	0	0	0	0	0	0	0	0	0	0	0	0	0	0	0	0	0	0	0	0	0	0	0	0	0
/input/intro-notes/ConceptMap-mii-cm-onko-nebenwirkung-sct-intro.md	441	-	-	-	0	0	0	0	0	0	0	0	0	0	0	0	0	0	0	0	0	0	0	0	0	0	0	0	0
/input/intro-notes/StructureDefinition-mii-pr-onko-allgemeiner-leistungszustand-ecog-intro.md	3002	-	-	-	0	0	0	0	0	0	0	0	0	0	0	0	0	0	0	0	0	0	0	0	0	0	0	0	0
/input/intro-notes/StructureDefinition-mii-pr-onko-tnm-t-kategorie-intro.md	1248	-	-	-	0	0	0	0	0	0	0	0	0	0	0	0	0	0	0	0	0	0	0	0	0	0	0	0	0
/input/intro-notes/StructureDefinition-mii-pr-onko-tnm-y-symbol-intro.md	565	-	-	-	0	0	0	0	0	0	0	0	0	0	0	0	0	0	0	0	0	0	1	0	0	0	0	0	0
/input/intro-notes/ConceptMap-mii-cm-onko-allgemeiner-leistungszustand-sct-intro.md	847	-	-	-	0	0	0	0	0	0	0	0	0	0	0	0	0	0	0	0	0	0	0	0	0	0	0	0	0
/input/intro-notes/StructureDefinition-mii-pr-onko-melanom-ldh-intro.md	3569	-	-	-	0	0	0	0	0	0	0	0	0	0	0	0	0	0	0	0	0	0	0	0	0	0	0	0	0
/input/intro-notes/StructureDefinition-mii-pr-onko-liste-evidenz-erstdiagnose-intro.md	1009	-	-	-	0	0	0	0	0	0	0	0	0	0	0	0	0	0	0	0	0	0	0	0	0	0	0	0	0
/input/intro-notes/ConceptMap-mii-cm-onko-strahlentherapie-zielgebiet-sct-intro.md	675	-	-	-	0	0	0	0	0	0	0	0	0	0	0	0	0	0	0	0	0	0	0	0	0	0	0	0	0
/input/intro-notes/StructureDefinition-mii-pr-onko-tnm-r-symbol-intro.md	510	-	-	-	0	0	0	0	0	0	0	0	0	0	0	0	0	0	0	0	0	0	0	0	0	0	0	0	0
/input/intro-notes/ConceptMap-mii-cm-onko-verlauf-lymphknoten-sct-intro.md	437	-	-	-	0	0	0	0	0	0	0	0	0	0	0	0	0	0	0	0	0	0	0	0	0	0	0	0	0
/input/intro-notes/ConceptMap-mii-cm-onko-operation-komplikation-sct-intro.md	608	-	-	-	0	0	0	0	0	0	0	0	0	0	0	0	0	0	0	0	0	0	0	0	0	0	0	0	0
/input/intro-notes/StructureDefinition-mii-pr-onko-tod-intro.md	2168	-	-	-	0	0	0	0	0	0	0	0	0	0	0	0	0	0	0	0	0	0	1	0	0	0	0	0	0
/input/intro-notes/StructureDefinition-mii-ex-onko-operation-urgency-intro.md	2249	-	-	-	0	0	0	0	0	0	0	0	0	0	0	0	0	0	0	0	0	0	0	0	0	0	0	0	0
/input/intro-notes/ConceptMap-mii-cm-onko-verlauf-fernmetastasen-sct-intro.md	637	-	-	-	0	0	0	0	0	0	0	0	0	0	0	0	0	0	0	0	0	0	0	0	0	0	0	0	0
/input/intro-notes/ConceptMap-mii-cm-onko-verlauf-primaertumor-sct-intro.md	519	-	-	-	0	0	0	0	0	0	0	0	0	0	0	0	0	0	0	0	0	0	0	0	0	0	0	0	0
/input/intro-notes/ConceptMap-mii-cm-onko-therapie-typ-sct-intro.md	526	-	-	-	0	0	0	0	0	0	0	0	0	0	0	0	0	0	0	0	0	0	0	0	0	0	0	0	0
/input/intro-notes/StructureDefinition-mii-pr-onko-allgemeiner-leistungszustand-karnofsky-intro.md	3056	-	-	-	0	0	0	0	0	0	0	0	0	0	0	0	0	0	0	0	0	0	0	0	0	0	0	0	0
/input/intro-notes/StructureDefinition-mii-pr-onko-mamma-rezeptorstatus-progesteron-intro.md	5079	-	-	-	0	0	0	0	0	0	0	0	0	0	0	0	0	0	0	0	0	0	0	0	0	0	0	0	0
/input/intro-notes/ConceptMap-mii-cm-onko-therapieplanung-sct-intro.md	487	-	-	-	0	0	0	0	0	0	0	0	0	0	0	0	0	0	0	0	0	0	0	0	0	0	0	0	0
/input/intro-notes/StructureDefinition-mii-pr-onko-mamma-menopause-status-intro.md	3200	-	-	-	0	0	0	0	0	0	0	0	0	0	0	0	0	0	0	1	0	0	0	0	0	0	0	0	0
/input/intro-notes/ConceptMap-mii-cm-onko-tnm-uicc-sct-pathological-intro.md	684	-	-	-	0	0	0	0	0	0	0	0	0	0	0	0	0	0	0	0	0	0	1	0	0	0	0	0	0
/input/intro-notes/StructureDefinition-mii-pr-onko-operation-intro.md	8338	-	-	-	0	0	0	0	0	0	0	0	0	0	0	0	0	0	0	0	0	0	0	0	0	0	0	0	0
/input/intro-notes/StructureDefinition-mii-pr-onko-krk-stoma-markierung-intro.md	3214	-	-	-	0	0	0	0	0	0	0	0	0	0	0	0	0	0	0	0	0	0	0	0	0	0	0	0	0
/input/intro-notes/StructureDefinition-mii-pr-onko-krk-operation-intro.md	2675	-	-	-	0	0	0	0	0	0	0	0	0	0	0	0	0	0	0	0	0	0	0	0	0	0	0	0	0
/input/intro-notes/StructureDefinition-mii-pr-onko-tnm-a-symbol-intro.md	573	-	-	-	0	0	0	0	0	0	0	0	0	0	0	0	0	0	0	0	0	0	0	0	0	0	0	0	0
/input/intro-notes/ValueSet-mii-vs-onko-kdl-dokumentklassen-intro.md	15865	-	-	-	0	0	0	0	0	0	0	0	0	0	0	0	0	0	0	0	0	0	1	0	0	0	0	0	0
/input/intro-notes/StructureDefinition-mii-pr-onko-weitere-klassifikationen-intro.md	5541	-	-	-	0	0	0	0	0	0	0	0	0	0	0	0	0	0	0	0	0	0	0	0	0	0	0	0	0
/input/intro-notes/ConceptMap-mii-cm-onko-strahlentherapie-boost-sct-intro.md	522	-	-	-	0	0	0	0	0	0	0	0	0	0	0	0	0	0	0	0	0	0	0	0	0	0	0	0	0
/input/intro-notes/StructureDefinition-mii-pr-onko-befund-intro.md	1626	-	-	-	0	0	0	0	0	0	0	0	0	0	0	0	0	0	0	0	0	0	0	0	0	0	0	0	0
/input/intro-notes/StructureDefinition-mii-pr-onko-tnm-klassifikation-intro.md	6363	-	-	-	0	0	0	0	0	0	0	0	0	0	0	0	0	0	0	0	0	0	1	0	0	0	0	0	0
/input/intro-notes/ConceptMap-mii-cm-onko-strahlentherapie-strahlenart-sct-intro.md	573	-	-	-	0	0	0	0	0	0	0	0	0	0	0	0	0	0	0	0	0	0	0	0	0	0	0	0	0
/input/intro-notes/StructureDefinition-mii-pr-onko-specimen-intro.md	905	-	-	-	0	0	0	0	0	0	0	0	0	0	0	0	0	0	0	0	0	0	0	0	0	0	0	0	0
/input/intro-notes/ConceptMap-mii-cm-onko-verlauf-gesamtbeurteilung-sct-intro.md	479	-	-	-	0	0	0	0	0	0	0	0	0	0	0	0	0	0	0	0	0	0	0	0	0	0	0	0	0
/input/intro-notes/StructureDefinition-mii-pr-onko-krk-abstand-anokutan-intro.md	2600	-	-	-	0	0	0	0	0	0	0	0	0	0	0	0	0	0	0	0	0	0	0	0	0	0	0	0	0
/input/intro-notes/StructureDefinition-mii-pr-onko-tnm-v-kategorie-intro.md	352	-	-	-	0	0	0	0	0	0	0	0	0	0	0	0	0	0	0	0	0	0	0	0	0	0	0	0	0
/input/intro-notes/StructureDefinition-mii-pr-onko-krk-mrt-mesorektale-faszie-intro.md	3487	-	-	-	0	0	0	0	0	0	0	0	0	0	0	0	0	0	0	0	0	0	0	0	0	0	0	0	0
/input/intro-notes/StructureDefinition-mii-pr-onko-prostate-clavien-dindo-intro.md	3684	-	-	-	0	0	0	0	0	0	0	0	0	0	0	0	0	0	0	0	0	0	1	0	0	0	0	0	0
/input/intro-notes/ConceptMap-mii-cm-onko-seitenlokalisation-sct-intro.md	456	-	-	-	0	0	0	0	0	0	0	0	0	0	0	0	0	0	0	0	0	0	0	0	0	0	0	0	0
/input/intro-notes/StructureDefinition-mii-pr-onko-strahlentherapie-bestrahlung-strahlentherapie-intro.md	2922	-	-	-	0	0	0	0	0	0	0	0	0	0	0	0	0	0	0	0	0	0	0	0	0	0	0	0	0
/input/intro-notes/StructureDefinition-mii-pr-onko-nebenwirkung-adverse-event-intro.md	1976	-	-	-	0	0	0	0	0	0	0	0	0	0	0	0	0	0	0	0	0	0	0	0	0	0	0	0	0
/input/intro-notes/StructureDefinition-mii-pr-onko-melanom-sicherheitsabstand-intro.md	3197	-	-	-	0	0	0	0	0	0	0	0	0	0	0	0	0	0	0	0	0	0	0	0	0	0	0	0	0
/input/intro-notes/ConceptMap-mii-cm-onko-tod-sct-intro.md	645	-	-	-	0	0	0	0	0	0	0	0	0	0	0	0	0	0	0	0	0	0	0	0	0	0	0	0	0
/input/intro-notes/StructureDefinition-mii-pr-onko-residualstatus-intro.md	749	-	-	-	0	0	0	0	0	0	0	0	0	0	0	0	0	0	0	0	0	0	0	0	0	0	0	0	0
/input/intro-notes/StructureDefinition-mii-ex-onko-strahlentherapie-intention-intro.md	211	-	-	-	0	0	0	0	0	0	0	0	0	0	0	0	0	0	0	0	0	0	0	0	0	0	0	0	0
/input/intro-notes/ConceptMap-mii-cm-onko-strahlentherapie-applikationsart-sct-intro.md	642	-	-	-	0	0	0	0	0	0	0	0	0	0	0	0	0	0	0	0	0	0	0	0	0	0	0	0	0
/input/intro-notes/StructureDefinition-mii-pr-onko-therapieempfehlung-medikation-intro.md	4433	-	-	-	0	0	0	0	0	0	0	0	0	0	0	0	0	0	0	0	0	0	1	0	0	0	0	0	0
/input/intro-notes/StructureDefinition-mii-pr-onko-histologie-icdo3-intro.md	796	-	-	-	0	0	0	0	0	0	0	0	0	0	0	0	0	0	0	0	0	0	0	0	0	0	0	0	0
/input/intro-notes/Bundle-mii-exa-onko-mamma-example-bundle-1-intro.md	5171	-	-	-	0	0	0	0	0	0	0	0	0	0	0	0	0	0	0	0	0	0	0	0	0	0	0	0	0
/input/intro-notes/StructureDefinition-mii-pr-onko-prostate-psa-intro.md	2441	-	-	-	0	0	0	0	0	0	0	0	0	0	0	0	0	0	0	0	0	0	0	0	0	0	0	0	0
/input/intro-notes/StructureDefinition-mii-pr-onko-tnm-pn-kategorie-intro.md	336	-	-	-	0	0	0	0	0	0	0	0	0	0	0	0	0	0	0	0	0	0	0	0	0	0	0	0	0
/input/intro-notes/StructureDefinition-mii-ex-onko-strahlentherapie-stellungzurop-intro.md	219	-	-	-	0	0	0	0	0	0	0	0	0	0	0	0	0	0	0	0	0	0	0	0	0	0	0	0	0
/input/intro-notes/ConceptMap-mii-cm-onko-strahlentherapie-strahleneinheit-sct-intro.md	478	-	-	-	0	0	0	0	0	0	0	0	0	0	0	0	0	0	0	0	0	0	0	0	0	0	0	0	0
/input/intro-notes/StructureDefinition-mii-pr-onko-mamma-operation-intro.md	4605	-	-	-	0	0	0	0	0	0	0	0	0	0	0	0	0	0	0	0	0	0	1	0	0	0	0	0	0
/input/intro-notes/StructureDefinition-mii-pr-onko-strahlentherapie-intro.md	9902	-	-	-	0	0	0	0	0	0	0	0	0	0	0	0	0	0	0	0	0	0	0	0	0	0	0	0	0
/input/intro-notes/StructureDefinition-mii-pr-onko-grading-intro.md	348	-	-	-	0	0	0	0	0	0	0	0	0	0	0	0	0	0	0	0	0	0	0	0	0	0	0	0	0
/input/intro-notes/Bundle-mii-exa-onko-krk-bundle-intro.md	7764	-	-	-	0	0	0	0	0	0	0	0	0	0	0	0	0	0	0	0	0	0	0	0	0	0	0	0	0
/input/intro-notes/StructureDefinition-mii-pr-onko-systemische-therapie-intro.md	5803	-	-	-	0	0	0	0	0	0	0	0	0	0	0	0	0	0	0	0	0	0	1	0	0	0	0	0	0
/input/intro-notes/ConceptMap-mii-cm-onko-primaertumor-diagnosesicherung-sct-intro.md	583	-	-	-	0	0	0	0	0	0	0	0	0	0	0	0	0	0	0	0	0	0	0	0	0	0	0	0	0
/input/intro-notes/ConceptMap-mii-cm-onko-genetische-variante-auspraegung-sct-intro.md	928	-	-	-	0	0	0	0	0	0	0	0	0	0	0	0	0	0	0	0	0	0	0	0	0	0	0	0	0
/input/intro-notes/StructureDefinition-mii-pr-onko-verlauf-intro.md	2697	-	-	-	0	0	0	0	0	0	0	0	0	0	0	0	0	0	0	0	0	0	0	0	0	0	0	0	0
/input/intro-notes/StructureDefinition-mii-pr-onko-melanom-ulzeration-intro.md	3388	-	-	-	0	0	0	0	0	0	0	0	0	0	0	0	0	0	0	0	0	0	0	0	0	0	0	0	0
/input/intro-notes/Bundle-mii-exa-onko-melanom-bundle-intro.md	6338	-	-	-	0	0	0	0	0	0	0	0	0	0	0	0	0	0	0	0	0	0	0	0	0	0	0	0	0
/input/intro-notes/StructureDefinition-mii-pr-onko-prostate-ca-befall-stanze-intro.md	1630	-	-	-	0	0	0	0	0	0	0	0	0	0	0	0	0	0	0	0	0	0	0	0	0	0	0	0	0
/input/intro-notes/StructureDefinition-mii-pr-onko-tnm-n-kategorie-intro.md	1292	-	-	-	0	0	0	0	0	0	0	0	0	0	0	0	0	0	0	0	0	0	1	0	0	0	0	1	0
/input/intro-notes/StructureDefinition-mii-pr-onko-tumorgroesse-intro.md	1291	-	-	-	0	0	0	0	0	0	0	0	0	0	0	0	0	0	0	0	0	0	0	0	0	0	0	0	0
/input/intro-notes/StructureDefinition-mii-pr-onko-therapieempfehlung-operation-intro.md	3851	-	-	-	0	0	0	0	0	0	0	0	0	0	0	0	0	0	0	0	0	0	0	0	0	0	0	0	0
/input/intro-notes/StructureDefinition-mii-pr-onko-tnm-m-kategorie-intro.md	1272	-	-	-	0	0	0	0	0	0	0	0	0	0	0	0	0	0	0	0	0	0	0	0	0	0	0	0	0
/input/intro-notes/StructureDefinition-mii-pr-onko-prostate-anzahl-positive-stanzen-intro.md	2366	-	-	-	0	0	0	0	0	0	0	0	0	0	0	0	0	0	0	0	0	0	0	0	0	0	0	0	0
/input/intro-notes/StructureDefinition-mii-pr-onko-krk-abstand-aboral-intro.md	3364	-	-	-	0	0	0	0	0	0	0	0	0	0	0	0	0	0	0	0	0	0	0	0	0	0	0	0	0
/input/intro-notes/StructureDefinition-mii-ex-onko-histology-morphology-behavior-icdo3-intro.md	1562	-	-	-	0	0	0	0	0	0	0	0	0	0	0	0	0	0	0	0	0	0	0	0	0	0	0	0	0
/input/intro-notes/StructureDefinition-mii-pr-onko-fernmetastasen-intro.md	1178	-	-	-	0	0	0	0	0	0	0	0	0	0	0	0	0	0	0	0	0	0	0	0	0	0	0	0	0
/input/intro-notes/StructureDefinition-mii-pr-onko-tumorkonferenz-intro.md	5439	-	-	-	0	0	0	0	0	0	0	0	0	0	0	0	0	0	0	0	0	0	1	0	0	0	0	0	0
/input/intro-notes/StructureDefinition-mii-pr-onko-krk-anastomoseninsuffizienz-intro.md	3303	-	-	-	0	0	0	0	0	0	0	0	0	0	0	0	0	0	0	0	0	0	0	0	0	0	0	0	0
/input/intro-notes/StructureDefinition-mii-pr-onko-mamma-rezeptorstatus-estrogen-intro.md	5063	-	-	-	0	0	0	0	0	0	0	0	0	0	0	0	0	0	0	0	0	0	0	0	0	0	0	0	0
/input/intro-notes/ConceptMap-mii-cm-onko-studienteilnahme-sct-intro.md	370	-	-	-	0	0	0	0	0	0	0	0	0	0	0	0	0	0	0	0	0	0	0	0	0	0	0	0	0
/input/intro-notes/StructureDefinition-mii-ex-onko-tnm-cp-praefix-intro.md	1126	-	-	-	0	0	0	0	0	0	0	0	0	0	0	0	0	0	0	0	0	0	0	0	0	0	0	0	0
/input/intro-notes/StructureDefinition-mii-pr-onko-tnm-m-symbol-intro.md	949	-	-	-	0	0	0	0	0	0	0	0	0	0	0	0	0	0	0	0	0	0	0	0	0	0	0	0	0
/input/intro-notes/StructureDefinition-mii-pr-onko-fruehere-tumorerkrankung-intro.md	5710	-	-	-	0	0	0	0	0	0	0	0	0	0	0	0	0	0	0	0	0	0	0	0	0	0	0	0	0
/input/intro-notes/StructureDefinition-mii-ex-onko-operation-intention-intro.md	463	-	-	-	0	0	0	0	0	0	0	0	0	0	0	0	0	0	0	0	0	0	1	0	0	0	0	0	0
/input/intro-notes/StructureDefinition-mii-pr-onko-tnm-l-kategorie-intro.md	347	-	-	-	0	0	0	0	0	0	0	0	0	0	0	0	0	0	0	0	0	0	0	0	0	0	0	0	0
/input/intro-notes/StructureDefinition-mii-pr-onko-krk-abstand-circumferelle-resektionsebene-intro.md	3436	-	-	-	0	0	0	0	0	0	0	0	0	0	0	0	0	0	0	0	0	0	0	0	0	0	0	0	0
/input/intro-notes/ConceptMap-mii-cm-onko-therapie-ende-sct-intro.md	630	-	-	-	0	0	0	0	0	0	0	0	0	0	0	0	0	0	0	0	0	0	0	0	0	0	0	0	0
/input/intro-notes/ConceptMap-mii-cm-onko-grading-sct-intro.md	394	-	-	-	0	0	0	0	0	0	0	0	0	0	0	0	0	0	0	0	0	0	0	0	0	0	0	0	0
/input/intro-notes/StructureDefinition-mii-pr-onko-systemische-therapie-medikation-intro.md	2267	-	-	-	0	0	0	0	0	0	0	0	0	0	0	0	0	0	0	0	0	0	0	0	0	0	0	0	0
/input/intro-notes/StructureDefinition-mii-pr-onko-diagnose-primaertumor-intro.md	6245	-	-	-	0	0	0	0	0	0	0	0	0	0	0	0	0	0	0	0	0	0	0	0	0	0	0	0	0
/input/intro-notes/StructureDefinition-mii-pr-onko-studienteilnahme-intro.md	2902	-	-	-	0	0	0	0	0	0	0	0	0	0	0	0	0	0	0	0	0	0	0	0	0	0	0	0	0
/input/intro-notes/StructureDefinition-mii-pr-onko-asa-klassifikation-intro.md	2179	-	-	-	0	0	0	0	0	0	0	0	0	0	0	0	0	0	0	0	0	0	0	0	0	0	0	0	0
/template/config	0	-	-	-	0	0	0	0	0	0	0	0	0	0	0	0	0	0	0	0	0	0	1	0	0	0	0	0	0
/template/config/_config.yml	140	-	-	-	0	0	0	0	0	0	0	0	0	0	0	0	0	0	0	0	0	0	0	0	0	0	0	0	0
/input/images	0	-	-	-	0	0	0	0	0	0	0	0	0	0	0	0	0	0	0	0	0	0	0	0	0	0	0	0	0
/input/images/MII_Onko_17-20_24_Others.png	177238	-	-	-	0	0	0	0	0	0	0	0	0	0	0	0	0	0	0	0	0	0	0	0	0	0	0	0	0
/input/images/MII_Onko_MultiPartSurgery_Example.png	122765	-	-	-	0	0	0	0	0	0	0	0	0	0	0	0	0	0	0	0	0	0	0	0	0	0	0	0	0
/input/images/onco_merged.svg	59809	-	-	-	0	0	0	0	0	0	0	0	0	0	0	0	0	0	0	0	0	0	1	0	0	0	0	0	0
/input/images/MII_Onko_08_TNM.png	247985	-	-	-	0	0	0	0	0	0	0	0	0	0	0	0	0	0	0	0	0	0	0	0	0	0	0	0	0
/input/images/MII_Onko_UML_Relations_v1.svg	73962	-	-	-	0	0	0	0	0	0	0	0	0	0	0	0	0	0	0	0	0	0	0	0	0	0	0	0	0
/input/images/MII_Onko_KRK_Module.png	182243	-	-	-	0	0	0	0	0	0	0	0	0	0	0	0	0	0	0	0	0	0	0	0	0	0	0	0	0
/input/images/MII_Onko_Mamma_Module.png	176797	-	-	-	0	0	0	0	0	0	0	0	0	0	0	0	0	0	0	0	0	0	1	0	0	0	0	0	0
/input/images/TNM_Breast_Cancer_Journey.svg	44004	-	-	-	0	0	0	0	0	0	0	0	0	0	0	0	0	0	0	0	0	0	0	0	0	0	0	0	0
/input/images/MII_Onko_Prostata_Module.png	236556	-	-	-	0	0	0	0	0	0	0	0	0	0	0	0	0	0	0	0	0	0	0	0	0	0	0	0	0
/input/images/FhirModulOnkologieDiagnosis.svg	12404	-	-	-	0	0	0	0	0	0	0	0	0	0	0	0	0	0	0	0	0	0	0	0	0	0	0	0	0
/input/images/MII_Onko_17-20_24_Others.svg	40012	-	-	-	0	0	0	0	0	0	0	0	0	0	0	0	0	0	0	0	0	0	1	0	0	0	0	0	0
/input/images/MII_Onko_08_TNM.svg	45731	-	-	-	0	0	0	0	0	0	0	0	0	0	0	0	0	0	0	0	0	0	0	0	0	0	0	0	0
/input/images/MII_Onko_13-16_Prozeduren.svg	34061	-	-	-	0	0	0	0	0	0	0	0	0	0	0	0	0	0	0	0	0	0	0	0	0	0	0	0	0
/input/images/FhirModulOnkologieTherapy.svg	22817	-	-	-	0	0	0	0	0	0	0	0	0	0	0	0	0	0	0	0	0	0	0	0	0	0	0	0	0
/input/images/MII_Onko_KRK_Module.svg	39442	-	-	-	0	0	0	0	0	0	0	0	0	0	0	0	0	0	0	0	0	0	0	0	0	0	0	0	0
/input/images/MII_Onko_05_Diagnosis.svg	27287	-	-	-	0	0	0	0	0	0	0	0	0	0	0	0	0	0	0	0	0	0	0	0	0	0	0	0	0
/input/images/MII_Onko_9-12_Observations.svg	24297	-	-	-	0	0	0	0	0	0	0	0	0	0	0	0	0	0	0	0	0	0	0	0	0	0	0	0	0
/input/images/MII_Onko_Prostata_Module.svg	45464	-	-	-	0	0	0	0	0	0	0	0	0	0	0	0	0	0	0	0	0	0	0	0	0	0	0	0	0
/input/images/MII_Onko_17-20_24_Others.cmapx	288	-	-	-	0	0	0	0	0	0	0	0	0	0	0	0	0	0	0	0	0	0	0	0	0	0	0	0	0
/input/images/MII_Onko_Mamma_Module.svg	38585	-	-	-	0	0	0	0	0	0	0	0	0	0	0	0	0	0	0	0	0	0	0	0	0	0	0	0	0
/input/images/MII_Onko_9-12_Observations.png	123871	-	-	-	0	0	0	0	0	0	0	0	0	0	0	0	0	0	0	0	0	0	1	0	0	0	0	0	0
/input/images/MII KDS Erweiterungsmodul Onkologie.svg	122807	-	-	-	0	0	0	0	0	0	0	0	0	0	0	0	0	0	0	0	0	0	0	0	0	0	0	0	0
/input/images/her2neu-2.png	376265	-	-	-	0	0	0	0	0	0	0	0	0	0	0	0	0	0	0	0	0	0	0	0	0	0	0	0	0
/input/images/MII_Onko_UML_Relations_v1.png	174871	-	-	-	0	0	0	0	0	0	0	0	0	0	0	0	0	0	0	0	0	0	1	0	0	0	0	0	0
/input/images/MII_Onko_Melanom_Module.png	138777	-	-	-	0	0	0	0	1	0	0	0	0	0	0	0	0	0	0	0	0	0	0	0	0	0	0	0	0
/input/images/MII_Onko_05_Diagnosis.png	70151	-	-	-	0	0	0	0	0	0	0	0	0	0	0	0	0	0	0	0	0	0	0	0	0	0	0	0	0
/input/images/MII_Onko_UML_Relations_v2.svg	69299	-	-	-	0	0	0	0	0	0	0	0	0	0	0	0	0	0	0	0	0	0	0	0	0	0	0	0	0
/input/images/MII_Onko_Strahlentherapie_Zielgebiet_Migration.png	110772	-	-	-	0	0	0	0	0	0	0	0	0	0	0	0	0	0	0	0	0	0	0	0	0	0	0	0	0
/input/images/MII_Onko_UML_Relations_v2.png	187033	-	-	-	0	0	0	0	0	0	0	0	0	0	0	0	0	0	0	0	0	0	0	0	0	0	0	0	0
/input/images/MII_Onko_06_Histologie.svg	34727	-	-	-	0	0	0	0	0	0	0	0	0	0	0	0	0	0	0	0	0	0	1	0	0	0	0	0	0
/input/images/MII_Onko_06_Histologie.png	153068	-	-	-	0	0	0	0	0	0	0	0	0	0	0	0	0	0	0	0	0	0	0	0	0	0	0	0	0
/input/images/her2neu-1.png	619935	-	-	-	0	0	0	0	0	0	0	0	0	0	0	0	0	0	0	0	0	0	0	0	0	0	0	0	0
/input/images/onco_merged.png	346705	-	-	-	0	0	0	0	0	0	0	0	0	0	0	0	0	0	0	0	0	0	1	0	0	0	0	0	0
/input/images/MII_Onko_Example_Patient.svg	120079	-	-	-	0	0	0	0	0	0	0	0	0	0	0	0	0	0	0	0	0	0	0	0	0	0	0	0	0
/input/images/MII_Onko_UML_Relations_v1.cmapx	5343	-	-	-	0	0	0	0	0	0	0	0	0	0	0	0	0	0	0	0	0	0	0	0	0	0	0	0	0
/input/images/MII_Onko_Melanom_Module.svg	31244	-	-	-	0	0	0	0	0	0	0	0	0	0	0	0	0	0	0	0	0	0	0	0	0	0	0	0	0
/input/images/MII_Onko_13-16_Prozeduren.png	131554	-	-	-	0	0	0	0	0	0	0	0	0	0	0	0	0	0	0	0	0	0	0	0	0	0	0	0	0
/temp/pages/_includes/artifacts.xml	420367	-	-	-	-	-	-	-	-	-	-	-	-	-	-	-	-	-	-	-	-	-	12	0	0	0	0	0	0
