Source File	Size	loadResources	load	generateSnapshots	load-configure	scan	loadDepInfo	loadInfo	checkR4R4B	generateNarratives	validate	loadLists	checkConformanceResources	checkConformanceResources2	checkConformanceResources3	generateLogicalMaps	validateExpressions	scanForUsageStats	checkURLsUnique	processProvenanceDetails	translate	generate1	generate2	generateLogicals	makeDependencies	generateExampleZip	generateValidationPack	scanProfilesForR5	scanExamplesForR5
/fsh-generated/resources/ImplementationGuide-mii-ig-onko-de-v2026.json	261968	-	0	0	0	0	0	0	29	129	0	0	0	0	0	0	0	2	0	0	49	527	2922	0	0	0	41	0	4
fsh-generated/resources/AdverseEvent-mii-exa-onko-nebenwirkung-anaemie-grad3.json	1522	3	0	0	1	0	0	0	0	17	0	0	0	0	0	0	0	0	0	0	10	8	52	0	0	1	0	0	0
fsh-generated/resources/AdverseEvent-mii-exa-onko-nebenwirkung-crs-grad4.json	1581	2	0	0	0	0	0	0	0	7	0	0	0	0	0	0	0	0	0	0	10	8	48	0	0	0	0	0	0
fsh-generated/resources/AdverseEvent-mii-exa-onko-nebenwirkung-rektale-mukositis-grad2.json	1425	1	0	0	0	0	0	0	0	886	0	0	0	0	0	0	0	0	0	0	10	8	48	0	0	0	0	0	0
fsh-generated/resources/AdverseEvent-mii-exa-onko-oxaliplatin-neuropathy.json	1373	2	0	0	1	0	0	0	0	10	0	0	0	0	0	0	0	0	0	0	8	11	46	0	0	0	0	0	0
fsh-generated/resources/AdverseEvent-mii-pr-onko-nebenwirkung-0.json	1480	2	0	0	0	0	0	0	0	6	0	0	0	0	0	0	0	0	0	0	9	10	44	0	0	0	0	0	0
fsh-generated/resources/AdverseEvent-mii-pr-onko-nebenwirkung-text.json	774	2	0	0	0	0	0	0	0	4	0	0	0	0	0	0	0	0	0	0	8	9	43	0	0	0	0	0	0
fsh-generated/resources/Bundle-mii-exa-onko-cup-bundle.json	14351	3	20	0	0	0	0	0	2	1113	0	0	0	0	0	0	0	0	0	0	14	34	105	0	0	0	0	0	0
fsh-generated/resources/Bundle-mii-exa-onko-folfox-workflow-bundle.json	40248	8	24	0	0	0	0	0	2	145	0	0	0	0	0	0	0	0	0	0	7	93	377	0	0	0	0	0	0
fsh-generated/resources/Bundle-mii-exa-onko-kim-musterperson-synthesized.json	55546	9	19	0	0	0	0	0	4	427	0	0	0	0	0	0	0	1	0	0	8	108	475	0	0	0	0	0	0
fsh-generated/resources/Bundle-mii-exa-onko-krk-bundle.json	17333	4	7	0	0	0	0	0	1	1424	0	0	0	0	0	0	0	0	0	0	8	41	4265	0	0	0	0	0	0
fsh-generated/resources/Bundle-mii-exa-onko-mamma-example-bundle-1.json	12849	4	1	0	0	0	0	0	1	348	0	0	0	0	0	0	0	0	0	0	8	24	1113	0	0	0	0	0	0
fsh-generated/resources/Bundle-mii-exa-onko-melanom-bundle.json	13738	4	3	0	0	0	0	0	1	1716	0	0	0	0	0	0	0	0	0	0	7	33	5270	0	0	0	0	0	0
fsh-generated/resources/Bundle-mii-exa-onko-prostata-example-bundle-1.json	16910	3	2	0	1	0	0	0	2	8	0	0	0	0	0	0	0	0	0	0	7	38	136	0	0	0	0	0	1
fsh-generated/resources/Bundle-mii-exa-onko-tnm-bundle-legacy.json	10698	3	1	0	0	0	0	0	0	6	0	0	0	0	0	0	0	0	0	0	7	67	64	0	0	0	0	0	0
fsh-generated/resources/Bundle-mii-exa-onko-tnm-bundle-synthesized.json	21910	4	2	0	0	0	0	0	2	9	0	0	0	0	0	0	0	0	0	0	7	48	146	0	0	0	0	0	0
fsh-generated/resources/Bundle-mii-exa-onko-tnm-bundle.json	11238	3	2	0	0	1	0	0	1	4	0	0	0	0	0	0	0	0	0	0	6	27	64	0	0	0	0	0	0
fsh-generated/resources/CapabilityStatement-mii-cps-onko-capabilitystatement.json	93442	9	0	0	0	0	1	0	5	72	0	0	0	0	0	0	0	0	0	0	7	214	218	0	1	0	7	0	0
fsh-generated/resources/CarePlan-PatientKimMusterperson-Tumorkonferenz-1.json	2020	2	0	0	0	0	0	0	0	8	0	0	0	0	0	0	0	0	0	0	7	10	19	0	0	0	0	0	0
fsh-generated/resources/CarePlan-PatientKimMusterperson-Tumorkonferenz-2.json	1406	2	0	0	1	0	0	0	1	3	0	0	0	0	0	0	0	0	0	0	6	7	16	0	0	0	0	0	0
fsh-generated/resources/CarePlan-PatientKimMusterperson-Tumorkonferenz-3.json	1550	2	0	0	0	0	0	0	0	5	0	0	0	0	0	0	0	0	0	0	7	8	20	0	0	0	0	0	0
fsh-generated/resources/CarePlan-PatientKimMusterperson-Tumorkonferenz-4.json	1651	1	0	0	0	0	0	0	0	5	0	0	0	0	0	0	0	0	0	0	6	9	21	0	0	0	0	0	0
fsh-generated/resources/CarePlan-mii-exa-onko-kim-tk1.json	1269	2	0	0	0	0	0	0	0	3	0	0	0	0	0	0	0	0	0	0	7	7	21	0	0	0	0	0	0
fsh-generated/resources/CarePlan-mii-exa-onko-kim-tk2.json	1227	1	0	0	0	0	0	0	0	4	0	0	0	0	0	0	0	0	0	0	7	6	21	0	0	0	0	0	0
fsh-generated/resources/CarePlan-mii-exa-onko-kim-tk3.json	1269	2	0	0	0	0	0	0	0	4	0	0	0	0	0	0	0	0	0	0	8	6	20	0	0	0	0	0	0
fsh-generated/resources/CarePlan-mii-exa-onko-kim-tk4.json	1352	1	0	0	0	0	0	0	0	5	0	0	0	0	0	0	0	0	0	0	6	8	25	0	0	0	0	0	0
fsh-generated/resources/CarePlan-mii-exa-onko-tnm-synth-tumorkonferenz.json	1299	2	0	0	0	0	0	0	0	4	0	0	0	0	0	0	0	0	0	0	8	8	21	0	0	0	0	0	0
fsh-generated/resources/CarePlan-mii-exa-onko-tumorkonferenz-01.json	1017	1	0	0	0	0	0	0	0	3	0	0	0	0	0	0	0	0	0	0	7	7	12	0	0	0	0	0	0
fsh-generated/resources/CarePlan-mii-exa-onko-tumorkonferenz-02.json	1970	2	0	0	0	0	0	0	0	5	0	0	0	0	0	0	0	0	0	0	8	8	13	0	0	0	0	0	0
fsh-generated/resources/CarePlan-mii-exa-onko-tumorkonferenz-folfox-modification.json	1250	1	0	0	1	0	0	0	1	4	0	0	0	0	0	0	0	0	0	0	6	7	20	0	0	0	0	0	0
fsh-generated/resources/CarePlan-mii-exa-onko-tumorkonferenz-folfox.json	1212	2	0	0	0	0	0	0	0	3	0	0	0	0	0	0	0	0	0	0	6	7	21	0	0	0	0	0	0
fsh-generated/resources/CarePlan-mii-exa-onko-tumorkonferenz-mixed-approach.json	1492	1	0	0	0	0	0	0	0	6	0	0	0	0	0	0	0	1	0	0	7	8	20	0	0	0	0	0	0
fsh-generated/resources/CarePlan-mii-exa-onko-tumorkonferenz-molekular.json	2125	2	0	0	0	0	0	0	0	5	0	0	0	0	0	0	0	0	0	0	6	9	18	0	0	0	0	0	0
fsh-generated/resources/CarePlan-mii-exa-onko-tumorkonferenz-pure-molecular.json	1451	2	0	0	0	0	0	0	0	733	0	0	0	0	0	0	0	0	0	0	5	7	24	0	0	0	0	0	0
fsh-generated/resources/CodeSystem-mii-cs-onko-allgemeiner-leistungszustand-ecog.json	6191	1	0	0	0	0	0	0	1	7	0	0	1	0	0	0	0	0	0	0	5	18	98	0	0	0	1	0	0
fsh-generated/resources/CodeSystem-mii-cs-onko-allgemeiner-leistungszustand-karnofsky.json	5866	2	0	0	0	0	0	0	0	4	0	0	0	0	0	0	0	0	0	0	4	14	90	0	0	0	0	0	0
fsh-generated/resources/CodeSystem-mii-cs-onko-asa-obds.json	6082	2	0	0	0	0	0	0	1	4	0	0	0	0	0	0	0	0	0	0	5	15	85	0	0	0	0	0	0
fsh-generated/resources/CodeSystem-mii-cs-onko-fernmetastasen.json	6063	2	0	0	0	0	0	0	0	3	0	0	0	0	0	0	0	0	0	0	5	19	82	0	0	0	1	0	0
fsh-generated/resources/CodeSystem-mii-cs-onko-genetische-variante-auspraegung.json	5470	2	0	0	0	0	0	0	1	3	0	0	0	0	0	0	0	0	0	0	4	19	79	0	0	0	0	0	0
fsh-generated/resources/CodeSystem-mii-cs-onko-grading.json	6129	2	0	0	0	0	0	0	0	3	0	0	0	0	0	0	0	0	0	0	4	21	78	0	0	0	0	0	0
fsh-generated/resources/CodeSystem-mii-cs-onko-intention.json	5496	1	0	0	0	0	0	0	1	4	0	0	1	0	0	0	0	0	0	0	4	14	98	0	0	0	1	0	1
fsh-generated/resources/CodeSystem-mii-cs-onko-krk-anastomoseninsuffizienz.json	5580	2	0	0	1	0	0	0	0	3	0	0	0	0	0	0	0	0	0	0	5	34	72	0	0	0	0	0	0
fsh-generated/resources/CodeSystem-mii-cs-onko-krk-mrt-mesorektale-faszie-status.json	5795	2	0	0	0	0	0	0	1	2	0	0	0	0	0	0	0	0	0	0	4	26	70	0	0	0	0	0	0
fsh-generated/resources/CodeSystem-mii-cs-onko-krk-operationstyp.json	5578	1	0	0	0	0	0	0	0	3	0	0	0	0	0	0	0	0	0	0	4	30	70	0	0	0	1	0	0
fsh-generated/resources/CodeSystem-mii-cs-onko-krk-stoma-anzeichnung.json	5979	2	0	0	0	0	0	0	1	3	0	0	0	0	0	0	0	0	0	0	5	13	68	0	0	0	0	0	0
fsh-generated/resources/CodeSystem-mii-cs-onko-krk-tme-qualitaet.json	5219	2	0	0	0	0	0	0	0	2	0	0	0	0	0	0	0	0	0	0	5	11	66	0	0	0	0	0	0
fsh-generated/resources/CodeSystem-mii-cs-onko-mamma-her2neu-status-leitlinie.json	5867	1	0	0	0	0	0	0	0	4	0	0	0	0	0	0	0	0	0	0	5	13	66	0	0	0	1	0	0
fsh-generated/resources/CodeSystem-mii-cs-onko-mamma-her2neu-status-obds.json	5392	2	0	0	0	0	0	0	1	3	0	0	0	0	0	0	0	0	0	0	5	12	65	0	0	0	0	0	0
fsh-generated/resources/CodeSystem-mii-cs-onko-mamma-rezeptorstatus-leitlinie.json	5483	2	0	0	0	0	0	0	0	4	0	0	1	0	0	0	0	0	0	0	5	12	75	0	0	0	0	0	0
fsh-generated/resources/CodeSystem-mii-cs-onko-melanom-ulzeration.json	5258	1	0	0	0	0	0	0	1	3	0	0	0	0	0	0	0	0	0	0	5	12	67	0	0	0	0	0	0
fsh-generated/resources/CodeSystem-mii-cs-onko-nebenwirkung-ctcae-grad.json	5730	2	0	0	0	0	0	0	0	4	0	0	0	0	0	0	0	0	0	0	4	12	49	0	0	0	1	0	0
fsh-generated/resources/CodeSystem-mii-cs-onko-nebenwirkung-ctcae-version.json	5363	2	0	0	0	0	0	0	1	4	0	0	0	0	0	0	0	0	0	0	4	12	48	0	0	0	0	0	0
fsh-generated/resources/CodeSystem-mii-cs-onko-nebenwirkung-meddra-de.json	648517	70	0	0	0	0	0	0	51	394	0	0	1	0	0	0	0	3	0	0	41	1189	1267	0	0	0	70	0	3
fsh-generated/resources/CodeSystem-mii-cs-onko-operation-komplikation.json	11588	5	0	0	0	0	0	0	1	9	0	0	0	0	0	0	0	0	0	0	10	35	98	0	0	0	2	0	0
fsh-generated/resources/CodeSystem-mii-cs-onko-operation-urgency.json	5590	2	0	0	0	0	0	0	1	4	0	0	0	0	0	0	0	0	0	0	10	11	63	0	0	0	0	0	0
fsh-generated/resources/CodeSystem-mii-cs-onko-primaertumor-diagnosesicherung.json	8084	2	0	0	0	0	0	0	0	6	0	0	0	0	0	0	0	0	0	0	9	19	64	0	0	0	1	0	0
fsh-generated/resources/CodeSystem-mii-cs-onko-prostata-postsurgical-complications.json	5318	2	0	0	0	0	0	0	1	3	0	0	0	0	0	0	0	0	0	0	8	11	64	0	0	0	0	0	0
fsh-generated/resources/CodeSystem-mii-cs-onko-residualstatus.json	5686	2	0	0	0	0	0	0	0	4	0	0	0	0	0	0	0	0	0	0	8	14	72	0	0	0	0	0	0
fsh-generated/resources/CodeSystem-mii-cs-onko-seitenlokalisation.json	5736	2	0	0	0	0	0	0	1	4	0	0	0	0	0	0	0	0	0	0	7	18	58	0	0	0	1	0	0
fsh-generated/resources/CodeSystem-mii-cs-onko-strahlentherapie-applikationsart.json	7775	2	0	0	1	0	0	0	0	5	0	0	1	0	0	0	0	0	0	0	8	20	60	0	0	0	0	0	0
fsh-generated/resources/CodeSystem-mii-cs-onko-strahlentherapie-boost.json	5522	2	0	0	0	0	0	0	1	4	0	0	0	0	0	0	0	0	0	0	7	13	67	0	0	0	1	0	0
fsh-generated/resources/CodeSystem-mii-cs-onko-strahlentherapie-strahlenart.json	6517	2	0	0	0	0	0	0	1	4	0	0	0	0	0	0	0	0	0	0	6	51	770	0	0	0	0	0	0
fsh-generated/resources/CodeSystem-mii-cs-onko-strahlentherapie-zielgebiet-2014.json	16515	4	0	0	0	0	0	0	2	15	0	0	0	0	0	0	0	0	0	0	7	58	83	0	0	0	2	0	0
fsh-generated/resources/CodeSystem-mii-cs-onko-strahlentherapie-zielgebiet.json	12443	3	0	0	0	0	0	0	1	10	0	0	0	0	0	0	0	1	0	0	7	39	775	0	0	0	2	0	0
fsh-generated/resources/CodeSystem-mii-cs-onko-studienteilnahme.json	5147	2	0	0	0	0	0	0	0	4	0	0	0	0	0	0	0	0	0	0	5	14	44	0	0	0	0	0	0
fsh-generated/resources/CodeSystem-mii-cs-onko-systemische-therapie-protokolle.json	26028	5	0	0	0	0	0	0	3	17	0	0	1	0	0	0	0	0	0	0	8	80	95	0	0	0	4	0	1
fsh-generated/resources/CodeSystem-mii-cs-onko-therapie-ende-grund.json	5875	2	0	0	0	0	0	0	0	4	0	0	0	0	0	0	0	0	0	0	6	15	44	0	0	0	0	0	0
fsh-generated/resources/CodeSystem-mii-cs-onko-therapie-stellungzurop.json	5409	2	0	0	0	0	0	0	1	4	0	0	0	0	0	0	0	0	0	0	6	12	44	0	0	0	1	0	0
fsh-generated/resources/CodeSystem-mii-cs-onko-therapie-typ.json	6237	2	0	0	0	0	0	0	0	4	0	0	0	0	0	0	0	0	0	0	7	14	44	0	0	0	0	0	0
fsh-generated/resources/CodeSystem-mii-cs-onko-therapieabweichung.json	5188	1	0	0	0	0	0	0	1	3	0	0	0	0	0	0	0	0	0	0	6	11	38	0	0	0	0	0	0
fsh-generated/resources/CodeSystem-mii-cs-onko-therapieplanung-typ.json	5499	2	0	0	0	0	0	0	0	4	0	0	0	0	0	0	0	0	0	0	6	12	37	0	0	0	1	0	0
fsh-generated/resources/CodeSystem-mii-cs-onko-tnm-formel.json	5264	2	0	0	0	0	0	0	1	3	0	0	0	0	0	0	0	0	0	0	7	13	37	0	0	0	0	0	0
fsh-generated/resources/CodeSystem-mii-cs-onko-tnm-uicc.json	14650	3	0	0	0	0	0	0	1	11	0	0	0	0	0	0	0	0	0	0	8	44	70	0	0	0	2	0	0
fsh-generated/resources/CodeSystem-mii-cs-onko-tnm-version.json	5659	2	0	0	0	0	0	0	1	4	0	0	0	0	0	0	0	0	0	0	6	12	40	0	0	0	0	0	0
fsh-generated/resources/CodeSystem-mii-cs-onko-tod.json	5356	2	0	0	0	0	0	0	0	3	0	0	0	0	0	0	0	0	0	0	7	12	38	0	0	0	1	0	0
fsh-generated/resources/CodeSystem-mii-cs-onko-verlauf-fernmetastasen.json	5658	1	0	0	0	0	0	0	1	3	0	0	1	0	0	0	0	0	0	0	6	15	97	0	0	0	0	0	0
fsh-generated/resources/CodeSystem-mii-cs-onko-verlauf-gesamtbeurteilung.json	5915	2	0	0	0	0	0	1	0	4	0	0	0	0	0	0	0	0	0	0	5	14	61	0	0	0	0	0	0
fsh-generated/resources/CodeSystem-mii-cs-onko-verlauf-lymphknoten.json	5664	2	0	0	0	0	0	0	1	3	0	0	0	0	0	0	0	0	0	0	5	12	52	0	0	0	1	0	0
fsh-generated/resources/CodeSystem-mii-cs-onko-verlauf-primaertumor.json	5622	1	0	0	0	0	0	0	0	4	0	0	0	0	0	0	0	0	0	0	6	13	54	0	0	0	0	0	0
fsh-generated/resources/CodeSystem-mii-cs-onko-weitere-klassifikationen-obds.json	45192	6	0	0	0	0	0	0	4	28	0	0	0	0	0	0	0	0	0	0	9	126	174	0	0	0	8	0	0
fsh-generated/resources/CodeSystem-radelement.json	893	2	0	0	1	0	0	0	0	3	0	0	0	0	0	0	0	0	0	0	5	8	31	0	0	0	0	1	0
fsh-generated/resources/ConceptMap-mii-cm-mii-to-mvgenomseq-condition-diagnose-primaertumor.json	4557	2	0	0	0	0	0	0	0	733	0	0	0	0	0	0	0	0	0	0	6	11	36	0	0	0	1	0	0
fsh-generated/resources/ConceptMap-mii-cm-onko-allgemeiner-leistungszustand-ecog-loinc.json	7633	1	0	0	0	0	0	0	1	5	0	0	0	0	0	0	0	0	0	0	6	17	29	0	0	0	0	0	1
fsh-generated/resources/ConceptMap-mii-cm-onko-allgemeiner-leistungszustand-karnofsky-loinc.json	8311	2	0	0	0	0	0	0	1	4	0	0	0	0	0	0	0	0	0	0	6	18	28	0	0	0	1	0	0
fsh-generated/resources/ConceptMap-mii-cm-onko-allgemeiner-leistungszustand-sct.json	8431	2	0	0	0	0	0	0	0	715	0	0	0	0	0	0	0	0	0	0	6	17	39	0	0	0	0	0	0
fsh-generated/resources/ConceptMap-mii-cm-onko-asa-obds-loinc.json	6736	2	0	0	0	0	0	0	1	4	0	0	0	0	0	0	0	1	0	0	6	14	30	0	0	0	1	0	0
fsh-generated/resources/ConceptMap-mii-cm-onko-atc-transitions-2021.json	22779	89	0	0	0	0	0	0	2	10	0	0	0	0	0	0	0	0	0	0	5	45	56	0	0	0	2	0	0
fsh-generated/resources/ConceptMap-mii-cm-onko-atc-transitions-2022.json	11998	3	0	0	0	0	0	0	1	6	0	0	0	0	0	0	0	0	0	0	5	24	46	0	0	0	0	0	0
fsh-generated/resources/ConceptMap-mii-cm-onko-atc-transitions-2023.json	6223	2	0	0	0	0	0	0	0	3	0	0	0	0	0	0	0	0	0	0	6	13	27	0	0	0	1	0	0
fsh-generated/resources/ConceptMap-mii-cm-onko-atc-transitions-2024.json	9717	2	0	0	0	0	0	0	1	5	0	0	0	0	0	0	0	0	0	0	5	21	32	0	0	0	1	0	0
fsh-generated/resources/ConceptMap-mii-cm-onko-atc-transitions-2025.json	5755	2	0	0	0	0	0	0	0	3	0	0	0	0	0	0	0	0	0	0	5	12	29	0	0	0	0	0	0
fsh-generated/resources/ConceptMap-mii-cm-onko-atc-transitions-2026.json	5855	2	0	0	0	0	0	0	1	3	0	0	0	0	0	0	0	0	0	0	4	12	23	0	0	0	0	0	0
fsh-generated/resources/ConceptMap-mii-cm-onko-fernmetastasen-sct.json	9416	2	0	0	0	0	0	0	0	8	0	0	0	0	0	0	0	0	0	0	6	33	48	0	0	0	1	0	0
fsh-generated/resources/ConceptMap-mii-cm-onko-genetische-variante-auspraegung-sct.json	7650	2	0	0	0	0	0	0	1	5	0	0	0	0	0	0	0	0	0	0	5	15	37	0	0	0	0	0	0
fsh-generated/resources/ConceptMap-mii-cm-onko-grading-sct.json	9911	2	0	0	0	0	0	0	1	6	0	0	0	0	0	0	0	0	0	0	6	20	40	0	0	0	1	0	0
fsh-generated/resources/ConceptMap-mii-cm-onko-icdo3-transitions-2019.json	28689	3	0	0	0	0	0	0	2	12	0	0	0	0	0	0	0	0	0	0	6	70	63	0	0	0	3	0	0
fsh-generated/resources/ConceptMap-mii-cm-onko-intention-sct.json	7991	2	0	0	0	0	0	0	0	6	0	0	0	0	0	0	0	0	0	0	6	16	40	0	0	0	0	0	0
fsh-generated/resources/ConceptMap-mii-cm-onko-krk-stoma-obds-sct.json	6420	2	0	0	0	0	0	0	1	4	0	0	0	0	0	0	0	0	0	0	6	19	27	0	0	0	1	0	0
fsh-generated/resources/ConceptMap-mii-cm-onko-nebenwirkung-meddra-sct.json	254790	24	0	0	0	0	0	0	19	81	0	0	0	0	0	0	0	2	0	0	26	507	420	0	0	0	32	0	1
fsh-generated/resources/ConceptMap-mii-cm-onko-nebenwirkung-sct.json	7798	3	0	0	0	0	0	0	1	9	0	0	0	0	0	0	0	0	0	0	10	16	39	0	0	0	1	0	0
fsh-generated/resources/ConceptMap-mii-cm-onko-operation-komplikation-sct.json	31704	4	0	0	0	0	0	0	2	14	0	0	0	0	0	0	0	0	0	0	10	64	78	0	0	0	3	0	1
fsh-generated/resources/ConceptMap-mii-cm-onko-primaertumor-diagnosesicherung-sct.json	11180	2	0	0	1	0	0	0	1	8	0	0	0	0	0	0	0	0	0	0	9	22	48	0	0	0	1	0	0
fsh-generated/resources/ConceptMap-mii-cm-onko-residualstatus-uicc-sct.json	7533	2	0	0	0	0	0	0	1	4	0	0	0	0	0	0	0	0	0	0	8	15	32	0	0	0	0	0	0
fsh-generated/resources/ConceptMap-mii-cm-onko-seitenlokalisation-sct.json	7534	2	0	0	0	0	0	0	0	6	0	0	0	0	0	0	0	0	0	0	9	15	39	0	0	0	1	0	0
fsh-generated/resources/ConceptMap-mii-cm-onko-strahlentherapie-applikationsart-sct.json	12701	2	0	0	0	0	0	0	1	7	0	0	0	0	0	0	0	0	0	0	9	25	41	0	0	0	1	0	0
fsh-generated/resources/ConceptMap-mii-cm-onko-strahlentherapie-boost-sct.json	7354	2	0	0	0	0	0	0	1	6	0	0	0	0	0	0	0	0	0	0	8	24	33	0	0	0	0	0	0
fsh-generated/resources/ConceptMap-mii-cm-onko-strahlentherapie-strahlenart-sct.json	12033	3	0	0	0	0	0	0	0	7	0	0	0	0	0	0	0	0	0	0	9	24	42	0	0	0	1	0	0
fsh-generated/resources/ConceptMap-mii-cm-onko-strahlentherapie-strahleneinheit-sct.json	6962	2	0	0	0	0	0	0	1	6	0	0	0	0	0	0	0	0	0	0	8	70	36	0	0	0	0	0	0
fsh-generated/resources/ConceptMap-mii-cm-onko-strahlentherapie-zielgebiet-sct.json	37355	4	0	0	0	0	0	0	3	12	0	0	0	0	0	0	0	0	0	0	10	74	83	0	0	0	3	0	0
fsh-generated/resources/ConceptMap-mii-cm-onko-studienteilnahme-sct.json	6678	2	0	0	0	0	0	0	0	6	0	0	0	0	0	0	0	0	0	0	10	14	36	0	0	0	1	0	0
fsh-generated/resources/ConceptMap-mii-cm-onko-therapie-ende-sct.json	8989	2	0	0	0	0	0	0	1	7	0	0	0	0	0	0	0	0	0	0	9	18	43	0	0	0	0	0	0
fsh-generated/resources/ConceptMap-mii-cm-onko-therapie-stellung-sct.json	7486	2	0	0	0	0	0	0	0	5	0	0	0	0	0	0	0	0	0	0	9	15	38	0	0	0	1	0	0
fsh-generated/resources/ConceptMap-mii-cm-onko-therapie-typ-sct.json	11660	2	0	0	0	0	0	0	1	7	0	0	0	0	0	0	0	0	0	0	9	24	43	0	0	0	0	0	0
fsh-generated/resources/ConceptMap-mii-cm-onko-therapieabweichung-sct.json	6684	1	0	0	0	0	0	0	1	5	0	0	0	0	0	0	0	0	0	0	7	13	33	0	0	0	1	0	0
fsh-generated/resources/ConceptMap-mii-cm-onko-therapieplanung-sct.json	7150	2	0	0	0	0	0	0	0	5	0	0	0	0	0	0	0	0	0	0	8	14	33	0	0	0	0	0	0
fsh-generated/resources/ConceptMap-mii-cm-onko-tnm-uicc-sct-clinical.json	40912	5	0	0	0	0	0	0	3	12	0	0	0	0	0	0	0	1	0	0	9	75	77	0	0	0	3	0	1
fsh-generated/resources/ConceptMap-mii-cm-onko-tnm-uicc-sct-pathological.json	40810	5	0	0	0	0	0	0	4	12	0	0	0	0	0	0	0	0	0	0	9	75	75	0	0	0	3	0	0
fsh-generated/resources/ConceptMap-mii-cm-onko-tod-sct.json	6840	2	0	0	0	0	0	0	0	7	0	0	0	0	0	0	0	0	0	0	8	15	35	0	0	0	0	0	0
fsh-generated/resources/ConceptMap-mii-cm-onko-verlauf-fernmetastasen-sct.json	8591	2	0	0	0	0	0	0	1	6	0	0	0	0	0	0	0	0	0	0	8	17	46	0	0	0	1	0	0
fsh-generated/resources/ConceptMap-mii-cm-onko-verlauf-gesamtbeurteilung-sct.json	9118	1	0	0	0	0	0	0	0	6	0	0	0	0	0	0	0	0	0	0	8	18	39	0	0	0	0	0	0
fsh-generated/resources/ConceptMap-mii-cm-onko-verlauf-lymphknoten-sct.json	8261	2	0	0	0	0	0	0	1	5	0	0	0	0	0	0	0	0	0	0	9	16	35	0	0	0	1	0	0
fsh-generated/resources/ConceptMap-mii-cm-onko-verlauf-primaertumor-sct.json	8225	2	0	0	0	0	0	0	0	6	0	0	0	0	0	0	0	0	0	0	8	15	36	0	0	0	0	0	0
fsh-generated/resources/ConceptMap-mii-cm-onkologie-to-mvgenomseq.json	13361	2	0	0	0	0	0	0	1	747	0	0	0	0	0	0	0	0	0	0	9	26	56	0	0	0	1	0	0
fsh-generated/resources/Condition-PatientKimMusterperson-Diagnosis-1.json	1839	1	0	0	1	0	0	0	0	2	0	0	0	0	0	0	0	0	0	0	8	7	13	0	0	0	0	0	0
fsh-generated/resources/Condition-PatientKimMusterperson-PrimaryDiagnosis-2.json	1803	2	0	0	0	0	0	0	1	2	0	0	0	0	0	0	0	0	0	0	8	6	11	0	0	0	0	0	0
fsh-generated/resources/Condition-mii-exa-onko-ascending-colon-cancer-diagnosis.json	1539	1	0	0	0	0	0	0	0	2	0	0	0	0	0	0	0	0	0	0	7	7	16	0	0	0	0	0	0
fsh-generated/resources/Condition-mii-exa-onko-colorectal-cancer-diagnosis.json	1552	1	0	0	0	0	0	0	0	2	0	0	0	0	0	0	0	0	0	0	7	7	16	0	0	0	0	0	0
fsh-generated/resources/Condition-mii-exa-onko-cup-diagnose-aufgeloest.json	2342	1	0	0	0	0	0	0	0	2	0	0	0	0	0	0	0	0	0	0	7	7	13	0	0	0	0	0	0
fsh-generated/resources/Condition-mii-exa-onko-cup-diagnose.json	2359	2	0	0	0	0	0	0	0	1	0	0	0	0	0	0	0	0	0	0	7	8	13	0	0	0	0	0	0
fsh-generated/resources/Condition-mii-exa-onko-diagnose-aml-transformation.json	2646	1	0	0	0	0	0	0	0	2	0	0	0	0	0	0	0	0	0	0	6	8	23	0	0	0	0	0	0
fsh-generated/resources/Condition-mii-exa-onko-diagnose-angiosarkom-nach-radiatio.json	2416	2	0	0	0	0	0	0	0	1	0	0	0	0	0	0	0	0	0	0	6	21	16	0	0	0	0	0	0
fsh-generated/resources/Condition-mii-exa-onko-diagnose-mds.json	2206	1	0	0	0	0	0	0	1	2	0	0	0	0	0	0	0	0	0	0	5	7	13	0	0	0	0	0	0
fsh-generated/resources/Condition-mii-exa-onko-diagnose-meningeom-benigne.json	2156	1	0	0	0	0	0	0	0	1	0	0	0	0	0	0	0	0	0	0	4	7	12	0	0	0	0	0	0
fsh-generated/resources/Condition-mii-exa-onko-diagnose-meningeom-maligne-transformation.json	2425	1	0	0	0	0	0	0	0	1	0	0	0	0	0	0	0	0	0	0	4	8	16	0	0	0	0	0	0
fsh-generated/resources/Condition-mii-exa-onko-diagnose-taml-nach-chemo.json	2389	2	0	0	0	0	0	0	0	2	0	0	0	0	0	0	0	0	0	0	4	7	17	0	0	0	0	0	0
fsh-generated/resources/Condition-mii-exa-onko-diagnose.json	2695	1	0	0	0	0	0	0	0	1	0	0	0	0	0	0	0	0	0	0	4	8	14	0	0	0	0	0	0
fsh-generated/resources/Condition-mii-exa-onko-fruehere-tumorerkrankung-cervix.json	1528	1	0	0	0	0	0	0	0	2	0	0	0	0	0	0	0	0	0	0	4	6	11	0	0	0	0	0	0
fsh-generated/resources/Condition-mii-exa-onko-fruehere-tumorerkrankung-freetext.json	1284	1	0	0	0	0	0	0	0	2	0	0	0	0	0	0	0	0	0	0	4	8	11	0	0	0	0	0	0
fsh-generated/resources/Condition-mii-exa-onko-fruehere-tumorerkrankung-mamma.json	1847	1	0	0	0	0	0	0	1	1	0	0	0	0	0	0	0	0	0	0	4	7	13	0	0	0	0	0	0
fsh-generated/resources/Condition-mii-exa-onko-fruehere-tumorerkrankung-prostata.json	1823	2	0	0	0	0	0	0	0	3	0	0	0	0	0	0	0	0	0	0	5	6	12	0	0	0	0	0	0
fsh-generated/resources/Condition-mii-exa-onko-kim-synth-diagnose.json	1314	1	0	0	0	0	0	0	0	1	0	0	0	0	0	0	0	0	0	0	4	6	12	0	0	0	0	0	0
fsh-generated/resources/Condition-mii-exa-onko-krk-diagnose.json	1261	1	0	0	0	0	0	0	0	2	0	0	0	0	0	0	0	0	0	0	4	6	11	0	0	0	0	0	0
fsh-generated/resources/Condition-mii-exa-onko-mamma-diagnose.json	1298	2	0	0	0	0	0	0	0	1	0	0	0	0	0	0	0	0	0	0	5	6	11	0	0	0	0	0	0
fsh-generated/resources/Condition-mii-exa-onko-melanom-diagnose.json	1648	2	0	0	0	0	0	0	0	1	0	0	0	0	0	0	0	0	0	0	4	6	16	0	0	0	0	0	0
fsh-generated/resources/Condition-mii-exa-onko-prostata-diagnose.json	1293	1	0	0	1	0	0	0	0	1	0	0	0	0	0	0	0	0	0	0	5	6	12	0	0	0	0	0	0
fsh-generated/resources/Condition-mii-exa-onko-tnm-bundle-diagnose.json	1289	1	0	0	0	0	0	0	0	2	0	0	0	0	0	0	0	0	0	0	4	5	12	0	0	0	0	0	0
fsh-generated/resources/Condition-mii-exa-onko-tnm-bundle-legacy-diagnose.json	1303	2	0	0	0	0	0	0	0	1	0	0	0	0	0	0	0	0	0	0	5	6	11	0	0	0	0	0	0
fsh-generated/resources/Condition-mii-exa-onko-tnm-synth-diagnose.json	1287	1	0	0	0	0	0	0	1	2	0	0	0	0	0	0	0	0	0	0	4	7	12	0	0	0	0	0	0
fsh-generated/resources/Condition-primaertumor-example.json	1310	1	0	0	0	0	0	0	0	1	0	0	0	0	0	0	0	0	0	0	4	5	12	0	0	0	0	0	0
fsh-generated/resources/Device-mii-exa-onko-kim-synthesis-device.json	260	1	0	0	0	0	0	0	0	2	0	0	0	0	0	0	0	0	0	0	4	4	6	0	0	0	0	0	0
fsh-generated/resources/DiagnosticReport-PatientKimMusterperson-PathoReport-1.json	855	2	0	0	0	0	0	0	0	2	0	0	0	0	0	0	0	0	0	0	3	5	15	0	0	0	0	0	0
fsh-generated/resources/DiagnosticReport-mii-exa-onko-befund-1.json	751	1	0	0	0	0	0	0	0	757	0	0	0	0	0	0	0	0	0	0	3	4	18	0	0	0	0	0	0
fsh-generated/resources/Encounter-example-chemo-phase1.json	289	1	0	0	0	0	0	0	0	2	0	0	0	0	0	0	0	0	0	0	4	3	10	0	0	0	0	0	0
fsh-generated/resources/Encounter-example-chemo-phase2.json	289	1	0	0	0	0	0	0	0	2	0	0	0	0	0	0	0	0	0	0	4	4	9	0	0	0	0	0	0
fsh-generated/resources/Encounter-example-diagnosis-modification.json	299	1	0	0	0	0	0	0	0	1	0	0	0	0	0	0	0	0	0	0	3	3	13	0	0	0	0	0	0
fsh-generated/resources/Encounter-example-surgery-modification.json	306	0	0	0	0	0	0	0	0	1	0	0	0	0	0	0	0	0	0	0	4	4	26	0	0	0	0	0	0
fsh-generated/resources/Encounter-example.json	263	1	0	0	0	0	0	0	0	1	0	0	0	0	0	0	0	0	0	0	4	4	14	0	0	0	0	0	0
fsh-generated/resources/Encounter-mii-exa-onko-folfox-encounter-chemo.json	311	1	0	0	0	0	0	0	0	1	0	0	0	0	0	0	0	0	0	0	4	4	9	0	0	0	0	0	0
fsh-generated/resources/Encounter-mii-exa-onko-folfox-encounter-diagnosis.json	315	1	0	0	0	0	0	0	0	1	0	0	0	0	0	0	0	0	0	0	4	4	10	0	0	0	0	0	0
fsh-generated/resources/Encounter-mii-exa-onko-folfox-encounter-surgery.json	322	1	0	0	0	0	0	0	0	1	0	0	0	0	0	0	0	0	0	0	5	4	12	0	0	0	0	0	0
fsh-generated/resources/Encounter-mii-exa-onko-krk-bundle-encounter.json	322	1	0	0	0	0	0	0	0	1	0	0	0	0	0	0	0	0	0	0	5	4	10	0	0	0	0	0	0
fsh-generated/resources/Encounter-mii-exa-onko-mamma-bundle-encounter.json	326	1	0	0	0	0	0	0	0	1	0	0	0	0	0	0	0	0	0	0	4	4	10	0	0	0	0	0	0
fsh-generated/resources/Encounter-mii-exa-onko-melanom-bundle-encounter.json	330	2	0	0	0	0	0	0	0	1	0	0	0	0	0	0	0	0	0	0	7	4	9	0	0	0	0	0	0
fsh-generated/resources/Encounter-mii-exa-onko-prostata-bundle-encounter.json	332	1	0	0	0	0	0	0	0	1	0	0	0	0	0	0	0	0	0	0	7	4	11	0	0	0	0	0	0
fsh-generated/resources/Library-mii-lib-onko-synthesize-tnm.json	6093	2	0	0	0	0	0	0	1	25	0	0	0	0	0	0	0	0	0	0	5	10	10	0	0	0	1	0	0
fsh-generated/resources/List-mii-exa-onko-liste-evidenz-erstdiagnose-1.json	1404	1	0	0	0	0	0	0	0	1079	0	7	0	0	0	0	0	0	0	0	6	7	67	0	0	0	0	0	0
fsh-generated/resources/MedicationRequest-mii-exa-onko-cdk46-class-medication.json	1053	1	0	0	1	0	0	0	0	4	0	0	0	0	0	0	0	0	0	0	26	6	20	0	0	0	0	0	0
fsh-generated/resources/MedicationRequest-mii-exa-onko-folfox-5fu-request.json	773	1	0	0	0	0	0	0	0	2	0	0	0	0	0	0	0	0	0	0	9	5	14	0	0	0	0	0	0
fsh-generated/resources/MedicationRequest-mii-exa-onko-folfox-leucovorin-request.json	785	1	0	0	0	0	0	0	0	2	0	0	0	0	0	0	0	0	0	0	9	5	15	0	0	0	0	0	0
fsh-generated/resources/MedicationRequest-mii-exa-onko-folfox-oxaliplatin-request.json	770	1	0	0	0	0	0	0	0	3	0	0	0	0	0	0	0	0	0	0	9	5	15	0	0	0	0	0	0
fsh-generated/resources/MedicationRequest-mii-exa-onko-modification-5fu-request.json	864	1	0	0	0	0	0	0	0	3	0	0	0	0	0	0	0	0	0	0	8	6	16	0	0	0	0	0	0
fsh-generated/resources/MedicationRequest-mii-exa-onko-modification-leucovorin-request.json	876	1	0	0	0	0	0	0	0	2	0	0	0	0	0	0	0	0	0	0	9	6	15	0	0	0	0	0	1
fsh-generated/resources/MedicationRequest-mii-exa-onko-modification-oxaliplatin-request.json	1250	1	0	0	0	0	0	0	0	3	0	0	0	0	0	0	0	0	0	0	8	6	16	0	0	0	0	0	0
fsh-generated/resources/MedicationRequest-mii-exa-onko-tdm1-option.json	897	1	0	0	0	0	0	0	0	3	0	0	0	0	0	0	0	0	0	0	9	5	31	0	0	0	0	0	0
fsh-generated/resources/MedicationRequest-mii-exa-onko-tucatinib-option.json	902	2	0	0	0	0	0	0	0	2	0	0	0	0	0	0	0	0	0	0	9	17	15	0	0	0	0	0	0
fsh-generated/resources/MedicationStatement-PatientKimMusterperson-SystemicTherapyMedication-1a.json	806	1	0	0	0	0	0	0	1	3	0	0	0	0	0	0	0	0	0	0	8	7	18	0	0	0	0	0	0
fsh-generated/resources/MedicationStatement-PatientKimMusterperson-SystemicTherapyMedication-1b.json	807	1	0	0	0	0	0	0	0	2	0	0	0	0	0	0	0	0	0	0	9	5	15	0	0	0	0	0	0
fsh-generated/resources/MedicationStatement-PatientKimMusterperson-SystemicTherapyMedication-2a.json	807	2	0	0	0	0	0	0	0	2	0	0	0	0	0	0	0	0	0	0	9	5	14	0	0	0	0	0	0
fsh-generated/resources/MedicationStatement-PatientKimMusterperson-SystemicTherapyMedication-2b.json	808	1	0	0	0	0	0	0	0	5	0	0	0	0	0	0	0	0	0	0	8	5	15	0	0	0	0	0	0
fsh-generated/resources/MedicationStatement-PatientKimMusterperson-SystemicTherapyMedication-3.json	780	1	0	0	0	0	0	0	0	2	0	0	0	0	0	0	0	0	0	0	9	5	14	0	0	0	0	0	0
fsh-generated/resources/MedicationStatement-mii-exa-onko-folfox-5fu-statement.json	917	1	0	0	0	0	0	0	0	2	0	0	0	0	0	0	0	0	0	0	8	6	19	0	0	0	0	0	0
fsh-generated/resources/MedicationStatement-mii-exa-onko-folfox-leucovorin-statement.json	929	1	0	0	0	0	0	0	0	3	0	0	0	0	0	0	0	0	0	0	9	6	23	0	0	0	0	0	0
fsh-generated/resources/MedicationStatement-mii-exa-onko-folfox-oxaliplatin-statement.json	914	1	0	0	0	0	0	0	0	2	0	0	0	0	0	0	0	0	0	0	8	5	19	0	0	0	0	0	0
fsh-generated/resources/MedicationStatement-mii-exa-onko-medikation-iberdomide-unii.json	956	1	0	0	0	0	0	0	0	3	0	0	0	0	0	0	0	0	0	0	9	16	20	0	0	0	0	0	0
fsh-generated/resources/MedicationStatement-mii-exa-onko-medikation-imatinib-atc-version-transition.json	1162	2	0	0	0	0	0	0	1	3	0	0	0	0	0	0	0	0	0	0	8	6	19	0	0	0	0	0	0
fsh-generated/resources/MedicationStatement-mii-exa-onko-modification-5fu-phase1.json	936	1	0	0	0	0	0	0	0	2	0	0	0	0	0	0	0	0	0	0	7	5	24	0	0	0	0	0	0
fsh-generated/resources/MedicationStatement-mii-exa-onko-modification-5fu-phase2.json	956	1	0	0	0	0	0	0	0	2	0	0	0	0	0	0	0	0	0	0	6	6	19	0	0	0	0	0	0
fsh-generated/resources/MedicationStatement-mii-exa-onko-modification-leucovorin-phase1.json	948	1	0	0	0	0	0	0	0	2	0	0	0	0	0	0	0	0	0	0	5	6	19	0	0	0	0	0	0
fsh-generated/resources/MedicationStatement-mii-exa-onko-modification-leucovorin-phase2.json	968	1	0	0	0	0	0	0	0	2	0	0	0	0	0	0	0	0	0	0	4	5	19	0	0	0	0	0	0
fsh-generated/resources/MedicationStatement-mii-exa-onko-modification-oxaliplatin-phase1.json	1409	1	0	0	1	0	0	0	0	3	0	0	0	0	0	0	0	0	0	0	4	7	20	0	0	0	0	0	0
fsh-generated/resources/MedicationStatement-mii-exa-onko-systemische-therapie-medikation1.json	826	1	0	0	0	0	0	0	0	2	0	0	0	0	0	0	0	0	0	0	4	10	14	0	0	0	0	0	0
fsh-generated/resources/MedicationStatement-mii-exa-onko-systemische-therapie-medikation2.json	822	1	0	0	0	0	0	0	0	2	0	0	0	0	0	0	0	0	0	0	4	6	15	0	0	0	0	0	0
fsh-generated/resources/Observation-PatientKimMusterperson-Verlauf-2022-01-22.json	2087	2	0	0	0	0	0	0	0	3	0	0	0	0	0	0	0	1	0	0	5	8	25	0	0	0	0	0	0
fsh-generated/resources/Observation-TNM-Klassifikation-Observation-2.json	877	1	0	0	0	0	0	0	0	1	0	0	0	0	0	0	0	0	0	0	4	5	14	0	0	0	0	0	0
fsh-generated/resources/Observation-TNM-L-Observation-2.json	957	1	0	0	0	0	0	0	0	712	0	0	0	0	0	0	0	0	0	0	5	7	14	0	0	0	0	0	0
fsh-generated/resources/Observation-TNM-M-Observation-2.json	1377	2	0	0	0	0	0	0	1	3	0	0	0	0	0	0	0	0	0	0	6	6	15	0	0	0	0	0	0
fsh-generated/resources/Observation-TNM-Pn-Observation-2.json	960	1	0	0	0	0	0	0	0	716	0	0	0	0	0	0	0	0	0	0	5	14	16	0	0	0	0	0	0
fsh-generated/resources/Observation-TNM-T-Observation-2.json	1377	2	0	0	0	0	0	0	0	3	0	0	0	0	0	0	0	0	0	0	6	6	30	0	0	0	0	0	0
fsh-generated/resources/Observation-TNM-V-Observation-2.json	957	1	0	0	0	0	0	0	0	698	0	0	0	0	0	0	0	0	0	0	5	6	14	0	0	0	0	0	0
fsh-generated/resources/Observation-TNM-y-Symbol-Observation-2.json	949	1	0	0	0	0	0	0	0	1058	0	0	0	0	0	0	0	0	0	0	6	5	15	0	0	0	0	0	0
fsh-generated/resources/Observation-mii-exa-onko-allgemeiner-leistungszustand-ecog.json	1222	2	0	0	0	0	0	0	0	1	0	0	0	0	0	0	0	0	0	0	6	6	12	0	0	0	0	0	0
fsh-generated/resources/Observation-mii-exa-onko-allgemeiner-leistungszustand-karnofsky.json	1023	1	0	0	0	0	0	0	0	729	0	0	0	0	0	0	0	0	0	0	6	5	11	0	0	0	0	0	0
fsh-generated/resources/Observation-mii-exa-onko-anzahl-befallene-lymphknoten-0.json	891	1	0	0	0	0	0	0	0	719	0	0	0	0	0	0	0	0	0	0	6	5	11	0	0	0	0	0	0
fsh-generated/resources/Observation-mii-exa-onko-anzahl-befallene-sentinel-lymphknoten-0.json	926	1	0	0	1	0	0	0	0	728	0	0	0	0	0	0	0	0	0	0	6	5	11	0	0	0	0	0	0
fsh-generated/resources/Observation-mii-exa-onko-anzahl-untersuchte-lymphknoten-23.json	897	2	0	0	0	0	0	0	0	675	0	0	0	0	0	0	0	0	0	0	6	5	11	0	0	0	0	0	0
fsh-generated/resources/Observation-mii-exa-onko-anzahl-untersuchte-sentinel-lymphknoten-0.json	943	1	0	0	0	0	0	0	0	705	0	0	0	0	0	0	0	0	0	0	6	5	11	0	0	0	0	0	0
fsh-generated/resources/Observation-mii-exa-onko-asa-klassifikation.json	913	1	0	0	0	0	0	0	0	1	0	0	0	0	0	0	0	0	0	0	5	5	14	0	0	0	0	0	0
fsh-generated/resources/Observation-mii-exa-onko-ascending-colon-tnm-m.json	1189	2	0	0	0	0	0	0	1	2	0	0	0	0	0	0	0	0	0	0	5	6	15	0	0	0	0	0	0
fsh-generated/resources/Observation-mii-exa-onko-ascending-colon-tnm-n.json	1189	1	0	0	0	0	0	0	0	2	0	0	0	0	0	0	0	0	0	0	4	5	18	0	0	0	0	0	0
fsh-generated/resources/Observation-mii-exa-onko-ascending-colon-tnm-t.json	1189	1	0	0	0	0	0	0	0	1	0	0	0	0	0	0	0	0	0	0	4	5	16	0	0	0	0	0	0
fsh-generated/resources/Observation-mii-exa-onko-ascending-colon-tnm.json	1299	2	0	0	0	0	0	0	0	2	0	0	0	0	0	0	0	0	0	0	3	6	29	0	0	0	0	0	0
fsh-generated/resources/Observation-mii-exa-onko-colorectal-tnm-m.json	1383	2	0	0	0	0	0	0	0	2	0	0	0	0	0	0	0	0	0	0	4	5	15	0	0	0	0	0	0
fsh-generated/resources/Observation-mii-exa-onko-colorectal-tnm-n.json	1383	1	0	0	0	0	0	0	0	1	0	0	0	0	0	0	0	0	0	0	3	6	15	0	0	0	0	0	0
fsh-generated/resources/Observation-mii-exa-onko-colorectal-tnm-t.json	1383	1	0	0	0	0	0	0	0	2	0	0	0	0	0	0	0	0	0	0	4	6	15	0	0	0	0	0	0
fsh-generated/resources/Observation-mii-exa-onko-colorectal-tnm.json	1248	2	0	0	0	0	0	0	0	2	0	0	0	0	0	0	0	0	0	0	3	6	27	0	0	0	0	0	0
fsh-generated/resources/Observation-mii-exa-onko-cup-fernmetastase-hep.json	849	1	0	0	0	0	0	0	0	1	0	0	0	0	0	0	0	0	0	0	4	5	34	0	0	0	0	0	0
fsh-generated/resources/Observation-mii-exa-onko-cup-fernmetastase-pul.json	849	1	0	0	1	0	0	0	0	1	0	0	0	0	0	0	0	0	0	0	4	5	14	0	0	0	0	0	0
fsh-generated/resources/Observation-mii-exa-onko-cup-tnm-klassifikation.json	1130	1	0	0	0	0	0	0	0	2	0	0	0	0	0	0	0	0	0	0	5	6	27	0	0	0	0	0	0
fsh-generated/resources/Observation-mii-exa-onko-cup-tnm-m-cM1.json	1623	2	0	0	0	0	0	0	1	1	0	0	0	0	0	0	0	0	0	0	4	6	15	0	0	0	0	0	0
fsh-generated/resources/Observation-mii-exa-onko-cup-tnm-n-cNX.json	1450	1	0	0	0	0	0	0	0	2	0	0	0	0	0	0	0	0	0	0	4	6	15	0	0	0	0	0	0
fsh-generated/resources/Observation-mii-exa-onko-cup-tnm-t-cTX.json	1450	1	0	0	0	0	0	0	0	1	0	0	0	0	0	0	0	0	0	0	4	5	16	0	0	0	0	0	0
fsh-generated/resources/Observation-mii-exa-onko-fernmetastasen-1.json	740	1	0	0	0	0	0	0	0	1	0	0	0	0	0	0	0	0	0	0	4	5	10	0	0	0	0	0	0
fsh-generated/resources/Observation-mii-exa-onko-folfox-verlauf-6months.json	2958	2	0	0	0	0	0	0	0	2	0	0	0	0	0	0	0	0	0	0	5	19	16	0	0	0	0	0	0
fsh-generated/resources/Observation-mii-exa-onko-genetische-variante-braf.json	1162	1	0	0	0	0	0	0	0	736	0	0	0	0	0	0	0	0	0	0	5	6	42	0	0	0	0	0	0
fsh-generated/resources/Observation-mii-exa-onko-grading-1.json	1016	1	0	0	0	0	0	0	0	2	0	0	0	0	0	0	0	0	0	0	6	5	91	0	0	0	0	0	0
fsh-generated/resources/Observation-mii-exa-onko-histologie-icdo3.json	954	2	0	0	0	0	0	0	0	729	0	0	0	0	0	0	0	0	0	0	5	6	15	0	0	0	0	0	0
fsh-generated/resources/Observation-mii-exa-onko-kim-klass1-cM1.json	1543	1	0	0	0	0	0	0	0	1	0	0	0	0	0	0	0	0	0	0	5	5	11	0	0	0	0	0	0
fsh-generated/resources/Observation-mii-exa-onko-kim-klass1-cN1.json	1543	1	0	0	0	0	0	0	0	1	0	0	0	0	0	0	0	0	0	0	5	6	12	0	0	0	0	0	0
fsh-generated/resources/Observation-mii-exa-onko-kim-klass1-cT3c.json	1547	1	0	0	0	0	0	0	1	1	0	0	0	0	0	0	0	0	0	0	4	5	11	0	0	0	0	0	0
fsh-generated/resources/Observation-mii-exa-onko-kim-klass1.json	1315	2	0	0	0	0	0	0	0	2	0	0	0	0	0	0	0	0	0	0	5	6	27	0	0	0	0	0	0
fsh-generated/resources/Observation-mii-exa-onko-kim-klass2-ycM1b.json	1922	1	0	0	0	0	0	0	0	1	0	0	0	0	0	0	0	0	0	0	4	6	11	0	0	0	0	0	0
fsh-generated/resources/Observation-mii-exa-onko-kim-klass2-ycN1.json	1918	1	0	0	0	0	0	0	0	1	0	0	0	0	0	0	0	0	0	0	4	6	11	0	0	0	0	0	0
fsh-generated/resources/Observation-mii-exa-onko-kim-klass2-ycT3c.json	1922	2	0	0	0	0	0	0	0	1	0	0	0	0	0	0	0	0	0	0	4	7	12	0	0	0	0	0	0
fsh-generated/resources/Observation-mii-exa-onko-kim-klass2-ysym.json	947	1	0	0	1	0	0	0	0	1	0	0	0	0	0	0	0	0	0	0	4	6	10	0	0	0	0	0	0
fsh-generated/resources/Observation-mii-exa-onko-kim-klass2.json	1394	1	0	0	0	0	0	0	0	2	0	0	0	0	0	0	0	0	0	0	4	6	31	0	0	0	0	0	0
fsh-generated/resources/Observation-mii-exa-onko-kim-klass3-L1.json	1015	2	0	0	0	0	0	0	0	1	0	0	0	0	0	0	0	0	0	0	3	5	11	0	0	0	0	0	0
fsh-generated/resources/Observation-mii-exa-onko-kim-klass3-Pn0.json	1033	1	0	0	0	0	0	0	0	1	0	0	0	0	0	0	0	0	0	0	3	5	12	0	0	0	0	0	0
fsh-generated/resources/Observation-mii-exa-onko-kim-klass3-V0.json	1012	1	0	0	0	0	0	0	1	1	0	0	0	0	0	0	0	0	0	0	5	5	11	0	0	0	0	0	0
fsh-generated/resources/Observation-mii-exa-onko-kim-klass3-ypM1b.json	1922	1	0	0	0	0	0	0	0	2	0	0	0	0	0	0	0	0	0	0	3	6	12	0	0	0	0	0	0
fsh-generated/resources/Observation-mii-exa-onko-kim-klass3-ypT3c.json	1922	3	0	0	0	0	0	0	0	1	0	0	0	0	0	0	0	0	0	0	4	7	11	0	0	0	0	0	0
fsh-generated/resources/Observation-mii-exa-onko-kim-klass3-ysym.json	947	1	0	0	0	0	0	0	0	1	0	0	0	0	0	0	0	0	0	0	5	4	10	0	0	0	0	0	0
fsh-generated/resources/Observation-mii-exa-onko-kim-klass3.json	1541	1	0	0	0	0	0	0	0	2	0	0	0	0	0	0	0	0	0	0	4	7	40	0	0	0	0	0	0
fsh-generated/resources/Observation-mii-exa-onko-kim-synth1.json	1497	1	0	0	0	0	0	0	0	1	0	0	0	0	0	0	0	0	0	0	5	7	36	0	0	0	0	0	0
fsh-generated/resources/Observation-mii-exa-onko-kim-synth2.json	1576	2	0	0	0	0	0	0	0	2	0	0	0	0	0	0	0	0	0	0	4	7	40	0	0	0	0	0	0
fsh-generated/resources/Observation-mii-exa-onko-kim-synth3.json	1866	1	0	0	0	0	0	0	0	2	0	0	0	0	0	0	0	0	0	0	5	7	55	0	0	0	0	0	0
fsh-generated/resources/Observation-mii-exa-onko-kim-synth4.json	1866	2	0	0	0	0	0	0	0	2	0	0	0	0	0	0	0	0	0	0	4	8	56	0	0	0	0	0	0
fsh-generated/resources/Observation-mii-exa-onko-krk-abstand-circumferelle-resektionsebene.json	966	1	0	0	0	0	0	0	1	715	0	0	0	0	0	0	0	0	0	0	5	6	19	0	0	0	0	0	0
fsh-generated/resources/Observation-mii-exa-onko-krk-abstand-mesorektale-fascie.json	869	1	0	0	0	0	0	0	0	680	0	0	0	0	0	0	0	0	0	0	4	6	19	0	0	0	0	0	0
fsh-generated/resources/Observation-mii-exa-onko-krk-abstand-resektionsrand-aboral.json	916	1	0	0	0	0	0	0	0	702	0	0	0	0	0	0	0	0	0	0	5	5	19	0	0	0	0	0	0
fsh-generated/resources/Observation-mii-exa-onko-krk-abstand-tumor-anokutanlinie.json	869	1	0	0	0	0	0	0	0	675	0	0	0	0	0	0	0	0	0	0	4	5	18	0	0	0	0	0	0
fsh-generated/resources/Observation-mii-exa-onko-krk-anastomoseninsuffizienz.json	1058	1	0	0	0	0	0	0	0	2	0	0	0	0	0	0	0	0	0	0	4	6	18	0	0	0	0	0	0
fsh-generated/resources/Observation-mii-exa-onko-mamma-her2neu-status.json	1615	1	0	0	0	0	0	0	0	3	0	0	0	0	0	0	0	0	0	0	5	6	16	0	0	0	0	0	0
fsh-generated/resources/Observation-mii-exa-onko-mamma-menopause-status-1.json	846	2	0	0	0	0	0	0	0	1	0	0	0	0	0	0	0	0	0	0	4	5	14	0	0	0	0	0	0
fsh-generated/resources/Observation-mii-exa-onko-mamma-rezeptorstatus-estrogen-1.json	1829	1	0	0	1	0	0	0	0	1	0	0	0	0	0	0	0	0	0	0	5	7	16	0	0	0	0	0	0
fsh-generated/resources/Observation-mii-exa-onko-mamma-rezeptorstatus-progesteron-1.json	1844	2	0	0	0	0	0	0	0	1	0	0	0	0	0	0	0	0	0	0	4	7	16	0	0	0	0	0	0
fsh-generated/resources/Observation-mii-exa-onko-mamma-tumorgroesse-1.json	1150	2	0	0	0	0	0	0	0	701	0	0	0	0	0	0	0	0	0	0	7	7	15	0	0	0	0	0	0
fsh-generated/resources/Observation-mii-exa-onko-melanom-breslow-tiefe.json	1100	2	0	0	0	0	0	0	0	703	0	0	0	0	0	0	0	0	0	0	4	8	19	0	0	0	0	0	0
fsh-generated/resources/Observation-mii-exa-onko-melanom-ldh.json	1727	1	0	0	0	0	0	0	1	2055	0	0	0	0	0	0	0	0	0	0	4	7	21	0	0	0	0	0	0
fsh-generated/resources/Observation-mii-exa-onko-melanom-sicherheitsabstand.json	977	1	0	0	0	0	0	0	0	697	0	0	0	0	0	0	0	0	0	0	4	7	19	0	0	0	0	0	0
fsh-generated/resources/Observation-mii-exa-onko-melanom-ulzeration.json	1235	1	0	0	0	0	0	0	0	2	0	0	0	0	0	0	0	0	0	0	4	5	18	0	0	0	0	0	0
fsh-generated/resources/Observation-mii-exa-onko-modification-verlauf-6months.json	3087	2	0	0	0	0	0	0	0	2	0	0	0	0	0	0	0	0	0	0	4	11	17	0	0	0	0	0	0
fsh-generated/resources/Observation-mii-exa-onko-prostata-anzahl-positiver-stanzen-1.json	736	1	0	0	0	0	0	0	0	1	0	0	0	0	0	0	0	0	0	0	4	5	14	0	0	0	0	0	0
fsh-generated/resources/Observation-mii-exa-onko-prostata-anzahl-stanzen-1.json	708	1	0	0	0	0	0	0	0	1	0	0	0	0	0	0	0	0	0	0	5	5	15	0	0	0	0	0	0
fsh-generated/resources/Observation-mii-exa-onko-prostata-ca-befall-stanze-1.json	842	2	0	0	0	0	0	0	0	1	0	0	0	0	0	0	0	0	0	0	4	6	18	0	0	0	0	0	0
fsh-generated/resources/Observation-mii-exa-onko-prostata-gleason-pattern-grade-group-1.json	1472	1	0	0	0	0	0	0	0	1	0	0	0	0	0	0	0	0	0	0	6	6	24	0	0	1	0	0	0
fsh-generated/resources/Observation-mii-exa-onko-prostata-gleason-pattern-primary-1.json	1040	1	0	0	0	0	0	0	0	1	0	0	0	0	0	0	0	0	0	0	5	7	14	0	0	0	0	0	0
fsh-generated/resources/Observation-mii-exa-onko-prostata-gleason-pattern-secondary-1.json	1046	2	0	0	0	0	0	0	0	1	0	0	0	0	0	0	0	0	0	0	5	53	15	0	0	0	0	0	0
fsh-generated/resources/Observation-mii-exa-onko-prostata-gleason-score-gesamt-1.json	1050	1	0	0	0	0	0	0	0	1	0	0	0	0	0	0	0	0	0	0	5	6	15	0	0	0	0	0	0
fsh-generated/resources/Observation-mii-exa-onko-prostata-psa-diagnose-1.json	752	1	0	0	1	0	0	0	0	1	0	0	0	0	0	0	0	0	0	0	6	6	14	0	0	0	0	0	0
fsh-generated/resources/Observation-mii-exa-onko-prostata-psa-verlauf-1.json	752	2	0	0	0	0	0	0	0	1	0	0	0	0	0	0	0	0	0	0	6	5	14	0	0	0	0	0	0
fsh-generated/resources/Observation-mii-exa-onko-prostata-surgical-complication-1.json	1216	1	0	0	0	0	0	0	1	1	0	0	0	0	0	0	0	0	0	0	6	6	19	0	0	0	0	0	0
fsh-generated/resources/Observation-mii-exa-onko-residualstatus-1.json	703	1	0	0	0	0	0	0	0	715	0	0	0	0	0	0	0	0	0	0	7	6	26	0	0	0	0	0	0
fsh-generated/resources/Observation-mii-exa-onko-studienteilnahme-prob.json	1236	2	0	0	0	0	0	0	0	3	0	0	0	0	0	0	0	0	0	0	7	7	19	0	0	0	0	0	0
fsh-generated/resources/Observation-mii-exa-onko-studienteilnahme.json	821	1	0	0	0	0	0	0	0	732	0	0	0	0	0	0	0	0	0	0	7	5	14	0	0	0	0	0	0
fsh-generated/resources/Observation-mii-exa-onko-tnm-biopsy-cT4cN1cM0.json	1207	1	0	0	0	0	0	0	0	1	0	0	0	0	0	0	0	0	0	0	7	11	23	0	0	0	0	0	0
fsh-generated/resources/Observation-mii-exa-onko-tnm-bundle-klassifikation-cT2cN3cM0.json	1381	1	0	0	0	0	0	0	0	2	0	0	0	0	0	0	0	0	0	0	8	7	28	0	0	0	0	0	0
fsh-generated/resources/Observation-mii-exa-onko-tnm-bundle-legacy-klassifikation-cT2cN3cM0.json	1393	2	0	0	0	0	0	0	0	1	0	0	0	0	0	0	0	0	0	0	7	7	28	0	0	0	0	0	0
fsh-generated/resources/Observation-mii-exa-onko-tnm-bundle-legacy-m-cM0.json	1387	1	0	0	0	0	0	0	0	1	0	0	0	0	0	0	0	0	0	0	7	5	11	0	0	0	0	0	0
fsh-generated/resources/Observation-mii-exa-onko-tnm-bundle-legacy-n-cN3.json	1387	1	0	0	0	0	0	0	0	1	0	0	0	0	0	0	0	0	0	0	8	6	11	0	0	0	0	0	0
fsh-generated/resources/Observation-mii-exa-onko-tnm-bundle-legacy-t-cT2.json	1387	2	0	0	0	0	0	0	0	1	0	0	0	0	0	0	0	0	0	0	7	5	11	0	0	0	0	0	0
fsh-generated/resources/Observation-mii-exa-onko-tnm-bundle-m-kategorie-cM0.json	1556	1	0	0	0	0	0	0	0	1	0	0	0	0	0	0	0	0	0	0	7	9	12	0	0	0	0	0	0
fsh-generated/resources/Observation-mii-exa-onko-tnm-bundle-n-kategorie-cN3.json	1556	1	0	0	0	0	0	0	1	1	0	0	0	0	0	0	0	0	0	0	7	10	57	0	0	0	0	0	0
fsh-generated/resources/Observation-mii-exa-onko-tnm-bundle-t-kategorie-cT2.json	1556	2	0	0	0	0	0	0	0	1	0	0	0	0	0	0	0	0	0	0	7	6	14	0	0	0	0	0	0
fsh-generated/resources/Observation-mii-exa-onko-tnm-clinical-cT3cN1cM0.json	1209	1	0	0	1	0	0	0	0	2	0	0	0	0	0	0	0	0	0	0	8	6	23	0	0	0	0	0	0
fsh-generated/resources/Observation-mii-exa-onko-tnm-journey-l-kategorie-L0.json	985	1	0	1	0	0	0	0	0	1	0	0	0	0	0	0	0	0	0	0	8	5	11	0	0	0	0	0	0
fsh-generated/resources/Observation-mii-exa-onko-tnm-journey-pn-kategorie-Pn0.json	1004	2	0	0	0	0	0	0	0	1	0	0	0	0	0	0	0	0	0	0	8	6	10	0	0	0	0	0	0
fsh-generated/resources/Observation-mii-exa-onko-tnm-journey-residualstatus-R0.json	696	1	0	0	0	0	0	0	0	1	0	0	0	0	0	0	0	0	0	0	8	27	10	0	0	0	0	0	0
fsh-generated/resources/Observation-mii-exa-onko-tnm-journey-v-kategorie-V0.json	982	1	0	0	0	0	0	0	0	1	0	0	0	0	0	0	0	0	0	0	7	6	11	0	0	0	0	0	0
fsh-generated/resources/Observation-mii-exa-onko-tnm-klassifikation-TisN0M0.json	1225	1	0	0	0	0	0	0	0	1	0	0	0	0	0	0	0	0	0	0	7	6	24	0	0	0	0	0	0
fsh-generated/resources/Observation-mii-exa-onko-tnm-klassifikation-uT2a2pN0023i-sncM1.json	1516	2	0	0	0	0	0	0	0	1	0	0	0	0	0	0	0	0	0	0	7	7	36	0	0	0	0	0	0
fsh-generated/resources/Observation-mii-exa-onko-tnm-l-kategorie-L.json	996	1	0	0	0	0	0	0	0	1	0	0	0	0	0	0	0	0	0	0	6	5	11	0	0	0	0	0	0
fsh-generated/resources/Observation-mii-exa-onko-tnm-l-kategorie-L1.json	997	1	0	0	0	0	0	0	0	1	0	0	0	0	0	0	0	0	0	0	7	6	16	0	0	0	0	0	0
fsh-generated/resources/Observation-mii-exa-onko-tnm-m-kategorie-M0.json	1351	1	0	0	0	0	0	0	1	1	0	0	0	0	0	0	0	0	0	0	7	5	12	0	0	0	0	0	0
fsh-generated/resources/Observation-mii-exa-onko-tnm-m-kategorie-cM0.json	1505	2	0	0	0	0	0	0	0	1	0	0	0	0	0	0	0	0	0	0	6	6	11	0	0	0	0	0	0
fsh-generated/resources/Observation-mii-exa-onko-tnm-m-kategorie-cM1.json	1352	1	0	0	0	0	0	0	0	1	0	0	0	0	0	0	0	0	0	0	7	5	11	0	0	0	0	0	0
fsh-generated/resources/Observation-mii-exa-onko-tnm-m-kategorie-rcM1.json	1880	1	0	0	0	0	0	0	0	1	0	0	0	0	0	0	0	0	0	0	7	6	11	0	0	0	0	0	0
fsh-generated/resources/Observation-mii-exa-onko-tnm-n-kategorie-N0.json	1351	2	0	0	0	0	0	0	0	1	0	0	0	0	0	0	0	0	0	0	7	6	10	0	0	0	0	0	1
fsh-generated/resources/Observation-mii-exa-onko-tnm-n-kategorie-cN1.json	1505	1	0	0	1	0	0	0	0	1	0	0	0	0	0	0	0	0	0	0	7	5	11	0	0	0	0	0	0
fsh-generated/resources/Observation-mii-exa-onko-tnm-n-kategorie-pN0i-sn.json	2128	2	0	0	0	0	0	0	0	1	0	0	0	0	0	0	0	0	0	0	8	6	11	0	0	0	0	0	0
fsh-generated/resources/Observation-mii-exa-onko-tnm-n-kategorie-rcN1.json	1880	1	0	0	0	0	0	0	0	1	0	0	0	0	0	0	0	1	0	0	6	5	11	0	0	0	0	0	0
fsh-generated/resources/Observation-mii-exa-onko-tnm-n-kategorie-ycN0.json	1880	1	0	0	0	0	0	0	1	1	0	0	0	0	0	0	0	0	0	0	6	6	11	0	0	0	0	0	0
fsh-generated/resources/Observation-mii-exa-onko-tnm-n-kategorie-ypN0.json	1880	2	0	0	0	0	0	0	0	1	0	0	0	0	0	0	0	0	0	0	6	6	12	0	0	0	0	0	0
fsh-generated/resources/Observation-mii-exa-onko-tnm-pn-kategorie-Pn1.json	1016	1	0	0	0	0	0	0	0	1	0	0	0	0	0	0	0	0	0	0	5	5	10	0	0	0	0	0	0
fsh-generated/resources/Observation-mii-exa-onko-tnm-post-chemo-ycT2ycN0cM0.json	1213	1	0	0	0	0	0	0	0	2	0	0	0	0	0	0	0	0	0	0	4	6	23	0	0	0	0	0	0
fsh-generated/resources/Observation-mii-exa-onko-tnm-post-surgery-ypT0ypN0cM0.json	1475	2	0	0	0	0	0	0	0	1	0	0	0	0	0	0	0	0	0	0	4	10	35	0	0	0	0	0	0
fsh-generated/resources/Observation-mii-exa-onko-tnm-recurrence-rcT2cN1cM1.json	1211	1	0	0	0	0	0	0	0	1	0	0	0	0	0	0	0	0	0	0	5	6	24	0	0	0	0	0	0
fsh-generated/resources/Observation-mii-exa-onko-tnm-s-kategorie-S1.json	972	1	0	0	0	0	0	0	0	1	0	0	0	0	0	0	0	0	0	0	4	5	11	0	0	0	0	0	0
fsh-generated/resources/Observation-mii-exa-onko-tnm-synth-klassifikation.json	1922	2	0	0	0	0	0	0	0	2	0	0	0	0	0	0	0	0	0	0	5	8	36	0	0	0	0	0	0
fsh-generated/resources/Observation-mii-exa-onko-tnm-synth-meldung1-klassifikation.json	1371	1	0	0	0	0	0	0	0	1	0	0	0	0	0	0	0	0	0	0	5	9	27	0	0	0	0	0	0
fsh-generated/resources/Observation-mii-exa-onko-tnm-synth-meldung1-m-cM0.json	1553	1	0	0	0	0	0	0	0	1	0	0	0	0	0	0	0	0	0	0	5	5	13	0	0	0	0	0	0
fsh-generated/resources/Observation-mii-exa-onko-tnm-synth-meldung1-n-cN2.json	1553	2	0	0	0	0	0	0	1	1	0	0	0	0	0	0	0	0	0	0	5	6	10	0	0	0	0	0	0
fsh-generated/resources/Observation-mii-exa-onko-tnm-synth-meldung1-t-cT3.json	1553	1	0	0	0	0	0	0	0	1	0	0	0	0	0	0	0	0	0	0	5	5	11	0	0	0	0	0	0
fsh-generated/resources/Observation-mii-exa-onko-tnm-synth-meldung2-klassifikation.json	1289	2	0	0	1	0	0	0	0	2	0	0	0	0	0	0	0	0	0	0	5	6	23	0	0	0	0	0	0
fsh-generated/resources/Observation-mii-exa-onko-tnm-synth-meldung2-n-pN1.json	1553	1	0	0	0	0	0	0	0	0	0	0	0	0	0	0	0	0	0	0	5	6	11	0	0	0	0	0	0
fsh-generated/resources/Observation-mii-exa-onko-tnm-synth-meldung2-t-pT2.json	1553	1	0	0	0	0	0	0	0	2	0	0	0	0	0	0	0	0	0	0	4	6	10	0	0	0	0	0	0
fsh-generated/resources/Observation-mii-exa-onko-tnm-t-kategorie-Tis.json	1354	2	0	0	0	0	0	0	0	1	0	0	0	0	0	0	0	0	0	0	5	5	11	0	0	0	0	0	0
fsh-generated/resources/Observation-mii-exa-onko-tnm-t-kategorie-cT3.json	1505	1	0	0	0	0	0	0	0	1	0	0	0	0	0	0	0	0	0	0	5	6	10	0	0	0	0	0	0
fsh-generated/resources/Observation-mii-exa-onko-tnm-t-kategorie-cT4.json	1505	1	0	0	0	0	0	0	0	1	0	0	0	0	0	0	0	0	0	0	4	5	11	0	0	0	0	0	0
fsh-generated/resources/Observation-mii-exa-onko-tnm-t-kategorie-rcT2.json	1880	2	0	0	0	0	0	0	0	1	0	0	0	0	0	0	0	0	0	0	5	6	11	0	0	0	0	0	0
fsh-generated/resources/Observation-mii-exa-onko-tnm-t-kategorie-uT2a2.json	1358	1	0	0	0	0	0	0	1	1	0	0	0	0	0	0	0	0	0	0	4	17	14	0	0	0	0	0	0
fsh-generated/resources/Observation-mii-exa-onko-tnm-t-kategorie-ycT2.json	1880	1	0	0	0	0	0	0	0	1	0	0	0	0	0	0	0	0	0	0	4	6	13	0	0	0	0	0	0
fsh-generated/resources/Observation-mii-exa-onko-tnm-t-kategorie-ypT0.json	1880	2	0	0	0	0	0	0	0	1	0	0	0	0	0	0	0	0	0	0	4	7	11	0	0	0	0	0	0
fsh-generated/resources/Observation-mii-exa-onko-tnm-v-kategorie-V1.json	994	1	0	0	0	0	0	0	0	1	0	0	0	0	0	0	0	0	0	0	4	5	10	0	0	0	0	0	0
fsh-generated/resources/Observation-mii-exa-onko-tod-j.json	1125	1	0	0	0	0	0	0	0	716	0	0	0	0	0	0	0	0	0	0	4	6	11	0	0	0	0	0	0
fsh-generated/resources/Observation-mii-exa-onko-tod-n.json	1129	2	0	0	0	0	0	0	0	2	0	0	0	0	0	0	0	0	0	0	4	5	11	0	0	0	0	0	0
fsh-generated/resources/Observation-mii-exa-onko-tod-u.json	1035	1	0	0	0	0	0	0	0	1	0	0	0	0	0	0	0	0	0	0	3	6	11	0	0	0	0	0	0
fsh-generated/resources/Observation-mii-exa-onko-tumorgroesse.json	1050	1	0	0	1	0	0	0	0	682	0	0	0	0	0	0	0	0	0	0	4	6	15	0	0	0	0	0	0
fsh-generated/resources/Observation-mii-exa-onko-verlauf-journey-post-chemo.json	2632	1	0	0	0	0	0	0	0	1	0	0	0	0	0	0	0	0	0	0	4	8	16	0	0	0	0	0	0
fsh-generated/resources/Observation-mii-exa-onko-verlauf-journey-post-surgery.json	2631	2	0	0	0	0	0	0	1	2	0	0	0	0	0	0	0	0	0	0	4	8	15	0	0	0	0	0	0
fsh-generated/resources/Observation-mii-exa-onko-verlauf-journey-recurrence.json	2618	1	0	0	0	0	0	0	0	1	0	0	0	0	0	0	0	0	0	0	5	8	16	0	0	0	0	0	0
fsh-generated/resources/Observation-mii-exa-onko-verlauf-tumor.json	2706	2	0	0	0	0	0	0	0	1	0	0	0	0	0	0	0	0	0	0	5	8	16	0	0	0	0	0	0
fsh-generated/resources/Observation-mii-exa-onko-weitere-klassifikationen-1.json	1334	1	0	0	0	0	0	0	0	2	0	0	0	0	0	0	0	0	0	0	4	6	14	0	0	0	0	0	0
fsh-generated/resources/Observation-mii-exa-onko-weitere-klassifikationen-2.json	1174	1	0	0	0	0	0	0	0	1	0	0	0	0	0	0	0	0	0	0	4	6	14	0	0	0	0	0	0
fsh-generated/resources/Observation-mii-exa-onko-weitere-klassifikationen-3.json	1125	1	0	0	0	0	0	0	0	1	0	0	0	0	0	0	0	0	0	0	5	5	19	0	0	0	0	0	0
fsh-generated/resources/Observation-mii-exa-onko-weitere-klassifikationen-4.json	1179	2	0	0	0	0	0	0	0	2	0	0	0	0	0	0	0	0	0	0	4	6	14	0	0	0	0	0	0
fsh-generated/resources/Patient-PatientKimMusterperson.json	195	1	0	0	0	0	0	0	0	1	0	0	0	0	0	0	0	0	0	0	4	4	4	0	0	0	0	0	0
fsh-generated/resources/Patient-example-modification.json	212	1	0	0	0	0	0	0	0	0	0	0	0	0	0	0	0	0	0	0	4	3	4	0	0	0	0	0	0
fsh-generated/resources/Patient-example.json	200	1	0	0	0	0	0	0	0	1	0	0	0	0	0	0	0	0	0	0	4	4	4	0	0	0	0	0	0
fsh-generated/resources/Patient-mii-exa-onko-cup-patient.json	215	1	0	0	0	0	0	0	0	0	0	0	0	0	0	1	0	0	0	0	4	3	5	0	0	0	0	0	0
fsh-generated/resources/Patient-mii-exa-onko-folfox-patient.json	366	0	0	0	0	0	0	0	1	1	0	0	0	0	0	0	0	0	0	0	4	3	4	0	0	0	0	0	0
fsh-generated/resources/Patient-mii-exa-onko-kim-synth-patient.json	225	2	0	0	0	0	0	0	0	1	0	0	0	0	0	0	0	0	0	0	4	10	4	0	0	0	0	0	0
fsh-generated/resources/Patient-mii-exa-onko-krk-bundle-patient.json	177	1	0	0	0	0	0	0	0	0	0	0	0	0	0	0	0	0	0	0	4	3	4	0	0	0	0	0	0
fsh-generated/resources/Patient-mii-exa-onko-mamma-bundle-patient.json	175	1	0	0	0	0	0	0	0	0	0	0	0	0	0	0	0	0	0	0	4	5	7	0	0	0	0	0	0
fsh-generated/resources/Patient-mii-exa-onko-melanom-bundle-patient.json	176	1	0	0	0	0	0	0	0	1	0	0	0	0	0	0	0	0	0	0	5	4	4	0	0	0	0	0	0
fsh-generated/resources/Patient-mii-exa-onko-molecular-board-patient.json	375	1	0	0	1	0	0	0	0	0	0	0	0	0	0	0	0	0	0	0	4	4	8	0	0	0	0	0	0
fsh-generated/resources/Patient-mii-exa-onko-prostata-bundle-patient.json	180	1	0	0	0	0	0	0	0	1	0	0	0	0	0	0	0	0	0	0	5	3	4	0	0	0	0	0	0
fsh-generated/resources/Patient-mii-exa-onko-tnm-bundle-legacy-patient.json	231	1	0	0	0	0	0	0	0	1	0	0	0	0	0	0	0	0	0	0	5	4	4	0	0	0	0	0	0
fsh-generated/resources/Patient-mii-exa-onko-tnm-bundle-patient.json	226	1	0	0	0	0	0	0	0	0	0	0	0	0	0	0	0	0	0	0	5	3	5	0	0	0	0	0	0
fsh-generated/resources/Patient-mii-exa-onko-tnm-synth-patient.json	222	1	0	0	0	0	0	0	0	1	0	0	0	0	0	0	0	0	0	0	6	3	4	0	0	0	0	0	0
fsh-generated/resources/Procedure-PatientKimMusterperson-Procedure-1.json	769	2	0	0	0	0	0	0	0	1	0	0	0	0	0	0	0	0	0	0	5	13	18	0	0	0	0	0	0
fsh-generated/resources/Procedure-PatientKimMusterperson-Procedure-2.json	816	1	0	0	0	0	0	0	0	1	0	0	0	0	0	0	0	0	0	0	6	5	12	0	0	0	0	0	0
fsh-generated/resources/Procedure-PatientKimMusterperson-Procedure-3.json	755	2	0	0	0	0	0	0	0	1	0	0	0	0	0	0	0	0	0	0	5	5	10	0	0	0	0	0	0
fsh-generated/resources/Procedure-PatientKimMusterperson-Procedure-4.json	1457	1	0	0	0	0	0	0	0	1	0	0	0	0	0	0	0	0	0	0	6	6	14	0	0	0	0	0	0
fsh-generated/resources/Procedure-PatientKimMusterperson-Procedure-4a.json	1103	1	0	0	0	0	1	0	0	1	0	0	0	0	0	0	0	0	0	0	6	6	15	0	0	0	0	0	0
fsh-generated/resources/Procedure-PatientKimMusterperson-Procedure-4b.json	1051	1	0	0	0	0	0	0	0	1	0	0	0	0	0	0	0	0	0	0	5	5	14	0	0	0	0	0	0
fsh-generated/resources/Procedure-PatientKimMusterperson-Procedure-4c.json	1031	2	0	0	0	0	0	0	0	1	0	0	0	0	0	0	0	0	0	0	4	6	15	0	0	0	0	0	0
fsh-generated/resources/Procedure-PatientKimMusterperson-Procedure-4d.json	1107	1	0	0	0	0	0	0	0	1	0	0	0	0	0	0	0	0	0	0	4	14	77	0	0	0	0	0	0
fsh-generated/resources/Procedure-PatientKimMusterperson-SystemicTherapy-1.json	1781	2	0	0	0	0	0	0	0	707	0	0	0	0	0	0	0	0	0	0	4	8	20	0	0	0	0	0	0
fsh-generated/resources/Procedure-PatientKimMusterperson-SystemicTherapy-2.json	1676	1	0	0	1	0	0	0	1	2	0	0	0	0	0	0	0	0	0	0	3	6	12	0	0	0	0	0	0
fsh-generated/resources/Procedure-PatientKimMusterperson-SystemicTherapy-3.json	1651	1	0	0	0	0	0	0	0	1	0	0	0	0	0	0	0	0	0	0	4	7	12	0	0	0	0	0	0
fsh-generated/resources/Procedure-mii-exa-onko-folfox-phase1.json	2886	2	0	0	0	0	0	0	0	3	0	0	0	0	0	0	0	0	0	0	4	9	28	0	0	0	0	0	0
fsh-generated/resources/Procedure-mii-exa-onko-folfox-procedure.json	2917	1	0	0	0	0	0	0	0	2	0	0	0	0	0	0	0	0	0	0	4	10	26	0	0	0	0	0	0
fsh-generated/resources/Procedure-mii-exa-onko-krk-operation.json	1565	1	0	0	0	0	0	0	0	2	0	0	0	0	0	0	0	0	1	0	4	6	19	0	0	0	0	0	0
fsh-generated/resources/Procedure-mii-exa-onko-krk-stoma-markierung.json	1301	1	0	0	0	0	0	0	0	2	0	0	0	0	0	0	0	0	0	0	5	7	19	0	0	0	0	0	0
fsh-generated/resources/Procedure-mii-exa-onko-lv5fu2-phase2.json	2997	1	0	0	0	0	0	0	0	2	0	0	0	0	0	0	0	0	0	0	6	9	30	0	0	0	0	0	0
fsh-generated/resources/Procedure-mii-exa-onko-mamma-praeoperative-markierung-1.json	952	1	0	0	0	0	0	0	0	2	0	0	0	0	0	0	0	0	0	0	5	7	14	0	0	0	0	0	0
fsh-generated/resources/Procedure-mii-exa-onko-melanom-exzision-oberarm.json	2013	2	0	0	0	0	0	0	1	1	0	0	0	0	0	0	0	0	0	0	6	7	16	0	0	0	0	0	0
fsh-generated/resources/Procedure-mii-exa-onko-melanom-exzision-ruecken.json	2113	1	0	0	0	0	0	0	0	1	0	0	0	0	0	0	0	0	0	0	6	7	16	0	0	0	0	0	0
fsh-generated/resources/Procedure-mii-exa-onko-operation-1.json	1918	1	0	0	0	0	0	0	0	2	0	0	0	0	0	0	0	0	0	0	6	8	19	0	0	0	0	0	0
fsh-generated/resources/Procedure-mii-exa-onko-palbociclib-therapie.json	1702	1	0	0	0	0	0	0	0	3	0	0	0	0	0	0	0	0	0	0	5	10	21	0	1	0	0	0	0
fsh-generated/resources/Procedure-mii-exa-onko-pertuzumab-therapie.json	1483	2	0	0	0	0	0	0	0	2	0	0	0	0	0	0	0	0	0	0	5	11	16	0	0	0	0	0	0
fsh-generated/resources/Procedure-mii-exa-onko-prostata-operation-prostatektomie.json	1789	1	0	0	0	0	0	0	0	1	0	0	0	0	0	0	0	0	0	0	4	7	15	0	0	0	0	0	0
fsh-generated/resources/Procedure-mii-exa-onko-prostata-operation-turp.json	1786	1	0	0	0	0	0	0	0	1	0	0	0	0	0	0	0	0	0	0	3	11	16	0	0	0	0	0	0
fsh-generated/resources/Procedure-mii-exa-onko-prostata-surgery-1.json	1328	2	0	0	0	0	0	0	0	1	0	0	0	0	0	0	0	0	0	0	4	6	15	0	0	0	0	0	0
fsh-generated/resources/Procedure-mii-exa-onko-prostata-surgery-2.json	2137	1	0	0	0	0	0	0	1	1	0	0	0	0	0	0	0	0	0	0	4	7	19	0	0	0	0	0	0
fsh-generated/resources/Procedure-mii-exa-onko-right-hemicolectomy.json	1939	1	0	0	0	0	0	0	0	2	0	0	0	0	0	0	0	0	0	0	3	7	20	0	0	0	0	0	0
fsh-generated/resources/Procedure-mii-exa-onko-sigmoid-resection-part1.json	1651	1	0	0	0	0	0	0	0	2	0	0	0	0	0	0	0	0	0	0	4	8	24	0	0	0	0	0	0
fsh-generated/resources/Procedure-mii-exa-onko-sigmoid-resection-part2.json	1703	2	0	0	1	0	0	0	0	2	0	0	0	0	0	0	0	0	0	0	3	7	24	0	0	0	0	0	0
fsh-generated/resources/Procedure-mii-exa-onko-sigmoid-resection-part3.json	1609	1	0	0	0	0	0	0	0	1	0	0	0	0	0	0	0	0	0	0	4	7	24	0	0	0	0	0	0
fsh-generated/resources/Procedure-mii-exa-onko-sigmoid-resection.json	2070	2	0	0	0	0	0	0	0	3	0	0	0	0	0	0	0	0	0	0	4	8	19	0	0	0	0	0	0
fsh-generated/resources/Procedure-mii-exa-onko-strahlentherapie-2014-mamma-mit-lk.json	1897	1	0	0	0	0	0	0	0	1409	0	0	0	0	0	0	0	0	0	0	4	7	20	0	0	0	0	0	0
fsh-generated/resources/Procedure-mii-exa-onko-strahlentherapie-2014-prostata-mit-lk.json	1889	1	0	0	0	0	0	0	0	1404	0	0	0	0	0	0	0	0	0	0	4	8	19	0	0	0	0	0	0
fsh-generated/resources/Procedure-mii-exa-onko-strahlentherapie-2021-mamma-lymphknoten.json	2540	1	0	0	0	0	0	0	1	1415	0	0	0	0	0	0	0	0	0	0	5	8	24	0	0	0	0	0	0
fsh-generated/resources/Procedure-mii-exa-onko-strahlentherapie-2021-mamma-primaer.json	2423	1	0	0	0	0	0	0	0	1388	0	0	0	0	0	0	0	0	0	0	5	10	20	0	0	0	0	0	0
fsh-generated/resources/Procedure-mii-exa-onko-strahlentherapie-bestrahlung-nuklearmedizin-1.json	2995	2	0	0	0	0	0	0	0	3	0	0	0	0	0	0	0	0	0	0	5	9	13	0	0	0	0	0	0
fsh-generated/resources/Procedure-mii-exa-onko-strahlentherapie-bestrahlung-pci-sclc.json	2313	2	0	0	0	0	0	0	0	863	0	0	0	0	0	0	0	0	0	0	4	16	17	0	0	0	0	0	0
fsh-generated/resources/Procedure-mii-exa-onko-strahlentherapie-bestrahlung-strahlentherapie-1.json	3063	1	0	0	0	0	0	0	0	3	0	0	0	0	0	0	0	0	0	0	5	9	12	0	0	0	0	0	0
fsh-generated/resources/Procedure-mii-exa-onko-strahlentherapie-nuklearmedizin-1.json	1590	2	0	0	0	0	0	0	0	702	0	0	0	0	0	0	0	0	0	0	5	14	11	0	0	0	0	0	0
fsh-generated/resources/Procedure-mii-exa-onko-strahlentherapie-pci-sclc.json	1587	1	0	0	0	0	0	0	1	2	0	0	0	0	0	0	0	0	0	0	4	7	11	0	0	0	0	0	0
fsh-generated/resources/Procedure-mii-exa-onko-strahlentherapie-strahlentherapie-1.json	1597	1	0	0	0	0	0	0	0	2	0	0	0	0	0	0	0	0	0	0	4	6	11	0	0	0	0	0	0
fsh-generated/resources/Procedure-mii-exa-onko-systemische-therapie-1.json	2025	1	0	0	0	0	0	0	0	2	0	0	0	0	0	0	0	0	0	0	5	7	11	0	0	0	0	0	0
fsh-generated/resources/Procedure-mii-exa-onko-trastuzumab-therapie.json	1496	1	0	0	0	0	0	0	0	1	0	0	0	0	0	0	0	0	0	0	4	6	44	0	0	0	0	0	0
fsh-generated/resources/Provenance-mii-exa-onko-kim-synthesis-provenance.json	1803	2	0	0	0	0	0	0	0	2	0	0	0	0	0	0	0	0	0	0	4	6	43	0	0	0	0	0	0
fsh-generated/resources/RequestGroup-mii-exa-onko-folfox-requestgroup-modification.json	2097	1	0	0	0	0	0	0	0	3	0	0	0	0	0	0	0	0	0	0	4	9	58	0	0	0	0	0	0
fsh-generated/resources/RequestGroup-mii-exa-onko-folfox-requestgroup.json	2065	1	0	0	0	0	0	0	0	3	0	0	0	0	0	0	0	0	0	0	4	21	59	0	0	0	0	0	0
fsh-generated/resources/RequestGroup-mii-exa-onko-molecular-cdk46-protocol.json	1135	1	0	0	0	0	0	0	0	1	0	0	0	0	0	0	0	0	0	0	4	7	50	0	0	0	0	0	0
fsh-generated/resources/RequestGroup-mii-exa-onko-molecular-her2-alternatives.json	1422	2	0	0	0	0	0	0	1	4	0	0	0	0	0	0	0	0	0	0	4	8	55	0	0	0	0	0	0
fsh-generated/resources/ResearchStudy-mii-exa-onko-studie-prob.json	1122	1	0	0	0	0	0	0	0	1	0	0	0	0	0	0	0	0	0	0	3	5	34	0	0	0	0	0	0
fsh-generated/resources/SearchParameter-mii-sp-onko-condition-ext-morphology-behavior-icdo3.json	5115	2	0	0	1	0	0	0	0	4	0	0	0	0	0	0	0	0	0	0	4	13	12	0	0	0	0	0	0
fsh-generated/resources/SearchParameter-mii-sp-onko-ext-strahlentherapie-stellungzurop.json	4583	1	0	0	0	0	0	0	0	3	0	0	0	0	0	0	0	0	0	0	4	10	11	0	0	0	1	0	0
fsh-generated/resources/SearchParameter-mii-sp-onko-ext-systemischetherapie-stellungzurop.json	4599	2	0	0	0	0	0	0	1	3	0	0	0	0	0	0	0	0	0	0	3	11	10	0	0	0	0	0	0
fsh-generated/resources/SearchParameter-mii-sp-onko-observation-ext-tnm-n-itc.json	5012	2	0	0	0	0	0	0	0	2	0	0	0	0	0	0	0	0	0	0	4	12	12	0	0	0	0	0	0
fsh-generated/resources/SearchParameter-mii-sp-onko-observation-ext-tnm-n-sn-suffix.json	5049	1	0	0	0	0	0	0	0	3	0	0	0	0	0	0	0	0	0	0	4	11	15	0	0	0	0	0	1
fsh-generated/resources/SearchParameter-mii-sp-onko-observation-tnm-cp-praefix.json	5230	2	0	0	0	0	0	0	1	4	0	0	0	0	0	0	0	0	0	0	4	13	11	0	0	0	1	0	0
fsh-generated/resources/SearchParameter-mii-sp-onko-observation-tnm-r-praefix.json	5241	2	0	0	0	0	0	0	0	2	0	0	0	0	0	0	0	0	0	0	4	12	12	0	0	0	0	0	0
fsh-generated/resources/SearchParameter-mii-sp-onko-observation-tnm-y-praefix.json	5261	1	0	0	0	0	0	0	1	3	0	0	0	0	0	0	0	0	0	0	4	13	14	0	0	0	0	0	0
fsh-generated/resources/SearchParameter-mii-sp-onko-procedure-ext-operation-intention.json	5056	2	0	0	0	0	0	0	0	2	0	0	0	0	0	0	0	0	0	0	4	13	12	0	0	0	1	0	0
fsh-generated/resources/SearchParameter-mii-sp-onko-procedure-ext-strahlentherapie-bs-boost.json	5091	1	0	0	0	0	0	0	0	3	0	0	0	0	0	0	0	1	0	0	4	11	12	0	0	0	0	0	0
fsh-generated/resources/SearchParameter-mii-sp-onko-procedure-ext-strahlentherapie-bs-einzeldosis.json	5130	2	0	0	0	0	0	0	1	2	0	0	0	0	0	0	0	0	0	0	4	17	10	0	0	0	0	0	0
fsh-generated/resources/SearchParameter-mii-sp-onko-procedure-ext-strahlentherapie-bs-gesamtdosis.json	5130	2	0	0	1	0	0	0	0	2	0	0	0	0	0	0	0	0	0	0	4	20	11	0	0	0	0	0	0
fsh-generated/resources/SearchParameter-mii-sp-onko-procedure-ext-strahlentherapie-intention.json	5091	1	0	0	0	0	0	0	0	2	0	0	0	0	0	0	0	0	0	0	4	13	13	0	0	0	1	0	0
fsh-generated/resources/SearchParameter-mii-sp-onko-procedure-ext-systemischetherapie-intention.json	5107	2	0	0	0	0	0	0	1	3	0	0	0	0	0	0	0	0	0	0	3	27	11	0	0	0	0	0	0
fsh-generated/resources/SearchParameter-mii-sp-onko-procedure-strahlentherapie-applikationsart.json	5096	1	0	0	0	0	0	0	0	2	0	0	0	0	0	0	0	0	0	0	4	12	11	0	0	0	0	0	0
fsh-generated/resources/SearchParameter-mii-sp-onko-procedure-strahlentherapie-lateralitaet.json	5138	2	0	0	0	0	0	0	1	2	0	0	0	0	0	0	0	0	0	0	4	12	16	0	0	0	1	0	0
fsh-generated/resources/SearchParameter-mii-sp-onko-procedure-strahlentherapie-strahlenart.json	5072	1	0	0	0	0	0	0	0	2	0	0	0	0	0	0	0	0	0	0	4	12	11	0	0	0	0	0	0
fsh-generated/resources/ServiceRequest-mii-exa-onko-molecular-surgery-request.json	869	2	0	0	0	0	0	0	0	742	0	0	0	0	0	0	0	0	0	0	4	14	26	0	0	0	0	0	0
fsh-generated/resources/Specimen-PatientKimMusterperson-Specimen-1.json	270	1	0	0	0	0	0	0	0	1	0	0	0	0	0	0	0	0	0	0	4	14	9	0	0	0	0	0	0
fsh-generated/resources/Specimen-mii-exa-onko-krk-specimen.json	1077	1	0	0	0	0	0	0	0	2	0	0	0	0	0	0	0	0	0	0	3	18	11	0	0	0	0	0	0
fsh-generated/resources/Specimen-mii-exa-onko-prostata-specimen-stanze.json	461	1	0	0	0	0	0	0	0	1	0	0	0	0	0	0	0	0	0	0	3	5	10	0	0	0	0	0	0
fsh-generated/resources/Specimen-mii-exa-onko-specimen-1.json	414	1	0	0	0	0	0	0	0	1	0	0	0	0	0	0	0	0	0	0	4	5	10	0	0	0	0	0	0
fsh-generated/resources/StructureDefinition-mii-ex-onko-histology-morphology-behavior-icdo3.json	7060	2	0	31	0	0	0	0	1	1147	0	0	1	0	0	0	0	0	0	0	0	105	948	0	0	0	2	0	0
fsh-generated/resources/StructureDefinition-mii-ex-onko-nebenwirkung-ctcae-version.json	6824	2	0	15	0	0	0	0	0	9	0	0	0	0	0	0	0	0	0	0	1	45	339	0	0	0	1	0	0
fsh-generated/resources/StructureDefinition-mii-ex-onko-operation-intention.json	6889	2	0	29	1	0	0	0	0	10	0	0	0	0	0	0	0	0	0	0	0	69	445	0	0	0	2	0	0
fsh-generated/resources/StructureDefinition-mii-ex-onko-operation-urgency.json	7306	1	0	24	0	0	0	0	0	10	0	0	0	0	0	0	0	0	0	0	0	70	392	0	0	0	2	0	0
fsh-generated/resources/StructureDefinition-mii-ex-onko-strahlentherapie-bestrahlung-boost.json	6587	2	0	15	0	0	0	0	0	7	0	0	0	0	0	0	0	0	0	0	0	43	300	0	0	0	1	0	1
fsh-generated/resources/StructureDefinition-mii-ex-onko-strahlentherapie-bestrahlung-einzeldosis.json	6843	2	0	19	0	0	0	0	0	8	0	0	0	0	0	0	0	0	0	0	0	62	328	0	0	0	2	0	0
fsh-generated/resources/StructureDefinition-mii-ex-onko-strahlentherapie-bestrahlung-gesamtdosis.json	6812	1	0	20	0	0	0	0	0	8	0	0	1	0	0	0	0	1	0	0	1	54	331	0	0	0	1	0	0
fsh-generated/resources/StructureDefinition-mii-ex-onko-strahlentherapie-bestrahlung-seitenlokalisation.json	6764	2	0	13	0	0	0	0	0	7	0	0	0	0	0	0	0	0	0	0	0	43	279	0	0	0	1	0	0
fsh-generated/resources/StructureDefinition-mii-ex-onko-strahlentherapie-intention.json	6906	2	0	20	0	0	0	0	0	9	0	0	0	0	0	0	0	0	0	0	0	68	326	0	0	0	2	0	0
fsh-generated/resources/StructureDefinition-mii-ex-onko-strahlentherapie-stellungzurop.json	6940	1	0	23	0	0	0	0	0	14	0	0	0	0	0	0	0	0	0	0	0	69	517	0	0	0	2	0	0
fsh-generated/resources/StructureDefinition-mii-ex-onko-systemische-therapie-intention.json	6942	2	0	21	0	0	0	0	0	15	0	0	0	0	0	0	0	0	0	0	0	71	459	0	0	0	2	0	0
fsh-generated/resources/StructureDefinition-mii-ex-onko-systemische-therapie-stellungzurop.json	6976	2	0	21	0	0	0	0	0	14	0	0	0	0	0	0	0	0	0	0	0	69	459	0	0	0	2	0	0
fsh-generated/resources/StructureDefinition-mii-ex-onko-tnm-a-praefix.json	7051	1	0	18	0	0	0	0	0	19	0	0	0	0	0	0	0	0	0	0	0	66	444	0	0	0	2	0	1
fsh-generated/resources/StructureDefinition-mii-ex-onko-tnm-cp-praefix.json	6953	2	0	25	0	0	0	0	0	14	0	0	1	0	0	0	0	1	0	0	0	83	403	0	0	0	2	0	0
fsh-generated/resources/StructureDefinition-mii-ex-onko-tnm-itc-suffix.json	6489	1	0	19	0	0	0	0	0	13	0	0	0	0	0	0	0	0	0	0	1	65	387	0	0	0	2	0	0
fsh-generated/resources/StructureDefinition-mii-ex-onko-tnm-r-praefix.json	7050	2	0	17	0	0	0	0	0	14	0	0	0	0	0	0	0	0	0	0	0	67	397	0	0	0	2	0	0
fsh-generated/resources/StructureDefinition-mii-ex-onko-tnm-sn-suffix.json	6520	1	0	19	0	0	0	0	0	13	0	0	0	0	0	0	0	0	0	0	0	78	328	0	0	0	2	0	0
fsh-generated/resources/StructureDefinition-mii-ex-onko-tnm-y-praefix.json	7110	2	0	29	0	0	0	0	0	14	0	0	0	0	0	0	0	0	0	0	0	76	318	0	0	0	1	0	0
fsh-generated/resources/StructureDefinition-mii-ex-onko-transformation-von.json	7546	2	0	18	0	0	0	0	0	10	0	0	0	0	0	0	0	0	0	0	0	45	334	0	0	0	2	0	0
fsh-generated/resources/StructureDefinition-mii-lm-mvgenomseq-onkologie.json	69272	8	0	103	0	0	0	0	0	156	0	0	1	0	0	0	0	2	0	0	4	572	1276	0	0	0	18	1	1
fsh-generated/resources/StructureDefinition-mii-lm-onko-organspezifische-zusatzmodule.json	61923	6	0	183	1	0	0	0	0	86	0	0	0	0	0	0	0	1	0	0	4	428	967	0	0	0	13	0	1
fsh-generated/resources/StructureDefinition-mii-lm-onko.json	86602	8	0	128	0	0	0	0	0	110	0	0	0	0	0	0	0	1	0	0	6	602	1019	0	0	0	18	0	1
fsh-generated/resources/StructureDefinition-mii-pr-onko-allgemeiner-leistungszustand-ecog.json	12411	3	0	155	0	0	0	0	0	59	0	0	1	0	0	0	0	1	0	0	1	269	1533	0	0	0	10	0	1
fsh-generated/resources/StructureDefinition-mii-pr-onko-allgemeiner-leistungszustand-karnofsky.json	12441	3	0	162	0	0	0	0	0	35	0	0	0	0	0	0	0	1	0	0	0	258	1692	0	0	0	10	0	1
fsh-generated/resources/StructureDefinition-mii-pr-onko-anzahl-befallene-lymphknoten.json	11790	3	0	126	0	0	0	0	0	45	0	0	0	0	0	0	0	1	0	0	0	236	1057	0	0	0	9	0	0
fsh-generated/resources/StructureDefinition-mii-pr-onko-anzahl-befallene-sentinel-lymphknoten.json	11856	2	0	126	0	0	0	0	0	39	0	0	1	0	0	0	0	1	0	0	0	238	1107	0	0	0	9	0	1
fsh-generated/resources/StructureDefinition-mii-pr-onko-anzahl-untersuchte-lymphknoten.json	11814	3	0	124	0	0	0	0	1	119	0	0	0	0	0	0	0	1	0	0	1	237	1013	0	0	0	9	1	0
fsh-generated/resources/StructureDefinition-mii-pr-onko-anzahl-untersuchte-sentinel-lymphknoten.json	11886	2	0	136	0	0	0	0	0	40	0	0	0	0	0	0	0	0	0	0	0	237	890	0	0	0	10	0	1
fsh-generated/resources/StructureDefinition-mii-pr-onko-asa-klassifikation.json	10276	2	0	110	0	0	0	0	0	27	0	0	0	0	0	0	0	1	0	0	0	178	1396	0	0	0	7	0	1
fsh-generated/resources/StructureDefinition-mii-pr-onko-befund.json	10244	2	0	83	0	0	0	0	0	27	0	0	0	0	0	0	0	1	0	0	0	147	579	0	0	0	6	0	0
fsh-generated/resources/StructureDefinition-mii-pr-onko-diagnose-primaertumor.json	29806	4	0	310	1	0	0	0	0	108	0	0	1	0	0	0	0	2	0	0	1	630	33026	0	0	0	22	0	2
fsh-generated/resources/StructureDefinition-mii-pr-onko-fernmetastasen.json	13154	3	0	80	0	0	0	0	0	37	0	0	0	0	0	0	0	1	0	0	1	231	1476	0	1	0	10	0	1
fsh-generated/resources/StructureDefinition-mii-pr-onko-fruehere-tumorerkrankung.json	15840	3	0	292	0	0	0	0	0	46	0	0	1	0	0	0	0	1	0	0	0	249	723	0	0	0	9	1	0
fsh-generated/resources/StructureDefinition-mii-pr-onko-genetische-variante.json	13642	2	0	589	0	0	0	0	0	67	0	0	0	0	0	0	0	4	0	0	0	773	3361	0	0	0	22	0	3
fsh-generated/resources/StructureDefinition-mii-pr-onko-grading.json	11517	2	0	155	0	0	0	0	0	26	0	0	1	0	0	0	0	1	0	0	0	231	714	0	0	0	10	1	1
fsh-generated/resources/StructureDefinition-mii-pr-onko-histologie-icdo3.json	17492	3	0	128	0	0	0	0	0	24	0	0	0	0	0	0	0	1	0	0	1	329	1541	0	0	0	10	0	1
fsh-generated/resources/StructureDefinition-mii-pr-onko-krk-abstand-aboral.json	11502	2	0	75	0	0	0	0	0	17	0	0	0	0	0	0	0	1	0	0	0	180	1041	0	0	0	7	0	0
fsh-generated/resources/StructureDefinition-mii-pr-onko-krk-abstand-anokutan.json	11357	3	0	85	0	0	0	0	0	17	0	0	0	0	0	0	0	0	0	0	0	180	600	0	0	0	7	0	1
fsh-generated/resources/StructureDefinition-mii-pr-onko-krk-abstand-circumferelle-resektionsebene.json	11647	2	0	71	0	0	0	0	0	17	0	0	0	0	0	0	0	1	0	0	0	175	1027	0	0	0	8	0	0
fsh-generated/resources/StructureDefinition-mii-pr-onko-krk-anastomoseninsuffizienz.json	10870	2	0	78	0	0	0	0	0	17	0	0	1	0	0	0	0	1	0	0	1	180	587	0	0	0	7	0	1
fsh-generated/resources/StructureDefinition-mii-pr-onko-krk-mrt-mesorektale-faszie.json	13955	2	0	116	0	0	0	0	1	33	0	0	0	0	0	0	0	0	0	0	0	221	660	0	0	0	10	0	1
fsh-generated/resources/StructureDefinition-mii-pr-onko-krk-operation.json	7297	2	0	240	0	0	0	0	0	28	0	0	0	0	0	0	0	2	0	0	0	339	1126	0	0	0	13	1	1
fsh-generated/resources/StructureDefinition-mii-pr-onko-krk-specimen.json	7679	1	0	86	0	0	0	0	0	69	0	0	1	0	0	0	0	1	0	0	0	132	482	0	0	0	5	0	0
fsh-generated/resources/StructureDefinition-mii-pr-onko-krk-stoma-markierung.json	9846	2	0	148	0	0	0	0	0	24	0	0	0	0	0	0	0	1	0	0	1	288	883	0	0	0	11	0	1
fsh-generated/resources/StructureDefinition-mii-pr-onko-liste-evidenz-erstdiagnose.json	7514	2	0	90	0	0	0	0	0	12	0	0	0	0	0	0	0	0	0	0	0	108	394	0	0	0	4	0	1
fsh-generated/resources/StructureDefinition-mii-pr-onko-mamma-her2neu-status.json	13032	2	0	111	1	0	0	0	0	43	0	0	0	0	0	0	0	1	0	0	0	299	1741	0	0	0	11	0	0
fsh-generated/resources/StructureDefinition-mii-pr-onko-mamma-menopause-status.json	8483	2	0	79	0	0	0	0	0	17	0	0	1	0	0	0	0	1	0	0	0	175	1183	0	0	0	7	0	1
fsh-generated/resources/StructureDefinition-mii-pr-onko-mamma-operation.json	10387	2	0	19007	0	0	0	0	0	37	0	0	0	0	0	0	0	2	0	0	0	401	1183	0	0	0	14	1	1
fsh-generated/resources/StructureDefinition-mii-pr-onko-mamma-praeoperative-markierung.json	9022	2	0	94	0	0	0	0	0	20	0	0	0	0	0	0	0	0	0	0	1	146	521	0	0	0	5	0	1
fsh-generated/resources/StructureDefinition-mii-pr-onko-mamma-rezeptorstatus-estrogen.json	14375	3	0	222	0	0	0	0	0	38	0	0	1	0	0	0	0	2	0	0	0	333	1783	0	0	0	12	0	1
fsh-generated/resources/StructureDefinition-mii-pr-onko-mamma-rezeptorstatus-progesteron.json	13604	2	0	197	0	0	0	0	0	32	0	0	0	0	0	0	0	1	0	0	0	321	1174	0	0	0	12	0	0
fsh-generated/resources/StructureDefinition-mii-pr-onko-mamma-sozialdienst.json	7059	2	0	277	0	0	0	0	0	27	0	0	0	0	0	0	0	1	0	0	0	339	1068	0	0	0	12	0	2
fsh-generated/resources/StructureDefinition-mii-pr-onko-melanom-breslow-tiefe.json	11956	2	0	107	0	0	0	0	0	21	0	0	0	0	0	0	0	1	0	0	1	203	611	0	0	0	8	1	0
fsh-generated/resources/StructureDefinition-mii-pr-onko-melanom-exzision.json	6186	2	0	798	0	0	0	0	0	27	0	0	1	0	0	0	0	2	0	0	0	428	1039	0	0	0	11	0	2
fsh-generated/resources/StructureDefinition-mii-pr-onko-melanom-ldh.json	12574	2	0	104	0	0	0	0	0	21	0	0	0	0	0	0	0	1	0	0	0	199	1145	0	0	0	8	0	0
fsh-generated/resources/StructureDefinition-mii-pr-onko-melanom-sicherheitsabstand.json	12415	2	0	123	0	0	0	0	0	19	0	0	0	0	0	0	0	0	0	0	0	191	582	0	0	0	8	0	1
fsh-generated/resources/StructureDefinition-mii-pr-onko-melanom-ulzeration.json	11457	2	0	87	0	0	0	0	0	20	0	0	0	0	0	0	0	1	0	0	1	207	574	0	0	0	7	0	0
fsh-generated/resources/StructureDefinition-mii-pr-onko-nebenwirkung-adverse-event.json	18543	3	0	102	0	0	0	0	0	79	0	0	1	0	0	0	0	11	0	0	0	236	618	0	0	0	8	0	1
fsh-generated/resources/StructureDefinition-mii-pr-onko-operation.json	22090	3	0	216	0	0	0	0	0	46	0	0	0	0	0	0	0	1	0	0	0	436	1125	0	0	0	16	0	2
fsh-generated/resources/StructureDefinition-mii-pr-onko-prostata-operation.json	6263	2	0	1358	0	0	0	0	0	24	0	0	1	0	0	0	0	2	0	0	1	329	1059	0	0	0	11	1	1
fsh-generated/resources/StructureDefinition-mii-pr-onko-prostate-anzahl-positive-stanzen.json	10599	2	0	69	0	0	0	0	1	15	0	0	0	0	0	0	0	1	0	0	0	160	540	0	0	0	6	0	0
fsh-generated/resources/StructureDefinition-mii-pr-onko-prostate-anzahl-stanzen.json	10478	2	0	67	0	0	0	0	0	15	0	0	0	0	0	0	0	0	0	0	0	180	729	0	0	0	7	0	1
fsh-generated/resources/StructureDefinition-mii-pr-onko-prostate-ca-befall-stanze.json	9994	2	0	73	0	0	0	0	0	17	0	0	0	0	0	0	0	1	0	0	0	182	573	0	0	0	7	0	0
fsh-generated/resources/StructureDefinition-mii-pr-onko-prostate-clavien-dindo.json	12659	3	0	118	0	0	0	0	0	23	0	0	1	0	0	0	0	1	0	0	0	242	3378	0	0	0	10	0	1
fsh-generated/resources/StructureDefinition-mii-pr-onko-prostate-gleason-grade-group.json	12911	2	0	92	1	0	0	0	0	22	0	0	0	0	0	0	0	1	0	0	1	239	1228	0	0	0	9	0	1
fsh-generated/resources/StructureDefinition-mii-pr-onko-prostate-gleason-patterns.json	13655	2	0	95	0	0	0	0	0	22	0	0	0	0	0	0	0	1	0	0	0	226	2356	0	0	0	8	0	0
fsh-generated/resources/StructureDefinition-mii-pr-onko-prostate-gleason-score-gesamt.json	13317	3	0	93	0	0	0	0	0	22	0	0	0	0	0	0	0	0	0	0	0	226	1212	0	0	0	9	0	1
fsh-generated/resources/StructureDefinition-mii-pr-onko-prostate-psa.json	10496	2	0	79	0	0	0	0	0	17	0	0	0	0	0	0	0	1	0	0	0	185	1044	0	0	0	8	1	1
fsh-generated/resources/StructureDefinition-mii-pr-onko-residualstatus.json	11451	2	0	125	0	0	0	0	0	21	0	0	1	0	0	0	0	1	0	0	1	232	642	0	0	0	8	0	0
fsh-generated/resources/StructureDefinition-mii-pr-onko-specimen.json	10043	2	0	58	0	0	0	0	0	14	0	0	0	0	0	0	0	0	0	0	0	142	498	0	0	0	5	0	1
fsh-generated/resources/StructureDefinition-mii-pr-onko-strahlentherapie-bestrahlung-nuklearmedizin.json	28389	3	0	262	0	0	0	0	0	97	0	0	0	0	0	0	0	2	0	0	0	509	1241	0	1	0	19	0	1
fsh-generated/resources/StructureDefinition-mii-pr-onko-strahlentherapie-bestrahlung-strahlentherapie.json	22870	4	0	280	0	0	0	0	0	47	0	0	1	0	0	0	0	2	0	0	1	605	1209	0	0	0	17	0	2
fsh-generated/resources/StructureDefinition-mii-pr-onko-strahlentherapie.json	17221	2	0	204	0	0	0	0	0	34	0	0	0	0	0	0	0	2	0	0	0	390	1079	0	0	0	13	0	1
fsh-generated/resources/StructureDefinition-mii-pr-onko-studienteilnahme.json	13016	3	0	114	0	0	0	0	1	19	0	0	0	0	0	0	0	1	0	0	1	195	630	0	0	0	9	0	1
fsh-generated/resources/StructureDefinition-mii-pr-onko-systemische-therapie-medikation.json	17185	2	0	447	0	0	0	0	0	45	0	0	1	0	0	0	0	2	0	0	0	564	2340	0	0	0	19	1	2
fsh-generated/resources/StructureDefinition-mii-pr-onko-systemische-therapie.json	22386	3	0	254	0	0	0	0	0	41	0	0	0	0	0	0	0	2	0	0	1	443	1162	0	0	0	16	0	1
fsh-generated/resources/StructureDefinition-mii-pr-onko-therapieempfehlung-kombinationstherapie.json	10555	2	0	118	0	0	0	0	0	18	0	0	0	0	0	0	0	1	0	0	0	189	617	0	0	0	8	0	1
fsh-generated/resources/StructureDefinition-mii-pr-onko-therapieempfehlung-medikation.json	8125	2	0	551	0	0	0	0	0	92	0	0	1	0	0	0	0	2	0	0	0	536	1904	0	0	0	19	0	2
fsh-generated/resources/StructureDefinition-mii-pr-onko-therapieempfehlung-operation.json	7743	1	0	80	0	0	0	0	0	14	0	0	0	0	0	0	0	1	0	0	0	132	500	0	0	0	5	0	0
fsh-generated/resources/StructureDefinition-mii-pr-onko-tnm-a-symbol.json	11746	3	0	101	0	0	0	0	0	19	0	0	0	0	0	0	0	1	0	0	0	191	2250	0	0	0	8	0	0
fsh-generated/resources/StructureDefinition-mii-pr-onko-tnm-klassifikation-synthetisiert.json	12044	2	0	126	0	0	0	0	0	20	0	0	0	0	0	0	0	0	0	0	1	212	1239	0	0	0	9	0	1
fsh-generated/resources/StructureDefinition-mii-pr-onko-tnm-klassifikation.json	14860	2	0	103	0	0	0	0	0	19	0	0	0	0	0	0	0	1	0	0	0	216	612	0	0	0	8	0	0
fsh-generated/resources/StructureDefinition-mii-pr-onko-tnm-l-kategorie.json	11776	2	0	128	1	0	0	0	0	18	0	0	1	0	0	0	0	1	0	0	0	210	610	0	0	0	8	0	1
fsh-generated/resources/StructureDefinition-mii-pr-onko-tnm-m-kategorie.json	21126	3	0	211	0	0	0	0	0	41	0	0	0	0	0	0	0	1	0	0	0	403	3903	0	0	0	14	0	1
fsh-generated/resources/StructureDefinition-mii-pr-onko-tnm-m-symbol.json	11956	2	0	102	0	0	0	0	0	19	0	0	0	0	0	0	0	1	0	0	1	202	1352	0	0	0	8	0	0
fsh-generated/resources/StructureDefinition-mii-pr-onko-tnm-n-kategorie.json	21676	3	0	246	0	0	0	0	1	41	0	0	0	0	0	0	0	2	0	0	0	518	5074	0	0	0	14	0	1
fsh-generated/resources/StructureDefinition-mii-pr-onko-tnm-pn-kategorie.json	12825	3	0	107	0	0	0	0	0	19	0	0	1	0	0	0	0	1	0	0	0	215	630	0	0	0	8	1	1
fsh-generated/resources/StructureDefinition-mii-pr-onko-tnm-r-symbol.json	11744	2	0	101	0	0	0	0	0	19	0	0	0	0	0	0	0	1	0	0	1	192	2045	0	0	0	8	0	0
fsh-generated/resources/StructureDefinition-mii-pr-onko-tnm-s-kategorie.json	11836	2	0	105	0	0	0	0	0	63	0	0	0	0	0	0	0	1	0	0	0	196	1397	0	0	0	8	0	1
fsh-generated/resources/StructureDefinition-mii-pr-onko-tnm-t-kategorie.json	21991	3	0	242	0	0	0	0	0	47	0	0	0	0	0	0	0	0	0	0	0	420	5751	0	1	0	14	0	1
fsh-generated/resources/StructureDefinition-mii-pr-onko-tnm-v-kategorie.json	11860	2	0	110	0	0	0	0	0	22	0	0	1	0	0	0	0	1	0	0	1	203	629	0	0	0	8	0	0
fsh-generated/resources/StructureDefinition-mii-pr-onko-tnm-y-symbol.json	11855	2	0	102	0	0	0	1	0	20	0	0	0	0	0	0	0	0	0	0	0	195	608	0	0	0	8	0	1
fsh-generated/resources/StructureDefinition-mii-pr-onko-tod.json	12908	3	0	107	0	0	0	0	0	22	0	0	0	0	0	0	0	1	0	0	0	212	634	0	0	0	8	0	0
fsh-generated/resources/StructureDefinition-mii-pr-onko-tumorgroesse.json	12209	2	0	138	0	0	0	0	0	26	0	0	0	0	0	0	0	0	0	0	0	230	656	0	0	0	10	0	1
fsh-generated/resources/StructureDefinition-mii-pr-onko-tumorkonferenz.json	21285	3	0	197	0	0	0	0	0	43	0	0	0	0	0	0	0	1	0	0	1	347	922	0	0	0	14	0	1
fsh-generated/resources/StructureDefinition-mii-pr-onko-tumormarker.json	8623	2	0	307	0	0	0	0	0	35	0	0	1	0	0	0	0	1	0	0	0	321	2771	0	0	0	13	0	1
fsh-generated/resources/StructureDefinition-mii-pr-onko-verlauf.json	22696	3	0	218	0	0	0	0	0	51	0	0	0	0	0	0	0	1	0	0	0	440	1029	0	0	0	16	0	1
fsh-generated/resources/StructureDefinition-mii-pr-onko-weitere-klassifikationen.json	15715	2	0	102	0	0	0	0	0	22	0	0	0	0	0	0	0	0	0	0	1	194	2256	0	0	0	8	0	0
fsh-generated/resources/ValueSet-mii-vs-onko-allgemeiner-leistungszustand-ecog-loinc.json	6393	2	0	0	1	0	0	0	1	1088	0	0	0	0	0	0	0	0	0	0	9	15	115	0	0	0	1	0	0
fsh-generated/resources/ValueSet-mii-vs-onko-allgemeiner-leistungszustand-ecog.json	5387	1	0	0	0	0	0	0	0	5	0	0	0	0	0	0	0	0	0	0	9	13	98	0	0	0	0	0	0
fsh-generated/resources/ValueSet-mii-vs-onko-allgemeiner-leistungszustand-karnofsky-loinc.json	6924	2	0	0	0	0	0	0	1	506	0	0	0	0	0	0	0	0	0	0	9	16	99	0	0	0	1	0	0
fsh-generated/resources/ValueSet-mii-vs-onko-allgemeiner-leistungszustand-karnofsky.json	5417	1	0	0	0	0	0	0	0	4	0	0	0	0	0	0	0	0	0	0	8	12	92	0	0	0	0	0	0
fsh-generated/resources/ValueSet-mii-vs-onko-asa-loinc.json	5787	2	0	0	0	0	0	0	1	493	0	0	0	0	0	0	0	0	0	0	8	11	538	0	0	0	0	0	0
fsh-generated/resources/ValueSet-mii-vs-onko-asa-obds.json	5326	1	0	0	0	0	0	0	0	4	0	0	0	0	0	0	0	0	0	0	6	11	62	0	0	0	0	0	0
fsh-generated/resources/ValueSet-mii-vs-onko-beurteilung-lokaler-residualstatus.json	5371	1	0	0	0	0	0	0	0	3	0	0	0	0	0	0	0	0	0	0	6	30	52	0	0	0	1	0	0
fsh-generated/resources/ValueSet-mii-vs-onko-fernmetastasen.json	5259	2	0	0	0	0	0	0	1	4	0	0	0	0	0	0	0	0	0	0	5	12	71	0	0	0	0	0	0
fsh-generated/resources/ValueSet-mii-vs-onko-genetische-variante-auspraegung.json	5366	1	0	0	0	0	0	0	0	3	0	0	0	0	0	0	0	0	0	0	5	11	53	0	0	0	0	0	0
fsh-generated/resources/ValueSet-mii-vs-onko-gesamtbeurteilung-residualstatus.json	5361	2	0	0	0	0	0	0	1	3	0	0	0	0	0	0	0	0	0	0	4	17	51	0	0	0	0	0	0
fsh-generated/resources/ValueSet-mii-vs-onko-grading.json	5293	1	0	0	0	0	0	0	0	3	0	0	0	0	0	0	0	0	0	0	3	10	53	0	0	0	1	0	0
fsh-generated/resources/ValueSet-mii-vs-onko-icd10-meldepflichtige-tumoren.json	7537	2	0	0	0	0	0	0	0	3222	0	0	0	0	0	0	0	0	0	0	4	16	3949	0	0	0	0	0	1
fsh-generated/resources/ValueSet-mii-vs-onko-icdo3-morphologie-2014.json	5509	1	0	0	0	0	0	0	1	732	0	0	0	0	0	0	0	0	0	0	4	11	848	0	0	0	0	0	0
fsh-generated/resources/ValueSet-mii-vs-onko-icdo3-morphologie-2019.json	5510	1	0	0	0	0	0	0	0	737	0	0	0	0	0	0	0	0	0	0	4	11	223	0	0	0	0	0	0
fsh-generated/resources/ValueSet-mii-vs-onko-icdo3-morphologie.json	5693	2	0	0	0	0	0	0	1	3	0	0	0	0	0	0	0	0	0	0	4	11	187	0	0	0	1	0	0
fsh-generated/resources/ValueSet-mii-vs-onko-icdo3-topographie-2014.json	5485	1	0	0	0	0	0	0	0	359	0	0	0	0	0	0	0	0	0	0	4	11	571	0	0	0	0	0	0
fsh-generated/resources/ValueSet-mii-vs-onko-icdo3-topographie-2019.json	5486	1	0	0	0	0	0	0	0	367	0	0	0	0	0	0	0	0	0	0	4	11	134	0	0	0	0	0	0
fsh-generated/resources/ValueSet-mii-vs-onko-icdo3-topographie.json	5665	2	0	0	0	0	0	0	1	4	0	0	0	0	0	0	0	0	0	0	3	12	98	0	0	0	0	0	0
fsh-generated/resources/ValueSet-mii-vs-onko-ighv-gensegmente-hgnc.json	21300	2	0	0	0	0	0	0	2	1002	0	0	0	0	0	0	0	0	0	0	5	35	698	0	0	0	2	0	0
fsh-generated/resources/ValueSet-mii-vs-onko-kdl-dokumentklassen.json	10237	2	0	0	0	0	0	0	1	897	0	0	0	0	0	0	0	0	0	0	4	19	586	0	0	0	0	0	0
fsh-generated/resources/ValueSet-mii-vs-onko-koerperstruktur-sct.json	5744	2	0	0	0	0	0	0	0	366	0	0	0	0	0	0	0	0	0	0	4	11	213	0	0	0	1	0	0
fsh-generated/resources/ValueSet-mii-vs-onko-krk-abstand-circumferelle-resektionsrand.json	5724	1	0	0	1	0	0	0	1	470	0	0	0	0	0	0	0	0	0	0	4	19	51	0	0	0	0	0	0
fsh-generated/resources/ValueSet-mii-vs-onko-krk-abstand-resektionslinie-aboral.json	5684	2	0	0	0	0	0	0	0	465	0	0	0	0	0	0	0	0	0	0	3	12	51	0	0	0	0	0	0
fsh-generated/resources/ValueSet-mii-vs-onko-krk-anastomoseninsuffizienz.json	5362	1	0	0	0	0	0	0	1	4	0	0	0	0	0	0	0	0	0	0	4	12	48	0	0	0	0	0	0
fsh-generated/resources/ValueSet-mii-vs-onko-krk-mrt-mesorektale-faszie-status.json	5442	2	0	0	0	0	0	0	0	3	0	0	0	0	0	0	0	0	0	0	4	10	48	0	0	0	1	0	0
fsh-generated/resources/ValueSet-mii-vs-onko-krk-stoma-anzeichnung.json	5347	1	0	0	0	0	0	0	0	3	0	0	0	0	0	0	0	0	0	0	3	12	50	0	0	0	0	0	0
fsh-generated/resources/ValueSet-mii-vs-onko-krk-stoma-status-reason.json	6124	1	0	0	0	0	0	0	1	573	0	0	0	0	0	0	0	0	0	0	4	13	715	0	0	0	0	0	0
fsh-generated/resources/ValueSet-mii-vs-onko-krk-tme-qualitaet.json	5352	2	0	0	0	0	0	0	0	3	0	0	0	0	0	0	0	0	0	0	3	10	51	0	0	0	0	0	0
fsh-generated/resources/ValueSet-mii-vs-onko-mamma-faerbeintensitaet.json	5604	1	0	0	0	0	0	0	1	455	0	0	0	0	0	0	0	0	0	0	4	12	51	0	0	0	1	0	0
fsh-generated/resources/ValueSet-mii-vs-onko-mamma-her2neu-ihc-score.json	5750	2	0	0	0	0	0	0	0	470	0	0	0	0	0	0	0	0	0	0	3	12	51	0	0	0	0	0	0
fsh-generated/resources/ValueSet-mii-vs-onko-mamma-her2neu-status-leitlinie.json	5365	1	0	0	0	0	0	0	0	3	0	0	0	0	0	0	0	0	0	0	3	11	49	0	0	0	0	0	0
fsh-generated/resources/ValueSet-mii-vs-onko-mamma-her2neu-status-obds.json	5308	2	0	0	0	0	0	0	1	3	0	0	0	0	0	0	0	0	0	0	4	11	49	0	0	0	0	0	0
fsh-generated/resources/ValueSet-mii-vs-onko-mamma-intraoperatives-imaging-praeparat.json	5860	1	0	0	0	0	0	0	0	377	0	0	0	0	0	0	0	0	0	0	4	13	622	0	0	0	1	0	0
fsh-generated/resources/ValueSet-mii-vs-onko-mamma-ish-ergebnis.json	5550	1	0	0	0	0	0	0	1	473	0	0	0	0	0	0	0	0	0	0	3	17	54	0	0	0	0	0	0
fsh-generated/resources/ValueSet-mii-vs-onko-mamma-menopause-status.json	5984	1	0	0	0	0	0	0	0	581	0	0	0	0	0	0	0	0	0	0	4	20	51	0	0	0	0	0	0
fsh-generated/resources/ValueSet-mii-vs-onko-mamma-operation-ops.json	5359	2	0	0	0	0	0	0	0	495	0	0	0	0	0	0	0	0	0	0	3	13	594	0	0	0	0	0	0
fsh-generated/resources/ValueSet-mii-vs-onko-mamma-operation-sct.json	5755	1	0	0	0	0	0	0	1	377	0	0	0	0	0	0	0	0	0	0	4	16	731	0	0	0	1	0	0
fsh-generated/resources/ValueSet-mii-vs-onko-mamma-praeoperative-markierung-modalitaet.json	6408	1	0	0	0	0	0	0	0	619	0	0	0	0	0	0	0	0	0	0	3	13	635	0	0	0	0	0	1
fsh-generated/resources/ValueSet-mii-vs-onko-mamma-rezeptorstatus-leitlinie.json	5334	2	0	0	0	0	0	0	1	3	0	0	0	0	0	0	0	0	0	0	4	14	60	0	0	0	0	0	0
fsh-generated/resources/ValueSet-mii-vs-onko-mamma-rezeptorstatus-obds.json	5516	1	0	0	0	0	0	0	0	489	0	0	0	0	0	0	0	0	0	0	4	11	48	0	0	0	0	0	0
fsh-generated/resources/ValueSet-mii-vs-onko-marker-gene-hgnc.json	9175	2	0	0	0	0	0	0	1	530	0	0	0	0	0	0	0	0	0	0	4	18	608	0	0	0	1	0	0
fsh-generated/resources/ValueSet-mii-vs-onko-melanom-exzision-snomedct.json	5889	1	0	0	0	0	0	0	0	568	0	0	0	0	0	0	0	0	0	0	3	11	656	0	0	0	0	0	0
fsh-generated/resources/ValueSet-mii-vs-onko-melanom-ldh.json	5734	2	0	0	0	0	0	0	1	518	0	0	0	0	0	0	0	0	0	0	4	17	50	0	0	0	1	0	0
fsh-generated/resources/ValueSet-mii-vs-onko-melanom-ulzeration.json	5497	1	0	0	0	0	0	0	0	5	0	0	0	0	0	0	0	0	0	0	4	14	50	0	0	0	0	0	0
fsh-generated/resources/ValueSet-mii-vs-onko-nebenwirkung-art.json	49497	6	0	0	0	0	0	0	5	1393	0	0	0	0	0	0	0	1	0	0	4	168	1171	0	0	0	13	0	0
fsh-generated/resources/ValueSet-mii-vs-onko-nebenwirkung-ctcae-grad.json	5244	1	0	0	0	0	0	0	1	3	0	0	0	0	0	0	0	0	0	0	4	38	51	0	0	0	0	0	0
fsh-generated/resources/ValueSet-mii-vs-onko-nebenwirkung-ctcae-version.json	5330	2	0	0	0	0	0	0	0	2	0	0	0	0	0	0	0	0	0	0	3	12	49	0	0	0	0	0	0
fsh-generated/resources/ValueSet-mii-vs-onko-operation-intention.json	5855	2	0	0	0	0	0	0	1	4	0	0	0	0	0	0	0	0	0	0	4	13	51	0	0	0	1	0	0
fsh-generated/resources/ValueSet-mii-vs-onko-operation-komplikation.json	5336	1	0	0	0	0	0	0	0	3	0	0	0	0	0	0	0	0	0	0	4	12	62	0	0	0	0	0	0
fsh-generated/resources/ValueSet-mii-vs-onko-operation-urgency.json	5336	2	0	0	0	0	0	0	0	2	0	0	0	0	0	0	0	0	0	0	4	11	49	0	0	0	0	0	0
fsh-generated/resources/ValueSet-mii-vs-onko-ops-nuklearmedizin.json	5516	1	0	0	0	0	0	0	1	877	0	0	0	0	0	0	0	0	0	0	4	12	1069	0	0	0	1	0	0
fsh-generated/resources/ValueSet-mii-vs-onko-ops-strahlentherapie.json	5512	2	0	0	0	0	0	0	0	820	0	0	0	0	0	0	0	0	0	0	5	23	994	0	0	0	0	0	0
fsh-generated/resources/ValueSet-mii-vs-onko-praedispositionsgene-hgnc.json	15474	2	0	0	0	0	0	0	1	627	0	0	0	0	0	0	0	0	0	0	4	28	687	0	0	0	1	0	0
fsh-generated/resources/ValueSet-mii-vs-onko-praedispositionssyndrome-orpha.json	11636	2	0	0	0	0	0	0	1	840	0	0	0	0	0	0	0	0	0	0	5	32	598	0	0	0	0	0	0
fsh-generated/resources/ValueSet-mii-vs-onko-primaertumor-diagnosesicherung.json	5397	1	0	0	1	0	0	0	1	3	0	0	0	0	0	0	0	0	0	0	4	13	51	0	0	0	1	0	0
fsh-generated/resources/ValueSet-mii-vs-onko-prostata-clavien-dindo.json	6808	1	0	0	0	0	0	0	0	619	0	0	0	0	0	0	0	0	0	0	4	15	55	0	0	0	0	0	0
fsh-generated/resources/ValueSet-mii-vs-onko-prostata-gleason-pattern-loinc.json	5822	2	0	0	0	0	0	0	1	503	0	0	0	0	0	0	0	0	0	0	4	15	50	0	0	0	0	0	0
fsh-generated/resources/ValueSet-mii-vs-onko-prostata-gleason-patterns.json	6356	1	0	0	0	0	0	0	0	582	0	0	0	0	0	0	0	0	0	0	4	13	50	0	1	0	1	0	0
fsh-generated/resources/ValueSet-mii-vs-onko-prostata-gleason-primary-secondary-tertiary.json	6469	2	0	0	0	0	0	0	0	586	0	0	0	0	0	0	0	0	0	0	3	23	48	0	0	0	0	0	0
fsh-generated/resources/ValueSet-mii-vs-onko-prostata-gleason-score-gesamt.json	7325	1	0	0	0	0	0	0	1	589	0	0	0	0	0	0	0	0	0	0	4	17	56	0	0	0	0	0	0
fsh-generated/resources/ValueSet-mii-vs-onko-prostata-gleason-score.json	7609	2	0	0	0	0	0	0	0	583	0	0	0	0	0	0	0	0	0	0	3	18	56	0	0	0	1	0	1
fsh-generated/resources/ValueSet-mii-vs-onko-prostata-operation-snomedct.json	6074	1	0	0	0	0	0	0	1	974	0	0	0	0	0	0	0	0	0	0	4	20	787	0	0	0	0	0	0
fsh-generated/resources/ValueSet-mii-vs-onko-prostata-postsurgical-complications.json	5362	1	0	0	0	0	0	0	0	3	0	0	0	0	0	0	0	0	0	0	4	11	49	0	0	0	0	0	0
fsh-generated/resources/ValueSet-mii-vs-onko-prostata-psa-loinc.json	5597	2	0	0	0	0	0	0	1	458	0	0	0	0	0	0	0	0	0	0	3	129	52	0	0	0	0	0	0
fsh-generated/resources/ValueSet-mii-vs-onko-seitenlokalisation.json	5329	1	0	0	0	0	0	0	0	2	0	0	0	0	0	0	0	0	0	0	3	16	54	0	0	0	1	0	0
fsh-generated/resources/ValueSet-mii-vs-onko-strahlentherapie-applikationsart.json	5393	2	0	0	0	0	0	0	0	3	0	0	0	0	0	0	0	0	0	0	4	16	54	0	0	0	0	0	0
fsh-generated/resources/ValueSet-mii-vs-onko-strahlentherapie-boost.json	5333	1	0	0	0	0	0	0	1	2	0	0	0	0	0	0	0	0	0	0	3	25	48	0	0	0	0	0	0
fsh-generated/resources/ValueSet-mii-vs-onko-strahlentherapie-ende-grund.json	6209	1	0	0	0	0	0	0	0	4	0	0	0	0	0	0	0	0	0	0	3	25	51	0	0	0	0	0	0
fsh-generated/resources/ValueSet-mii-vs-onko-strahlentherapie-intention.json	5822	2	0	0	0	0	0	0	1	5	0	0	0	0	0	0	0	0	0	0	4	20	51	0	0	0	1	0	0
fsh-generated/resources/ValueSet-mii-vs-onko-strahlentherapie-stellungzurop.json	5349	1	0	0	0	0	0	0	0	3	0	0	0	0	0	0	0	0	0	0	3	12	48	0	0	0	0	0	0
fsh-generated/resources/ValueSet-mii-vs-onko-strahlentherapie-strahlenart.json	5362	2	0	0	0	0	0	0	0	3	0	0	0	0	0	0	0	0	0	0	4	11	49	0	0	0	0	0	0
fsh-generated/resources/ValueSet-mii-vs-onko-strahlentherapie-strahlungseinheit.json	5666	1	0	0	0	0	0	0	1	471	0	0	0	0	0	0	0	0	0	0	3	16	502	0	0	0	0	0	0
fsh-generated/resources/ValueSet-mii-vs-onko-strahlentherapie-zielgebiet.json	5577	1	0	0	0	0	0	0	0	3	0	0	0	0	0	0	0	0	0	0	3	11	95	0	0	0	1	0	0
fsh-generated/resources/ValueSet-mii-vs-onko-studienteilnahme.json	5277	2	0	0	0	0	0	0	1	3	0	0	0	0	0	0	0	0	0	0	4	11	49	0	0	0	0	0	0
fsh-generated/resources/ValueSet-mii-vs-onko-systemische-therapie-art.json	6772	1	0	0	0	0	0	0	0	5	0	0	0	0	0	0	0	0	0	0	4	26	53	0	0	0	0	0	0
fsh-generated/resources/ValueSet-mii-vs-onko-systemische-therapie-ende-grund.json	6322	2	0	0	0	0	0	0	1	5	0	0	0	0	0	0	0	0	0	0	4	17	53	0	0	0	1	0	0
fsh-generated/resources/ValueSet-mii-vs-onko-systemische-therapie-intention.json	5730	1	0	0	0	0	0	0	0	5	0	0	1	0	0	0	0	0	0	0	4	29	50	0	0	0	0	0	0
fsh-generated/resources/ValueSet-mii-vs-onko-systemische-therapie-protokolle.json	5364	1	0	0	0	0	0	0	0	3	0	0	0	0	0	0	0	0	0	0	3	23	78	0	0	0	0	0	0
fsh-generated/resources/ValueSet-mii-vs-onko-systemische-therapie-stellungzurop.json	5844	2	0	0	0	0	0	0	1	5	0	0	0	0	0	0	0	0	0	0	4	12	51	0	0	0	0	0	0
fsh-generated/resources/ValueSet-mii-vs-onko-systemische-therapie-substanzen-2018.json	34926	4	0	0	0	0	0	0	3	2035	0	0	0	0	0	0	0	0	0	0	5	59	2834	0	0	0	3	0	0
fsh-generated/resources/ValueSet-mii-vs-onko-systemische-therapie-substanzen-2019.json	35870	4	0	0	0	0	0	0	4	976	0	0	0	0	0	0	0	0	0	0	6	63	755	0	0	0	3	0	0
fsh-generated/resources/ValueSet-mii-vs-onko-systemische-therapie-substanzen-2020.json	37081	4	0	0	0	0	0	0	3	945	0	0	0	0	0	0	0	0	0	0	6	69	739	0	0	0	4	0	1
fsh-generated/resources/ValueSet-mii-vs-onko-systemische-therapie-substanzen-2021.json	39030	4	0	0	0	0	0	0	4	946	0	0	0	0	0	0	0	1	0	0	7	69	795	0	0	0	4	0	0
fsh-generated/resources/ValueSet-mii-vs-onko-systemische-therapie-substanzen-2022.json	42297	4	0	0	0	0	0	0	4	966	0	0	0	0	0	0	0	0	0	0	7	72	743	0	0	0	4	0	0
fsh-generated/resources/ValueSet-mii-vs-onko-systemische-therapie-substanzen-2023.json	43949	5	0	0	0	0	0	0	3	1680	0	0	0	0	0	0	0	0	0	0	7	80	2878	0	0	0	4	0	0
fsh-generated/resources/ValueSet-mii-vs-onko-systemische-therapie-substanzen-2024.json	44597	5	0	0	0	0	0	0	3	969	0	0	0	0	0	0	0	0	0	0	8	75	754	0	0	0	5	0	0
fsh-generated/resources/ValueSet-mii-vs-onko-systemische-therapie-substanzen-2025.json	44969	4	0	0	1	0	0	0	4	984	0	0	0	0	0	0	0	0	0	0	9	81	750	0	0	0	4	0	1
fsh-generated/resources/ValueSet-mii-vs-onko-systemische-therapie-substanzen-2026.json	47155	5	0	0	0	0	0	0	4	939	0	0	0	0	0	0	0	0	0	0	9	146	814	0	0	0	5	0	0
fsh-generated/resources/ValueSet-mii-vs-onko-systemische-therapie-substanzen-unii.json	15249	3	0	0	0	0	0	0	1	586	0	0	0	0	0	0	0	0	0	0	7	106	672	0	0	0	1	0	0
fsh-generated/resources/ValueSet-mii-vs-onko-systemische-therapie-substanzen.json	54667	5	0	0	0	0	0	0	4	1785	0	0	0	0	0	0	0	1	0	0	10	97	4292	0	0	0	5	0	0
fsh-generated/resources/ValueSet-mii-vs-onko-therapieabweichung.json	5313	1	0	0	0	0	0	0	0	3	0	0	0	0	0	0	0	0	0	0	8	12	50	0	0	0	1	0	0
fsh-generated/resources/ValueSet-mii-vs-onko-therapieempfehlung-typ.json	5302	2	0	0	0	0	0	0	0	2	0	0	0	0	0	0	0	0	0	0	7	11	58	0	0	0	0	0	0
fsh-generated/resources/ValueSet-mii-vs-onko-therapieplanung-typ.json	5294	1	0	0	0	0	0	0	1	2	0	0	0	0	0	0	0	0	0	0	6	11	47	0	0	0	0	0	0
fsh-generated/resources/ValueSet-mii-vs-onko-tnm-cp-praefix.json	5542	2	0	0	0	0	0	0	0	4	0	0	0	0	0	0	0	0	0	0	6	24	48	0	0	0	1	0	0
fsh-generated/resources/ValueSet-mii-vs-onko-tnm-itc-suffix.json	5667	1	0	0	0	0	0	0	0	3	0	0	0	0	0	0	0	0	0	0	5	16	52	0	0	0	0	0	0
fsh-generated/resources/ValueSet-mii-vs-onko-tnm-klassifikation-typ.json	6122	1	0	0	0	0	0	0	1	588	0	0	0	0	0	0	0	0	0	0	5	13	50	0	0	0	0	0	0
fsh-generated/resources/ValueSet-mii-vs-onko-tnm-l-kategorie-werte.json	5590	2	0	0	0	0	0	0	0	3	0	0	0	0	0	0	0	0	0	0	4	11	47	0	0	0	1	0	0
fsh-generated/resources/ValueSet-mii-vs-onko-tnm-m-kategorie-werte-sct.json	6442	1	0	0	0	0	0	0	0	1422	0	0	0	0	0	0	0	0	0	0	4	18	61	0	0	0	0	0	0
fsh-generated/resources/ValueSet-mii-vs-onko-tnm-m-kategorie-werte.json	6046	2	0	0	0	0	0	0	1	4	0	0	0	0	0	0	0	0	0	0	3	25	48	0	0	0	0	0	1
fsh-generated/resources/ValueSet-mii-vs-onko-tnm-m-kategorie.json	6009	1	0	0	0	0	0	0	0	597	0	0	0	0	0	0	0	0	0	0	4	17	48	0	0	0	1	0	0
fsh-generated/resources/ValueSet-mii-vs-onko-tnm-m-symbol.json	6043	1	0	0	0	0	0	0	1	4	0	0	0	0	0	0	0	0	0	0	3	17	52	0	0	0	0	0	0
fsh-generated/resources/ValueSet-mii-vs-onko-tnm-n-kategorie-werte-sct.json	6872	1	0	0	0	0	0	0	0	2137	0	0	0	0	0	0	0	0	0	0	4	15	74	0	0	0	0	0	0
fsh-generated/resources/ValueSet-mii-vs-onko-tnm-n-kategorie-werte.json	6528	2	0	0	0	0	0	0	0	6	0	0	0	0	0	0	0	0	0	0	3	15	52	0	0	0	1	0	0
fsh-generated/resources/ValueSet-mii-vs-onko-tnm-n-kategorie.json	6009	1	0	0	0	0	0	0	1	572	0	0	0	0	0	0	0	0	0	0	4	12	49	0	0	0	0	0	0
fsh-generated/resources/ValueSet-mii-vs-onko-tnm-pn-kategorie-werte.json	5594	2	0	0	0	0	0	0	0	3	0	0	0	0	0	0	0	0	0	0	4	11	47	0	0	0	0	0	0
fsh-generated/resources/ValueSet-mii-vs-onko-tnm-s-kategorie-werte.json	5724	1	0	0	0	0	0	0	0	4	0	0	0	0	0	0	0	0	0	0	3	13	47	0	0	0	1	0	0
fsh-generated/resources/ValueSet-mii-vs-onko-tnm-sn-suffix.json	5422	1	0	0	0	0	1	0	0	3	0	0	0	0	0	0	0	0	0	0	4	15	47	0	0	0	0	0	0
fsh-generated/resources/ValueSet-mii-vs-onko-tnm-t-kategorie-werte-sct.json	6872	2	0	0	0	0	0	0	0	2151	0	0	0	0	0	0	0	0	0	0	4	14	90	0	0	0	0	0	0
fsh-generated/resources/ValueSet-mii-vs-onko-tnm-t-kategorie-werte.json	8876	1	0	0	0	0	0	0	1	6	0	0	0	0	0	0	0	0	0	0	4	21	93	0	0	0	1	0	0
fsh-generated/resources/ValueSet-mii-vs-onko-tnm-t-kategorie.json	6008	2	0	0	0	0	0	0	0	569	0	0	0	0	0	0	0	0	0	0	3	15	49	0	0	0	0	0	0
fsh-generated/resources/ValueSet-mii-vs-onko-tnm-uicc-stadium.json	8049	1	0	0	0	0	0	0	0	5	0	0	0	0	0	0	0	0	0	0	4	18	57	0	0	0	0	0	0
fsh-generated/resources/ValueSet-mii-vs-onko-tnm-v-kategorie-werte.json	5662	2	0	0	0	0	0	0	1	4	0	0	0	0	0	0	0	0	0	0	4	15	49	0	0	0	1	0	0
fsh-generated/resources/ValueSet-mii-vs-onko-tnm-version.json	5278	1	0	0	0	0	0	0	0	2	0	0	0	0	0	0	0	0	0	0	4	14	49	0	0	0	0	0	0
fsh-generated/resources/ValueSet-mii-vs-onko-tod.json	5204	1	0	0	0	0	0	0	0	2	0	0	0	0	0	0	0	0	0	0	4	11	46	0	0	0	0	0	0
fsh-generated/resources/ValueSet-mii-vs-onko-tumormarker-loinc.json	11663	2	0	0	0	0	0	0	0	576	0	0	0	0	0	0	0	0	0	0	4	25	62	0	0	0	1	0	0
fsh-generated/resources/ValueSet-mii-vs-onko-verlauf-fernmetastasen.json	5342	1	0	0	0	0	0	0	0	2	0	0	0	0	0	0	0	0	0	0	4	11	47	0	0	0	0	0	0
fsh-generated/resources/ValueSet-mii-vs-onko-verlauf-gesamtbeurteilung.json	5344	1	0	0	0	0	0	0	1	2	0	0	0	0	0	0	0	0	0	0	4	11	52	0	0	0	0	0	0
fsh-generated/resources/ValueSet-mii-vs-onko-verlauf-lymphknoten.json	5324	2	0	0	0	0	0	0	0	3	0	0	0	0	0	0	0	0	0	0	3	11	47	0	0	0	1	0	0
fsh-generated/resources/ValueSet-mii-vs-onko-verlauf-primaertumor.json	5331	1	0	0	1	0	0	0	0	2	0	0	0	0	0	0	0	0	0	0	4	11	47	0	0	0	0	0	0
fsh-generated/resources/ValueSet-mii-vs-onko-weitere-klassifikationen-auspraegungen.json	13072	2	0	0	0	0	0	0	0	594	0	0	0	0	0	0	0	0	0	0	4	36	122	0	0	0	1	0	0
fsh-generated/resources/ValueSet-mii-vs-onko-weitere-klassifikationen.json	14830	2	0	0	0	0	0	0	1	1439	0	0	0	0	0	0	0	0	0	0	4	36	78	0	0	0	1	0	0
input/resources/Parameters-expansion-manifest.json	509	1	0	0	0	0	0	0	2	0	0	0	0	0	0	0	0	0	0	0	4	84	453	0	0	0	0	0	1
/input/includes/menu.xml	6294	-	-	-	0	0	0	0	0	0	0	0	0	0	0	0	0	0	0	0	0	0	1	0	0	0	0	0	0
/fsh-generated/includes/fsh-link-references.md	59372	-	-	-	0	0	0	0	0	0	0	0	0	0	0	0	0	0	0	0	0	0	3	0	0	0	0	0	0
/input/intro-notes/ConceptMap-mii-cm-onko-seitenlokalisation-sct-intro.md	456	-	-	-	0	0	0	0	0	0	0	0	0	0	0	0	0	0	0	0	0	0	1	0	0	0	0	0	0
/input/intro-notes/ValueSet-mii-vs-onko-kdl-dokumentklassen-intro.md	15865	-	-	-	0	0	0	0	0	0	0	0	0	0	0	0	0	0	0	0	0	0	1	0	0	0	0	0	0
/input/intro-notes/StructureDefinition-mii-pr-onko-befund-intro.md	1626	-	-	-	0	0	0	0	0	0	0	0	0	0	0	0	0	0	0	0	0	0	0	0	0	0	0	0	0
/input/intro-notes/ConceptMap-mii-cm-onko-allgemeiner-leistungszustand-sct-intro.md	847	-	-	-	0	0	0	0	0	0	0	0	0	0	0	0	0	0	0	0	0	0	0	0	0	0	0	0	0
/input/intro-notes/StructureDefinition-mii-pr-onko-melanom-ldh-intro.md	3569	-	-	-	0	0	0	0	0	0	0	0	0	0	0	0	0	0	0	0	0	0	0	0	0	0	0	0	0
/input/intro-notes/StructureDefinition-mii-pr-onko-krk-mrt-mesorektale-faszie-intro.md	3487	-	-	-	0	0	0	0	0	0	0	0	0	0	0	0	0	0	0	0	0	0	1	0	0	0	0	0	0
/input/intro-notes/ConceptMap-mii-cm-onko-strahlentherapie-strahlenart-sct-intro.md	573	-	-	-	0	0	0	0	0	0	0	0	0	0	0	0	0	0	0	0	0	0	0	0	0	0	0	0	0
/input/intro-notes/StructureDefinition-mii-pr-onko-fernmetastasen-intro.md	1178	-	-	-	0	0	0	0	0	0	0	0	0	0	0	0	0	0	0	0	0	0	0	0	0	0	0	0	0
/input/intro-notes/ConceptMap-mii-cm-onko-operation-komplikation-sct-intro.md	608	-	-	-	0	0	0	0	0	0	0	0	0	0	0	0	0	0	0	0	0	0	0	0	0	0	0	0	0
/input/intro-notes/StructureDefinition-mii-pr-onko-systemische-therapie-medikation-intro.md	2267	-	-	-	0	0	0	0	0	0	0	0	0	0	0	0	0	0	0	0	0	0	0	0	0	0	0	0	0
/input/intro-notes/ConceptMap-mii-cm-onko-verlauf-fernmetastasen-sct-intro.md	637	-	-	-	0	0	0	0	0	0	0	0	0	0	0	0	0	0	0	0	0	0	0	0	0	0	0	0	0
/input/intro-notes/ConceptMap-mii-cm-onko-therapieplanung-sct-intro.md	487	-	-	-	0	0	0	0	0	0	0	0	0	0	0	0	0	0	0	0	0	0	0	0	0	0	0	0	0
/input/intro-notes/ConceptMap-mii-cm-onko-strahlentherapie-zielgebiet-sct-intro.md	675	-	-	-	0	0	0	0	0	0	0	0	0	0	0	0	0	0	0	0	0	0	0	0	0	0	0	0	0
/input/intro-notes/StructureDefinition-mii-pr-onko-residualstatus-intro.md	749	-	-	-	0	0	0	0	0	0	0	0	0	0	0	0	0	0	0	0	0	0	0	0	0	0	0	0	0
/input/intro-notes/StructureDefinition-mii-pr-onko-prostate-clavien-dindo-intro.md	3684	-	-	-	0	0	0	0	0	0	0	0	0	0	0	0	0	0	0	0	0	0	1	0	0	0	0	0	0
/input/intro-notes/StructureDefinition-mii-pr-onko-tnm-m-symbol-intro.md	949	-	-	-	0	0	0	0	0	0	0	0	0	0	0	0	0	0	0	0	0	0	0	0	0	0	0	0	0
/input/intro-notes/StructureDefinition-mii-pr-onko-strahlentherapie-bestrahlung-nuklearmedizin-intro.md	2222	-	-	-	0	0	0	0	0	0	0	0	0	0	0	0	0	0	0	0	0	0	0	0	0	0	0	0	0
/input/intro-notes/ConceptMap-mii-cm-onko-therapie-ende-sct-intro.md	630	-	-	-	0	0	0	0	0	0	0	0	0	0	0	0	0	0	0	0	0	0	0	0	0	0	0	0	0
/input/intro-notes/StructureDefinition-mii-pr-onko-tnm-a-symbol-intro.md	573	-	-	-	0	0	0	0	0	0	0	0	0	0	0	0	0	0	0	0	0	0	0	0	0	0	0	0	0
/input/intro-notes/StructureDefinition-mii-pr-onko-mamma-operation-intro.md	4605	-	-	-	0	0	0	0	0	0	0	0	0	0	0	0	0	0	0	0	0	0	0	0	0	0	0	0	0
/input/intro-notes/StructureDefinition-mii-pr-onko-tnm-pn-kategorie-intro.md	336	-	-	-	0	0	0	0	0	0	0	0	0	0	0	0	0	0	0	0	0	0	0	0	0	0	0	0	0
/input/intro-notes/StructureDefinition-mii-pr-onko-tumorgroesse-intro.md	1291	-	-	-	0	0	0	0	0	0	0	0	0	0	0	0	0	0	0	0	0	0	0	0	0	0	0	0	0
/input/intro-notes/StructureDefinition-mii-pr-onko-tnm-klassifikation-intro.md	6363	-	-	-	0	0	0	0	0	0	0	0	0	0	0	0	0	0	0	0	0	0	1	0	0	0	0	0	0
/input/intro-notes/StructureDefinition-mii-pr-onko-prostate-ca-befall-stanze-intro.md	1630	-	-	-	0	0	0	0	0	0	0	0	0	0	0	0	0	0	0	0	0	0	0	0	0	0	0	0	0
/input/intro-notes/ConceptMap-mii-cm-onko-strahlentherapie-strahleneinheit-sct-intro.md	478	-	-	-	0	0	0	0	0	0	0	0	0	0	0	0	0	0	0	0	0	0	0	0	0	0	0	0	0
/input/intro-notes/StructureDefinition-mii-pr-onko-tnm-v-kategorie-intro.md	352	-	-	-	0	0	0	0	0	0	0	0	0	0	0	0	0	0	0	0	0	0	0	0	0	0	0	0	0
/input/intro-notes/StructureDefinition-mii-ex-onko-operation-intention-intro.md	463	-	-	-	0	0	0	0	0	0	0	0	0	0	0	0	0	0	0	0	0	0	0	0	0	0	0	0	0
/input/intro-notes/StructureDefinition-mii-pr-onko-allgemeiner-leistungszustand-karnofsky-intro.md	3056	-	-	-	0	0	0	0	0	0	0	0	0	0	0	0	0	0	0	0	0	0	0	0	0	0	0	0	0
/input/intro-notes/StructureDefinition-mii-ex-onko-histology-morphology-behavior-icdo3-intro.md	1562	-	-	-	0	0	0	0	0	0	0	0	0	0	0	0	0	0	0	0	0	0	1	0	0	0	0	0	0
/input/intro-notes/ConceptMap-mii-cm-onko-primaertumor-diagnosesicherung-sct-intro.md	583	-	-	-	0	0	0	0	0	0	0	0	0	0	0	0	0	0	0	0	0	0	0	0	0	0	0	0	0
/input/intro-notes/StructureDefinition-mii-pr-onko-prostate-psa-intro.md	2441	-	-	-	0	0	0	0	0	0	0	0	0	0	0	0	0	0	0	0	0	0	0	0	0	0	0	0	0
/input/intro-notes/StructureDefinition-mii-pr-onko-mamma-menopause-status-intro.md	3200	-	-	-	0	0	0	0	0	0	0	0	0	0	0	0	0	0	0	0	0	0	0	0	0	0	0	0	0
/input/intro-notes/StructureDefinition-mii-pr-onko-systemische-therapie-intro.md	5803	-	-	-	0	0	0	0	0	0	0	0	0	0	0	0	0	0	0	0	0	0	0	0	0	0	0	0	0
/input/intro-notes/ConceptMap-mii-cm-onko-therapie-stellung-sct-intro.md	468	-	-	-	0	0	0	0	0	0	0	0	0	0	0	0	0	0	0	0	0	0	0	0	0	0	0	0	0
/input/intro-notes/StructureDefinition-mii-pr-onko-therapieempfehlung-medikation-intro.md	4433	-	-	-	0	0	0	0	0	0	0	0	0	0	0	0	0	0	0	0	0	0	1	0	0	0	0	0	0
/input/intro-notes/StructureDefinition-mii-pr-onko-genetische-variante-intro.md	3694	-	-	-	0	0	0	0	0	0	0	0	0	0	0	0	0	0	0	0	0	0	0	0	0	0	0	0	0
/input/intro-notes/StructureDefinition-mii-pr-onko-operation-intro.md	8338	-	-	-	0	0	0	0	0	0	0	0	0	0	0	0	0	0	0	0	0	0	0	0	0	0	0	0	0
/input/intro-notes/StructureDefinition-mii-pr-onko-strahlentherapie-bestrahlung-strahlentherapie-intro.md	2922	-	-	-	0	0	0	0	0	0	0	0	0	0	0	0	0	0	0	0	0	0	1	0	0	0	0	0	0
/input/intro-notes/StructureDefinition-mii-pr-onko-allgemeiner-leistungszustand-ecog-intro.md	3002	-	-	-	0	0	0	0	0	0	0	0	0	0	0	0	0	0	0	0	0	0	0	0	0	0	0	0	0
/input/intro-notes/StructureDefinition-mii-pr-onko-prostate-gleason-grade-group-intro.md	3555	-	-	-	0	0	0	0	0	0	0	0	0	0	0	0	0	0	0	0	0	0	0	0	0	0	0	0	0
/input/intro-notes/ConceptMap-mii-cm-onko-strahlentherapie-applikationsart-sct-intro.md	642	-	-	-	0	0	0	0	0	0	0	0	0	0	0	0	0	0	0	0	0	0	0	0	0	0	0	0	0
/input/intro-notes/StructureDefinition-mii-pr-onko-tumorkonferenz-intro.md	5439	-	-	-	0	0	0	0	0	0	0	0	0	0	0	0	0	0	0	0	0	0	0	0	0	0	0	0	0
/input/intro-notes/StructureDefinition-mii-pr-onko-krk-abstand-anokutan-intro.md	2600	-	-	-	0	0	0	0	0	0	0	0	0	0	0	0	0	0	0	0	0	0	1	0	0	0	0	0	0
/input/intro-notes/StructureDefinition-mii-pr-onko-mamma-praeoperative-markierung-intro.md	4098	-	-	-	0	0	0	0	0	0	0	0	0	0	0	0	0	0	0	0	0	0	0	0	0	0	0	0	0
/input/intro-notes/StructureDefinition-mii-ex-onko-tnm-cp-praefix-intro.md	1126	-	-	-	0	0	0	0	0	0	0	0	0	0	0	0	0	0	0	0	0	0	0	0	0	0	0	0	0
/input/intro-notes/StructureDefinition-mii-ex-onko-strahlentherapie-intention-intro.md	211	-	-	-	0	0	0	0	0	0	0	0	0	0	0	0	0	0	0	0	0	0	0	0	0	0	0	0	0
/input/intro-notes/StructureDefinition-mii-ex-onko-operation-urgency-intro.md	2249	-	-	-	0	0	0	0	0	0	0	0	0	0	0	0	0	0	0	0	0	0	0	0	0	0	0	0	0
/input/intro-notes/ConceptMap-mii-cm-onko-tnm-uicc-sct-clinical-intro.md	534	-	-	-	0	0	0	0	0	0	0	0	0	0	0	0	0	0	0	0	0	0	0	0	0	0	0	0	0
/input/intro-notes/StructureDefinition-mii-pr-onko-weitere-klassifikationen-intro.md	5541	-	-	-	0	0	0	0	0	0	0	0	0	0	0	0	0	0	0	0	0	0	0	0	0	0	0	0	0
/input/intro-notes/ConceptMap-mii-cm-onko-therapie-typ-sct-intro.md	526	-	-	-	0	0	0	0	0	0	0	0	0	0	0	0	0	0	0	0	0	0	1	0	0	0	0	0	0
/input/intro-notes/StructureDefinition-mii-pr-onko-melanom-breslow-tiefe-intro.md	2592	-	-	-	0	0	0	0	0	0	0	0	0	0	0	0	0	0	0	0	0	0	0	0	0	0	0	0	0
/input/intro-notes/StructureDefinition-mii-pr-onko-therapieempfehlung-kombinationstherapie-intro.md	7742	-	-	-	0	0	0	0	0	0	0	0	0	0	0	0	0	0	0	0	0	0	0	0	0	0	0	0	0
/input/intro-notes/StructureDefinition-mii-pr-onko-verlauf-intro.md	2697	-	-	-	0	0	0	0	0	0	0	0	0	0	0	0	0	0	0	0	0	0	0	0	0	0	0	0	0
/input/intro-notes/ConceptMap-mii-cm-onko-intention-sct-intro.md	518	-	-	-	0	0	0	0	0	0	0	0	0	0	0	0	0	0	0	0	0	0	0	0	0	0	0	0	0
/input/intro-notes/StructureDefinition-mii-pr-onko-krk-specimen-intro.md	3043	-	-	-	0	0	0	0	0	0	0	0	0	0	0	0	0	0	0	0	0	0	1	0	0	0	0	0	0
/input/intro-notes/StructureDefinition-mii-pr-onko-histologie-icdo3-intro.md	796	-	-	-	0	0	0	0	0	0	0	0	0	0	0	0	0	0	0	0	0	0	0	0	0	0	0	0	0
/input/intro-notes/StructureDefinition-mii-pr-onko-krk-abstand-aboral-intro.md	3364	-	-	-	0	0	0	0	0	0	0	0	0	0	0	0	0	0	0	0	0	0	0	0	0	0	0	0	0
/input/intro-notes/ConceptMap-mii-cm-onko-grading-sct-intro.md	394	-	-	-	0	0	0	0	0	0	0	0	0	0	0	0	0	0	0	0	0	0	0	0	0	0	0	0	0
/input/intro-notes/StructureDefinition-mii-pr-onko-tnm-n-kategorie-intro.md	1292	-	-	-	0	0	0	0	0	0	0	0	0	0	0	0	0	0	0	0	0	0	0	0	0	0	0	0	0
/input/intro-notes/Bundle-mii-exa-onko-melanom-bundle-intro.md	6338	-	-	-	0	0	0	0	0	0	0	0	0	0	0	0	0	0	0	0	0	0	0	0	0	0	0	0	0
/input/intro-notes/Bundle-mii-exa-onko-krk-bundle-intro.md	7764	-	-	-	0	0	0	0	0	0	0	0	0	0	0	0	0	0	0	0	0	0	1	0	0	0	0	0	0
/input/intro-notes/StructureDefinition-mii-pr-onko-krk-anastomoseninsuffizienz-intro.md	3303	-	-	-	0	0	0	0	0	0	0	0	0	0	0	0	0	0	0	0	0	0	0	0	0	0	0	0	0
/input/intro-notes/StructureDefinition-mii-pr-onko-diagnose-primaertumor-intro.md	6245	-	-	-	0	0	0	0	0	0	0	0	0	0	0	0	0	0	0	0	0	0	0	0	0	0	0	0	0
/input/intro-notes/Bundle-mii-exa-onko-mamma-example-bundle-1-intro.md	5171	-	-	-	0	0	0	0	0	0	0	0	0	0	0	0	0	0	0	0	0	0	1	0	0	0	0	0	0
/input/intro-notes/StructureDefinition-mii-pr-onko-prostate-anzahl-stanzen-intro.md	2167	-	-	-	0	0	0	0	0	0	0	0	0	0	0	0	0	0	0	0	0	0	0	0	0	0	0	0	0
/input/intro-notes/StructureDefinition-mii-pr-onko-tnm-m-kategorie-intro.md	1272	-	-	-	0	0	0	0	0	0	0	0	0	0	0	0	0	0	0	0	0	0	0	0	0	0	0	0	0
/input/intro-notes/StructureDefinition-mii-pr-onko-specimen-intro.md	905	-	-	-	0	0	0	0	0	0	0	0	0	0	0	0	0	0	0	0	0	0	0	0	0	0	0	0	0
/input/intro-notes/ConceptMap-mii-cm-onko-studienteilnahme-sct-intro.md	370	-	-	-	0	0	0	0	0	0	0	0	0	0	0	0	0	0	0	0	0	0	0	0	0	0	0	0	0
/input/intro-notes/ConceptMap-mii-cm-onko-nebenwirkung-sct-intro.md	441	-	-	-	0	0	0	0	0	0	0	0	0	0	0	0	0	0	0	0	0	0	0	0	0	0	0	0	0
/input/intro-notes/ConceptMap-mii-cm-onko-tod-sct-intro.md	645	-	-	-	0	0	0	0	0	0	0	0	0	0	0	0	0	0	0	0	0	0	0	0	0	0	0	0	0
/input/intro-notes/ConceptMap-mii-cm-onko-therapieabweichung-sct-intro.md	471	-	-	-	0	0	0	0	0	0	0	0	0	0	0	0	0	0	0	0	0	0	0	0	0	0	0	0	0
/input/intro-notes/StructureDefinition-mii-pr-onko-krk-abstand-circumferelle-resektionsebene-intro.md	3436	-	-	-	0	0	0	0	0	0	0	0	0	0	0	0	0	0	0	0	0	0	1	0	0	0	0	0	0
/input/intro-notes/StructureDefinition-mii-pr-onko-tnm-s-kategorie-intro.md	384	-	-	-	0	0	0	0	0	0	0	0	0	0	0	0	0	0	0	0	0	0	0	0	0	0	0	0	0
/input/intro-notes/StructureDefinition-mii-pr-onko-tod-intro.md	2168	-	-	-	0	0	0	0	0	0	0	0	0	0	0	0	0	0	0	0	0	0	0	0	0	0	0	0	0
/input/intro-notes/StructureDefinition-mii-pr-onko-mamma-rezeptorstatus-progesteron-intro.md	5079	-	-	-	0	0	0	0	0	0	0	0	0	0	0	0	0	0	0	0	0	0	0	0	0	0	0	0	0
/input/intro-notes/StructureDefinition-mii-pr-onko-tnm-t-kategorie-intro.md	1248	-	-	-	0	0	0	0	0	0	0	0	0	0	0	0	0	0	0	0	0	0	0	0	0	0	0	0	0
/input/intro-notes/StructureDefinition-mii-pr-onko-mamma-rezeptorstatus-estrogen-intro.md	5063	-	-	-	0	0	0	0	0	0	0	0	0	0	0	0	0	0	0	0	0	0	0	0	0	0	0	0	0
/input/intro-notes/StructureDefinition-mii-pr-onko-melanom-ulzeration-intro.md	3388	-	-	-	0	0	0	0	0	0	0	0	0	0	0	0	0	0	0	0	0	0	0	0	0	0	0	0	0
/input/intro-notes/StructureDefinition-mii-pr-onko-krk-operation-intro.md	2675	-	-	-	0	0	0	0	0	0	0	0	0	0	0	0	0	0	0	0	0	0	1	0	0	0	0	0	0
/input/intro-notes/StructureDefinition-mii-pr-onko-liste-evidenz-erstdiagnose-intro.md	1009	-	-	-	0	0	0	0	0	0	0	0	0	0	0	0	0	0	0	0	0	0	0	0	0	0	0	0	0
/input/intro-notes/ConceptMap-mii-cm-onko-verlauf-lymphknoten-sct-intro.md	437	-	-	-	0	0	0	0	0	0	0	0	0	0	0	0	0	0	0	0	0	0	0	0	0	0	0	0	0
/input/intro-notes/StructureDefinition-mii-pr-onko-prostate-gleason-patterns-intro.md	3756	-	-	-	0	0	0	0	0	0	0	0	0	0	0	0	0	0	0	0	0	0	0	0	0	0	0	0	0
/input/intro-notes/ConceptMap-mii-cm-onko-tnm-uicc-sct-pathological-intro.md	684	-	-	-	0	0	0	0	0	0	0	0	0	0	0	0	0	0	0	0	0	0	0	0	0	0	0	0	0
/input/intro-notes/StructureDefinition-mii-pr-onko-tnm-r-symbol-intro.md	510	-	-	-	0	0	0	0	0	0	0	0	0	0	0	0	0	0	0	0	0	0	0	0	0	0	0	0	0
/input/intro-notes/StructureDefinition-mii-pr-onko-asa-klassifikation-intro.md	2179	-	-	-	0	0	0	0	0	0	0	0	0	0	0	0	0	0	0	0	0	0	0	0	0	0	0	0	0
/input/intro-notes/StructureDefinition-mii-pr-onko-melanom-sicherheitsabstand-intro.md	3197	-	-	-	0	0	0	0	0	0	0	0	0	0	0	0	0	0	0	0	0	0	1	0	0	0	0	0	0
/input/intro-notes/StructureDefinition-mii-ex-onko-strahlentherapie-stellungzurop-intro.md	219	-	-	-	0	0	0	0	0	0	0	0	0	0	0	0	0	0	0	0	0	0	0	0	0	0	0	0	0
/input/intro-notes/StructureDefinition-mii-pr-onko-fruehere-tumorerkrankung-intro.md	5710	-	-	-	0	0	0	0	0	0	0	0	0	0	0	0	0	0	0	0	0	0	0	0	0	0	0	0	0
/input/intro-notes/ConceptMap-mii-cm-onko-verlauf-primaertumor-sct-intro.md	519	-	-	-	0	0	0	0	0	0	0	0	0	0	0	0	0	0	0	0	0	0	0	0	0	0	0	0	0
/input/intro-notes/StructureDefinition-mii-pr-onko-tnm-l-kategorie-intro.md	347	-	-	-	0	0	0	0	0	0	0	0	0	0	0	0	0	0	0	0	0	0	0	0	0	0	0	0	0
/input/intro-notes/StructureDefinition-mii-pr-onko-nebenwirkung-adverse-event-intro.md	1976	-	-	-	0	0	0	0	0	0	0	0	0	0	0	0	0	0	0	0	0	0	0	0	0	0	0	0	0
/input/intro-notes/StructureDefinition-mii-pr-onko-therapieempfehlung-operation-intro.md	3851	-	-	-	0	0	0	0	0	0	0	0	0	0	0	0	0	0	0	0	0	0	1	0	0	0	0	0	0
/input/intro-notes/StructureDefinition-mii-pr-onko-grading-intro.md	348	-	-	-	0	0	0	0	0	0	0	0	0	0	0	0	0	0	0	0	0	0	0	0	0	0	0	0	0
/input/intro-notes/ConceptMap-mii-cm-onko-verlauf-gesamtbeurteilung-sct-intro.md	479	-	-	-	0	0	0	0	0	0	0	0	0	0	0	0	0	0	0	0	0	0	0	0	0	0	0	0	0
/input/intro-notes/StructureDefinition-mii-pr-onko-mamma-her2neu-status-intro.md	6694	-	-	-	0	0	0	0	0	0	0	0	0	0	0	0	0	0	0	0	0	0	0	0	0	0	0	0	0
/input/intro-notes/StructureDefinition-mii-pr-onko-krk-stoma-markierung-intro.md	3214	-	-	-	0	0	0	0	0	0	0	0	0	0	0	0	0	0	0	0	0	0	0	0	0	0	0	0	0
/input/intro-notes/ConceptMap-mii-cm-onko-fernmetastasen-sct-intro.md	379	-	-	-	0	0	0	0	0	0	0	0	0	0	0	0	0	0	0	0	1	0	1	0	0	0	0	0	0
/input/intro-notes/ConceptMap-mii-cm-onko-genetische-variante-auspraegung-sct-intro.md	928	-	-	-	0	0	0	0	0	0	0	0	0	0	0	0	0	0	0	0	0	0	0	0	0	0	0	0	0
/input/intro-notes/StructureDefinition-mii-pr-onko-studienteilnahme-intro.md	2902	-	-	-	0	0	0	0	0	0	0	0	0	0	0	0	0	0	0	0	0	0	0	0	0	0	0	0	0
/input/intro-notes/StructureDefinition-mii-pr-onko-tnm-y-symbol-intro.md	565	-	-	-	0	0	0	0	0	0	0	0	0	0	0	0	0	0	0	0	0	0	0	0	0	0	0	0	0
/input/intro-notes/StructureDefinition-mii-pr-onko-prostate-anzahl-positive-stanzen-intro.md	2366	-	-	-	0	0	0	0	0	0	0	0	0	0	0	0	0	0	0	0	0	0	0	0	0	0	0	0	0
/input/intro-notes/StructureDefinition-mii-pr-onko-strahlentherapie-intro.md	9902	-	-	-	0	0	0	0	0	0	0	0	0	0	0	0	0	0	0	0	0	0	1	0	0	0	0	0	0
/input/intro-notes/ConceptMap-mii-cm-onko-strahlentherapie-boost-sct-intro.md	522	-	-	-	0	0	0	0	0	0	0	0	0	0	0	0	0	0	0	0	0	0	0	0	0	0	0	0	0
/input/pagecontent/logical-models.md	946	-	-	-	0	0	0	0	0	0	0	0	0	0	0	0	0	0	0	0	0	0	0	0	0	0	0	0	0
/input/pagecontent/examples.md	1312	-	-	-	0	0	0	0	0	0	0	0	0	0	0	0	0	0	0	0	0	0	0	0	0	0	0	0	0
/input/pagecontent/atc-terminologie.md	10328	-	-	-	0	0	0	0	0	0	0	0	0	0	0	0	0	0	0	0	0	0	0	0	0	0	0	0	0
/input/pagecontent/changes.md	14855	-	-	-	0	0	0	0	0	0	0	0	0	0	0	0	0	0	0	0	0	0	1	0	0	0	0	0	0
/input/pagecontent/guidance.md	8892	-	-	-	0	0	0	0	0	0	0	0	0	0	0	0	0	0	0	0	0	0	1	0	0	0	0	0	0
/input/pagecontent/code-systems.md	5351	-	-	-	0	0	0	0	0	0	0	0	0	0	0	0	0	0	0	0	0	0	0	0	0	0	0	0	0
/input/pagecontent/researcher-guidance.md	1299	-	-	-	0	0	0	0	0	0	0	0	0	0	0	0	0	0	0	0	0	0	0	0	0	0	0	0	0
/input/pagecontent/profiles.md	18346	-	-	-	0	0	0	0	0	0	0	0	0	0	0	0	0	0	0	0	0	0	1	0	0	0	0	0	0
/input/pagecontent/search-parameters.md	1709	-	-	-	0	0	0	0	0	0	0	0	0	0	0	0	0	0	0	0	0	0	0	0	0	0	0	0	0
/input/pagecontent/index.md	6797	-	-	-	0	0	0	0	0	0	0	0	0	0	0	0	0	0	0	0	0	0	1	0	0	0	0	0	0
/input/pagecontent/value-sets.md	1479	-	-	-	0	0	0	0	0	0	0	0	0	0	0	0	0	0	0	0	0	0	0	0	0	0	0	0	0
/input/pagecontent/translationinfo.md	986	-	-	-	0	0	0	0	0	0	0	0	0	0	0	0	0	0	0	0	0	0	0	0	0	0	0	0	0
/input/pagecontent/extensions.md	5394	-	-	-	0	0	0	0	0	0	0	0	0	0	0	0	0	0	0	0	0	0	0	0	0	0	0	0	0
/input/pagecontent/ImplementationGuide-mii-ig-onko-de-v2026.md	3502	-	-	-	0	0	0	0	0	0	0	0	0	0	0	0	0	0	0	0	0	0	1	0	0	0	0	0	0
/input/pagecontent/molgen-variantentypen.md	12779	-	-	-	0	0	0	0	0	0	0	0	0	0	0	0	0	0	0	0	0	0	1	0	0	0	0	0	0
/input/pagecontent/downloads.md	3285	-	-	-	0	0	0	0	0	0	0	0	0	0	0	0	0	0	0	0	0	0	0	0	0	0	0	0	0
/input/pagecontent/icd-o-terminologie.md	5846	-	-	-	0	0	0	0	0	0	0	0	0	0	0	0	0	0	0	0	0	0	0	0	0	0	0	0	0
/input/pagecontent/weitere-klassifikationen-terminologien.md	6804	-	-	-	0	0	0	0	0	0	0	0	0	0	0	0	0	0	0	0	0	0	1	0	0	0	0	0	0
/input/pagecontent/security-and-privacy.md	4331	-	-	-	0	0	0	0	0	0	0	0	0	0	0	0	0	0	0	0	0	0	0	0	0	0	0	0	0
/input/pagecontent/metadata.md	21866	-	-	-	0	0	0	0	0	0	0	0	0	0	0	0	0	0	0	0	0	0	1	0	0	0	0	0	0
/input/pagecontent/tumormarker-loinc.md	11854	-	-	-	0	0	0	0	0	0	0	0	0	0	0	0	0	0	0	0	0	0	0	0	0	0	0	0	0
/input/pagecontent/konformitaets-mappings.md	4486	-	-	-	0	0	0	0	0	0	0	0	0	0	0	0	0	0	0	0	0	0	4854	0	0	0	0	0	0
/input/pagecontent/tnm-breast-cancer-journey.md	8694	-	-	-	0	0	0	0	0	0	0	0	0	0	0	0	0	0	0	0	0	0	1	0	0	0	0	0	0
/input/pagecontent/toronto-klassifikation.md	9800	-	-	-	0	0	0	0	0	0	0	0	0	0	0	0	0	0	0	0	0	0	1	0	0	0	0	0	0
/input/pagecontent/datasets-and-descriptions.md	2730	-	-	-	0	0	0	0	0	0	0	0	0	0	0	0	0	0	0	0	0	0	0	0	0	0	0	0	0
/input/pagecontent/implementer-guidance.md	8453	-	-	-	0	0	0	0	0	0	0	0	0	0	0	0	0	0	0	0	0	0	2197	0	0	0	0	0	0
/input/pagecontent/version-history.md	4504	-	-	-	0	0	0	0	0	0	0	0	0	0	0	0	0	0	0	0	0	0	0	0	0	0	0	0	0
/input/pagecontent/uml-diagrams.md	1123	-	-	-	0	0	0	0	0	0	0	0	0	0	0	0	0	0	0	0	0	0	1	0	0	0	0	0	0
/input/pagecontent/anwendungsfaelle-informationsmodell.md	958	-	-	-	0	0	0	0	0	0	0	0	0	0	0	0	0	0	0	0	0	0	0	0	0	0	0	0	0
/input/pagecontent/capability-statements.md	1242	-	-	-	0	0	0	0	0	0	0	0	0	0	0	0	0	0	0	0	0	0	0	0	0	0	0	0	0
/input/intro-notes	0	-	-	-	0	0	0	0	0	0	0	0	0	0	0	0	0	0	0	0	0	0	0	0	0	0	0	0	0
/input/intro-notes/ConceptMap-mii-cm-onko-seitenlokalisation-sct-intro.md	456	-	-	-	0	0	0	0	0	0	0	0	0	0	0	0	0	0	0	0	0	0	0	0	0	0	0	0	0
/input/intro-notes/ValueSet-mii-vs-onko-kdl-dokumentklassen-intro.md	15865	-	-	-	0	0	0	0	0	0	0	0	0	0	0	0	0	0	0	0	0	0	1	0	0	0	0	0	0
/input/intro-notes/StructureDefinition-mii-pr-onko-befund-intro.md	1626	-	-	-	0	0	0	0	0	0	0	0	0	0	0	0	0	0	0	0	0	0	0	0	0	0	0	0	0
/input/intro-notes/ConceptMap-mii-cm-onko-allgemeiner-leistungszustand-sct-intro.md	847	-	-	-	0	0	0	0	0	0	0	0	0	0	0	0	0	0	0	0	0	0	0	0	0	0	0	0	0
/input/intro-notes/StructureDefinition-mii-pr-onko-melanom-ldh-intro.md	3569	-	-	-	0	0	0	0	0	0	0	0	0	0	0	0	0	0	0	0	0	0	1	0	0	0	0	0	0
/input/intro-notes/StructureDefinition-mii-pr-onko-krk-mrt-mesorektale-faszie-intro.md	3487	-	-	-	0	0	0	0	0	0	0	0	0	0	0	0	0	0	0	0	0	0	0	0	0	0	0	0	0
/input/intro-notes/ConceptMap-mii-cm-onko-strahlentherapie-strahlenart-sct-intro.md	573	-	-	-	0	0	0	0	0	0	0	0	0	0	0	0	0	0	0	0	0	0	0	0	0	0	0	0	0
/input/intro-notes/StructureDefinition-mii-pr-onko-fernmetastasen-intro.md	1178	-	-	-	0	0	0	0	0	0	0	0	0	0	0	0	0	0	0	0	0	0	0	0	0	0	0	0	0
/input/intro-notes/ConceptMap-mii-cm-onko-operation-komplikation-sct-intro.md	608	-	-	-	0	0	0	0	0	0	0	0	0	0	0	0	0	0	0	0	0	0	0	0	0	0	0	0	0
/input/intro-notes/StructureDefinition-mii-pr-onko-systemische-therapie-medikation-intro.md	2267	-	-	-	0	0	0	0	0	0	0	0	0	0	0	0	0	0	0	0	0	0	0	0	0	0	0	0	0
/input/intro-notes/ConceptMap-mii-cm-onko-verlauf-fernmetastasen-sct-intro.md	637	-	-	-	0	0	0	0	0	0	0	0	0	0	0	0	0	0	0	0	0	0	0	0	0	0	0	0	0
/input/intro-notes/ConceptMap-mii-cm-onko-therapieplanung-sct-intro.md	487	-	-	-	0	0	0	0	0	0	0	0	0	0	0	0	0	0	0	0	0	0	0	0	0	0	0	0	0
/input/intro-notes/ConceptMap-mii-cm-onko-strahlentherapie-zielgebiet-sct-intro.md	675	-	-	-	0	0	0	0	0	0	0	0	0	0	0	0	0	0	0	0	0	0	0	0	0	0	0	0	0
/input/intro-notes/StructureDefinition-mii-pr-onko-residualstatus-intro.md	749	-	-	-	0	0	0	0	0	0	0	0	0	0	0	0	0	0	0	0	0	0	1	0	0	0	0	0	0
/input/intro-notes/StructureDefinition-mii-pr-onko-prostate-clavien-dindo-intro.md	3684	-	-	-	0	0	0	0	0	0	0	0	0	0	0	0	0	0	0	0	0	0	0	0	0	0	0	0	0
/input/intro-notes/StructureDefinition-mii-pr-onko-tnm-m-symbol-intro.md	949	-	-	-	0	0	0	0	0	0	0	0	0	0	0	0	0	0	0	0	0	0	0	0	0	0	0	0	0
/input/intro-notes/StructureDefinition-mii-pr-onko-strahlentherapie-bestrahlung-nuklearmedizin-intro.md	2222	-	-	-	0	0	0	0	0	0	0	0	0	0	0	0	0	0	0	0	0	0	0	0	0	0	0	0	0
/input/intro-notes/ConceptMap-mii-cm-onko-therapie-ende-sct-intro.md	630	-	-	-	0	0	0	0	0	0	0	0	0	0	0	0	0	0	0	0	0	0	0	0	0	0	0	0	0
/input/intro-notes/StructureDefinition-mii-pr-onko-tnm-a-symbol-intro.md	573	-	-	-	0	0	0	0	0	0	0	0	0	0	0	0	0	0	0	0	0	0	0	0	0	0	0	0	0
/input/intro-notes/StructureDefinition-mii-pr-onko-mamma-operation-intro.md	4605	-	-	-	0	0	0	0	0	0	0	0	0	0	0	0	0	0	0	0	0	0	0	0	0	0	0	0	0
/input/intro-notes/StructureDefinition-mii-pr-onko-tnm-pn-kategorie-intro.md	336	-	-	-	0	0	0	0	0	0	0	0	0	0	0	0	0	0	0	0	0	0	1	0	0	0	0	0	0
/input/intro-notes/StructureDefinition-mii-pr-onko-tumorgroesse-intro.md	1291	-	-	-	0	0	0	0	0	0	0	0	0	0	0	0	0	0	0	0	0	0	0	0	0	0	0	0	0
/input/intro-notes/StructureDefinition-mii-pr-onko-tnm-klassifikation-intro.md	6363	-	-	-	0	0	0	0	0	0	0	0	0	0	0	0	0	0	0	0	0	0	0	0	0	0	0	0	0
/input/intro-notes/StructureDefinition-mii-pr-onko-prostate-ca-befall-stanze-intro.md	1630	-	-	-	0	0	0	0	0	0	0	0	0	0	0	0	0	0	0	0	0	0	0	0	0	0	0	0	0
/input/intro-notes/ConceptMap-mii-cm-onko-strahlentherapie-strahleneinheit-sct-intro.md	478	-	-	-	0	0	0	0	0	0	0	0	0	0	0	0	0	0	0	0	0	0	0	0	0	0	0	0	0
/input/intro-notes/StructureDefinition-mii-pr-onko-tnm-v-kategorie-intro.md	352	-	-	-	0	0	0	0	0	0	0	0	0	0	0	0	0	0	0	0	0	0	0	0	0	0	0	0	0
/input/intro-notes/StructureDefinition-mii-ex-onko-operation-intention-intro.md	463	-	-	-	0	0	0	0	0	0	0	0	0	0	0	0	0	0	0	0	0	0	0	0	0	0	0	0	0
/input/intro-notes/StructureDefinition-mii-pr-onko-allgemeiner-leistungszustand-karnofsky-intro.md	3056	-	-	-	0	0	0	0	0	0	0	0	0	0	0	0	0	0	0	0	0	0	1	0	0	0	0	0	0
/input/intro-notes/StructureDefinition-mii-ex-onko-histology-morphology-behavior-icdo3-intro.md	1562	-	-	-	0	0	0	0	0	0	0	0	0	0	0	0	0	0	0	0	0	0	0	0	0	0	0	0	0
/input/intro-notes/ConceptMap-mii-cm-onko-primaertumor-diagnosesicherung-sct-intro.md	583	-	-	-	0	0	0	0	0	0	0	0	0	0	0	0	0	0	0	0	0	0	0	0	0	0	0	0	0
/input/intro-notes/StructureDefinition-mii-pr-onko-prostate-psa-intro.md	2441	-	-	-	0	0	0	0	0	0	0	0	0	0	0	0	0	0	0	0	0	0	0	0	0	0	0	0	0
/input/intro-notes/StructureDefinition-mii-pr-onko-mamma-menopause-status-intro.md	3200	-	-	-	0	0	0	0	0	0	0	0	0	0	0	0	0	0	0	0	0	0	0	0	0	0	0	0	0
/input/intro-notes/StructureDefinition-mii-pr-onko-systemische-therapie-intro.md	5803	-	-	-	0	0	0	0	0	0	0	0	0	0	0	0	0	0	0	0	0	0	0	0	0	0	0	0	0
/input/intro-notes/ConceptMap-mii-cm-onko-therapie-stellung-sct-intro.md	468	-	-	-	0	0	0	0	0	0	0	0	0	0	0	0	0	0	0	0	0	0	1	0	0	0	0	0	0
/input/intro-notes/StructureDefinition-mii-pr-onko-therapieempfehlung-medikation-intro.md	4433	-	-	-	0	0	0	0	0	0	0	0	0	0	0	0	0	0	0	0	0	0	0	0	0	0	0	0	0
/input/intro-notes/StructureDefinition-mii-pr-onko-genetische-variante-intro.md	3694	-	-	-	0	0	0	0	0	0	0	0	0	0	0	0	0	0	0	0	0	0	0	0	0	0	0	0	0
/input/intro-notes/StructureDefinition-mii-pr-onko-operation-intro.md	8338	-	-	-	0	0	0	0	0	0	0	0	0	0	0	0	0	0	0	0	0	0	0	0	0	0	0	0	0
/input/intro-notes/StructureDefinition-mii-pr-onko-strahlentherapie-bestrahlung-strahlentherapie-intro.md	2922	-	-	-	0	0	0	0	0	0	0	0	0	0	0	0	0	0	0	0	0	0	1	0	0	0	0	0	0
/input/intro-notes/StructureDefinition-mii-pr-onko-allgemeiner-leistungszustand-ecog-intro.md	3002	-	-	-	0	0	0	0	0	0	0	0	0	0	0	0	0	0	0	0	0	0	0	0	0	0	0	0	0
/input/intro-notes/StructureDefinition-mii-pr-onko-prostate-gleason-grade-group-intro.md	3555	-	-	-	0	0	0	0	0	0	0	0	0	0	0	0	0	0	0	0	0	0	0	0	0	0	0	0	0
/input/intro-notes/ConceptMap-mii-cm-onko-strahlentherapie-applikationsart-sct-intro.md	642	-	-	-	0	0	0	0	0	0	0	0	0	0	0	0	0	0	0	0	0	0	0	0	0	0	0	0	0
/input/intro-notes/StructureDefinition-mii-pr-onko-tumorkonferenz-intro.md	5439	-	-	-	0	0	0	0	0	0	0	0	0	0	0	0	0	0	0	0	0	0	0	0	0	0	0	0	0
/input/intro-notes/StructureDefinition-mii-pr-onko-krk-abstand-anokutan-intro.md	2600	-	-	-	0	0	0	0	0	0	0	0	0	0	0	0	0	0	0	0	0	0	1	0	0	0	0	0	0
/input/intro-notes/StructureDefinition-mii-pr-onko-mamma-praeoperative-markierung-intro.md	4098	-	-	-	0	0	0	0	0	0	0	0	0	0	0	0	0	0	0	0	0	0	0	0	0	0	0	0	0
/input/intro-notes/StructureDefinition-mii-ex-onko-tnm-cp-praefix-intro.md	1126	-	-	-	0	0	0	0	0	0	0	0	0	0	0	0	0	0	0	0	0	0	0	0	0	0	0	0	0
/input/intro-notes/StructureDefinition-mii-ex-onko-strahlentherapie-intention-intro.md	211	-	-	-	0	0	0	0	0	0	0	0	0	0	0	0	0	0	0	0	0	0	0	0	0	0	0	0	0
/input/intro-notes/StructureDefinition-mii-ex-onko-operation-urgency-intro.md	2249	-	-	-	0	0	0	0	0	0	0	0	0	0	0	0	0	0	0	0	0	0	0	0	0	0	0	0	0
/input/intro-notes/ConceptMap-mii-cm-onko-tnm-uicc-sct-clinical-intro.md	534	-	-	-	0	0	0	0	0	0	0	0	0	0	0	0	0	0	0	0	0	0	0	0	0	0	0	0	0
/input/intro-notes/StructureDefinition-mii-pr-onko-weitere-klassifikationen-intro.md	5541	-	-	-	0	0	0	0	0	0	0	0	0	0	0	0	0	0	0	0	0	0	1	0	0	0	0	0	0
/input/intro-notes/ConceptMap-mii-cm-onko-therapie-typ-sct-intro.md	526	-	-	-	0	0	0	0	0	0	0	0	0	0	0	0	0	0	0	0	0	0	0	0	0	0	0	0	0
/input/intro-notes/StructureDefinition-mii-pr-onko-melanom-breslow-tiefe-intro.md	2592	-	-	-	0	0	0	0	0	0	0	0	0	0	0	0	0	0	0	0	0	0	0	0	0	0	0	0	0
/input/intro-notes/StructureDefinition-mii-pr-onko-therapieempfehlung-kombinationstherapie-intro.md	7742	-	-	-	0	0	0	0	0	0	0	0	0	0	0	0	0	0	0	0	0	0	0	0	0	0	0	0	0
/input/intro-notes/StructureDefinition-mii-pr-onko-verlauf-intro.md	2697	-	-	-	0	0	0	0	0	0	0	0	0	0	0	0	0	0	0	0	0	0	0	0	0	0	0	0	0
/input/intro-notes/ConceptMap-mii-cm-onko-intention-sct-intro.md	518	-	-	-	0	0	0	0	0	0	0	0	0	0	0	0	0	0	0	0	0	0	0	0	0	0	0	0	0
/input/intro-notes/StructureDefinition-mii-pr-onko-krk-specimen-intro.md	3043	-	-	-	0	0	0	0	0	0	0	0	0	0	0	0	0	0	0	0	0	0	1	0	0	0	0	0	0
/input/intro-notes/StructureDefinition-mii-pr-onko-histologie-icdo3-intro.md	796	-	-	-	0	0	0	0	0	0	0	0	0	0	0	0	0	0	0	0	0	0	0	0	0	0	0	0	0
/input/intro-notes/StructureDefinition-mii-pr-onko-krk-abstand-aboral-intro.md	3364	-	-	-	0	0	0	0	0	0	0	0	0	0	0	0	0	0	0	0	0	0	0	0	0	0	0	0	0
/input/intro-notes/ConceptMap-mii-cm-onko-grading-sct-intro.md	394	-	-	-	0	0	0	0	0	0	0	0	0	0	0	0	0	0	0	0	0	0	0	0	0	0	0	0	0
/input/intro-notes/StructureDefinition-mii-pr-onko-tnm-n-kategorie-intro.md	1292	-	-	-	0	0	0	0	0	0	0	0	0	0	0	0	0	0	0	0	0	0	0	0	0	0	0	0	0
/input/intro-notes/Bundle-mii-exa-onko-melanom-bundle-intro.md	6338	-	-	-	0	0	0	0	0	0	0	0	0	0	0	0	0	0	0	0	0	0	0	0	0	0	0	0	0
/input/intro-notes/Bundle-mii-exa-onko-krk-bundle-intro.md	7764	-	-	-	0	0	0	0	0	0	0	0	0	0	0	0	0	0	0	0	0	0	1	0	0	0	0	0	0
/input/intro-notes/StructureDefinition-mii-pr-onko-krk-anastomoseninsuffizienz-intro.md	3303	-	-	-	0	0	0	0	0	0	0	0	0	0	0	0	0	0	0	0	0	0	0	0	0	0	0	0	0
/input/intro-notes/StructureDefinition-mii-pr-onko-diagnose-primaertumor-intro.md	6245	-	-	-	0	0	0	0	0	0	0	0	0	0	0	0	0	0	0	0	0	0	0	0	0	0	0	0	0
/input/intro-notes/Bundle-mii-exa-onko-mamma-example-bundle-1-intro.md	5171	-	-	-	0	0	0	0	0	0	0	0	0	0	0	0	0	0	0	0	0	0	1	0	0	0	0	0	0
/input/intro-notes/StructureDefinition-mii-pr-onko-prostate-anzahl-stanzen-intro.md	2167	-	-	-	0	0	0	0	0	0	0	0	0	0	0	0	0	0	0	0	0	0	0	0	0	0	0	0	0
/input/intro-notes/StructureDefinition-mii-pr-onko-tnm-m-kategorie-intro.md	1272	-	-	-	0	0	0	0	0	0	0	0	0	0	0	0	0	0	0	0	0	0	0	0	0	0	0	0	0
/input/intro-notes/StructureDefinition-mii-pr-onko-specimen-intro.md	905	-	-	-	0	0	0	0	0	0	0	0	0	0	0	0	0	0	0	0	0	0	0	0	0	0	0	0	0
/input/intro-notes/ConceptMap-mii-cm-onko-studienteilnahme-sct-intro.md	370	-	-	-	0	0	0	0	0	0	0	0	0	0	0	0	0	0	0	0	0	0	0	0	0	0	0	0	0
/input/intro-notes/ConceptMap-mii-cm-onko-nebenwirkung-sct-intro.md	441	-	-	-	0	0	0	0	0	0	0	0	0	0	0	0	0	0	0	0	0	0	0	0	0	0	0	0	0
/input/intro-notes/ConceptMap-mii-cm-onko-tod-sct-intro.md	645	-	-	-	0	0	0	0	0	0	0	0	0	0	0	0	0	0	0	0	0	0	0	0	0	0	0	0	0
/input/intro-notes/ConceptMap-mii-cm-onko-therapieabweichung-sct-intro.md	471	-	-	-	0	0	0	0	0	0	0	0	0	0	0	0	0	0	0	0	0	0	1	0	0	0	0	0	0
/input/intro-notes/StructureDefinition-mii-pr-onko-krk-abstand-circumferelle-resektionsebene-intro.md	3436	-	-	-	0	0	0	0	0	0	0	0	0	0	0	0	0	0	0	0	0	0	0	0	0	0	0	0	0
/input/intro-notes/StructureDefinition-mii-pr-onko-tnm-s-kategorie-intro.md	384	-	-	-	0	0	0	0	0	0	0	0	0	0	0	0	0	0	0	0	0	0	0	0	0	0	0	0	0
/input/intro-notes/StructureDefinition-mii-pr-onko-tod-intro.md	2168	-	-	-	0	0	0	0	0	0	0	0	0	0	0	0	0	0	0	0	0	0	0	0	0	0	0	0	0
/input/intro-notes/StructureDefinition-mii-pr-onko-mamma-rezeptorstatus-progesteron-intro.md	5079	-	-	-	0	0	0	0	0	0	0	0	0	0	0	0	0	0	0	0	0	0	0	0	0	0	0	0	0
/input/intro-notes/StructureDefinition-mii-pr-onko-tnm-t-kategorie-intro.md	1248	-	-	-	0	0	0	0	0	0	0	0	0	0	0	0	0	0	0	0	0	0	1	0	0	0	0	0	0
/input/intro-notes/StructureDefinition-mii-pr-onko-mamma-rezeptorstatus-estrogen-intro.md	5063	-	-	-	0	0	0	0	0	0	0	0	0	0	0	0	0	0	0	0	0	0	0	0	0	0	0	0	0
/input/intro-notes/StructureDefinition-mii-pr-onko-melanom-ulzeration-intro.md	3388	-	-	-	0	0	0	0	0	0	0	0	0	0	0	0	0	0	0	0	0	0	0	0	0	0	0	0	0
/input/intro-notes/StructureDefinition-mii-pr-onko-krk-operation-intro.md	2675	-	-	-	0	0	0	0	0	0	0	0	0	0	0	0	0	0	0	0	0	0	0	0	0	0	0	0	0
/input/intro-notes/StructureDefinition-mii-pr-onko-liste-evidenz-erstdiagnose-intro.md	1009	-	-	-	0	0	0	0	0	0	0	0	0	0	0	0	0	0	0	0	0	0	0	0	0	0	0	0	0
/input/intro-notes/ConceptMap-mii-cm-onko-verlauf-lymphknoten-sct-intro.md	437	-	-	-	0	0	0	0	0	0	0	0	0	0	0	0	0	0	0	0	0	0	1	0	0	0	0	0	0
/input/intro-notes/StructureDefinition-mii-pr-onko-prostate-gleason-patterns-intro.md	3756	-	-	-	0	0	0	0	0	0	0	0	0	0	0	0	0	0	0	0	0	0	0	0	0	0	0	0	0
/input/intro-notes/ConceptMap-mii-cm-onko-tnm-uicc-sct-pathological-intro.md	684	-	-	-	0	0	0	0	0	0	0	0	0	0	0	0	0	0	0	0	0	0	0	0	0	0	0	0	0
/input/intro-notes/StructureDefinition-mii-pr-onko-tnm-r-symbol-intro.md	510	-	-	-	0	0	0	0	0	0	0	0	0	0	0	0	0	0	0	0	0	0	0	0	0	0	0	0	0
/input/intro-notes/StructureDefinition-mii-pr-onko-asa-klassifikation-intro.md	2179	-	-	-	0	0	0	0	0	0	0	0	0	0	0	0	0	0	0	0	0	0	0	0	0	0	0	0	0
/input/intro-notes/StructureDefinition-mii-pr-onko-melanom-sicherheitsabstand-intro.md	3197	-	-	-	0	0	0	0	0	0	0	0	0	0	0	0	0	0	0	0	0	0	1	0	0	0	0	0	0
/input/intro-notes/StructureDefinition-mii-ex-onko-strahlentherapie-stellungzurop-intro.md	219	-	-	-	0	0	0	0	0	0	0	0	0	0	0	0	0	0	0	0	0	0	0	0	0	0	0	0	0
/input/intro-notes/StructureDefinition-mii-pr-onko-fruehere-tumorerkrankung-intro.md	5710	-	-	-	0	0	0	0	0	0	0	0	0	0	0	0	0	0	0	0	0	0	0	0	1	0	0	0	0
/input/intro-notes/ConceptMap-mii-cm-onko-verlauf-primaertumor-sct-intro.md	519	-	-	-	0	0	0	0	0	0	0	0	0	0	0	0	0	0	0	0	0	0	0	0	0	0	0	0	0
/input/intro-notes/StructureDefinition-mii-pr-onko-tnm-l-kategorie-intro.md	347	-	-	-	0	0	0	0	0	0	0	0	0	0	0	0	0	0	0	0	0	0	0	0	0	0	0	0	0
/input/intro-notes/StructureDefinition-mii-pr-onko-nebenwirkung-adverse-event-intro.md	1976	-	-	-	0	0	0	0	0	0	0	0	0	0	0	0	0	0	0	0	0	0	1	0	0	0	0	0	0
/input/intro-notes/StructureDefinition-mii-pr-onko-therapieempfehlung-operation-intro.md	3851	-	-	-	0	0	0	0	0	0	0	0	0	0	0	0	0	0	0	0	0	0	0	0	0	0	0	0	0
/input/intro-notes/StructureDefinition-mii-pr-onko-grading-intro.md	348	-	-	-	0	0	0	0	0	0	0	0	0	0	0	0	0	0	0	0	0	0	0	0	0	0	0	0	0
/input/intro-notes/ConceptMap-mii-cm-onko-verlauf-gesamtbeurteilung-sct-intro.md	479	-	-	-	0	0	0	0	0	0	0	0	0	0	0	0	0	0	0	0	0	0	0	0	0	0	0	0	0
/input/intro-notes/StructureDefinition-mii-pr-onko-mamma-her2neu-status-intro.md	6694	-	-	-	0	0	0	0	0	0	0	0	0	0	0	0	0	0	0	0	0	0	1	0	0	0	0	0	0
/input/intro-notes/StructureDefinition-mii-pr-onko-krk-stoma-markierung-intro.md	3214	-	-	-	0	0	0	0	0	0	0	0	0	0	0	0	0	0	0	0	0	0	0	0	0	0	0	0	0
/input/intro-notes/ConceptMap-mii-cm-onko-fernmetastasen-sct-intro.md	379	-	-	-	0	0	0	0	0	0	0	0	0	0	0	0	0	0	0	0	0	0	0	0	0	0	0	0	0
/input/intro-notes/ConceptMap-mii-cm-onko-genetische-variante-auspraegung-sct-intro.md	928	-	-	-	0	0	0	0	0	0	0	0	0	0	0	0	0	0	0	0	0	0	0	0	0	0	0	0	0
/input/intro-notes/StructureDefinition-mii-pr-onko-studienteilnahme-intro.md	2902	-	-	-	0	0	0	0	0	0	0	0	0	0	0	0	0	0	0	0	0	0	0	0	0	0	0	0	0
/input/intro-notes/StructureDefinition-mii-pr-onko-tnm-y-symbol-intro.md	565	-	-	-	0	0	0	0	0	0	0	0	0	0	0	0	0	0	0	0	0	0	0	0	0	0	0	0	0
/input/intro-notes/StructureDefinition-mii-pr-onko-prostate-anzahl-positive-stanzen-intro.md	2366	-	-	-	0	0	0	0	0	0	0	0	0	0	0	0	0	0	0	0	0	0	0	0	0	0	0	0	0
/input/intro-notes/StructureDefinition-mii-pr-onko-strahlentherapie-intro.md	9902	-	-	-	0	0	0	0	0	0	0	0	0	0	0	0	0	0	0	0	0	0	1	0	0	0	0	0	0
/input/intro-notes/ConceptMap-mii-cm-onko-strahlentherapie-boost-sct-intro.md	522	-	-	-	0	0	0	0	0	0	0	0	0	0	0	0	0	0	0	0	0	0	0	0	0	0	0	0	0
/template/config	0	-	-	-	0	0	0	0	0	0	0	0	0	0	0	0	0	0	0	0	0	0	0	0	0	0	0	0	0
/template/config/_config.yml	140	-	-	-	0	0	0	0	0	0	0	0	0	0	0	0	0	0	0	0	0	0	0	0	0	0	0	0	0
/input/images	0	-	-	-	0	0	0	0	0	0	0	0	0	0	0	0	0	0	0	0	0	0	0	0	0	0	0	0	0
/input/images/MII_Onko_MultiPartSurgery_Example.png	122765	-	-	-	0	0	0	0	0	0	0	0	0	0	0	0	0	0	0	0	0	0	1	0	0	0	0	0	0
/input/images/MII_Onko_9-12_Observations.svg	24297	-	-	-	0	0	0	0	0	0	0	0	0	0	0	0	0	0	0	0	0	0	0	0	0	0	0	0	0
/input/images/MII_Onko_Prostata_Module.svg	45464	-	-	-	0	0	0	0	0	0	0	0	0	1	0	0	0	0	0	0	0	0	0	0	0	0	0	0	0
/input/images/her2neu-1.png	619935	-	-	-	0	0	0	0	0	0	0	0	0	0	0	0	0	0	0	0	0	0	1	0	0	0	0	0	0
/input/images/MII_Onko_KRK_Module.png	182243	-	-	-	0	0	0	0	0	0	0	0	0	0	0	0	0	0	0	0	0	0	0	0	0	0	0	0	0
/input/images/TNM_Breast_Cancer_Journey.svg	44004	-	-	-	0	0	0	0	0	0	0	0	0	0	0	0	0	0	0	0	0	0	0	0	0	0	0	0	0
/input/images/MII_Onko_Prostata_Module.png	236556	-	-	-	0	0	0	0	0	0	0	0	0	0	0	0	0	0	0	0	0	0	0	0	0	0	0	0	0
/input/images/MII_Onko_Mamma_Module.png	176797	-	-	-	0	0	0	0	0	0	0	0	0	0	0	0	0	0	0	0	0	0	1	0	0	0	0	0	0
/input/images/her2neu-2.png	376265	-	-	-	0	0	0	0	0	0	0	0	0	0	0	0	0	0	0	0	0	0	0	0	0	0	0	0	0
/input/images/MII_Onko_UML_Relations_v2.png	187033	-	-	-	0	0	0	0	0	0	0	0	0	0	0	0	0	0	0	0	0	0	0	0	0	0	0	0	0
/input/images/onco_merged.png	346705	-	-	-	0	0	0	0	0	0	0	0	0	0	0	0	0	0	0	0	0	0	1	0	0	0	0	0	0
/input/images/MII_Onko_05_Diagnosis.svg	27287	-	-	-	0	0	0	0	0	0	0	0	0	0	0	0	0	0	0	0	0	0	0	0	0	0	0	0	0
/input/images/FhirModulOnkologieDiagnosis.svg	12404	-	-	-	0	0	0	0	0	0	0	0	0	0	0	0	0	0	0	0	0	0	0	0	0	0	0	0	0
/input/images/MII_Onko_UML_Relations_v1.cmapx	5343	-	-	-	0	0	0	0	0	0	0	0	0	0	0	0	0	0	0	0	0	0	0	0	0	0	0	0	0
/input/images/MII_Onko_Melanom_Module.svg	31244	-	-	-	0	0	0	0	0	0	0	0	0	0	0	0	0	0	0	0	0	0	0	0	0	0	0	0	0
/input/images/MII KDS Erweiterungsmodul Onkologie.svg	122807	-	-	-	0	0	0	0	0	0	0	0	0	0	0	0	0	0	0	0	0	0	0	0	0	0	0	0	0
/input/images/MII_Onko_06_Histologie.svg	34727	-	-	-	0	0	0	0	0	0	0	0	0	0	0	0	0	0	0	0	0	0	0	0	0	0	0	0	0
/input/images/MII_Onko_13-16_Prozeduren.png	131554	-	-	-	0	0	0	0	0	0	0	0	0	0	0	0	0	0	0	0	0	0	1	0	0	0	0	0	0
/input/images/MII_Onko_KRK_Module.svg	39442	-	-	-	0	0	0	0	0	0	0	0	0	0	0	0	0	0	0	0	0	0	0	0	0	0	0	0	0
/input/images/MII_Onko_17-20_24_Others.cmapx	288	-	-	-	0	0	0	0	0	0	0	0	0	0	0	0	0	0	0	0	0	0	0	0	0	0	0	0	0
/input/images/MII_Onko_UML_Relations_v1.svg	73962	-	-	-	0	0	0	0	0	0	0	0	0	0	0	0	0	0	0	0	0	0	0	0	0	0	0	0	0
/input/images/MII_Onko_17-20_24_Others.png	177238	-	-	-	0	0	0	0	0	0	0	0	0	0	0	0	0	0	0	0	0	0	0	0	0	0	0	0	0
/input/images/MII_Onko_Strahlentherapie_Zielgebiet_Migration.png	110772	-	-	-	0	0	0	0	0	0	0	0	0	0	0	0	0	0	0	0	0	0	0	0	0	0	0	0	0
/input/images/MII_Onko_08_TNM.svg	45731	-	-	-	0	0	0	0	0	0	0	0	0	0	0	0	0	0	0	0	0	0	1	0	0	0	0	0	0
/input/images/MII_Onko_Mamma_Module.svg	38585	-	-	-	0	0	0	0	0	0	1	0	0	0	0	0	0	0	0	0	0	0	0	0	0	0	0	0	0
/input/images/MII_Onko_17-20_24_Others.svg	40012	-	-	-	0	0	0	0	0	0	0	0	0	0	0	0	0	0	0	0	0	0	0	0	0	0	0	0	0
/input/images/onco_merged.svg	59809	-	-	-	0	0	0	0	0	0	0	0	0	0	0	0	0	0	0	0	0	0	0	0	0	0	0	0	0
/input/images/MII_Onko_06_Histologie.png	153068	-	-	-	0	0	0	0	0	0	0	0	0	0	0	0	0	0	0	0	0	0	0	0	0	0	0	0	0
/input/images/FhirModulOnkologieTherapy.svg	22817	-	-	-	0	0	0	0	0	0	0	0	0	0	0	0	0	0	0	0	0	0	0	0	0	0	0	0	0
/input/images/MII_Onko_UML_Relations_v2.svg	69299	-	-	-	0	0	0	0	0	0	0	0	0	0	0	0	0	0	0	0	0	0	0	0	0	0	0	0	0
/input/images/MII_Onko_13-16_Prozeduren.svg	34061	-	-	-	0	0	0	0	0	0	0	0	0	0	0	0	0	0	0	0	0	1	0	0	0	0	0	0	0
/input/images/MII_Onko_05_Diagnosis.png	70151	-	-	-	0	0	0	0	0	0	0	0	0	0	0	0	0	0	0	0	0	0	1	0	0	0	0	0	0
/input/images/MII_Onko_Melanom_Module.png	138777	-	-	-	0	0	0	0	0	0	0	0	0	0	0	0	0	0	0	0	0	0	0	0	0	0	0	0	0
/input/images/MII_Onko_08_TNM.png	247985	-	-	-	0	0	0	0	0	0	0	0	0	0	0	0	0	0	0	0	0	0	0	0	0	0	0	0	0
/input/images/MII_Onko_Example_Patient.svg	120079	-	-	-	0	0	0	0	0	0	0	0	0	0	0	0	0	0	0	0	0	0	0	0	0	0	0	0	0
/input/images/MII_Onko_UML_Relations_v1.png	174871	-	-	-	0	0	0	0	0	0	0	0	0	0	0	0	0	0	0	0	0	0	0	0	0	0	0	0	0
/input/images/MII_Onko_9-12_Observations.png	123871	-	-	-	0	0	0	0	0	0	0	0	0	0	0	0	0	0	0	0	0	0	1	0	0	0	0	0	0
/temp/pages/_includes/artifacts.xml	418951	-	-	-	-	-	-	-	-	-	-	-	-	-	-	-	-	-	-	-	-	-	11	0	0	0	0	0	0
