"Id","Path","Slice Name","Alias(s)","Label","Min","Max","Must Support?","Is Modifier?","Is Summary?","Type(s)","Short","Definition","Comments","Requirements","Default Value","Meaning When Missing","Fixed Value","Pattern","Example","Minimum Value","Maximum Value","Maximum Length","Binding Strength","Binding Description","Binding Value Set","Code","Slicing Discriminator","Slicing Description","Slicing Ordered","Slicing Rules","Base Path","Base Min","Base Max","Condition(s)","Constraint(s)","Mapping: Mapping FHIR zu oBDS"
"Observation","Observation","","Vital Signs
MeasurementResultsTests","",0,*,"","","","null {[]} {[]}
","Measurements and simple assertions","Measurements and simple assertions made about a patient, device or other subject.","Used for simple observations such as device measurements, laboratory atomic results, vital signs, height, weight, smoking status, comments, etc.  Other resources are used to provide context for observations such as laboratory reports, etc.","","","","","","","","",,,,,"",,,,"Observation",0,*,"","dom-2:If the resource is contained in another resource, it SHALL NOT contain nested Resources {contained.contained.empty()}
dom-4:If a resource is contained in another resource, it SHALL NOT have a meta.versionId or a meta.lastUpdated {contained.meta.versionId.empty() and contained.meta.lastUpdated.empty()}dom-3:If the resource is contained in another resource, it SHALL be referred to from elsewhere in the resource or SHALL refer to the containing resource {contained.where((('#'+id in (%resource.descendants().reference | %resource.descendants().as(canonical) | %resource.descendants().as(uri) | %resource.descendants().as(url))) or descendants().where(reference = '#').exists() or descendants().where(as(canonical) = '#').exists() or descendants().where(as(canonical) = '#').exists()).not()).trace('unmatched', id).empty()}dom-6:A resource should have narrative for robust management {text.`div`.exists()}dom-5:If a resource is contained in another resource, it SHALL NOT have a security label {contained.meta.security.empty()}obs-7:If Observation.code is the same as an Observation.component.code then the value element associated with the code SHALL NOT be present {value.empty() or component.code.where(coding.intersect(%resource.code.coding).exists()).empty()}obs-6:dataAbsentReason SHALL only be present if Observation.value[x] is not present {dataAbsentReason.empty() or value.empty()}mii-lab-2:Falls kein Laborwert verfügbar ist, muss eine dataAbsentReason angegeben werden {hasMember.exists() or value.exists() or dataAbsentReason.exists()}","kein oBDS-Feld"
"Observation.id","Observation.id","","","",0,1,"Y","","Y","id {[]} {[]}
","Logical id of this artifact","The logical id of the resource, as used in the URL for the resource. Once assigned, this value never changes.","The only time that a resource does not have an id is when it is being submitted to the server using a create operation.","","","","","","","","",,,,,"",,,,"Resource.id",0,1,"ele-1
","ele-1:All FHIR elements must have a @value or children {hasValue() or (children().count() > id.count())}
"
"Observation.meta","Observation.meta","","","",0,1,"Y","","Y","Meta {[]} {[]}
","Metadata about the resource","The metadata about the resource. This is content that is maintained by the infrastructure. Changes to the content might not always be associated with version changes to the resource.","","","","","","","","","",,,,,"",,,,"Resource.meta",0,1,"ele-1
","ele-1:All FHIR elements must have a @value or children {hasValue() or (children().count() > id.count())}
"
"Observation.meta.id","Observation.meta.id","","","",0,1,"","","","string {[]} {[]}
","Unique id for inter-element referencing","Unique id for the element within a resource (for internal references). This may be any string value that does not contain spaces.","","","","","","","","","",,,,,"",,,,"Element.id",0,1,"",""
"Observation.meta.extension","Observation.meta.extension","","extensions
user content","",0,*,"","","","Extension {[]} {[]}
","Additional content defined by implementations","May be used to represent additional information that is not part of the basic definition of the element. To make the use of extensions safe and manageable, there is a strict set of governance  applied to the definition and use of extensions. Though any implementer can define an extension, there is a set of requirements that SHALL be met as part of the definition of the extension.","There can be no stigma associated with the use of extensions by any application, project, or standard - regardless of the institution or jurisdiction that uses or defines the extensions.  The use of extensions is what allows the FHIR specification to retain a core level of simplicity for everyone.","","","","","","","","",,,,,"","value:url}
","Extensions are always sliced by (at least) url",,"open","Element.extension",0,*,"ele-1
","ele-1:All FHIR elements must have a @value or children {hasValue() or (children().count() > id.count())}
ext-1:Must have either extensions or value[x], not both {extension.exists() != value.exists()}"
"Observation.meta.versionId","Observation.meta.versionId","","","",0,1,"","","Y","id {[]} {[]}
","Version specific identifier","The version specific identifier, as it appears in the version portion of the URL. This value changes when the resource is created, updated, or deleted.","The server assigns this value, and ignores what the client specifies, except in the case that the server is imposing version integrity on updates/deletes.","","","","","","","","",,,,,"",,,,"Meta.versionId",0,1,"ele-1
","ele-1:All FHIR elements must have a @value or children {hasValue() or (children().count() > id.count())}
"
"Observation.meta.lastUpdated","Observation.meta.lastUpdated","","","",0,1,"","","Y","instant {[]} {[]}
","When the resource version last changed","When the resource last changed - e.g. when the version changed.","This value is always populated except when the resource is first being created. The server / resource manager sets this value; what a client provides is irrelevant. This is equivalent to the HTTP Last-Modified and SHOULD have the same value on a [read](http://hl7.org/fhir/R4/http.html#read) interaction.","","","","","","","","",,,,,"",,,,"Meta.lastUpdated",0,1,"ele-1
","ele-1:All FHIR elements must have a @value or children {hasValue() or (children().count() > id.count())}
"
"Observation.meta.source","Observation.meta.source","","","",0,1,"Y","","Y","uri {[]} {[]}
","Identifies where the resource comes from","A uri that identifies the source system of the resource. This provides a minimal amount of [Provenance](http://hl7.org/fhir/R4/provenance.html#) information that can be used to track or differentiate the source of information in the resource. The source may identify another FHIR server, document, message, database, etc.","In the provenance resource, this corresponds to Provenance.entity.what[x]. The exact use of the source (and the implied Provenance.entity.role) is left to implementer discretion. Only one nominated source is allowed; for additional provenance details, a full Provenance resource should be used. 

This element can be used to indicate where the current master source of a resource that has a canonical URL if the resource is no longer hosted at the canonical URL.","","","","","","","","",,,,,"",,,,"Meta.source",0,1,"ele-1
","ele-1:All FHIR elements must have a @value or children {hasValue() or (children().count() > id.count())}
"
"Observation.meta.profile","Observation.meta.profile","","","",0,*,"Y","","Y","canonical {[]} {[CanonicalType[http://hl7.org/fhir/StructureDefinition/StructureDefinition]]}
","Profiles this resource claims to conform to","A list of profiles (references to [StructureDefinition](http://hl7.org/fhir/R4/structuredefinition.html#) resources) that this resource claims to conform to. The URL is a reference to [StructureDefinition.url](http://hl7.org/fhir/R4/structuredefinition-definitions.html#StructureDefinition.url).","It is up to the server and/or other infrastructure of policy to determine whether/how these claims are verified and/or updated over time.  The list of profile URLs is a set.","","","","","","","","",,,,,"",,,,"Meta.profile",0,*,"ele-1
","ele-1:All FHIR elements must have a @value or children {hasValue() or (children().count() > id.count())}
"
"Observation.meta.security","Observation.meta.security","","","",0,*,"","","Y","Coding {[]} {[]}
","Security Labels applied to this resource","Security labels applied to this resource. These tags connect specific resources to the overall security policy and infrastructure.","The security labels can be updated without changing the stated version of the resource. The list of security labels is a set. Uniqueness is based the system/code, and version and display are ignored.","","","","","","","","",,"extensible","Security Labels from the Healthcare Privacy and Security Classification System.","http://hl7.org/fhir/ValueSet/security-labels","",,,,"Meta.security",0,*,"ele-1
","ele-1:All FHIR elements must have a @value or children {hasValue() or (children().count() > id.count())}
"
"Observation.meta.tag","Observation.meta.tag","","","",0,*,"","","Y","Coding {[]} {[]}
","Tags applied to this resource","Tags applied to this resource. Tags are intended to be used to identify and relate resources to process and workflow, and applications are not required to consider the tags when interpreting the meaning of a resource.","The tags can be updated without changing the stated version of the resource. The list of tags is a set. Uniqueness is based the system/code, and version and display are ignored.","","","","","","","","",,"example","Codes that represent various types of tags, commonly workflow-related; e.g. ""Needs review by Dr. Jones"".","http://hl7.org/fhir/ValueSet/common-tags","",,,,"Meta.tag",0,*,"ele-1
","ele-1:All FHIR elements must have a @value or children {hasValue() or (children().count() > id.count())}
"
"Observation.implicitRules","Observation.implicitRules","","","",0,1,"","Y","Y","uri {[]} {[]}
","A set of rules under which this content was created","A reference to a set of rules that were followed when the resource was constructed, and which must be understood when processing the content. Often, this is a reference to an implementation guide that defines the special rules along with other profiles etc.","Asserting this rule set restricts the content to be only understood by a limited set of trading partners. This inherently limits the usefulness of the data in the long term. However, the existing health eco-system is highly fractured, and not yet ready to define, collect, and exchange data in a generally computable sense. Wherever possible, implementers and/or specification writers should avoid using this element. Often, when used, the URL is a reference to an implementation guide that defines these special rules as part of it's narrative along with other profiles, value sets, etc.","","","","","","","","",,,,,"",,,,"Resource.implicitRules",0,1,"ele-1
","ele-1:All FHIR elements must have a @value or children {hasValue() or (children().count() > id.count())}
"
"Observation.language","Observation.language","","","",0,1,"","","","code {[]} {[]}
","Language of the resource content","The base language in which the resource is written.","Language is provided to support indexing and accessibility (typically, services such as text to speech use the language tag). The html language tag in the narrative applies  to the narrative. The language tag on the resource may be used to specify the language of other presentations generated from the data in the resource. Not all the content has to be in the base language. The Resource.language should not be assumed to apply to the narrative automatically. If a language is specified, it should it also be specified on the div element in the html (see rules in HTML5 for information about the relationship between xml:lang and the html lang attribute).","","","","","","","","",,"preferred","A human language.","http://hl7.org/fhir/ValueSet/languages","",,,,"Resource.language",0,1,"ele-1
","ele-1:All FHIR elements must have a @value or children {hasValue() or (children().count() > id.count())}
"
"Observation.text","Observation.text","","narrative
htmlxhtmldisplay","",0,1,"","","","Narrative {[]} {[]}
","Text summary of the resource, for human interpretation","A human-readable narrative that contains a summary of the resource and can be used to represent the content of the resource to a human. The narrative need not encode all the structured data, but is required to contain sufficient detail to make it ""clinically safe"" for a human to just read the narrative. Resource definitions may define what content should be represented in the narrative to ensure clinical safety.","Contained resources do not have narrative. Resources that are not contained SHOULD have a narrative. In some cases, a resource may only have text with little or no additional discrete data (as long as all minOccurs=1 elements are satisfied).  This may be necessary for data from legacy systems where information is captured as a ""text blob"" or where text is additionally entered raw or narrated and encoded information is added later.","","","","","","","","",,,,,"",,,,"DomainResource.text",0,1,"ele-1
","ele-1:All FHIR elements must have a @value or children {hasValue() or (children().count() > id.count())}
"
"Observation.contained","Observation.contained","","inline resources
anonymous resourcescontained resources","",0,*,"","","","Resource {[]} {[]}
","Contained, inline Resources","These resources do not have an independent existence apart from the resource that contains them - they cannot be identified independently, and nor can they have their own independent transaction scope.","This should never be done when the content can be identified properly, as once identification is lost, it is extremely difficult (and context dependent) to restore it again. Contained resources may have profiles and tags In their meta elements, but SHALL NOT have security labels.","","","","","","","","",,,,,"",,,,"DomainResource.contained",0,*,"",""
"Observation.extension","Observation.extension","","extensions
user content","",0,*,"","","","Extension {[]} {[]}
","Additional content defined by implementations","May be used to represent additional information that is not part of the basic definition of the resource. To make the use of extensions safe and manageable, there is a strict set of governance  applied to the definition and use of extensions. Though any implementer can define an extension, there is a set of requirements that SHALL be met as part of the definition of the extension.","There can be no stigma associated with the use of extensions by any application, project, or standard - regardless of the institution or jurisdiction that uses or defines the extensions.  The use of extensions is what allows the FHIR specification to retain a core level of simplicity for everyone.","","","","","","","","",,,,,"","value:url}
","Extensions are always sliced by (at least) url",,"open","DomainResource.extension",0,*,"ele-1
","ele-1:All FHIR elements must have a @value or children {hasValue() or (children().count() > id.count())}
ext-1:Must have either extensions or value[x], not both {extension.exists() != value.exists()}"
"Observation.modifierExtension","Observation.modifierExtension","","extensions
user content","",0,*,"Y","Y","","Extension {[]} {[]}
","Extensions that cannot be ignored","May be used to represent additional information that is not part of the basic definition of the resource and that modifies the understanding of the element that contains it and/or the understanding of the containing element's descendants. Usually modifier elements provide negation or qualification. To make the use of extensions safe and manageable, there is a strict set of governance applied to the definition and use of extensions. Though any implementer is allowed to define an extension, there is a set of requirements that SHALL be met as part of the definition of the extension. Applications processing a resource are required to check for modifier extensions.

Modifier extensions SHALL NOT change the meaning of any elements on Resource or DomainResource (including cannot change the meaning of modifierExtension itself).","There can be no stigma associated with the use of extensions by any application, project, or standard - regardless of the institution or jurisdiction that uses or defines the extensions.  The use of extensions is what allows the FHIR specification to retain a core level of simplicity for everyone.","Modifier extensions allow for extensions that *cannot* be safely ignored to be clearly distinguished from the vast majority of extensions which can be safely ignored.  This promotes interoperability by eliminating the need for implementers to prohibit the presence of extensions. For further information, see the [definition of modifier extensions](http://hl7.org/fhir/R4/extensibility.html#modifierExtension).","","","","","","","",,,,,"","value:url}
","Extensions are always sliced by (at least) url",,"open","DomainResource.modifierExtension",0,*,"ele-1
","ele-1:All FHIR elements must have a @value or children {hasValue() or (children().count() > id.count())}
ext-1:Must have either extensions or value[x], not both {extension.exists() != value.exists()}"
"Observation.modifierExtension:interpretationsbeeinflussendeEigenschaft","Observation.modifierExtension","interpretationsbeeinflussendeEigenschaft","extensions
user content","",0,*,"Y","Y","","Extension {[CanonicalType[https://www.medizininformatik-initiative.de/fhir/core/modul-labor/StructureDefinition/InterpretationsbeeinflussendeEigenschaft]]} {[]}
","Interpretationsbeeinflussende interpretationsbeeinflussendeEigenschaft","Beschreibung der interpretationsbeeinflussenden interpretationsbeeinflussendeEigenschaften.","There can be no stigma associated with the use of extensions by any application, project, or standard - regardless of the institution or jurisdiction that uses or defines the extensions.  The use of extensions is what allows the FHIR specification to retain a core level of simplicity for everyone.","Modifier extensions allow for extensions that *cannot* be safely ignored to be clearly distinguished from the vast majority of extensions which can be safely ignored.  This promotes interoperability by eliminating the need for implementers to prohibit the presence of extensions. For further information, see the [definition of modifier extensions](http://hl7.org/fhir/R4/extensibility.html#modifierExtension).","","","","","","","",,,,,"",,,,"DomainResource.modifierExtension",0,*,"ele-1
","ele-1:All FHIR elements must have a @value or children {hasValue() or (children().count() > id.count())}
ext-1:Must have either extensions or value[x], not both {extension.exists() != value.exists()}"
"Observation.identifier","Observation.identifier","","","",1,*,"Y","","Y","Identifier {[]} {[]}
","Identifikator","Kennung/en, unter der/denen diese Laboruntersuchung bekannt ist.","","Allows observations to be distinguished and referenced.","","","","","","","",,,,,"","pattern:type}
","",,"open","Observation.identifier",0,*,"ele-1
","ele-1:All FHIR elements must have a @value or children {hasValue() or (children().count() > id.count())}
"
"Observation.identifier:analyseBefundCode","Observation.identifier","analyseBefundCode","","",1,1,"Y","","Y","Identifier {[]} {[]}
","Analyse-Befund-Code","A unique identifier assigned to this observation.","","Allows observations to be distinguished and referenced.","","","","","","","",,,,,"",,,,"Observation.identifier",0,*,"ele-1
","ele-1:All FHIR elements must have a @value or children {hasValue() or (children().count() > id.count())}
"
"Observation.identifier:analyseBefundCode.id","Observation.identifier.id","","","",0,1,"","","","string {[]} {[]}
","Unique id for inter-element referencing","Unique id for the element within a resource (for internal references). This may be any string value that does not contain spaces.","","","","","","","","","",,,,,"",,,,"Element.id",0,1,"",""
"Observation.identifier:analyseBefundCode.extension","Observation.identifier.extension","","extensions
user content","",0,*,"","","","Extension {[]} {[]}
","Additional content defined by implementations","May be used to represent additional information that is not part of the basic definition of the element. To make the use of extensions safe and manageable, there is a strict set of governance  applied to the definition and use of extensions. Though any implementer can define an extension, there is a set of requirements that SHALL be met as part of the definition of the extension.","There can be no stigma associated with the use of extensions by any application, project, or standard - regardless of the institution or jurisdiction that uses or defines the extensions.  The use of extensions is what allows the FHIR specification to retain a core level of simplicity for everyone.","","","","","","","","",,,,,"","value:url}
","Extensions are always sliced by (at least) url",,"open","Element.extension",0,*,"ele-1
","ele-1:All FHIR elements must have a @value or children {hasValue() or (children().count() > id.count())}
ext-1:Must have either extensions or value[x], not both {extension.exists() != value.exists()}"
"Observation.identifier:analyseBefundCode.use","Observation.identifier.use","","","",0,1,"","Y","Y","code {[]} {[]}
","usual | official | temp | secondary | old (If known)","The purpose of this identifier.","Applications can assume that an identifier is permanent unless it explicitly says that it is temporary.","Allows the appropriate identifier for a particular context of use to be selected from among a set of identifiers.","","","","","","","",,"required","Identifies the purpose for this identifier, if known .","http://hl7.org/fhir/ValueSet/identifier-use|4.0.1","",,,,"Identifier.use",0,1,"ele-1
","ele-1:All FHIR elements must have a @value or children {hasValue() or (children().count() > id.count())}
"
"Observation.identifier:analyseBefundCode.type","Observation.identifier.type","","","",1,1,"Y","","Y","CodeableConcept {[]} {[]}
","Description of identifier","A coded type for the identifier that can be used to determine which identifier to use for a specific purpose.","This element deals only with general categories of identifiers.  It SHOULD not be used for codes that correspond 1..1 with the Identifier.system. Some identifiers may fall into multiple categories due to common usage.   Where the system is known, a type is unnecessary because the type is always part of the system definition. However systems often need to handle identifiers where the system is not known. There is not a 1:1 relationship between type and system, since many different systems have the same type.","Allows users to make use of identifiers when the identifier system is not known.","","","","<valueCodeableConcept xmlns=""http://hl7.org/fhir"">
  <coding>
    <system value=""http://terminology.hl7.org/CodeSystem/v2-0203""/>
    <code value=""OBI""/>
  </coding>
</valueCodeableConcept>","","","",,"extensible","A coded type for an identifier that can be used to determine which identifier to use for a specific purpose.","https://www.medizininformatik-initiative.de/fhir/core/modul-labor/ValueSet/mii-vs-labor-identifier-type-codes","",,,,"Identifier.type",0,1,"ele-1
","ele-1:All FHIR elements must have a @value or children {hasValue() or (children().count() > id.count())}
"
"Observation.identifier:analyseBefundCode.type.id","Observation.identifier.type.id","","","",0,1,"","","","string {[]} {[]}
","Unique id for inter-element referencing","Unique id for the element within a resource (for internal references). This may be any string value that does not contain spaces.","","","","","","","","","",,,,,"",,,,"Element.id",0,1,"",""
"Observation.identifier:analyseBefundCode.type.extension","Observation.identifier.type.extension","","extensions
user content","",0,*,"","","","Extension {[]} {[]}
","Additional content defined by implementations","May be used to represent additional information that is not part of the basic definition of the element. To make the use of extensions safe and manageable, there is a strict set of governance  applied to the definition and use of extensions. Though any implementer can define an extension, there is a set of requirements that SHALL be met as part of the definition of the extension.","There can be no stigma associated with the use of extensions by any application, project, or standard - regardless of the institution or jurisdiction that uses or defines the extensions.  The use of extensions is what allows the FHIR specification to retain a core level of simplicity for everyone.","","","","","","","","",,,,,"","value:url}
","Extensions are always sliced by (at least) url",,"open","Element.extension",0,*,"ele-1
","ele-1:All FHIR elements must have a @value or children {hasValue() or (children().count() > id.count())}
ext-1:Must have either extensions or value[x], not both {extension.exists() != value.exists()}"
"Observation.identifier:analyseBefundCode.type.coding","Observation.identifier.type.coding","","","",1,*,"Y","","Y","Coding {[]} {[]}
","Code defined by a terminology system","A reference to a code defined by a terminology system.","Codes may be defined very casually in enumerations, or code lists, up to very formal definitions such as SNOMED CT - see the HL7 v3 Core Principles for more information.  Ordering of codings is undefined and SHALL NOT be used to infer meaning. Generally, at most only one of the coding values will be labeled as UserSelected = true.","Allows for alternative encodings within a code system, and translations to other code systems.","","","","","","","",,,,,"","value:system}
","",,"open","CodeableConcept.coding",0,*,"ele-1
","ele-1:All FHIR elements must have a @value or children {hasValue() or (children().count() > id.count())}
"
"Observation.identifier:analyseBefundCode.type.coding:observationInstanceV2","Observation.identifier.type.coding","observationInstanceV2","","",1,1,"Y","","Y","Coding {[]} {[]}
","Code defined by a terminology system","A reference to a code defined by a terminology system.","Codes may be defined very casually in enumerations, or code lists, up to very formal definitions such as SNOMED CT - see the HL7 v3 Core Principles for more information.  Ordering of codings is undefined and SHALL NOT be used to infer meaning. Generally, at most only one of the coding values will be labeled as UserSelected = true.","Allows for alternative encodings within a code system, and translations to other code systems.","","","","","","","",,,,,"",,,,"CodeableConcept.coding",0,*,"ele-1
","ele-1:All FHIR elements must have a @value or children {hasValue() or (children().count() > id.count())}
"
"Observation.identifier:analyseBefundCode.type.coding:observationInstanceV2.id","Observation.identifier.type.coding.id","","","",0,1,"","","","string {[]} {[]}
","Unique id for inter-element referencing","Unique id for the element within a resource (for internal references). This may be any string value that does not contain spaces.","","","","","","","","","",,,,,"",,,,"Element.id",0,1,"",""
"Observation.identifier:analyseBefundCode.type.coding:observationInstanceV2.extension","Observation.identifier.type.coding.extension","","extensions
user content","",0,*,"","","","Extension {[]} {[]}
","Additional content defined by implementations","May be used to represent additional information that is not part of the basic definition of the element. To make the use of extensions safe and manageable, there is a strict set of governance  applied to the definition and use of extensions. Though any implementer can define an extension, there is a set of requirements that SHALL be met as part of the definition of the extension.","There can be no stigma associated with the use of extensions by any application, project, or standard - regardless of the institution or jurisdiction that uses or defines the extensions.  The use of extensions is what allows the FHIR specification to retain a core level of simplicity for everyone.","","","","","","","","",,,,,"","value:url}
","Extensions are always sliced by (at least) url",,"open","Element.extension",0,*,"ele-1
","ele-1:All FHIR elements must have a @value or children {hasValue() or (children().count() > id.count())}
ext-1:Must have either extensions or value[x], not both {extension.exists() != value.exists()}"
"Observation.identifier:analyseBefundCode.type.coding:observationInstanceV2.system","Observation.identifier.type.coding.system","","","",1,1,"Y","","Y","uri {[]} {[]}
","Identity of the terminology system","The identification of the code system that defines the meaning of the symbol in the code.","The URI may be an OID (urn:oid:...) or a UUID (urn:uuid:...).  OIDs and UUIDs SHALL be references to the HL7 OID registry. Otherwise, the URI should come from HL7's list of FHIR defined special URIs or it should reference to some definition that establishes the system clearly and unambiguously.","Need to be unambiguous about the source of the definition of the symbol.","","","<valueUri xmlns=""http://hl7.org/fhir"" value=""http://terminology.hl7.org/CodeSystem/v2-0203""/>","","","","",,,,,"",,,,"Coding.system",0,1,"ele-1
","ele-1:All FHIR elements must have a @value or children {hasValue() or (children().count() > id.count())}
"
"Observation.identifier:analyseBefundCode.type.coding:observationInstanceV2.version","Observation.identifier.type.coding.version","","","",0,1,"","","Y","string {[]} {[]}
","Version of the system - if relevant","The version of the code system which was used when choosing this code. Note that a well-maintained code system does not need the version reported, because the meaning of codes is consistent across versions. However this cannot consistently be assured, and when the meaning is not guaranteed to be consistent, the version SHOULD be exchanged.","Where the terminology does not clearly define what string should be used to identify code system versions, the recommendation is to use the date (expressed in FHIR date format) on which that version was officially published as the version date.","","","","","","","","",,,,,"",,,,"Coding.version",0,1,"ele-1
","ele-1:All FHIR elements must have a @value or children {hasValue() or (children().count() > id.count())}
"
"Observation.identifier:analyseBefundCode.type.coding:observationInstanceV2.code","Observation.identifier.type.coding.code","","","",1,1,"Y","","Y","code {[]} {[]}
","Symbol in syntax defined by the system","A symbol in syntax defined by the system. The symbol may be a predefined code or an expression in a syntax defined by the coding system (e.g. post-coordination).","Note that FHIR strings SHALL NOT exceed 1MB in size","Need to refer to a particular code in the system.","","","<valueCode xmlns=""http://hl7.org/fhir"" value=""OBI""/>","","","","",,,,,"",,,,"Coding.code",0,1,"ele-1
","ele-1:All FHIR elements must have a @value or children {hasValue() or (children().count() > id.count())}
"
"Observation.identifier:analyseBefundCode.type.coding:observationInstanceV2.display","Observation.identifier.type.coding.display","","","",0,1,"","","Y","string {[]} {[]}
","Representation defined by the system","A representation of the meaning of the code in the system, following the rules of the system.","Note that FHIR strings SHALL NOT exceed 1MB in size","Need to be able to carry a human-readable meaning of the code for readers that do not know  the system.","","","","","","","",,,,,"",,,,"Coding.display",0,1,"ele-1
","ele-1:All FHIR elements must have a @value or children {hasValue() or (children().count() > id.count())}
"
"Observation.identifier:analyseBefundCode.type.coding:observationInstanceV2.userSelected","Observation.identifier.type.coding.userSelected","","","",0,1,"","","Y","boolean {[]} {[]}
","If this coding was chosen directly by the user","Indicates that this coding was chosen by a user directly - e.g. off a pick list of available items (codes or displays).","Amongst a set of alternatives, a directly chosen code is the most appropriate starting point for new translations. There is some ambiguity about what exactly 'directly chosen' implies, and trading partner agreement may be needed to clarify the use of this element and its consequences more completely.","This has been identified as a clinical safety criterium - that this exact system/code pair was chosen explicitly, rather than inferred by the system based on some rules or language processing.","","","","","","","",,,,,"",,,,"Coding.userSelected",0,1,"ele-1
","ele-1:All FHIR elements must have a @value or children {hasValue() or (children().count() > id.count())}
"
"Observation.identifier:analyseBefundCode.type.text","Observation.identifier.type.text","","","",0,1,"","","Y","string {[]} {[]}
","Plain text representation of the concept","A human language representation of the concept as seen/selected/uttered by the user who entered the data and/or which represents the intended meaning of the user.","Very often the text is the same as a displayName of one of the codings.","The codes from the terminologies do not always capture the correct meaning with all the nuances of the human using them, or sometimes there is no appropriate code at all. In these cases, the text is used to capture the full meaning of the source.","","","","","","","",,,,,"",,,,"CodeableConcept.text",0,1,"ele-1
","ele-1:All FHIR elements must have a @value or children {hasValue() or (children().count() > id.count())}
"
"Observation.identifier:analyseBefundCode.system","Observation.identifier.system","","","",1,1,"Y","","Y","uri {[]} {[]}
","The namespace for the identifier value","Establishes the namespace for the value - that is, a URL that describes a set values that are unique.","Identifier.system is always case sensitive.","There are many sets  of identifiers.  To perform matching of two identifiers, we need to know what set we're dealing with. The system identifies a particular set of unique identifiers.","","","","","<valueUri xmlns=""http://hl7.org/fhir"" value=""http://www.acme.com/identifiers/patient""/>","","",,,,,"",,,,"Identifier.system",0,1,"ele-1
","ele-1:All FHIR elements must have a @value or children {hasValue() or (children().count() > id.count())}
"
"Observation.identifier:analyseBefundCode.value","Observation.identifier.value","","","",1,1,"Y","","Y","string {[]} {[]}
","The value that is unique","The portion of the identifier typically relevant to the user and which is unique within the context of the system.","If the value is a full URI, then the system SHALL be urn:ietf:rfc:3986.  The value's primary purpose is computational mapping.  As a result, it may be normalized for comparison purposes (e.g. removing non-significant whitespace, dashes, etc.)  A value formatted for human display can be conveyed using the [Rendered Value extension](http://hl7.org/fhir/R4/extension-rendered-value.html). Identifier.value is to be treated as case sensitive unless knowledge of the Identifier.system allows the processer to be confident that non-case-sensitive processing is safe.","","","","","","<valueString xmlns=""http://hl7.org/fhir"" value=""123456""/>","","",,,,,"",,,,"Identifier.value",0,1,"ele-1
","ele-1:All FHIR elements must have a @value or children {hasValue() or (children().count() > id.count())}
"
"Observation.identifier:analyseBefundCode.period","Observation.identifier.period","","","",0,1,"","","Y","Period {[]} {[]}
","Time period when id is/was valid for use","Time period during which identifier is/was valid for use.","A Period specifies a range of time; the context of use will specify whether the entire range applies (e.g. ""the patient was an inpatient of the hospital for this time range"") or one value from the range applies (e.g. ""give to the patient between these two times"").

Period is not used for a duration (a measure of elapsed time). See [Duration](http://hl7.org/fhir/R4/datatypes.html#Duration).","","","","","","","","",,,,,"",,,,"Identifier.period",0,1,"ele-1
","ele-1:All FHIR elements must have a @value or children {hasValue() or (children().count() > id.count())}
per-1:If present, start SHALL have a lower value than end {start.hasValue().not() or end.hasValue().not() or (start <= end)}"
"Observation.identifier:analyseBefundCode.assigner","Observation.identifier.assigner","","","",1,1,"Y","","Y","Reference {[]} {[CanonicalType[http://hl7.org/fhir/StructureDefinition/Organization]]}
","Organization that issued id (may be just text)","Organization that issued/manages the identifier.","The Identifier.assigner may omit the .reference element and only contain a .display element reflecting the name or other textual information about the assigning organization.","","","","","","","","",,,,,"",,,,"Identifier.assigner",0,1,"ele-1
","ele-1:All FHIR elements must have a @value or children {hasValue() or (children().count() > id.count())}
ref-1:SHALL have a contained resource if a local reference is provided {reference.exists() implies (reference.startsWith('#').not() or (reference.substring(1).trace('url') in %rootResource.contained.id.trace('ids')) or (reference='#' and %rootResource!=%resource))}"
"Observation.basedOn","Observation.basedOn","","Fulfills
","",0,*,"Y","","Y","Reference {[]} {[CanonicalType[http://hl7.org/fhir/StructureDefinition/ServiceRequest]]}
","Basiert auf","Bezug zum Laborauftrag, auf dem diese Laboruntersuchung basiert.","References SHALL be a reference to an actual FHIR resource, and SHALL be resolveable (allowing for access control, temporary unavailability, etc.). Resolution can be either by retrieval from the URL, or, where applicable by resource type, by treating an absolute reference as a canonical URL and looking it up in a local registry/repository.","Allows tracing of authorization for the event and tracking whether proposals/recommendations were acted upon.","","","","","","","",,,,,"",,,,"Observation.basedOn",0,*,"ele-1
","ele-1:All FHIR elements must have a @value or children {hasValue() or (children().count() > id.count())}
ref-1:SHALL have a contained resource if a local reference is provided {reference.exists() implies (reference.startsWith('#').not() or (reference.substring(1).trace('url') in %rootResource.contained.id.trace('ids')) or (reference='#' and %rootResource!=%resource))}"
"Observation.partOf","Observation.partOf","","Container
","",0,*,"","","Y","Reference {[]} {[CanonicalType[http://hl7.org/fhir/StructureDefinition/MedicationAdministration], CanonicalType[http://hl7.org/fhir/StructureDefinition/MedicationDispense], CanonicalType[http://hl7.org/fhir/StructureDefinition/MedicationStatement], CanonicalType[http://hl7.org/fhir/StructureDefinition/Procedure], CanonicalType[http://hl7.org/fhir/StructureDefinition/Immunization], CanonicalType[http://hl7.org/fhir/StructureDefinition/ImagingStudy]]}
","Part of referenced event","A larger event of which this particular Observation is a component or step.  For example,  an observation as part of a procedure.","To link an Observation to an Encounter use `encounter`.  See the  [Notes](http://hl7.org/fhir/R4/observation.html#obsgrouping) below for guidance on referencing another Observation.","","","","","","","","",,,,,"",,,,"Observation.partOf",0,*,"ele-1
","ele-1:All FHIR elements must have a @value or children {hasValue() or (children().count() > id.count())}
ref-1:SHALL have a contained resource if a local reference is provided {reference.exists() implies (reference.startsWith('#').not() or (reference.substring(1).trace('url') in %rootResource.contained.id.trace('ids')) or (reference='#' and %rootResource!=%resource))}"
"Observation.status","Observation.status","","","",1,1,"Y","Y","Y","code {[]} {[]}
","Status","abgeschlossen","This element is labeled as a modifier because the status contains codes that mark the resource as not currently valid.","Need to track the status of individual results. Some results are finalized before the whole report is finalized.","","","","","","","",,"required","Codes providing the status of an observation.","http://hl7.org/fhir/ValueSet/observation-status|4.0.1","",,,,"Observation.status",1,1,"ele-1
","ele-1:All FHIR elements must have a @value or children {hasValue() or (children().count() > id.count())}
"
"Observation.category","Observation.category","","","",1,*,"Y","","","CodeableConcept {[]} {[]}
","Kategorie","Klassifikation der Laboruntersuchung im diagnostischen Fachbereich und der Laborgruppe","In addition to the required category valueset, this element allows various categorization schemes based on the owner’s definition of the category and effectively multiple categories can be used at once.  The level of granularity is defined by the category concepts in the value set.","Used for filtering what observations are retrieved and displayed.","","","","","","","",,"preferred","Codes for high level observation categories.","http://hl7.org/fhir/ValueSet/observation-category","","pattern:$this}
","",,"open","Observation.category",0,*,"ele-1
","ele-1:All FHIR elements must have a @value or children {hasValue() or (children().count() > id.count())}
"
"Observation.category.id","Observation.category.id","","","",0,1,"","","","string {[]} {[]}
","Unique id for inter-element referencing","Unique id for the element within a resource (for internal references). This may be any string value that does not contain spaces.","","","","","","","","","",,,,,"",,,,"Element.id",0,1,"",""
"Observation.category.extension","Observation.category.extension","","extensions
user content","",0,*,"","","","Extension {[]} {[]}
","Additional content defined by implementations","May be used to represent additional information that is not part of the basic definition of the element. To make the use of extensions safe and manageable, there is a strict set of governance  applied to the definition and use of extensions. Though any implementer can define an extension, there is a set of requirements that SHALL be met as part of the definition of the extension.","There can be no stigma associated with the use of extensions by any application, project, or standard - regardless of the institution or jurisdiction that uses or defines the extensions.  The use of extensions is what allows the FHIR specification to retain a core level of simplicity for everyone.","","","","","","","","",,,,,"","value:url}
","Extensions are always sliced by (at least) url",,"open","Element.extension",0,*,"ele-1
","ele-1:All FHIR elements must have a @value or children {hasValue() or (children().count() > id.count())}
ext-1:Must have either extensions or value[x], not both {extension.exists() != value.exists()}"
"Observation.category.coding","Observation.category.coding","","","",0,*,"Y","","Y","Coding {[]} {[]}
","Code defined by a terminology system","A reference to a code defined by a terminology system.","Codes may be defined very casually in enumerations, or code lists, up to very formal definitions such as SNOMED CT - see the HL7 v3 Core Principles for more information.  Ordering of codings is undefined and SHALL NOT be used to infer meaning. Generally, at most only one of the coding values will be labeled as UserSelected = true.","Allows for alternative encodings within a code system, and translations to other code systems.","","","","","","","",,,,,"",,,,"CodeableConcept.coding",0,*,"ele-1
","ele-1:All FHIR elements must have a @value or children {hasValue() or (children().count() > id.count())}
"
"Observation.category.coding.id","Observation.category.coding.id","","","",0,1,"","","","string {[]} {[]}
","Unique id for inter-element referencing","Unique id for the element within a resource (for internal references). This may be any string value that does not contain spaces.","","","","","","","","","",,,,,"",,,,"Element.id",0,1,"",""
"Observation.category.coding.extension","Observation.category.coding.extension","","extensions
user content","",0,*,"","","","Extension {[]} {[]}
","Additional content defined by implementations","May be used to represent additional information that is not part of the basic definition of the element. To make the use of extensions safe and manageable, there is a strict set of governance  applied to the definition and use of extensions. Though any implementer can define an extension, there is a set of requirements that SHALL be met as part of the definition of the extension.","There can be no stigma associated with the use of extensions by any application, project, or standard - regardless of the institution or jurisdiction that uses or defines the extensions.  The use of extensions is what allows the FHIR specification to retain a core level of simplicity for everyone.","","","","","","","","",,,,,"","value:url}
","Extensions are always sliced by (at least) url",,"open","Element.extension",0,*,"ele-1
","ele-1:All FHIR elements must have a @value or children {hasValue() or (children().count() > id.count())}
ext-1:Must have either extensions or value[x], not both {extension.exists() != value.exists()}"
"Observation.category.coding.system","Observation.category.coding.system","","","",1,1,"Y","","Y","uri {[]} {[]}
","Identity of the terminology system","The identification of the code system that defines the meaning of the symbol in the code.","The URI may be an OID (urn:oid:...) or a UUID (urn:uuid:...).  OIDs and UUIDs SHALL be references to the HL7 OID registry. Otherwise, the URI should come from HL7's list of FHIR defined special URIs or it should reference to some definition that establishes the system clearly and unambiguously.","Need to be unambiguous about the source of the definition of the symbol.","","","","","","","",,,,,"",,,,"Coding.system",0,1,"ele-1
","ele-1:All FHIR elements must have a @value or children {hasValue() or (children().count() > id.count())}
"
"Observation.category.coding.version","Observation.category.coding.version","","","",0,1,"","","Y","string {[]} {[]}
","Version of the system - if relevant","The version of the code system which was used when choosing this code. Note that a well-maintained code system does not need the version reported, because the meaning of codes is consistent across versions. However this cannot consistently be assured, and when the meaning is not guaranteed to be consistent, the version SHOULD be exchanged.","Where the terminology does not clearly define what string should be used to identify code system versions, the recommendation is to use the date (expressed in FHIR date format) on which that version was officially published as the version date.","","","","","","","","",,,,,"",,,,"Coding.version",0,1,"ele-1
","ele-1:All FHIR elements must have a @value or children {hasValue() or (children().count() > id.count())}
"
"Observation.category.coding.code","Observation.category.coding.code","","","",1,1,"Y","","Y","code {[]} {[]}
","Symbol in syntax defined by the system","A symbol in syntax defined by the system. The symbol may be a predefined code or an expression in a syntax defined by the coding system (e.g. post-coordination).","Note that FHIR strings SHALL NOT exceed 1MB in size","Need to refer to a particular code in the system.","","","","","","","",,,,,"",,,,"Coding.code",0,1,"ele-1
","ele-1:All FHIR elements must have a @value or children {hasValue() or (children().count() > id.count())}
"
"Observation.category.coding.display","Observation.category.coding.display","","","",0,1,"Y","","Y","string {[]} {[]}
","Representation defined by the system","A representation of the meaning of the code in the system, following the rules of the system.","Note that FHIR strings SHALL NOT exceed 1MB in size","Need to be able to carry a human-readable meaning of the code for readers that do not know  the system.","","","","","","","",,,,,"",,,,"Coding.display",0,1,"ele-1
","ele-1:All FHIR elements must have a @value or children {hasValue() or (children().count() > id.count())}
"
"Observation.category.coding.userSelected","Observation.category.coding.userSelected","","","",0,1,"","","Y","boolean {[]} {[]}
","If this coding was chosen directly by the user","Indicates that this coding was chosen by a user directly - e.g. off a pick list of available items (codes or displays).","Amongst a set of alternatives, a directly chosen code is the most appropriate starting point for new translations. There is some ambiguity about what exactly 'directly chosen' implies, and trading partner agreement may be needed to clarify the use of this element and its consequences more completely.","This has been identified as a clinical safety criterium - that this exact system/code pair was chosen explicitly, rather than inferred by the system based on some rules or language processing.","","","","","","","",,,,,"",,,,"Coding.userSelected",0,1,"ele-1
","ele-1:All FHIR elements must have a @value or children {hasValue() or (children().count() > id.count())}
"
"Observation.category.text","Observation.category.text","","","",0,1,"","","Y","string {[]} {[]}
","Plain text representation of the concept","A human language representation of the concept as seen/selected/uttered by the user who entered the data and/or which represents the intended meaning of the user.","Very often the text is the same as a displayName of one of the codings.","The codes from the terminologies do not always capture the correct meaning with all the nuances of the human using them, or sometimes there is no appropriate code at all. In these cases, the text is used to capture the full meaning of the source.","","","","","","","",,,,,"",,,,"CodeableConcept.text",0,1,"ele-1
","ele-1:All FHIR elements must have a @value or children {hasValue() or (children().count() > id.count())}
"
"Observation.category:observation-category","Observation.category","observation-category","","",1,1,"Y","","","CodeableConcept {[]} {[]}
","Labor-Kategorie","Die verpflichtende Kategorie der Laboruntersuchung. Weitere Codings im selben Eintrag und weitere category-Eintraege sind zulaessig.","In addition to the required category valueset, this element allows various categorization schemes based on the owner’s definition of the category and effectively multiple categories can be used at once.  The level of granularity is defined by the category concepts in the value set.","Used for filtering what observations are retrieved and displayed.","","","","<valueCodeableConcept xmlns=""http://hl7.org/fhir"">
  <coding>
    <system value=""http://terminology.hl7.org/CodeSystem/observation-category""/>
    <code value=""laboratory""/>
  </coding>
</valueCodeableConcept>","","","",,"preferred","Codes for high level observation categories.","http://hl7.org/fhir/ValueSet/observation-category","",,,,"Observation.category",0,*,"ele-1
","ele-1:All FHIR elements must have a @value or children {hasValue() or (children().count() > id.count())}
"
"Observation.code","Observation.code","","Name
","",1,1,"Y","","Y","CodeableConcept {[]} {[]}
","Code","LOINC-Code, der den gemessenen Laborparameter bzw. durchgeführten Labortest beschreibt.","*All* code-value and, if present, component.code-component.value pairs need to be taken into account to correctly understand the meaning of the observation.","Knowing what kind of observation is being made is essential to understanding the observation.","","","","","","","",,"example","Codes identifying names of simple observations.","http://hl7.org/fhir/ValueSet/observation-codes","",,,,"Observation.code",1,1,"ele-1
","ele-1:All FHIR elements must have a @value or children {hasValue() or (children().count() > id.count())}
"
"Observation.code.id","Observation.code.id","","","",0,1,"","","","string {[]} {[]}
","Unique id for inter-element referencing","Unique id for the element within a resource (for internal references). This may be any string value that does not contain spaces.","","","","","","","","","",,,,,"",,,,"Element.id",0,1,"",""
"Observation.code.extension","Observation.code.extension","","extensions
user content","",0,*,"","","","Extension {[]} {[]}
","Additional content defined by implementations","May be used to represent additional information that is not part of the basic definition of the element. To make the use of extensions safe and manageable, there is a strict set of governance  applied to the definition and use of extensions. Though any implementer can define an extension, there is a set of requirements that SHALL be met as part of the definition of the extension.","There can be no stigma associated with the use of extensions by any application, project, or standard - regardless of the institution or jurisdiction that uses or defines the extensions.  The use of extensions is what allows the FHIR specification to retain a core level of simplicity for everyone.","","","","","","","","",,,,,"","value:url}
","Extensions are always sliced by (at least) url",,"open","Element.extension",0,*,"ele-1
","ele-1:All FHIR elements must have a @value or children {hasValue() or (children().count() > id.count())}
ext-1:Must have either extensions or value[x], not both {extension.exists() != value.exists()}"
"Observation.code.coding","Observation.code.coding","","","",0,*,"Y","","Y","Coding {[]} {[]}
","Code defined by a terminology system","A reference to a code defined by a terminology system.","Codes may be defined very casually in enumerations, or code lists, up to very formal definitions such as SNOMED CT - see the HL7 v3 Core Principles for more information.  Ordering of codings is undefined and SHALL NOT be used to infer meaning. Generally, at most only one of the coding values will be labeled as UserSelected = true.","Allows for alternative encodings within a code system, and translations to other code systems.","","","","","","","",,,,,"","pattern:$this}
","",,"open","CodeableConcept.coding",0,*,"ele-1
","ele-1:All FHIR elements must have a @value or children {hasValue() or (children().count() > id.count())}
"
"Observation.code.coding:loinc","Observation.code.coding","loinc","","",0,1,"Y","","Y","Coding {[]} {[]}
","Tumormarker als LOINC-Code","LOINC-Code des bestimmten Tumormarkers aus der kuratierten onkologischen Auswahlliste","Codes may be defined very casually in enumerations, or code lists, up to very formal definitions such as SNOMED CT - see the HL7 v3 Core Principles for more information.  Ordering of codings is undefined and SHALL NOT be used to infer meaning. Generally, at most only one of the coding values will be labeled as UserSelected = true.","Allows for alternative encodings within a code system, and translations to other code systems.","","","","<valueCoding xmlns=""http://hl7.org/fhir"">
  <system value=""http://loinc.org""/>
</valueCoding>","","","",,"extensible","","https://www.medizininformatik-initiative.de/fhir/ext/modul-onko/ValueSet/mii-vs-onko-tumormarker-loinc","",,,,"CodeableConcept.coding",0,*,"ele-1
","ele-1:All FHIR elements must have a @value or children {hasValue() or (children().count() > id.count())}
"
"Observation.code.text","Observation.code.text","","","",0,1,"","","Y","string {[]} {[]}
","Plain text representation of the concept","A human language representation of the concept as seen/selected/uttered by the user who entered the data and/or which represents the intended meaning of the user.","Very often the text is the same as a displayName of one of the codings.","The codes from the terminologies do not always capture the correct meaning with all the nuances of the human using them, or sometimes there is no appropriate code at all. In these cases, the text is used to capture the full meaning of the source.","","","","","","","",,,,,"",,,,"CodeableConcept.text",0,1,"ele-1
","ele-1:All FHIR elements must have a @value or children {hasValue() or (children().count() > id.count())}
"
"Observation.subject","Observation.subject","","","",1,1,"Y","","Y","Reference {[]} {[CanonicalType[http://hl7.org/fhir/StructureDefinition/Patient], CanonicalType[http://hl7.org/fhir/StructureDefinition/Group], CanonicalType[http://hl7.org/fhir/StructureDefinition/Device], CanonicalType[http://hl7.org/fhir/StructureDefinition/Location]]}
","Subjekt","Subjekt auf welches sich die Laboruntersuchung bezieht.","One would expect this element to be a cardinality of 1..1. The only circumstance in which the subject can be missing is when the observation is made by a device that does not know the patient. In this case, the observation SHALL be matched to a patient through some context/channel matching technique, and at this point, the observation should be updated.","Observations have no value if you don't know who or what they're about.","","","","","","","",,,,,"",,,,"Observation.subject",0,1,"ele-1
","ele-1:All FHIR elements must have a @value or children {hasValue() or (children().count() > id.count())}
ref-1:SHALL have a contained resource if a local reference is provided {reference.exists() implies (reference.startsWith('#').not() or (reference.substring(1).trace('url') in %rootResource.contained.id.trace('ids')) or (reference='#' and %rootResource!=%resource))}"
"Observation.subject.id","Observation.subject.id","","","",0,1,"","","","string {[]} {[]}
","Unique id for inter-element referencing","Unique id for the element within a resource (for internal references). This may be any string value that does not contain spaces.","","","","","","","","","",,,,,"",,,,"Element.id",0,1,"",""
"Observation.subject.extension","Observation.subject.extension","","extensions
user content","",0,*,"","","","Extension {[]} {[]}
","Additional content defined by implementations","May be used to represent additional information that is not part of the basic definition of the element. To make the use of extensions safe and manageable, there is a strict set of governance  applied to the definition and use of extensions. Though any implementer can define an extension, there is a set of requirements that SHALL be met as part of the definition of the extension.","There can be no stigma associated with the use of extensions by any application, project, or standard - regardless of the institution or jurisdiction that uses or defines the extensions.  The use of extensions is what allows the FHIR specification to retain a core level of simplicity for everyone.","","","","","","","","",,,,,"","value:url}
","Extensions are always sliced by (at least) url",,"open","Element.extension",0,*,"ele-1
","ele-1:All FHIR elements must have a @value or children {hasValue() or (children().count() > id.count())}
ext-1:Must have either extensions or value[x], not both {extension.exists() != value.exists()}"
"Observation.subject.reference","Observation.subject.reference","","","",0,1,"Y","","Y","string {[]} {[]}
","Literal reference, Relative, internal or absolute URL","A reference to a location at which the other resource is found. The reference may be a relative reference, in which case it is relative to the service base URL, or an absolute URL that resolves to the location where the resource is found. The reference may be version specific or not. If the reference is not to a FHIR RESTful server, then it should be assumed to be version specific. Internal fragment references (start with '#') refer to contained resources.","Using absolute URLs provides a stable scalable approach suitable for a cloud/web context, while using relative/logical references provides a flexible approach suitable for use when trading across closed eco-system boundaries.   Absolute URLs do not need to point to a FHIR RESTful server, though this is the preferred approach. If the URL conforms to the structure ""/[type]/[id]"" then it should be assumed that the reference is to a FHIR RESTful server.","","","","","","","","",,,,,"",,,,"Reference.reference",0,1,"ele-1
ref-1","ele-1:All FHIR elements must have a @value or children {hasValue() or (children().count() > id.count())}
"
"Observation.subject.type","Observation.subject.type","","","",0,1,"","","Y","uri {[]} {[]}
","Type the reference refers to (e.g. ""Patient"")","The expected type of the target of the reference. If both Reference.type and Reference.reference are populated and Reference.reference is a FHIR URL, both SHALL be consistent.

The type is the Canonical URL of Resource Definition that is the type this reference refers to. References are URLs that are relative to http://hl7.org/fhir/StructureDefinition/ e.g. ""Patient"" is a reference to http://hl7.org/fhir/StructureDefinition/Patient. Absolute URLs are only allowed for logical models (and can only be used in references in logical models, not resources).","This element is used to indicate the type of  the target of the reference. This may be used which ever of the other elements are populated (or not). In some cases, the type of the target may be determined by inspection of the reference (e.g. a RESTful URL) or by resolving the target of the reference; if both the type and a reference is provided, the reference SHALL resolve to a resource of the same type as that specified.","","","","","","","","",,"extensible","Aa resource (or, for logical models, the URI of the logical model).","http://hl7.org/fhir/ValueSet/resource-types","",,,,"Reference.type",0,1,"ele-1
","ele-1:All FHIR elements must have a @value or children {hasValue() or (children().count() > id.count())}
"
"Observation.subject.identifier","Observation.subject.identifier","","","",0,1,"Y","","Y","Identifier {[]} {[]}
","Logical reference, when literal reference is not known","An identifier for the target resource. This is used when there is no way to reference the other resource directly, either because the entity it represents is not available through a FHIR server, or because there is no way for the author of the resource to convert a known identifier to an actual location. There is no requirement that a Reference.identifier point to something that is actually exposed as a FHIR instance, but it SHALL point to a business concept that would be expected to be exposed as a FHIR instance, and that instance would need to be of a FHIR resource type allowed by the reference.","When an identifier is provided in place of a reference, any system processing the reference will only be able to resolve the identifier to a reference if it understands the business context in which the identifier is used. Sometimes this is global (e.g. a national identifier) but often it is not. For this reason, none of the useful mechanisms described for working with references (e.g. chaining, includes) are possible, nor should servers be expected to be able resolve the reference. Servers may accept an identifier based reference untouched, resolve it, and/or reject it - see CapabilityStatement.rest.resource.referencePolicy. 

When both an identifier and a literal reference are provided, the literal reference is preferred. Applications processing the resource are allowed - but not required - to check that the identifier matches the literal reference

Applications converting a logical reference to a literal reference may choose to leave the logical reference present, or remove it.

Reference is intended to point to a structure that can potentially be expressed as a FHIR resource, though there is no need for it to exist as an actual FHIR resource instance - except in as much as an application wishes to actual find the target of the reference. The content referred to be the identifier must meet the logical constraints implied by any limitations on what resource types are permitted for the reference.  For example, it would not be legitimate to send the identifier for a drug prescription if the type were Reference(Observation|DiagnosticReport).  One of the use-cases for Reference.identifier is the situation where no FHIR representation exists (where the type is Reference (Any).","","","","","","","","",,,,,"",,,,"Reference.identifier",0,1,"ele-1
","ele-1:All FHIR elements must have a @value or children {hasValue() or (children().count() > id.count())}
"
"Observation.subject.display","Observation.subject.display","","","",0,1,"","","Y","string {[]} {[]}
","Text alternative for the resource","Plain text narrative that identifies the resource in addition to the resource reference.","This is generally not the same as the Resource.text of the referenced resource.  The purpose is to identify what's being referenced, not to fully describe it.","","","","","","","","",,,,,"",,,,"Reference.display",0,1,"ele-1
","ele-1:All FHIR elements must have a @value or children {hasValue() or (children().count() > id.count())}
"
"Observation.focus","Observation.focus","","","",0,*,"Y","","Y","Reference {[]} {[CanonicalType[https://www.medizininformatik-initiative.de/fhir/ext/modul-onko/StructureDefinition/mii-pr-onko-diagnose-primaertumor]]}
","Bezug zur onkologischen Diagnose","The actual focus of an observation when it is not the patient of record representing something or someone associated with the patient such as a spouse, parent, fetus, or donor. For example, fetus observations in a mother's record.  The focus of an observation could also be an existing condition,  an intervention, the subject's diet,  another observation of the subject,  or a body structure such as tumor or implanted device.   An example use case would be using the Observation resource to capture whether the mother is trained to change her child's tracheostomy tube. In this example, the child is the patient of record and the mother is the focus.","Typically, an observation is made about the subject - a patient, or group of patients, location, or device - and the distinction between the subject and what is directly measured for an observation is specified in the observation code itself ( e.g., ""Blood Glucose"") and does not need to be represented separately using this element.  Use `specimen` if a reference to a specimen is required.  If a code is required instead of a resource use either  `bodysite` for bodysites or the standard extension [focusCode](http://hl7.org/fhir/R4/extension-observation-focuscode.html).","","","","","","","","",,,,,"",,,,"Observation.focus",0,*,"ele-1
","ele-1:All FHIR elements must have a @value or children {hasValue() or (children().count() > id.count())}
ref-1:SHALL have a contained resource if a local reference is provided {reference.exists() implies (reference.startsWith('#').not() or (reference.substring(1).trace('url') in %rootResource.contained.id.trace('ids')) or (reference='#' and %rootResource!=%resource))}"
"Observation.encounter","Observation.encounter","","Context
","",0,1,"Y","","Y","Reference {[]} {[CanonicalType[http://hl7.org/fhir/StructureDefinition/Encounter]]}
","Fall oder Kontakt","Fall oder Kontakt, in dem die Laboruntersuchung durchgeführt wurde.","This will typically be the encounter the event occurred within, but some events may be initiated prior to or after the official completion of an encounter but still be tied to the context of the encounter (e.g. pre-admission laboratory tests).","For some observations it may be important to know the link between an observation and a particular encounter.","","","","","","","",,,,,"",,,,"Observation.encounter",0,1,"ele-1
","ele-1:All FHIR elements must have a @value or children {hasValue() or (children().count() > id.count())}
ref-1:SHALL have a contained resource if a local reference is provided {reference.exists() implies (reference.startsWith('#').not() or (reference.substring(1).trace('url') in %rootResource.contained.id.trace('ids')) or (reference='#' and %rootResource!=%resource))}"
"Observation.encounter.id","Observation.encounter.id","","","",0,1,"","","","string {[]} {[]}
","Unique id for inter-element referencing","Unique id for the element within a resource (for internal references). This may be any string value that does not contain spaces.","","","","","","","","","",,,,,"",,,,"Element.id",0,1,"",""
"Observation.encounter.extension","Observation.encounter.extension","","extensions
user content","",0,*,"","","","Extension {[]} {[]}
","Additional content defined by implementations","May be used to represent additional information that is not part of the basic definition of the element. To make the use of extensions safe and manageable, there is a strict set of governance  applied to the definition and use of extensions. Though any implementer can define an extension, there is a set of requirements that SHALL be met as part of the definition of the extension.","There can be no stigma associated with the use of extensions by any application, project, or standard - regardless of the institution or jurisdiction that uses or defines the extensions.  The use of extensions is what allows the FHIR specification to retain a core level of simplicity for everyone.","","","","","","","","",,,,,"","value:url}
","Extensions are always sliced by (at least) url",,"open","Element.extension",0,*,"ele-1
","ele-1:All FHIR elements must have a @value or children {hasValue() or (children().count() > id.count())}
ext-1:Must have either extensions or value[x], not both {extension.exists() != value.exists()}"
"Observation.encounter.reference","Observation.encounter.reference","","","",0,1,"Y","","Y","string {[]} {[]}
","Literal reference, Relative, internal or absolute URL","A reference to a location at which the other resource is found. The reference may be a relative reference, in which case it is relative to the service base URL, or an absolute URL that resolves to the location where the resource is found. The reference may be version specific or not. If the reference is not to a FHIR RESTful server, then it should be assumed to be version specific. Internal fragment references (start with '#') refer to contained resources.","Using absolute URLs provides a stable scalable approach suitable for a cloud/web context, while using relative/logical references provides a flexible approach suitable for use when trading across closed eco-system boundaries.   Absolute URLs do not need to point to a FHIR RESTful server, though this is the preferred approach. If the URL conforms to the structure ""/[type]/[id]"" then it should be assumed that the reference is to a FHIR RESTful server.","","","","","","","","",,,,,"",,,,"Reference.reference",0,1,"ele-1
ref-1","ele-1:All FHIR elements must have a @value or children {hasValue() or (children().count() > id.count())}
"
"Observation.encounter.type","Observation.encounter.type","","","",0,1,"","","Y","uri {[]} {[]}
","Type the reference refers to (e.g. ""Patient"")","The expected type of the target of the reference. If both Reference.type and Reference.reference are populated and Reference.reference is a FHIR URL, both SHALL be consistent.

The type is the Canonical URL of Resource Definition that is the type this reference refers to. References are URLs that are relative to http://hl7.org/fhir/StructureDefinition/ e.g. ""Patient"" is a reference to http://hl7.org/fhir/StructureDefinition/Patient. Absolute URLs are only allowed for logical models (and can only be used in references in logical models, not resources).","This element is used to indicate the type of  the target of the reference. This may be used which ever of the other elements are populated (or not). In some cases, the type of the target may be determined by inspection of the reference (e.g. a RESTful URL) or by resolving the target of the reference; if both the type and a reference is provided, the reference SHALL resolve to a resource of the same type as that specified.","","","","","","","","",,"extensible","Aa resource (or, for logical models, the URI of the logical model).","http://hl7.org/fhir/ValueSet/resource-types","",,,,"Reference.type",0,1,"ele-1
","ele-1:All FHIR elements must have a @value or children {hasValue() or (children().count() > id.count())}
"
"Observation.encounter.identifier","Observation.encounter.identifier","","","",0,1,"Y","","Y","Identifier {[]} {[]}
","Logical reference, when literal reference is not known","An identifier for the target resource. This is used when there is no way to reference the other resource directly, either because the entity it represents is not available through a FHIR server, or because there is no way for the author of the resource to convert a known identifier to an actual location. There is no requirement that a Reference.identifier point to something that is actually exposed as a FHIR instance, but it SHALL point to a business concept that would be expected to be exposed as a FHIR instance, and that instance would need to be of a FHIR resource type allowed by the reference.","When an identifier is provided in place of a reference, any system processing the reference will only be able to resolve the identifier to a reference if it understands the business context in which the identifier is used. Sometimes this is global (e.g. a national identifier) but often it is not. For this reason, none of the useful mechanisms described for working with references (e.g. chaining, includes) are possible, nor should servers be expected to be able resolve the reference. Servers may accept an identifier based reference untouched, resolve it, and/or reject it - see CapabilityStatement.rest.resource.referencePolicy. 

When both an identifier and a literal reference are provided, the literal reference is preferred. Applications processing the resource are allowed - but not required - to check that the identifier matches the literal reference

Applications converting a logical reference to a literal reference may choose to leave the logical reference present, or remove it.

Reference is intended to point to a structure that can potentially be expressed as a FHIR resource, though there is no need for it to exist as an actual FHIR resource instance - except in as much as an application wishes to actual find the target of the reference. The content referred to be the identifier must meet the logical constraints implied by any limitations on what resource types are permitted for the reference.  For example, it would not be legitimate to send the identifier for a drug prescription if the type were Reference(Observation|DiagnosticReport).  One of the use-cases for Reference.identifier is the situation where no FHIR representation exists (where the type is Reference (Any).","","","","","","","","",,,,,"",,,,"Reference.identifier",0,1,"ele-1
","ele-1:All FHIR elements must have a @value or children {hasValue() or (children().count() > id.count())}
"
"Observation.encounter.display","Observation.encounter.display","","","",0,1,"","","Y","string {[]} {[]}
","Text alternative for the resource","Plain text narrative that identifies the resource in addition to the resource reference.","This is generally not the same as the Resource.text of the referenced resource.  The purpose is to identify what's being referenced, not to fully describe it.","","","","","","","","",,,,,"",,,,"Reference.display",0,1,"ele-1
","ele-1:All FHIR elements must have a @value or children {hasValue() or (children().count() > id.count())}
"
"Observation.effective[x]","Observation.effective[x]","","Occurrence
","",1,1,"Y","","Y","dateTime {[]} {[]}
","Untersuchungszeitpunkt","Klinischer Bezugszeitpunkt der Laboruntersuchung","At least a date should be present unless this observation is a historical report.  For recording imprecise or ""fuzzy"" times (For example, a blood glucose measurement taken ""after breakfast"") use the [Timing](http://hl7.org/fhir/R4/datatypes.html#timing) datatype which allow the measurement to be tied to regular life events.","Knowing when an observation was deemed true is important to its relevance as well as determining trends.","","","","","","","",,,,,"",,,,"Observation.effective[x]",0,1,"ele-1
","ele-1:All FHIR elements must have a @value or children {hasValue() or (children().count() > id.count())}
mii-lab-1:Datetime must be at least to day {($this as dateTime).hasValue() implies ($this as dateTime).toString().length() >= 8}"
"Observation.effective[x].id","Observation.effective[x].id","","","",0,1,"","","","string {[]} {[]}
","Unique id for inter-element referencing","Unique id for the element within a resource (for internal references). This may be any string value that does not contain spaces.","","","","","","","","","",,,,,"",,,,"Element.id",0,1,"",""
"Observation.effective[x].extension","Observation.effective[x].extension","","extensions
user content","",0,*,"","","","Extension {[]} {[]}
","Additional content defined by implementations","May be used to represent additional information that is not part of the basic definition of the element. To make the use of extensions safe and manageable, there is a strict set of governance  applied to the definition and use of extensions. Though any implementer can define an extension, there is a set of requirements that SHALL be met as part of the definition of the extension.","There can be no stigma associated with the use of extensions by any application, project, or standard - regardless of the institution or jurisdiction that uses or defines the extensions.  The use of extensions is what allows the FHIR specification to retain a core level of simplicity for everyone.","","","","","","","","",,,,,"","value:url}
","Extensions are always sliced by (at least) url",,"open","Element.extension",0,*,"ele-1
","ele-1:All FHIR elements must have a @value or children {hasValue() or (children().count() > id.count())}
ext-1:Must have either extensions or value[x], not both {extension.exists() != value.exists()}"
"Observation.effective[x].extension:QuelleKlinischesBezugsdatum","Observation.effective[x].extension","QuelleKlinischesBezugsdatum","extensions
user content","",0,1,"Y","","","Extension {[CanonicalType[https://www.medizininformatik-initiative.de/fhir/core/modul-labor/StructureDefinition/QuelleKlinischesBezugsdatum]]} {[]}
","Quelle klinisches Bezugsdatum","Datum der Probenentnahme | Datum des Eingangs der Probe im Labor","There can be no stigma associated with the use of extensions by any application, project, or standard - regardless of the institution or jurisdiction that uses or defines the extensions.  The use of extensions is what allows the FHIR specification to retain a core level of simplicity for everyone.","","","","","","","","",,,,,"",,,,"Element.extension",0,*,"ele-1
","ele-1:All FHIR elements must have a @value or children {hasValue() or (children().count() > id.count())}
ext-1:Must have either extensions or value[x], not both {extension.exists() != value.exists()}"
"Observation.effective[x].value","Observation.effective[x].value","","","",0,1,"","","","dateTime {[]} {[]}
","Primitive value for dateTime","Primitive value for dateTime","","","","","","","","","",,,,,"",,,,"dateTime.value",0,1,"",""
"Observation.issued","Observation.issued","","","",0,1,"Y","","Y","instant {[]} {[]}
","Dokumentationsdatum","Zeitpunkt, an dem das Ergebnis der Laboruntersuchung dokumentiert wurde","For Observations that don’t require review and verification, it may be the same as the [`lastUpdated` ](http://hl7.org/fhir/R4/resource-definitions.html#Meta.lastUpdated) time of the resource itself.  For Observations that do require review and verification for certain updates, it might not be the same as the `lastUpdated` time of the resource itself due to a non-clinically significant update that doesn’t require the new version to be reviewed and verified again.","","","","","","","","",,,,,"",,,,"Observation.issued",0,1,"ele-1
","ele-1:All FHIR elements must have a @value or children {hasValue() or (children().count() > id.count())}
"
"Observation.performer","Observation.performer","","","",0,*,"","","Y","Reference {[]} {[CanonicalType[http://hl7.org/fhir/StructureDefinition/Practitioner], CanonicalType[http://hl7.org/fhir/StructureDefinition/PractitionerRole], CanonicalType[http://hl7.org/fhir/StructureDefinition/Organization], CanonicalType[http://hl7.org/fhir/StructureDefinition/CareTeam], CanonicalType[http://hl7.org/fhir/StructureDefinition/Patient], CanonicalType[http://hl7.org/fhir/StructureDefinition/RelatedPerson]]}
","Who is responsible for the observation","Who was responsible for asserting the observed value as ""true"".","References SHALL be a reference to an actual FHIR resource, and SHALL be resolveable (allowing for access control, temporary unavailability, etc.). Resolution can be either by retrieval from the URL, or, where applicable by resource type, by treating an absolute reference as a canonical URL and looking it up in a local registry/repository.","May give a degree of confidence in the observation and also indicates where follow-up questions should be directed.","","","","","","","",,,,,"",,,,"Observation.performer",0,*,"ele-1
","ele-1:All FHIR elements must have a @value or children {hasValue() or (children().count() > id.count())}
ref-1:SHALL have a contained resource if a local reference is provided {reference.exists() implies (reference.startsWith('#').not() or (reference.substring(1).trace('url') in %rootResource.contained.id.trace('ids')) or (reference='#' and %rootResource!=%resource))}"
"Observation.value[x]","Observation.value[x]","","","",0,1,"Y","","Y","Quantity {[]} {[]}
CodeableConcept {[]} {[]}Range {[]} {[]}Ratio {[]} {[]}","Messwert","Wert der Analyse","An observation may have; 1)  a single value here, 2)  both a value and a set of related or component values,  or 3)  only a set of related or component values. If a value is present, the datatype for this element should be determined by Observation.code.  A CodeableConcept with just a text would be used instead of a string if the field was usually coded, or if the type associated with the Observation.code defines a coded value.  For additional guidance, see the [Notes section](http://hl7.org/fhir/R4/observation.html#notes) below.","An observation exists to have a value, though it might not if it is in error, or if it represents a group of observations.","","","","","","","",,,,,"","type:$this}
","",,"open","Observation.value[x]",0,1,"ele-1
obs-7","ele-1:All FHIR elements must have a @value or children {hasValue() or (children().count() > id.count())}
"
"Observation.value[x]:valueQuantity","Observation.value[x]","valueQuantity","","",0,1,"Y","","Y","Quantity {[]} {[]}
","Actual result","The information determined as a result of making the observation, if the information has a simple value.","An observation may have; 1)  a single value here, 2)  both a value and a set of related or component values,  or 3)  only a set of related or component values. If a value is present, the datatype for this element should be determined by Observation.code.  A CodeableConcept with just a text would be used instead of a string if the field was usually coded, or if the type associated with the Observation.code defines a coded value.  For additional guidance, see the [Notes section](http://hl7.org/fhir/R4/observation.html#notes) below.","An observation exists to have a value, though it might not if it is in error, or if it represents a group of observations.","","","","","","","",,,,,"",,,,"Observation.value[x]",0,1,"ele-1
obs-7","ele-1:All FHIR elements must have a @value or children {hasValue() or (children().count() > id.count())}
"
"Observation.value[x]:valueQuantity.id","Observation.value[x].id","","","",0,1,"","","","string {[]} {[]}
","Unique id for inter-element referencing","Unique id for the element within a resource (for internal references). This may be any string value that does not contain spaces.","","","","","","","","","",,,,,"",,,,"Element.id",0,1,"",""
"Observation.value[x]:valueQuantity.extension","Observation.value[x].extension","","extensions
user content","",0,*,"","","","Extension {[]} {[]}
","Additional content defined by implementations","May be used to represent additional information that is not part of the basic definition of the element. To make the use of extensions safe and manageable, there is a strict set of governance  applied to the definition and use of extensions. Though any implementer can define an extension, there is a set of requirements that SHALL be met as part of the definition of the extension.","There can be no stigma associated with the use of extensions by any application, project, or standard - regardless of the institution or jurisdiction that uses or defines the extensions.  The use of extensions is what allows the FHIR specification to retain a core level of simplicity for everyone.","","","","","","","","",,,,,"","value:url}
","Extensions are always sliced by (at least) url",,"open","Element.extension",0,*,"ele-1
","ele-1:All FHIR elements must have a @value or children {hasValue() or (children().count() > id.count())}
ext-1:Must have either extensions or value[x], not both {extension.exists() != value.exists()}"
"Observation.value[x]:valueQuantity.extension:pqTranslation","Observation.value[x].extension","pqTranslation","extensions
user content","",0,*,"","","","Extension {[CanonicalType[http://hl7.org/fhir/StructureDefinition/extension-quantity-translation]]} {[]}
","Same quantity with different units","An alternative representation of the same physical quantity expressed in a different unit from a different unit code system and possibly with a different value.","It is not necessary for information processing entities to check and enforce that the translations are valid translations of the base unit, but they are allowed to do so, and to reject instances where the translations are not valid. 
NOTE Translations are allowed to contain other representations in UCUM units, but there is generally no point to this as it is possible to convert from one UCUM form to another.","","","","","","","","",,,,,"",,,,"Element.extension",0,*,"ele-1
","ele-1:All FHIR elements must have a @value or children {hasValue() or (children().count() > id.count())}
ext-1:Must have either extensions or value[x], not both {extension.exists() != value.exists()}"
"Observation.value[x]:valueQuantity.value","Observation.value[x].value","","","",1,1,"Y","","Y","decimal {[]} {[]}
","Numerical value (with implicit precision)","The value of the measured amount. The value includes an implicit precision in the presentation of the value.","The implicit precision in the value should always be honored. Monetary values have their own rules for handling precision (refer to standard accounting text books).","Precision is handled implicitly in almost all cases of measurement.","","","","","","","",,,,,"",,,,"Quantity.value",0,1,"ele-1
","ele-1:All FHIR elements must have a @value or children {hasValue() or (children().count() > id.count())}
"
"Observation.value[x]:valueQuantity.value.id","Observation.value[x].value.id","","","",0,1,"","","","string {[]} {[]}
","Unique id for inter-element referencing","Unique id for the element within a resource (for internal references). This may be any string value that does not contain spaces.","","","","","","","","","",,,,,"",,,,"Element.id",0,1,"",""
"Observation.value[x]:valueQuantity.value.extension","Observation.value[x].value.extension","","extensions
user content","",0,*,"","","","Extension {[]} {[]}
","Additional content defined by implementations","May be used to represent additional information that is not part of the basic definition of the element. To make the use of extensions safe and manageable, there is a strict set of governance  applied to the definition and use of extensions. Though any implementer can define an extension, there is a set of requirements that SHALL be met as part of the definition of the extension.","There can be no stigma associated with the use of extensions by any application, project, or standard - regardless of the institution or jurisdiction that uses or defines the extensions.  The use of extensions is what allows the FHIR specification to retain a core level of simplicity for everyone.","","","","","","","","",,,,,"","value:url}
","Extensions are always sliced by (at least) url",,"open","Element.extension",0,*,"ele-1
","ele-1:All FHIR elements must have a @value or children {hasValue() or (children().count() > id.count())}
ext-1:Must have either extensions or value[x], not both {extension.exists() != value.exists()}"
"Observation.value[x]:valueQuantity.value.extension:quantityPrecision","Observation.value[x].value.extension","quantityPrecision","extensions
user content","",0,1,"Y","","","Extension {[CanonicalType[http://hl7.org/fhir/StructureDefinition/quantity-precision]]} {[]}
","Explicit precision (number of significant decimal places)","Explicit precision of the number. This is the number of significant decimal places after the decimal point, irrespective of how many are actually present in the explicitly represented decimal.","The presence of this extension does not change conformance expectations with regard to rendering and calculations that use the number - these are still based on the raw decimal value. Applications that perform calculations SHALL ensure that this extension is removed or updated to the correct precision value if the number is changed. Applications should consider using the exponential form (e.g. 2.10e3) on the raw decimal to manage significant figures, but should be mindful of human display when doing so.","","","","","","","","",,,,,"",,,,"Element.extension",0,*,"ele-1
","ele-1:All FHIR elements must have a @value or children {hasValue() or (children().count() > id.count())}
ext-1:Must have either extensions or value[x], not both {extension.exists() != value.exists()}"
"Observation.value[x]:valueQuantity.value.value","Observation.value[x].value.value","","","",0,1,"","","","decimal {[]} {[]}
","Primitive value for decimal","Primitive value for decimal","","","","","","","","","",,,,,"",,,,"decimal.value",0,1,"",""
"Observation.value[x]:valueQuantity.comparator","Observation.value[x].comparator","","","",0,1,"Y","Y","Y","code {[]} {[]}
","< | <= | >= | > - how to understand the value","How the value should be understood and represented - whether the actual value is greater or less than the stated value due to measurement issues; e.g. if the comparator is ""<"" , then the real value is < stated value.","Note that FHIR strings SHALL NOT exceed 1MB in size","Need a framework for handling measures where the value is <5ug/L or >400mg/L due to the limitations of measuring methodology.","","If there is no comparator, then there is no modification of the value","","","","","",,"required","How the Quantity should be understood and represented.","http://hl7.org/fhir/ValueSet/quantity-comparator|4.0.1","",,,,"Quantity.comparator",0,1,"ele-1
","ele-1:All FHIR elements must have a @value or children {hasValue() or (children().count() > id.count())}
"
"Observation.value[x]:valueQuantity.unit","Observation.value[x].unit","","","",1,1,"Y","","Y","string {[]} {[]}
","Unit representation","A human-readable form of the unit.","Note that FHIR strings SHALL NOT exceed 1MB in size","There are many representations for units of measure and in many contexts, particular representations are fixed and required. I.e. mcg for micrograms.","","","","","","","",,,,,"",,,,"Quantity.unit",0,1,"ele-1
","ele-1:All FHIR elements must have a @value or children {hasValue() or (children().count() > id.count())}
"
"Observation.value[x]:valueQuantity.system","Observation.value[x].system","","","",1,1,"Y","","Y","uri {[]} {[]}
","System that defines coded unit form","The identification of the system that provides the coded form of the unit.","see http://en.wikipedia.org/wiki/Uniform_resource_identifier","Need to know the system that defines the coded form of the unit.","","","<valueUri xmlns=""http://hl7.org/fhir"" value=""http://unitsofmeasure.org""/>","","","","",,,,,"",,,,"Quantity.system",0,1,"ele-1
qty-3","ele-1:All FHIR elements must have a @value or children {hasValue() or (children().count() > id.count())}
"
"Observation.value[x]:valueQuantity.code","Observation.value[x].code","","","",1,1,"Y","","Y","code {[]} {[]}
","Coded form of the unit","A computer processable form of the unit in some unit representation system.","The mandatory system is UCUM.","Need a computable form of the unit that is fixed across all forms. UCUM provides this for quantities, but SNOMED CT provides many units of interest.","","","","","","","",,,,,"",,,,"Quantity.code",0,1,"ele-1
","ele-1:All FHIR elements must have a @value or children {hasValue() or (children().count() > id.count())}
"
"Observation.value[x]:valueCodeableConcept","Observation.value[x]","valueCodeableConcept","","",0,1,"Y","","Y","CodeableConcept {[]} {[]}
","Actual result","The information determined as a result of making the observation, if the information has a simple value.","An observation may have; 1)  a single value here, 2)  both a value and a set of related or component values,  or 3)  only a set of related or component values. If a value is present, the datatype for this element should be determined by Observation.code.  A CodeableConcept with just a text would be used instead of a string if the field was usually coded, or if the type associated with the Observation.code defines a coded value.  For additional guidance, see the [Notes section](http://hl7.org/fhir/R4/observation.html#notes) below.","An observation exists to have a value, though it might not if it is in error, or if it represents a group of observations.","","","","","","","",,"extensible","","https://www.medizininformatik-initiative.de/fhir/core/modul-labor/ValueSet/Laborergebnis-codiert","",,,,"Observation.value[x]",0,1,"ele-1
obs-7","ele-1:All FHIR elements must have a @value or children {hasValue() or (children().count() > id.count())}
"
"Observation.value[x]:valueCodeableConcept.id","Observation.value[x].id","","","",0,1,"","","","string {[]} {[]}
","Unique id for inter-element referencing","Unique id for the element within a resource (for internal references). This may be any string value that does not contain spaces.","","","","","","","","","",,,,,"",,,,"Element.id",0,1,"",""
"Observation.value[x]:valueCodeableConcept.extension","Observation.value[x].extension","","extensions
user content","",0,*,"","","","Extension {[]} {[]}
","Additional content defined by implementations","May be used to represent additional information that is not part of the basic definition of the element. To make the use of extensions safe and manageable, there is a strict set of governance  applied to the definition and use of extensions. Though any implementer can define an extension, there is a set of requirements that SHALL be met as part of the definition of the extension.","There can be no stigma associated with the use of extensions by any application, project, or standard - regardless of the institution or jurisdiction that uses or defines the extensions.  The use of extensions is what allows the FHIR specification to retain a core level of simplicity for everyone.","","","","","","","","",,,,,"","value:url}
","Extensions are always sliced by (at least) url",,"open","Element.extension",0,*,"ele-1
","ele-1:All FHIR elements must have a @value or children {hasValue() or (children().count() > id.count())}
ext-1:Must have either extensions or value[x], not both {extension.exists() != value.exists()}"
"Observation.value[x]:valueCodeableConcept.coding","Observation.value[x].coding","","","",1,*,"Y","","Y","Coding {[]} {[]}
","Code defined by a terminology system","A reference to a code defined by a terminology system.","Codes may be defined very casually in enumerations, or code lists, up to very formal definitions such as SNOMED CT - see the HL7 v3 Core Principles for more information.  Ordering of codings is undefined and SHALL NOT be used to infer meaning. Generally, at most only one of the coding values will be labeled as UserSelected = true.","Allows for alternative encodings within a code system, and translations to other code systems.","","","","","","","",,,,,"",,,,"CodeableConcept.coding",0,*,"ele-1
","ele-1:All FHIR elements must have a @value or children {hasValue() or (children().count() > id.count())}
"
"Observation.value[x]:valueCodeableConcept.coding.id","Observation.value[x].coding.id","","","",0,1,"","","","string {[]} {[]}
","Unique id for inter-element referencing","Unique id for the element within a resource (for internal references). This may be any string value that does not contain spaces.","","","","","","","","","",,,,,"",,,,"Element.id",0,1,"",""
"Observation.value[x]:valueCodeableConcept.coding.extension","Observation.value[x].coding.extension","","extensions
user content","",0,*,"","","","Extension {[]} {[]}
","Additional content defined by implementations","May be used to represent additional information that is not part of the basic definition of the element. To make the use of extensions safe and manageable, there is a strict set of governance  applied to the definition and use of extensions. Though any implementer can define an extension, there is a set of requirements that SHALL be met as part of the definition of the extension.","There can be no stigma associated with the use of extensions by any application, project, or standard - regardless of the institution or jurisdiction that uses or defines the extensions.  The use of extensions is what allows the FHIR specification to retain a core level of simplicity for everyone.","","","","","","","","",,,,,"","value:url}
","Extensions are always sliced by (at least) url",,"open","Element.extension",0,*,"ele-1
","ele-1:All FHIR elements must have a @value or children {hasValue() or (children().count() > id.count())}
ext-1:Must have either extensions or value[x], not both {extension.exists() != value.exists()}"
"Observation.value[x]:valueCodeableConcept.coding.system","Observation.value[x].coding.system","","","",1,1,"Y","","Y","uri {[]} {[]}
","Identity of the terminology system","The identification of the code system that defines the meaning of the symbol in the code.","The URI may be an OID (urn:oid:...) or a UUID (urn:uuid:...).  OIDs and UUIDs SHALL be references to the HL7 OID registry. Otherwise, the URI should come from HL7's list of FHIR defined special URIs or it should reference to some definition that establishes the system clearly and unambiguously.","Need to be unambiguous about the source of the definition of the symbol.","","","","","","","",,,,,"",,,,"Coding.system",0,1,"ele-1
","ele-1:All FHIR elements must have a @value or children {hasValue() or (children().count() > id.count())}
"
"Observation.value[x]:valueCodeableConcept.coding.version","Observation.value[x].coding.version","","","",0,1,"Y","","Y","string {[]} {[]}
","Version of the system - if relevant","The version of the code system which was used when choosing this code. Note that a well-maintained code system does not need the version reported, because the meaning of codes is consistent across versions. However this cannot consistently be assured, and when the meaning is not guaranteed to be consistent, the version SHOULD be exchanged.","Where the terminology does not clearly define what string should be used to identify code system versions, the recommendation is to use the date (expressed in FHIR date format) on which that version was officially published as the version date.","","","","","","","","",,,,,"",,,,"Coding.version",0,1,"ele-1
","ele-1:All FHIR elements must have a @value or children {hasValue() or (children().count() > id.count())}
"
"Observation.value[x]:valueCodeableConcept.coding.code","Observation.value[x].coding.code","","","",1,1,"Y","","Y","code {[]} {[]}
","Symbol in syntax defined by the system","A symbol in syntax defined by the system. The symbol may be a predefined code or an expression in a syntax defined by the coding system (e.g. post-coordination).","Note that FHIR strings SHALL NOT exceed 1MB in size","Need to refer to a particular code in the system.","","","","","","","",,,,,"",,,,"Coding.code",0,1,"ele-1
","ele-1:All FHIR elements must have a @value or children {hasValue() or (children().count() > id.count())}
"
"Observation.value[x]:valueCodeableConcept.coding.display","Observation.value[x].coding.display","","","",0,1,"","","Y","string {[]} {[]}
","Representation defined by the system","A representation of the meaning of the code in the system, following the rules of the system.","Note that FHIR strings SHALL NOT exceed 1MB in size","Need to be able to carry a human-readable meaning of the code for readers that do not know  the system.","","","","","","","",,,,,"",,,,"Coding.display",0,1,"ele-1
","ele-1:All FHIR elements must have a @value or children {hasValue() or (children().count() > id.count())}
"
"Observation.value[x]:valueCodeableConcept.coding.userSelected","Observation.value[x].coding.userSelected","","","",0,1,"","","Y","boolean {[]} {[]}
","If this coding was chosen directly by the user","Indicates that this coding was chosen by a user directly - e.g. off a pick list of available items (codes or displays).","Amongst a set of alternatives, a directly chosen code is the most appropriate starting point for new translations. There is some ambiguity about what exactly 'directly chosen' implies, and trading partner agreement may be needed to clarify the use of this element and its consequences more completely.","This has been identified as a clinical safety criterium - that this exact system/code pair was chosen explicitly, rather than inferred by the system based on some rules or language processing.","","","","","","","",,,,,"",,,,"Coding.userSelected",0,1,"ele-1
","ele-1:All FHIR elements must have a @value or children {hasValue() or (children().count() > id.count())}
"
"Observation.value[x]:valueCodeableConcept.text","Observation.value[x].text","","","",0,1,"","","Y","string {[]} {[]}
","Plain text representation of the concept","A human language representation of the concept as seen/selected/uttered by the user who entered the data and/or which represents the intended meaning of the user.","Very often the text is the same as a displayName of one of the codings.","The codes from the terminologies do not always capture the correct meaning with all the nuances of the human using them, or sometimes there is no appropriate code at all. In these cases, the text is used to capture the full meaning of the source.","","","","","","","",,,,,"",,,,"CodeableConcept.text",0,1,"ele-1
","ele-1:All FHIR elements must have a @value or children {hasValue() or (children().count() > id.count())}
"
"Observation.value[x]:valueRange","Observation.value[x]","valueRange","","",0,1,"Y","","Y","Range {[]} {[]}
","Actual result","The information determined as a result of making the observation, if the information has a simple value.","An observation may have; 1)  a single value here, 2)  both a value and a set of related or component values,  or 3)  only a set of related or component values. If a value is present, the datatype for this element should be determined by Observation.code.  A CodeableConcept with just a text would be used instead of a string if the field was usually coded, or if the type associated with the Observation.code defines a coded value.  For additional guidance, see the [Notes section](http://hl7.org/fhir/R4/observation.html#notes) below.","An observation exists to have a value, though it might not if it is in error, or if it represents a group of observations.","","","","","","","",,,,,"",,,,"Observation.value[x]",0,1,"ele-1
obs-7","ele-1:All FHIR elements must have a @value or children {hasValue() or (children().count() > id.count())}
"
"Observation.value[x]:valueRatio","Observation.value[x]","valueRatio","","",0,1,"Y","","Y","Ratio {[]} {[]}
","Actual result","The information determined as a result of making the observation, if the information has a simple value.","An observation may have; 1)  a single value here, 2)  both a value and a set of related or component values,  or 3)  only a set of related or component values. If a value is present, the datatype for this element should be determined by Observation.code.  A CodeableConcept with just a text would be used instead of a string if the field was usually coded, or if the type associated with the Observation.code defines a coded value.  For additional guidance, see the [Notes section](http://hl7.org/fhir/R4/observation.html#notes) below.","An observation exists to have a value, though it might not if it is in error, or if it represents a group of observations.","","","","","","","",,,,,"",,,,"Observation.value[x]",0,1,"ele-1
obs-7","ele-1:All FHIR elements must have a @value or children {hasValue() or (children().count() > id.count())}
"
"Observation.dataAbsentReason","Observation.dataAbsentReason","","","",0,1,"Y","","","CodeableConcept {[]} {[]}
","Grund für fehlende Daten","unbekannt | maskiert | nicht anwendbar | Fehler | nicht durchgeführt","Null or exceptional values can be represented two ways in FHIR Observations.  One way is to simply include them in the value set and represent the exceptions in the value.  For example, measurement values for a serology test could be  ""detected"", ""not detected"", ""inconclusive"", or  ""specimen unsatisfactory"".   

The alternate way is to use the value element for actual observations and use the explicit dataAbsentReason element to record exceptional values.  For example, the dataAbsentReason code ""error"" could be used when the measurement was not completed. Note that an observation may only be reported if there are values to report. For example differential cell counts values may be reported only when > 0.  Because of these options, use-case agreements are required to interpret general observations for null or exceptional values.","For many results it is necessary to handle exceptional values in measurements.","","","","","","","",,"extensible","Codes specifying why the result (`Observation.value[x]`) is missing.","http://hl7.org/fhir/ValueSet/data-absent-reason","",,,,"Observation.dataAbsentReason",0,1,"ele-1
obs-6","ele-1:All FHIR elements must have a @value or children {hasValue() or (children().count() > id.count())}
"
"Observation.interpretation","Observation.interpretation","","Abnormal Flag
","",0,*,"Y","","","CodeableConcept {[]} {[]}
","Interpretation","Eine kategorische Bewertung des Messwertes. Zum Beispiel hoch, niedrig, normal.","Historically used for laboratory results (known as 'abnormal flag' ),  its use extends to other use cases where coded interpretations  are relevant.  Often reported as one or more simple compact codes this element is often placed adjacent to the result value in reports and flow sheets to signal the meaning/normalcy status of the result.","For some results, particularly numeric results, an interpretation is necessary to fully understand the significance of a result.","","","","","","","",,"extensible","Eingeschränkte Auswahl aus HL7 v3 ObservationInterpretation. FHIR bindet dieses Element extensible an das vollständige ValueSet Observation Interpretation Codes; das Modul schränkt auf die im Laborkontext sinnvollen Konzepte ein. Lokale Kodierungen wie -- - N + ++ oder L N H lassen sich darauf abbilden. Da die Bindung extensible ist, dürfen darüber hinaus weitere Codes verwendet werden; praktisch relevant sind die abnormal-Codes HH, LL und AA, etwa für Werte jenseits der Telefongrenze.","https://www.medizininformatik-initiative.de/fhir/core/modul-labor/ValueSet/Interpretation","",,,,"Observation.interpretation",0,*,"ele-1
","ele-1:All FHIR elements must have a @value or children {hasValue() or (children().count() > id.count())}
"
"Observation.note","Observation.note","","","",0,*,"Y","","","Annotation {[]} {[]}
","Hinweis","Zusätzliche Informationen zur Laboruntersuchung als Freitext.","May include general statements about the observation, or statements about significant, unexpected or unreliable results values, or information about its source when relevant to its interpretation.","Need to be able to provide free text additional information.","","","","","","","",,,,,"",,,,"Observation.note",0,*,"ele-1
","ele-1:All FHIR elements must have a @value or children {hasValue() or (children().count() > id.count())}
"
"Observation.bodySite","Observation.bodySite","","","",0,0,"","","","CodeableConcept {[]} {[]}
","Observed body part","Indicates the site on the subject's body where the observation was made (i.e. the target site).","Only used if not implicit in code found in Observation.code.  In many systems, this may be represented as a related observation instead of an inline component.   

If the use case requires BodySite to be handled as a separate resource (e.g. to identify and track separately) then use the standard extension[ bodySite](http://hl7.org/fhir/R4/extension-bodysite.html).","","","","","","","","",,"example","Codes describing anatomical locations. May include laterality.","http://hl7.org/fhir/ValueSet/body-site","",,,,"Observation.bodySite",0,1,"ele-1
","ele-1:All FHIR elements must have a @value or children {hasValue() or (children().count() > id.count())}
"
"Observation.method","Observation.method","","","",0,1,"Y","","","CodeableConcept {[]} {[]}
","Untersuchungsmethode","Konkrete Untersuchungsmethode, wenn der verwendete LOINC-Code für den Laborparameter keine Methode enthält.","Only used if not implicit in code for Observation.code.","In some cases, method can impact results and is thus used for determining whether results can be compared or determining significance of results.","","","","","","","",,"example","Methods for simple observations.","http://hl7.org/fhir/ValueSet/observation-methods","",,,,"Observation.method",0,1,"ele-1
","ele-1:All FHIR elements must have a @value or children {hasValue() or (children().count() > id.count())}
"
"Observation.method.id","Observation.method.id","","","",0,1,"","","","string {[]} {[]}
","Unique id for inter-element referencing","Unique id for the element within a resource (for internal references). This may be any string value that does not contain spaces.","","","","","","","","","",,,,,"",,,,"Element.id",0,1,"",""
"Observation.method.extension","Observation.method.extension","","extensions
user content","",0,*,"","","","Extension {[]} {[]}
","Additional content defined by implementations","May be used to represent additional information that is not part of the basic definition of the element. To make the use of extensions safe and manageable, there is a strict set of governance  applied to the definition and use of extensions. Though any implementer can define an extension, there is a set of requirements that SHALL be met as part of the definition of the extension.","There can be no stigma associated with the use of extensions by any application, project, or standard - regardless of the institution or jurisdiction that uses or defines the extensions.  The use of extensions is what allows the FHIR specification to retain a core level of simplicity for everyone.","","","","","","","","",,,,,"","value:url}
","Extensions are always sliced by (at least) url",,"open","Element.extension",0,*,"ele-1
","ele-1:All FHIR elements must have a @value or children {hasValue() or (children().count() > id.count())}
ext-1:Must have either extensions or value[x], not both {extension.exists() != value.exists()}"
"Observation.method.coding","Observation.method.coding","","","",0,*,"Y","","Y","Coding {[]} {[]}
","Code defined by a terminology system","A reference to a code defined by a terminology system.","Codes may be defined very casually in enumerations, or code lists, up to very formal definitions such as SNOMED CT - see the HL7 v3 Core Principles for more information.  Ordering of codings is undefined and SHALL NOT be used to infer meaning. Generally, at most only one of the coding values will be labeled as UserSelected = true.","Allows for alternative encodings within a code system, and translations to other code systems.","","","","","","","",,,,,"",,,,"CodeableConcept.coding",0,*,"ele-1
","ele-1:All FHIR elements must have a @value or children {hasValue() or (children().count() > id.count())}
"
"Observation.method.coding.id","Observation.method.coding.id","","","",0,1,"","","","string {[]} {[]}
","Unique id for inter-element referencing","Unique id for the element within a resource (for internal references). This may be any string value that does not contain spaces.","","","","","","","","","",,,,,"",,,,"Element.id",0,1,"",""
"Observation.method.coding.extension","Observation.method.coding.extension","","extensions
user content","",0,*,"","","","Extension {[]} {[]}
","Additional content defined by implementations","May be used to represent additional information that is not part of the basic definition of the element. To make the use of extensions safe and manageable, there is a strict set of governance  applied to the definition and use of extensions. Though any implementer can define an extension, there is a set of requirements that SHALL be met as part of the definition of the extension.","There can be no stigma associated with the use of extensions by any application, project, or standard - regardless of the institution or jurisdiction that uses or defines the extensions.  The use of extensions is what allows the FHIR specification to retain a core level of simplicity for everyone.","","","","","","","","",,,,,"","value:url}
","Extensions are always sliced by (at least) url",,"open","Element.extension",0,*,"ele-1
","ele-1:All FHIR elements must have a @value or children {hasValue() or (children().count() > id.count())}
ext-1:Must have either extensions or value[x], not both {extension.exists() != value.exists()}"
"Observation.method.coding.system","Observation.method.coding.system","","","",1,1,"Y","","Y","uri {[]} {[]}
","Identity of the terminology system","The identification of the code system that defines the meaning of the symbol in the code.","The URI may be an OID (urn:oid:...) or a UUID (urn:uuid:...).  OIDs and UUIDs SHALL be references to the HL7 OID registry. Otherwise, the URI should come from HL7's list of FHIR defined special URIs or it should reference to some definition that establishes the system clearly and unambiguously.","Need to be unambiguous about the source of the definition of the symbol.","","","","","","","",,,,,"",,,,"Coding.system",0,1,"ele-1
","ele-1:All FHIR elements must have a @value or children {hasValue() or (children().count() > id.count())}
"
"Observation.method.coding.version","Observation.method.coding.version","","","",0,1,"","","Y","string {[]} {[]}
","Version of the system - if relevant","The version of the code system which was used when choosing this code. Note that a well-maintained code system does not need the version reported, because the meaning of codes is consistent across versions. However this cannot consistently be assured, and when the meaning is not guaranteed to be consistent, the version SHOULD be exchanged.","Where the terminology does not clearly define what string should be used to identify code system versions, the recommendation is to use the date (expressed in FHIR date format) on which that version was officially published as the version date.","","","","","","","","",,,,,"",,,,"Coding.version",0,1,"ele-1
","ele-1:All FHIR elements must have a @value or children {hasValue() or (children().count() > id.count())}
"
"Observation.method.coding.code","Observation.method.coding.code","","","",1,1,"Y","","Y","code {[]} {[]}
","Symbol in syntax defined by the system","A symbol in syntax defined by the system. The symbol may be a predefined code or an expression in a syntax defined by the coding system (e.g. post-coordination).","Note that FHIR strings SHALL NOT exceed 1MB in size","Need to refer to a particular code in the system.","","","","","","","",,,,,"",,,,"Coding.code",0,1,"ele-1
","ele-1:All FHIR elements must have a @value or children {hasValue() or (children().count() > id.count())}
"
"Observation.method.coding.display","Observation.method.coding.display","","","",0,1,"Y","","Y","string {[]} {[]}
","Representation defined by the system","A representation of the meaning of the code in the system, following the rules of the system.","Note that FHIR strings SHALL NOT exceed 1MB in size","Need to be able to carry a human-readable meaning of the code for readers that do not know  the system.","","","","","","","",,,,,"",,,,"Coding.display",0,1,"ele-1
","ele-1:All FHIR elements must have a @value or children {hasValue() or (children().count() > id.count())}
"
"Observation.method.coding.userSelected","Observation.method.coding.userSelected","","","",0,1,"","","Y","boolean {[]} {[]}
","If this coding was chosen directly by the user","Indicates that this coding was chosen by a user directly - e.g. off a pick list of available items (codes or displays).","Amongst a set of alternatives, a directly chosen code is the most appropriate starting point for new translations. There is some ambiguity about what exactly 'directly chosen' implies, and trading partner agreement may be needed to clarify the use of this element and its consequences more completely.","This has been identified as a clinical safety criterium - that this exact system/code pair was chosen explicitly, rather than inferred by the system based on some rules or language processing.","","","","","","","",,,,,"",,,,"Coding.userSelected",0,1,"ele-1
","ele-1:All FHIR elements must have a @value or children {hasValue() or (children().count() > id.count())}
"
"Observation.method.text","Observation.method.text","","","",0,1,"","","Y","string {[]} {[]}
","Plain text representation of the concept","A human language representation of the concept as seen/selected/uttered by the user who entered the data and/or which represents the intended meaning of the user.","Very often the text is the same as a displayName of one of the codings.","The codes from the terminologies do not always capture the correct meaning with all the nuances of the human using them, or sometimes there is no appropriate code at all. In these cases, the text is used to capture the full meaning of the source.","","","","","","","",,,,,"",,,,"CodeableConcept.text",0,1,"ele-1
","ele-1:All FHIR elements must have a @value or children {hasValue() or (children().count() > id.count())}
"
"Observation.specimen","Observation.specimen","","","",0,1,"Y","","","Reference {[]} {[CanonicalType[http://hl7.org/fhir/StructureDefinition/Specimen]]}
","Probenmaterial","Probe, auf deren Basis die Laboruntersuchungen angefertigt werden","Should only be used if not implicit in code found in `Observation.code`.  Observations are not made on specimens themselves; they are made on a subject, but in many cases by the means of a specimen. Note that although specimens are often involved, they are not always tracked and reported explicitly. Also note that observation resources may be used in contexts that track the specimen explicitly (e.g. Diagnostic Report).","","","","","","","","",,,,,"",,,,"Observation.specimen",0,1,"ele-1
","ele-1:All FHIR elements must have a @value or children {hasValue() or (children().count() > id.count())}
ref-1:SHALL have a contained resource if a local reference is provided {reference.exists() implies (reference.startsWith('#').not() or (reference.substring(1).trace('url') in %rootResource.contained.id.trace('ids')) or (reference='#' and %rootResource!=%resource))}"
"Observation.specimen.id","Observation.specimen.id","","","",0,1,"","","","string {[]} {[]}
","Unique id for inter-element referencing","Unique id for the element within a resource (for internal references). This may be any string value that does not contain spaces.","","","","","","","","","",,,,,"",,,,"Element.id",0,1,"",""
"Observation.specimen.extension","Observation.specimen.extension","","extensions
user content","",0,*,"","","","Extension {[]} {[]}
","Additional content defined by implementations","May be used to represent additional information that is not part of the basic definition of the element. To make the use of extensions safe and manageable, there is a strict set of governance  applied to the definition and use of extensions. Though any implementer can define an extension, there is a set of requirements that SHALL be met as part of the definition of the extension.","There can be no stigma associated with the use of extensions by any application, project, or standard - regardless of the institution or jurisdiction that uses or defines the extensions.  The use of extensions is what allows the FHIR specification to retain a core level of simplicity for everyone.","","","","","","","","",,,,,"","value:url}
","Extensions are always sliced by (at least) url",,"open","Element.extension",0,*,"ele-1
","ele-1:All FHIR elements must have a @value or children {hasValue() or (children().count() > id.count())}
ext-1:Must have either extensions or value[x], not both {extension.exists() != value.exists()}"
"Observation.specimen.reference","Observation.specimen.reference","","","",0,1,"Y","","Y","string {[]} {[]}
","Literal reference, Relative, internal or absolute URL","A reference to a location at which the other resource is found. The reference may be a relative reference, in which case it is relative to the service base URL, or an absolute URL that resolves to the location where the resource is found. The reference may be version specific or not. If the reference is not to a FHIR RESTful server, then it should be assumed to be version specific. Internal fragment references (start with '#') refer to contained resources.","Using absolute URLs provides a stable scalable approach suitable for a cloud/web context, while using relative/logical references provides a flexible approach suitable for use when trading across closed eco-system boundaries.   Absolute URLs do not need to point to a FHIR RESTful server, though this is the preferred approach. If the URL conforms to the structure ""/[type]/[id]"" then it should be assumed that the reference is to a FHIR RESTful server.","","","","","","","","",,,,,"",,,,"Reference.reference",0,1,"ele-1
ref-1","ele-1:All FHIR elements must have a @value or children {hasValue() or (children().count() > id.count())}
"
"Observation.specimen.type","Observation.specimen.type","","","",0,1,"","","Y","uri {[]} {[]}
","Type the reference refers to (e.g. ""Patient"")","The expected type of the target of the reference. If both Reference.type and Reference.reference are populated and Reference.reference is a FHIR URL, both SHALL be consistent.

The type is the Canonical URL of Resource Definition that is the type this reference refers to. References are URLs that are relative to http://hl7.org/fhir/StructureDefinition/ e.g. ""Patient"" is a reference to http://hl7.org/fhir/StructureDefinition/Patient. Absolute URLs are only allowed for logical models (and can only be used in references in logical models, not resources).","This element is used to indicate the type of  the target of the reference. This may be used which ever of the other elements are populated (or not). In some cases, the type of the target may be determined by inspection of the reference (e.g. a RESTful URL) or by resolving the target of the reference; if both the type and a reference is provided, the reference SHALL resolve to a resource of the same type as that specified.","","","","","","","","",,"extensible","Aa resource (or, for logical models, the URI of the logical model).","http://hl7.org/fhir/ValueSet/resource-types","",,,,"Reference.type",0,1,"ele-1
","ele-1:All FHIR elements must have a @value or children {hasValue() or (children().count() > id.count())}
"
"Observation.specimen.identifier","Observation.specimen.identifier","","","",0,1,"Y","","Y","Identifier {[]} {[]}
","Logical reference, when literal reference is not known","An identifier for the target resource. This is used when there is no way to reference the other resource directly, either because the entity it represents is not available through a FHIR server, or because there is no way for the author of the resource to convert a known identifier to an actual location. There is no requirement that a Reference.identifier point to something that is actually exposed as a FHIR instance, but it SHALL point to a business concept that would be expected to be exposed as a FHIR instance, and that instance would need to be of a FHIR resource type allowed by the reference.","When an identifier is provided in place of a reference, any system processing the reference will only be able to resolve the identifier to a reference if it understands the business context in which the identifier is used. Sometimes this is global (e.g. a national identifier) but often it is not. For this reason, none of the useful mechanisms described for working with references (e.g. chaining, includes) are possible, nor should servers be expected to be able resolve the reference. Servers may accept an identifier based reference untouched, resolve it, and/or reject it - see CapabilityStatement.rest.resource.referencePolicy. 

When both an identifier and a literal reference are provided, the literal reference is preferred. Applications processing the resource are allowed - but not required - to check that the identifier matches the literal reference

Applications converting a logical reference to a literal reference may choose to leave the logical reference present, or remove it.

Reference is intended to point to a structure that can potentially be expressed as a FHIR resource, though there is no need for it to exist as an actual FHIR resource instance - except in as much as an application wishes to actual find the target of the reference. The content referred to be the identifier must meet the logical constraints implied by any limitations on what resource types are permitted for the reference.  For example, it would not be legitimate to send the identifier for a drug prescription if the type were Reference(Observation|DiagnosticReport).  One of the use-cases for Reference.identifier is the situation where no FHIR representation exists (where the type is Reference (Any).","","","","","","","","",,,,,"",,,,"Reference.identifier",0,1,"ele-1
","ele-1:All FHIR elements must have a @value or children {hasValue() or (children().count() > id.count())}
"
"Observation.specimen.display","Observation.specimen.display","","","",0,1,"","","Y","string {[]} {[]}
","Text alternative for the resource","Plain text narrative that identifies the resource in addition to the resource reference.","This is generally not the same as the Resource.text of the referenced resource.  The purpose is to identify what's being referenced, not to fully describe it.","","","","","","","","",,,,,"",,,,"Reference.display",0,1,"ele-1
","ele-1:All FHIR elements must have a @value or children {hasValue() or (children().count() > id.count())}
"
"Observation.device","Observation.device","","","",0,1,"Y","","","Reference {[]} {[CanonicalType[http://hl7.org/fhir/StructureDefinition/Device], CanonicalType[http://hl7.org/fhir/StructureDefinition/DeviceMetric]]}
","Gerät","Gerät, das zur Generierung der Messwerte verwendet wurde.","Note that this is not meant to represent a device involved in the transmission of the result, e.g., a gateway.  Such devices may be documented using the Provenance resource where relevant.","","","","","","","","",,,,,"",,,,"Observation.device",0,1,"ele-1
","ele-1:All FHIR elements must have a @value or children {hasValue() or (children().count() > id.count())}
ref-1:SHALL have a contained resource if a local reference is provided {reference.exists() implies (reference.startsWith('#').not() or (reference.substring(1).trace('url') in %rootResource.contained.id.trace('ids')) or (reference='#' and %rootResource!=%resource))}"
"Observation.device.id","Observation.device.id","","","",0,1,"","","","string {[]} {[]}
","Unique id for inter-element referencing","Unique id for the element within a resource (for internal references). This may be any string value that does not contain spaces.","","","","","","","","","",,,,,"",,,,"Element.id",0,1,"",""
"Observation.device.extension","Observation.device.extension","","extensions
user content","",0,*,"","","","Extension {[]} {[]}
","Additional content defined by implementations","May be used to represent additional information that is not part of the basic definition of the element. To make the use of extensions safe and manageable, there is a strict set of governance  applied to the definition and use of extensions. Though any implementer can define an extension, there is a set of requirements that SHALL be met as part of the definition of the extension.","There can be no stigma associated with the use of extensions by any application, project, or standard - regardless of the institution or jurisdiction that uses or defines the extensions.  The use of extensions is what allows the FHIR specification to retain a core level of simplicity for everyone.","","","","","","","","",,,,,"","value:url}
","Extensions are always sliced by (at least) url",,"open","Element.extension",0,*,"ele-1
","ele-1:All FHIR elements must have a @value or children {hasValue() or (children().count() > id.count())}
ext-1:Must have either extensions or value[x], not both {extension.exists() != value.exists()}"
"Observation.device.reference","Observation.device.reference","","","",0,1,"Y","","Y","string {[]} {[]}
","Literal reference, Relative, internal or absolute URL","A reference to a location at which the other resource is found. The reference may be a relative reference, in which case it is relative to the service base URL, or an absolute URL that resolves to the location where the resource is found. The reference may be version specific or not. If the reference is not to a FHIR RESTful server, then it should be assumed to be version specific. Internal fragment references (start with '#') refer to contained resources.","Using absolute URLs provides a stable scalable approach suitable for a cloud/web context, while using relative/logical references provides a flexible approach suitable for use when trading across closed eco-system boundaries.   Absolute URLs do not need to point to a FHIR RESTful server, though this is the preferred approach. If the URL conforms to the structure ""/[type]/[id]"" then it should be assumed that the reference is to a FHIR RESTful server.","","","","","","","","",,,,,"",,,,"Reference.reference",0,1,"ele-1
ref-1","ele-1:All FHIR elements must have a @value or children {hasValue() or (children().count() > id.count())}
"
"Observation.device.type","Observation.device.type","","","",0,1,"","","Y","uri {[]} {[]}
","Type the reference refers to (e.g. ""Patient"")","The expected type of the target of the reference. If both Reference.type and Reference.reference are populated and Reference.reference is a FHIR URL, both SHALL be consistent.

The type is the Canonical URL of Resource Definition that is the type this reference refers to. References are URLs that are relative to http://hl7.org/fhir/StructureDefinition/ e.g. ""Patient"" is a reference to http://hl7.org/fhir/StructureDefinition/Patient. Absolute URLs are only allowed for logical models (and can only be used in references in logical models, not resources).","This element is used to indicate the type of  the target of the reference. This may be used which ever of the other elements are populated (or not). In some cases, the type of the target may be determined by inspection of the reference (e.g. a RESTful URL) or by resolving the target of the reference; if both the type and a reference is provided, the reference SHALL resolve to a resource of the same type as that specified.","","","","","","","","",,"extensible","Aa resource (or, for logical models, the URI of the logical model).","http://hl7.org/fhir/ValueSet/resource-types","",,,,"Reference.type",0,1,"ele-1
","ele-1:All FHIR elements must have a @value or children {hasValue() or (children().count() > id.count())}
"
"Observation.device.identifier","Observation.device.identifier","","","",0,1,"Y","","Y","Identifier {[]} {[]}
","Logical reference, when literal reference is not known","An identifier for the target resource. This is used when there is no way to reference the other resource directly, either because the entity it represents is not available through a FHIR server, or because there is no way for the author of the resource to convert a known identifier to an actual location. There is no requirement that a Reference.identifier point to something that is actually exposed as a FHIR instance, but it SHALL point to a business concept that would be expected to be exposed as a FHIR instance, and that instance would need to be of a FHIR resource type allowed by the reference.","When an identifier is provided in place of a reference, any system processing the reference will only be able to resolve the identifier to a reference if it understands the business context in which the identifier is used. Sometimes this is global (e.g. a national identifier) but often it is not. For this reason, none of the useful mechanisms described for working with references (e.g. chaining, includes) are possible, nor should servers be expected to be able resolve the reference. Servers may accept an identifier based reference untouched, resolve it, and/or reject it - see CapabilityStatement.rest.resource.referencePolicy. 

When both an identifier and a literal reference are provided, the literal reference is preferred. Applications processing the resource are allowed - but not required - to check that the identifier matches the literal reference

Applications converting a logical reference to a literal reference may choose to leave the logical reference present, or remove it.

Reference is intended to point to a structure that can potentially be expressed as a FHIR resource, though there is no need for it to exist as an actual FHIR resource instance - except in as much as an application wishes to actual find the target of the reference. The content referred to be the identifier must meet the logical constraints implied by any limitations on what resource types are permitted for the reference.  For example, it would not be legitimate to send the identifier for a drug prescription if the type were Reference(Observation|DiagnosticReport).  One of the use-cases for Reference.identifier is the situation where no FHIR representation exists (where the type is Reference (Any).","","","","","","","","",,,,,"",,,,"Reference.identifier",0,1,"ele-1
","ele-1:All FHIR elements must have a @value or children {hasValue() or (children().count() > id.count())}
"
"Observation.device.display","Observation.device.display","","","",0,1,"","","Y","string {[]} {[]}
","Text alternative for the resource","Plain text narrative that identifies the resource in addition to the resource reference.","This is generally not the same as the Resource.text of the referenced resource.  The purpose is to identify what's being referenced, not to fully describe it.","","","","","","","","",,,,,"",,,,"Reference.display",0,1,"ele-1
","ele-1:All FHIR elements must have a @value or children {hasValue() or (children().count() > id.count())}
"
"Observation.referenceRange","Observation.referenceRange","","","",0,*,"Y","","","BackboneElement {[]} {[]}
","Referenzbereich","Bereich, in dem der Messwert als normal oder empfohlen betrachtet wird.","Most observations only have one generic reference range. Systems MAY choose to restrict to only supplying the relevant reference range based on knowledge about the patient (e.g., specific to the patient's age, gender, weight and other factors), but this might not be possible or appropriate. Whenever more than one reference range is supplied, the differences between them SHOULD be provided in the reference range and/or age properties.","Knowing what values are considered ""normal"" can help evaluate the significance of a particular result. Need to be able to provide multiple reference ranges for different contexts.","","","","","","","",,,,,"",,,,"Observation.referenceRange",0,*,"ele-1
","ele-1:All FHIR elements must have a @value or children {hasValue() or (children().count() > id.count())}
obs-3:Must have at least a low or a high or text {low.exists() or high.exists() or text.exists()}"
"Observation.referenceRange.id","Observation.referenceRange.id","","","",0,1,"","","","string {[]} {[]}
","Unique id for inter-element referencing","Unique id for the element within a resource (for internal references). This may be any string value that does not contain spaces.","","","","","","","","","",,,,,"",,,,"Element.id",0,1,"",""
"Observation.referenceRange.extension","Observation.referenceRange.extension","","extensions
user content","",0,*,"","","","Extension {[]} {[]}
","Additional content defined by implementations","May be used to represent additional information that is not part of the basic definition of the element. To make the use of extensions safe and manageable, there is a strict set of governance  applied to the definition and use of extensions. Though any implementer can define an extension, there is a set of requirements that SHALL be met as part of the definition of the extension.","There can be no stigma associated with the use of extensions by any application, project, or standard - regardless of the institution or jurisdiction that uses or defines the extensions.  The use of extensions is what allows the FHIR specification to retain a core level of simplicity for everyone.","","","","","","","","",,,,,"","value:url}
","Extensions are always sliced by (at least) url",,"open","Element.extension",0,*,"ele-1
","ele-1:All FHIR elements must have a @value or children {hasValue() or (children().count() > id.count())}
ext-1:Must have either extensions or value[x], not both {extension.exists() != value.exists()}"
"Observation.referenceRange.modifierExtension","Observation.referenceRange.modifierExtension","","extensions
user contentmodifiers","",0,*,"","Y","Y","Extension {[]} {[]}
","Extensions that cannot be ignored even if unrecognized","May be used to represent additional information that is not part of the basic definition of the element and that modifies the understanding of the element in which it is contained and/or the understanding of the containing element's descendants. Usually modifier elements provide negation or qualification. To make the use of extensions safe and manageable, there is a strict set of governance applied to the definition and use of extensions. Though any implementer can define an extension, there is a set of requirements that SHALL be met as part of the definition of the extension. Applications processing a resource are required to check for modifier extensions.

Modifier extensions SHALL NOT change the meaning of any elements on Resource or DomainResource (including cannot change the meaning of modifierExtension itself).","There can be no stigma associated with the use of extensions by any application, project, or standard - regardless of the institution or jurisdiction that uses or defines the extensions.  The use of extensions is what allows the FHIR specification to retain a core level of simplicity for everyone.","Modifier extensions allow for extensions that *cannot* be safely ignored to be clearly distinguished from the vast majority of extensions which can be safely ignored.  This promotes interoperability by eliminating the need for implementers to prohibit the presence of extensions. For further information, see the [definition of modifier extensions](http://hl7.org/fhir/R4/extensibility.html#modifierExtension).","","","","","","","",,,,,"",,,,"BackboneElement.modifierExtension",0,*,"ele-1
","ele-1:All FHIR elements must have a @value or children {hasValue() or (children().count() > id.count())}
ext-1:Must have either extensions or value[x], not both {extension.exists() != value.exists()}"
"Observation.referenceRange.low","Observation.referenceRange.low","","","",0,1,"Y","","","Quantity {[CanonicalType[http://hl7.org/fhir/StructureDefinition/SimpleQuantity]]} {[]}
","Low Range, if relevant","The value of the low bound of the reference range.  The low bound of the reference range endpoint is inclusive of the value (e.g.  reference range is >=5 - <=9). If the low bound is omitted,  it is assumed to be meaningless (e.g. reference range is <=2.3).","The context of use may frequently define what kind of quantity this is and therefore what kind of units can be used. The context of use may also restrict the values for the comparator.","","","","","","","","",,,,,"",,,,"Observation.referenceRange.low",0,1,"ele-1
obs-3","ele-1:All FHIR elements must have a @value or children {hasValue() or (children().count() > id.count())}
qty-3:If a code for the unit is present, the system SHALL also be present {code.empty() or system.exists()}sqty-1:The comparator is not used on a SimpleQuantity {comparator.empty()}"
"Observation.referenceRange.high","Observation.referenceRange.high","","","",0,1,"Y","","","Quantity {[CanonicalType[http://hl7.org/fhir/StructureDefinition/SimpleQuantity]]} {[]}
","High Range, if relevant","The value of the high bound of the reference range.  The high bound of the reference range endpoint is inclusive of the value (e.g.  reference range is >=5 - <=9). If the high bound is omitted,  it is assumed to be meaningless (e.g. reference range is >= 2.3).","The context of use may frequently define what kind of quantity this is and therefore what kind of units can be used. The context of use may also restrict the values for the comparator.","","","","","","","","",,,,,"",,,,"Observation.referenceRange.high",0,1,"ele-1
obs-3","ele-1:All FHIR elements must have a @value or children {hasValue() or (children().count() > id.count())}
qty-3:If a code for the unit is present, the system SHALL also be present {code.empty() or system.exists()}sqty-1:The comparator is not used on a SimpleQuantity {comparator.empty()}"
"Observation.referenceRange.type","Observation.referenceRange.type","","","",0,1,"","","","CodeableConcept {[]} {[]}
","Reference range qualifier","Codes to indicate the what part of the targeted reference population it applies to. For example, the normal or therapeutic range.","This SHOULD be populated if there is more than one range.  If this element is not present then the normal range is assumed.","Need to be able to say what kind of reference range this is - normal, recommended, therapeutic, etc.,  - for proper interpretation.","","","","","","","",,"preferred","Code for the meaning of a reference range.","http://hl7.org/fhir/ValueSet/referencerange-meaning","",,,,"Observation.referenceRange.type",0,1,"ele-1
","ele-1:All FHIR elements must have a @value or children {hasValue() or (children().count() > id.count())}
"
"Observation.referenceRange.appliesTo","Observation.referenceRange.appliesTo","","","",0,*,"","","","CodeableConcept {[]} {[]}
","Reference range population","Codes to indicate the target population this reference range applies to.  For example, a reference range may be based on the normal population or a particular sex or race.  Multiple `appliesTo`  are interpreted as an ""AND"" of the target populations.  For example, to represent a target population of African American females, both a code of female and a code for African American would be used.","This SHOULD be populated if there is more than one range.  If this element is not present then the normal population is assumed.","Need to be able to identify the target population for proper interpretation.","","","","","","","",,"example","Codes identifying the population the reference range applies to.","http://hl7.org/fhir/ValueSet/referencerange-appliesto","",,,,"Observation.referenceRange.appliesTo",0,*,"ele-1
","ele-1:All FHIR elements must have a @value or children {hasValue() or (children().count() > id.count())}
"
"Observation.referenceRange.age","Observation.referenceRange.age","","","",0,1,"","","","Range {[]} {[]}
","Applicable age range, if relevant","The age at which this reference range is applicable. This is a neonatal age (e.g. number of weeks at term) if the meaning says so.","The stated low and high value are assumed to have arbitrarily high precision when it comes to determining which values are in the range. I.e. 1.99 is not in the range 2 -> 3.","Some analytes vary greatly over age.","","","","","","","",,,,,"",,,,"Observation.referenceRange.age",0,1,"ele-1
","ele-1:All FHIR elements must have a @value or children {hasValue() or (children().count() > id.count())}
rng-2:If present, low SHALL have a lower value than high {low.empty() or high.empty() or (low <= high)}"
"Observation.referenceRange.text","Observation.referenceRange.text","","","",0,1,"","","","string {[]} {[]}
","Text based reference range in an observation","Text based reference range in an observation which may be used when a quantitative range is not appropriate for an observation.  An example would be a reference value of ""Negative"" or a list or table of ""normals"".","Note that FHIR strings SHALL NOT exceed 1MB in size","","","","","","","","",,,,,"",,,,"Observation.referenceRange.text",0,1,"ele-1
","ele-1:All FHIR elements must have a @value or children {hasValue() or (children().count() > id.count())}
"
"Observation.hasMember","Observation.hasMember","","","",0,*,"","","Y","Reference {[]} {[CanonicalType[http://hl7.org/fhir/StructureDefinition/Observation], CanonicalType[http://hl7.org/fhir/StructureDefinition/QuestionnaireResponse], CanonicalType[http://hl7.org/fhir/StructureDefinition/MolecularSequence]]}
","Related resource that belongs to the Observation group","This observation is a group observation (e.g. a battery, a panel of tests, a set of vital sign measurements) that includes the target as a member of the group.","When using this element, an observation will typically have either a value or a set of related resources, although both may be present in some cases.  For a discussion on the ways Observations can assembled in groups together, see [Notes](http://hl7.org/fhir/R4/observation.html#obsgrouping) below.  Note that a system may calculate results from [QuestionnaireResponse](http://hl7.org/fhir/R4/questionnaireresponse.html)  into a final score and represent the score as an Observation.","","","","","","","","",,,,,"",,,,"Observation.hasMember",0,*,"ele-1
","ele-1:All FHIR elements must have a @value or children {hasValue() or (children().count() > id.count())}
ref-1:SHALL have a contained resource if a local reference is provided {reference.exists() implies (reference.startsWith('#').not() or (reference.substring(1).trace('url') in %rootResource.contained.id.trace('ids')) or (reference='#' and %rootResource!=%resource))}"
"Observation.derivedFrom","Observation.derivedFrom","","","",0,*,"","","Y","Reference {[]} {[CanonicalType[http://hl7.org/fhir/StructureDefinition/DocumentReference], CanonicalType[http://hl7.org/fhir/StructureDefinition/ImagingStudy], CanonicalType[http://hl7.org/fhir/StructureDefinition/Media], CanonicalType[http://hl7.org/fhir/StructureDefinition/QuestionnaireResponse], CanonicalType[http://hl7.org/fhir/StructureDefinition/Observation], CanonicalType[http://hl7.org/fhir/StructureDefinition/MolecularSequence]]}
","Related measurements the observation is made from","The target resource that represents a measurement from which this observation value is derived. For example, a calculated anion gap or a fetal measurement based on an ultrasound image.","All the reference choices that are listed in this element can represent clinical observations and other measurements that may be the source for a derived value.  The most common reference will be another Observation.  For a discussion on the ways Observations can assembled in groups together, see [Notes](http://hl7.org/fhir/R4/observation.html#obsgrouping) below.","","","","","","","","",,,,,"",,,,"Observation.derivedFrom",0,*,"ele-1
","ele-1:All FHIR elements must have a @value or children {hasValue() or (children().count() > id.count())}
ref-1:SHALL have a contained resource if a local reference is provided {reference.exists() implies (reference.startsWith('#').not() or (reference.substring(1).trace('url') in %rootResource.contained.id.trace('ids')) or (reference='#' and %rootResource!=%resource))}"
"Observation.component","Observation.component","","","",0,*,"","","Y","BackboneElement {[]} {[]}
","Component results","Some observations have multiple component observations.  These component observations are expressed as separate code value pairs that share the same attributes.  Examples include systolic and diastolic component observations for blood pressure measurement and multiple component observations for genetics observations.","For a discussion on the ways Observations can be assembled in groups together see [Notes](http://hl7.org/fhir/R4/observation.html#notes) below.","Component observations share the same attributes in the Observation resource as the primary observation and are always treated a part of a single observation (they are not separable).   However, the reference range for the primary observation value is not inherited by the component values and is required when appropriate for each component observation.","","","","","","","",,,,,"",,,,"Observation.component",0,*,"ele-1
","ele-1:All FHIR elements must have a @value or children {hasValue() or (children().count() > id.count())}
"
"Observation.component.id","Observation.component.id","","","",0,1,"","","","string {[]} {[]}
","Unique id for inter-element referencing","Unique id for the element within a resource (for internal references). This may be any string value that does not contain spaces.","","","","","","","","","",,,,,"",,,,"Element.id",0,1,"",""
"Observation.component.extension","Observation.component.extension","","extensions
user content","",0,*,"","","","Extension {[]} {[]}
","Additional content defined by implementations","May be used to represent additional information that is not part of the basic definition of the element. To make the use of extensions safe and manageable, there is a strict set of governance  applied to the definition and use of extensions. Though any implementer can define an extension, there is a set of requirements that SHALL be met as part of the definition of the extension.","There can be no stigma associated with the use of extensions by any application, project, or standard - regardless of the institution or jurisdiction that uses or defines the extensions.  The use of extensions is what allows the FHIR specification to retain a core level of simplicity for everyone.","","","","","","","","",,,,,"","value:url}
","Extensions are always sliced by (at least) url",,"open","Element.extension",0,*,"ele-1
","ele-1:All FHIR elements must have a @value or children {hasValue() or (children().count() > id.count())}
ext-1:Must have either extensions or value[x], not both {extension.exists() != value.exists()}"
"Observation.component.modifierExtension","Observation.component.modifierExtension","","extensions
user contentmodifiers","",0,*,"","Y","Y","Extension {[]} {[]}
","Extensions that cannot be ignored even if unrecognized","May be used to represent additional information that is not part of the basic definition of the element and that modifies the understanding of the element in which it is contained and/or the understanding of the containing element's descendants. Usually modifier elements provide negation or qualification. To make the use of extensions safe and manageable, there is a strict set of governance applied to the definition and use of extensions. Though any implementer can define an extension, there is a set of requirements that SHALL be met as part of the definition of the extension. Applications processing a resource are required to check for modifier extensions.

Modifier extensions SHALL NOT change the meaning of any elements on Resource or DomainResource (including cannot change the meaning of modifierExtension itself).","There can be no stigma associated with the use of extensions by any application, project, or standard - regardless of the institution or jurisdiction that uses or defines the extensions.  The use of extensions is what allows the FHIR specification to retain a core level of simplicity for everyone.","Modifier extensions allow for extensions that *cannot* be safely ignored to be clearly distinguished from the vast majority of extensions which can be safely ignored.  This promotes interoperability by eliminating the need for implementers to prohibit the presence of extensions. For further information, see the [definition of modifier extensions](http://hl7.org/fhir/R4/extensibility.html#modifierExtension).","","","","","","","",,,,,"",,,,"BackboneElement.modifierExtension",0,*,"ele-1
","ele-1:All FHIR elements must have a @value or children {hasValue() or (children().count() > id.count())}
ext-1:Must have either extensions or value[x], not both {extension.exists() != value.exists()}"
"Observation.component.code","Observation.component.code","","","",1,1,"","","Y","CodeableConcept {[]} {[]}
","Type of component observation (code / type)","Describes what was observed. Sometimes this is called the observation ""code"".","*All* code-value and  component.code-component.value pairs need to be taken into account to correctly understand the meaning of the observation.","Knowing what kind of observation is being made is essential to understanding the observation.","","","","","","","",,"example","Codes identifying names of simple observations.","http://hl7.org/fhir/ValueSet/observation-codes","",,,,"Observation.component.code",1,1,"ele-1
","ele-1:All FHIR elements must have a @value or children {hasValue() or (children().count() > id.count())}
"
"Observation.component.value[x]","Observation.component.value[x]","","","",0,1,"","","Y","Quantity {[]} {[]}
CodeableConcept {[]} {[]}string {[]} {[]}boolean {[]} {[]}integer {[]} {[]}Range {[]} {[]}Ratio {[]} {[]}SampledData {[]} {[]}time {[]} {[]}dateTime {[]} {[]}Period {[]} {[]}","Actual component result","The information determined as a result of making the observation, if the information has a simple value.","Used when observation has a set of component observations. An observation may have both a value (e.g. an  Apgar score)  and component observations (the observations from which the Apgar score was derived). If a value is present, the datatype for this element should be determined by Observation.code. A CodeableConcept with just a text would be used instead of a string if the field was usually coded, or if the type associated with the Observation.code defines a coded value.  For additional guidance, see the [Notes section](http://hl7.org/fhir/R4/observation.html#notes) below.","An observation exists to have a value, though it might not if it is in error, or if it represents a group of observations.","","","","","","","",,,,,"",,,,"Observation.component.value[x]",0,1,"ele-1
","ele-1:All FHIR elements must have a @value or children {hasValue() or (children().count() > id.count())}
"
"Observation.component.dataAbsentReason","Observation.component.dataAbsentReason","","","",0,1,"","","","CodeableConcept {[]} {[]}
","Why the component result is missing","Provides a reason why the expected value in the element Observation.component.value[x] is missing.","""Null"" or exceptional values can be represented two ways in FHIR Observations.  One way is to simply include them in the value set and represent the exceptions in the value.  For example, measurement values for a serology test could be  ""detected"", ""not detected"", ""inconclusive"", or  ""test not done"". 

The alternate way is to use the value element for actual observations and use the explicit dataAbsentReason element to record exceptional values.  For example, the dataAbsentReason code ""error"" could be used when the measurement was not completed.  Because of these options, use-case agreements are required to interpret general observations for exceptional values.","For many results it is necessary to handle exceptional values in measurements.","","","","","","","",,"extensible","Codes specifying why the result (`Observation.value[x]`) is missing.","http://hl7.org/fhir/ValueSet/data-absent-reason","",,,,"Observation.component.dataAbsentReason",0,1,"ele-1
obs-6","ele-1:All FHIR elements must have a @value or children {hasValue() or (children().count() > id.count())}
"
"Observation.component.interpretation","Observation.component.interpretation","","Abnormal Flag
","",0,*,"","","","CodeableConcept {[]} {[]}
","High, low, normal, etc.","A categorical assessment of an observation value.  For example, high, low, normal.","Historically used for laboratory results (known as 'abnormal flag' ),  its use extends to other use cases where coded interpretations  are relevant.  Often reported as one or more simple compact codes this element is often placed adjacent to the result value in reports and flow sheets to signal the meaning/normalcy status of the result.","For some results, particularly numeric results, an interpretation is necessary to fully understand the significance of a result.","","","","","","","",,"extensible","Codes identifying interpretations of observations.","http://hl7.org/fhir/ValueSet/observation-interpretation","",,,,"Observation.component.interpretation",0,*,"ele-1
","ele-1:All FHIR elements must have a @value or children {hasValue() or (children().count() > id.count())}
"
"Observation.component.referenceRange","Observation.component.referenceRange","","","",0,*,"","","","null {[]} {[]}
","Provides guide for interpretation of component result","Guidance on how to interpret the value by comparison to a normal or recommended range.","Most observations only have one generic reference range. Systems MAY choose to restrict to only supplying the relevant reference range based on knowledge about the patient (e.g., specific to the patient's age, gender, weight and other factors), but this might not be possible or appropriate. Whenever more than one reference range is supplied, the differences between them SHOULD be provided in the reference range and/or age properties.","Knowing what values are considered ""normal"" can help evaluate the significance of a particular result. Need to be able to provide multiple reference ranges for different contexts.","","","","","","","",,,,,"",,,,"Observation.component.referenceRange",0,*,"",""
