Source File	Size	loadResources	load	generateSnapshots	load-configure	scan	loadDepInfo	loadInfo	checkR4R4B	generateNarratives	validate	loadLists	checkConformanceResources	checkConformanceResources2	checkConformanceResources3	generateLogicalMaps	validateExpressions	scanForUsageStats	checkURLsUnique	processProvenanceDetails	translate	generate1	generate2	generateLogicals	makeDependencies	generateExampleZip	generateValidationPack	scanProfilesForR5	scanExamplesForR5
/fsh-generated/resources/ImplementationGuide-mii-ig-onko-de-v2026.json	242041	-	0	0	1	0	0	0	35	104	0	0	0	0	0	0	0	3	0	0	60	774	2210	0	0	0	35	0	5
fsh-generated/resources/AdverseEvent-mii-exa-onko-nebenwirkung-anaemie-grad3.json	1076	3	0	0	0	0	0	0	1	14	0	0	0	0	0	0	0	0	0	0	16	10	48	0	0	0	0	0	0
fsh-generated/resources/AdverseEvent-mii-exa-onko-nebenwirkung-crs-grad4.json	1142	1	0	0	1	0	0	0	0	10	0	0	0	0	0	0	0	0	0	0	17	10	46	0	0	0	0	0	0
fsh-generated/resources/AdverseEvent-mii-exa-onko-nebenwirkung-rektale-mukositis-grad2.json	979	2	0	0	0	0	0	0	0	265	0	0	0	0	0	0	0	0	0	0	15	8	48	0	0	0	0	0	0
fsh-generated/resources/AdverseEvent-mii-exa-onko-oxaliplatin-neuropathy.json	1373	2	0	0	0	0	0	0	0	17	0	0	0	0	0	0	0	0	0	0	14	11	52	0	0	0	0	0	0
fsh-generated/resources/AdverseEvent-mii-pr-onko-nebenwirkung-0.json	1034	2	0	0	0	0	0	0	0	6	0	0	0	0	0	0	0	0	0	0	12	9	46	0	0	0	0	0	0
fsh-generated/resources/AdverseEvent-mii-pr-onko-nebenwirkung-text.json	774	2	0	0	0	0	0	0	0	11	0	0	0	0	0	0	0	0	0	0	9	8	52	0	0	0	0	0	0
fsh-generated/resources/Bundle-mii-exa-onko-cup-bundle.json	14274	6	15	0	0	0	0	0	2	1281	0	0	0	0	0	0	0	0	0	0	23	38	147	0	0	0	0	0	0
fsh-generated/resources/Bundle-mii-exa-onko-folfox-workflow-bundle.json	40160	9	23	0	0	0	0	0	3	183	0	0	0	0	0	0	0	0	0	0	15	110	301	0	0	0	0	0	1
fsh-generated/resources/Bundle-mii-exa-onko-kim-musterperson-synthesized.json	55271	8	20	0	0	0	0	0	5	172	0	0	0	0	0	0	0	1	0	0	16	140	360	0	0	0	0	0	0
fsh-generated/resources/Bundle-mii-exa-onko-krk-bundle.json	17333	5	7	0	0	0	0	0	2	121	0	0	0	0	0	0	0	0	0	0	13	50	127	0	0	0	0	0	0
fsh-generated/resources/Bundle-mii-exa-onko-mamma-example-bundle-1.json	12794	3	1	0	1	0	0	0	1	9	0	0	0	0	0	0	0	0	0	0	13	34	71	0	0	0	0	0	0
fsh-generated/resources/Bundle-mii-exa-onko-melanom-bundle.json	13716	3	3	0	0	0	0	0	1	44	0	0	0	0	0	0	0	0	0	0	13	38	119	0	0	0	0	0	0
fsh-generated/resources/Bundle-mii-exa-onko-prostata-example-bundle-1.json	16800	3	1	0	0	0	0	0	1	23	0	0	0	0	0	0	0	0	0	0	14	47	108	0	0	0	0	0	0
fsh-generated/resources/Bundle-mii-exa-onko-tnm-bundle-legacy.json	10643	3	2	0	0	0	0	0	1	10	0	0	0	0	0	0	0	0	0	0	11	28	53	0	0	0	0	0	0
fsh-generated/resources/Bundle-mii-exa-onko-tnm-bundle-synthesized.json	21800	3	3	0	0	0	0	0	2	22	0	0	0	0	0	0	0	0	0	0	9	53	114	0	0	0	0	0	1
fsh-generated/resources/Bundle-mii-exa-onko-tnm-bundle.json	11183	3	1	0	0	0	0	0	1	8	0	0	0	0	0	0	0	0	0	0	8	28	51	0	0	0	0	0	0
fsh-generated/resources/CapabilityStatement-mii-cps-onko-capabilitystatement.json	93431	8	0	0	0	0	1	0	6	103	0	0	0	0	0	0	0	0	0	0	9	284	167	0	2	0	9	0	1
fsh-generated/resources/CarePlan-PatientKimMusterperson-Tumorkonferenz-1.json	2020	2	0	0	0	0	0	0	0	11	0	0	0	0	0	0	0	0	0	0	7	13	20	0	0	0	1	0	0
fsh-generated/resources/CarePlan-PatientKimMusterperson-Tumorkonferenz-2.json	1406	2	0	0	0	0	0	0	0	4	0	0	0	0	0	0	0	0	0	0	7	10	16	0	0	0	0	0	0
fsh-generated/resources/CarePlan-PatientKimMusterperson-Tumorkonferenz-3.json	1550	2	0	0	1	0	0	0	0	12	0	0	0	0	0	0	0	0	0	0	7	11	18	0	0	0	0	0	0
fsh-generated/resources/CarePlan-PatientKimMusterperson-Tumorkonferenz-4.json	1651	1	0	0	0	0	0	0	0	10	0	0	0	0	0	0	0	0	0	0	5	12	20	0	0	0	0	0	0
fsh-generated/resources/CarePlan-mii-exa-onko-kim-tk1.json	1258	2	0	0	0	0	0	0	0	5	0	0	0	0	0	0	0	0	0	0	3	9	20	0	0	0	0	0	0
fsh-generated/resources/CarePlan-mii-exa-onko-kim-tk2.json	1216	2	0	0	0	0	0	0	1	7	0	0	0	0	0	0	0	0	0	0	3	13	20	0	0	0	0	0	0
fsh-generated/resources/CarePlan-mii-exa-onko-kim-tk3.json	1258	1	0	0	0	0	0	0	0	10	0	0	0	0	0	0	0	0	0	0	3	10	20	0	0	0	0	0	0
fsh-generated/resources/CarePlan-mii-exa-onko-kim-tk4.json	1341	1	0	0	0	0	0	0	0	12	0	0	0	0	0	0	0	0	0	0	4	11	22	0	0	0	0	0	0
fsh-generated/resources/CarePlan-mii-exa-onko-tnm-synth-tumorkonferenz.json	1288	2	0	0	0	0	0	0	0	13	0	0	0	0	0	0	0	0	0	0	4	9	48	0	0	0	0	0	0
fsh-generated/resources/CarePlan-mii-exa-onko-tumorkonferenz-01.json	1006	1	0	0	0	0	0	0	0	8	0	0	0	0	0	0	0	0	0	0	5	8	13	0	0	0	0	0	0
fsh-generated/resources/CarePlan-mii-exa-onko-tumorkonferenz-02.json	1959	2	0	0	0	0	0	0	0	6	0	0	0	0	0	0	0	1	0	0	7	12	12	0	0	0	0	0	0
fsh-generated/resources/CarePlan-mii-exa-onko-tumorkonferenz-folfox-modification.json	1239	2	0	0	0	0	0	0	0	4	0	0	0	0	0	0	0	0	0	0	6	10	20	0	0	0	0	0	0
fsh-generated/resources/CarePlan-mii-exa-onko-tumorkonferenz-folfox.json	1201	2	0	0	0	0	0	0	0	4	0	0	0	0	0	0	0	0	0	0	7	9	19	0	0	0	0	0	0
fsh-generated/resources/CarePlan-mii-exa-onko-tumorkonferenz-mixed-approach.json	1481	1	0	0	1	0	0	0	1	6	0	0	0	0	0	0	0	0	0	0	7	15	19	0	0	0	0	0	0
fsh-generated/resources/CarePlan-mii-exa-onko-tumorkonferenz-molekular.json	2114	2	0	0	0	0	0	0	0	6	0	0	0	0	0	0	0	0	0	0	6	17	15	0	0	0	0	0	0
fsh-generated/resources/CarePlan-mii-exa-onko-tumorkonferenz-pure-molecular.json	1440	2	0	0	0	0	0	0	0	103	0	0	0	0	0	0	0	0	0	0	6	13	22	0	0	0	0	0	0
fsh-generated/resources/CodeSystem-mii-cs-onko-allgemeiner-leistungszustand-ecog.json	5145	2	0	0	0	0	0	0	0	8	0	0	0	0	0	0	0	0	0	0	7	23	90	0	0	0	0	0	0
fsh-generated/resources/CodeSystem-mii-cs-onko-allgemeiner-leistungszustand-karnofsky.json	4820	1	0	0	0	0	0	0	1	5	0	0	1	0	0	0	0	0	0	0	7	22	85	0	0	0	1	0	0
fsh-generated/resources/CodeSystem-mii-cs-onko-asa-obds.json	5036	2	0	0	0	0	0	0	0	5	0	0	0	0	0	0	0	0	0	0	7	21	81	0	0	0	1	0	0
fsh-generated/resources/CodeSystem-mii-cs-onko-fernmetastasen.json	5017	1	0	0	0	0	0	0	1	5	0	0	0	0	0	0	0	0	0	0	7	21	79	0	0	0	0	0	0
fsh-generated/resources/CodeSystem-mii-cs-onko-genetische-variante-auspraegung.json	4424	2	0	0	0	0	0	0	0	5	0	0	0	0	0	0	0	0	0	0	6	16	78	0	0	0	1	0	0
fsh-generated/resources/CodeSystem-mii-cs-onko-grading.json	5083	2	0	0	0	0	0	0	1	4	0	0	1	0	0	0	0	0	0	0	7	21	76	0	0	0	0	0	0
fsh-generated/resources/CodeSystem-mii-cs-onko-intention.json	4450	1	0	0	0	0	0	0	0	5	0	0	0	0	0	0	0	0	0	0	5	15	68	0	0	0	1	0	0
fsh-generated/resources/CodeSystem-mii-cs-onko-krk-anastomoseninsuffizienz.json	4534	2	0	0	0	0	0	0	1	4	0	0	0	0	0	0	0	0	0	0	6	15	67	0	0	0	0	0	0
fsh-generated/resources/CodeSystem-mii-cs-onko-krk-mrt-mesorektale-faszie-status.json	4748	1	0	0	0	0	0	0	0	4	0	0	0	0	0	0	0	0	0	0	5	16	87	0	0	0	1	0	0
fsh-generated/resources/CodeSystem-mii-cs-onko-krk-operationstyp.json	4532	2	0	0	0	0	0	0	1	4	0	0	1	0	0	0	0	0	0	0	6	15	69	0	0	0	0	0	0
fsh-generated/resources/CodeSystem-mii-cs-onko-krk-stoma-anzeichnung.json	4932	1	0	0	0	0	0	0	0	4	0	0	0	0	0	0	0	0	0	0	6	17	64	0	0	0	1	0	0
fsh-generated/resources/CodeSystem-mii-cs-onko-krk-tme-qualitaet.json	4173	2	0	0	1	0	0	0	1	4	0	0	0	0	0	0	0	0	0	0	5	14	60	0	0	0	0	0	0
fsh-generated/resources/CodeSystem-mii-cs-onko-mamma-her2neu-status-leitlinie.json	4821	1	0	0	0	0	0	0	0	4	0	0	0	0	0	0	0	0	0	0	4	17	93	0	0	0	0	0	0
fsh-generated/resources/CodeSystem-mii-cs-onko-mamma-her2neu-status-obds.json	4346	2	0	0	0	0	0	0	1	5	0	0	1	0	0	0	0	0	0	0	4	15	67	0	0	0	1	0	0
fsh-generated/resources/CodeSystem-mii-cs-onko-mamma-rezeptorstatus-leitlinie.json	4437	1	0	0	0	0	0	0	0	4	0	0	0	0	0	0	0	0	0	0	4	15	58	0	0	0	0	0	1
fsh-generated/resources/CodeSystem-mii-cs-onko-melanom-ulzeration.json	4212	2	0	0	0	0	0	0	1	4	0	0	0	0	0	0	0	0	0	0	4	14	54	0	0	0	1	0	0
fsh-generated/resources/CodeSystem-mii-cs-onko-nebenwirkung-ctcae-grad.json	4684	1	0	0	0	0	0	0	0	4	0	0	0	0	0	0	0	0	0	0	4	16	59	0	0	0	0	0	0
fsh-generated/resources/CodeSystem-mii-cs-onko-nebenwirkung-meddra-de.json	647471	58	0	0	0	0	0	0	67	383	0	0	1	0	0	0	0	4	0	0	63	2048	1264	0	0	0	97	0	6
fsh-generated/resources/CodeSystem-mii-cs-onko-operation-komplikation.json	10542	3	0	0	0	0	0	0	1	10	0	0	1	0	0	0	0	0	0	0	10	55	95	0	0	0	2	0	0
fsh-generated/resources/CodeSystem-mii-cs-onko-operation-urgency.json	4543	2	0	0	0	0	0	0	0	4	0	0	0	0	0	0	0	0	0	0	8	15	56	0	0	0	1	0	0
fsh-generated/resources/CodeSystem-mii-cs-onko-primaertumor-diagnosesicherung.json	7038	2	0	0	0	0	0	0	1	5	0	0	0	0	0	0	0	0	0	0	8	27	62	0	0	0	1	0	0
fsh-generated/resources/CodeSystem-mii-cs-onko-prostata-postsurgical-complications.json	4272	2	0	0	0	0	0	0	0	3	0	0	0	0	0	0	0	0	0	0	8	15	52	0	0	0	0	0	0
fsh-generated/resources/CodeSystem-mii-cs-onko-residualstatus.json	4640	2	0	0	0	0	0	0	1	3	0	0	0	0	0	0	0	0	0	0	8	15	50	0	0	0	1	0	0
fsh-generated/resources/CodeSystem-mii-cs-onko-seitenlokalisation.json	4690	2	0	0	0	0	0	0	0	3	0	0	1	0	0	0	0	0	0	0	8	16	51	0	0	0	0	0	1
fsh-generated/resources/CodeSystem-mii-cs-onko-strahlentherapie-applikationsart.json	6729	2	0	0	0	0	0	0	1	5	0	0	0	0	0	0	0	0	0	0	8	29	61	0	0	0	1	0	0
fsh-generated/resources/CodeSystem-mii-cs-onko-strahlentherapie-boost.json	4476	1	0	0	0	0	0	0	0	3	0	0	0	0	0	0	0	0	0	0	8	15	51	0	0	0	0	0	0
fsh-generated/resources/CodeSystem-mii-cs-onko-strahlentherapie-strahlenart.json	5471	2	0	0	0	0	0	0	1	4	0	0	0	0	0	0	0	0	0	0	8	22	118	0	0	0	1	0	0
fsh-generated/resources/CodeSystem-mii-cs-onko-strahlentherapie-zielgebiet-2014.json	15469	5	0	0	0	0	0	0	2	14	0	0	1	0	0	0	0	0	1	0	9	98	108	0	0	0	4	0	0
fsh-generated/resources/CodeSystem-mii-cs-onko-strahlentherapie-zielgebiet.json	11397	3	0	0	0	0	0	0	1	11	0	0	0	0	0	0	0	0	0	0	9	62	144	0	0	0	2	0	0
fsh-generated/resources/CodeSystem-mii-cs-onko-studienteilnahme.json	4101	1	0	0	0	0	0	0	1	4	0	0	0	0	0	0	0	0	0	0	8	14	48	0	0	0	0	0	0
fsh-generated/resources/CodeSystem-mii-cs-onko-systemische-therapie-protokolle.json	24982	4	0	0	1	0	0	0	3	17	0	0	1	0	0	0	0	0	0	0	10	128	120	0	0	0	5	0	0
fsh-generated/resources/CodeSystem-mii-cs-onko-therapie-ende-grund.json	4829	2	0	0	0	0	0	0	0	5	0	0	0	0	0	0	0	0	0	0	8	17	51	0	0	0	1	0	0
fsh-generated/resources/CodeSystem-mii-cs-onko-therapie-stellungzurop.json	4363	2	0	0	0	0	0	0	0	4	0	0	0	0	0	0	0	0	0	0	8	33	48	0	0	0	1	0	0
fsh-generated/resources/CodeSystem-mii-cs-onko-therapie-typ.json	5191	2	0	0	0	0	0	0	1	3	0	0	0	0	0	0	0	0	0	0	7	21	48	0	0	0	0	0	0
fsh-generated/resources/CodeSystem-mii-cs-onko-therapieabweichung.json	4142	2	0	0	0	0	0	0	0	4	0	0	1	0	0	0	0	1	0	0	8	13	47	0	0	0	1	0	1
fsh-generated/resources/CodeSystem-mii-cs-onko-therapieplanung-typ.json	4453	1	0	0	0	0	0	0	1	3	0	0	0	0	0	0	0	0	0	0	6	15	40	0	0	0	0	0	0
fsh-generated/resources/CodeSystem-mii-cs-onko-tnm-formel.json	4218	2	0	0	0	0	0	0	0	3	0	0	0	0	0	0	0	0	0	0	5	13	44	0	0	0	0	0	0
fsh-generated/resources/CodeSystem-mii-cs-onko-tnm-uicc.json	13717	3	0	0	0	0	0	0	2	11	0	0	0	0	0	0	0	0	0	0	5	74	83	0	0	0	3	0	0
fsh-generated/resources/CodeSystem-mii-cs-onko-tnm-version.json	4613	1	0	0	0	0	0	0	0	4	0	0	1	0	0	0	0	0	0	0	5	18	46	0	0	0	1	0	0
fsh-generated/resources/CodeSystem-mii-cs-onko-tod.json	4310	2	0	0	0	0	0	0	1	4	0	0	0	0	0	0	0	0	0	0	5	15	36	0	0	0	0	0	0
fsh-generated/resources/CodeSystem-mii-cs-onko-verlauf-fernmetastasen.json	4612	1	0	0	0	0	0	0	0	3	0	0	0	0	0	0	0	0	0	0	4	17	67	0	0	0	1	0	0
fsh-generated/resources/CodeSystem-mii-cs-onko-verlauf-gesamtbeurteilung.json	4869	2	0	0	0	0	0	0	1	3	0	0	0	0	0	0	0	0	0	0	4	18	49	0	0	0	0	0	0
fsh-generated/resources/CodeSystem-mii-cs-onko-verlauf-lymphknoten.json	4618	1	0	0	0	0	0	0	0	3	0	0	1	0	0	0	0	0	0	0	5	17	46	0	0	0	1	0	0
fsh-generated/resources/CodeSystem-mii-cs-onko-verlauf-primaertumor.json	4576	2	0	0	0	0	0	0	1	3	0	0	0	0	0	0	0	0	0	0	5	16	40	0	0	0	0	0	0
fsh-generated/resources/CodeSystem-mii-cs-onko-weitere-klassifikationen-obds.json	44145	4	0	0	0	0	0	0	4	16	0	0	0	0	0	0	0	0	0	0	10	221	172	0	0	0	11	0	1
fsh-generated/resources/CodeSystem-radelement.json	893	1	0	0	0	0	0	0	0	3	0	0	1	0	0	0	0	0	0	0	7	8	30	0	0	0	0	0	0
fsh-generated/resources/ConceptMap-mii-cm-mii-to-mvgenomseq-condition-diagnose-primaertumor.json	541	2	0	0	0	0	0	0	1	135	0	0	0	0	0	0	0	0	0	0	6	6	29	0	0	0	1	0	0
fsh-generated/resources/ConceptMap-mii-cm-onko-allgemeiner-leistungszustand-ecog-loinc.json	3509	1	0	0	0	0	0	0	0	4	0	0	0	0	0	0	0	0	0	0	6	18	23	0	0	0	0	0	0
fsh-generated/resources/ConceptMap-mii-cm-onko-allgemeiner-leistungszustand-karnofsky-loinc.json	4183	1	0	0	0	0	0	0	0	4	0	0	0	0	0	0	0	0	0	0	6	20	25	0	0	0	1	0	0
fsh-generated/resources/ConceptMap-mii-cm-onko-allgemeiner-leistungszustand-sct.json	3898	2	0	0	0	0	0	0	0	137	0	0	0	0	0	0	0	0	0	0	5	18	34	0	0	0	0	0	0
fsh-generated/resources/ConceptMap-mii-cm-onko-asa-obds-loinc.json	2709	1	0	0	0	0	0	0	1	2	0	0	0	0	0	0	0	0	0	0	5	14	23	0	0	0	1	0	0
fsh-generated/resources/ConceptMap-mii-cm-onko-atc-transitions-2021.json	18763	3	0	0	1	0	0	0	2	6	0	0	0	0	0	0	0	0	0	0	5	71	56	0	0	0	2	0	0
fsh-generated/resources/ConceptMap-mii-cm-onko-atc-transitions-2022.json	7982	2	0	0	0	0	0	0	0	3	0	0	0	0	0	0	0	0	0	0	5	32	36	0	0	0	1	0	0
fsh-generated/resources/ConceptMap-mii-cm-onko-atc-transitions-2023.json	2207	1	0	0	0	0	0	0	0	2	0	0	0	0	0	0	0	0	0	0	4	12	35	0	0	0	0	0	0
fsh-generated/resources/ConceptMap-mii-cm-onko-atc-transitions-2024.json	5701	1	0	0	0	0	0	0	1	3	0	0	0	0	0	0	0	0	0	0	4	23	28	0	0	0	1	0	0
fsh-generated/resources/ConceptMap-mii-cm-onko-atc-transitions-2025.json	1739	1	0	0	0	0	0	0	0	2	0	0	0	0	0	0	0	0	0	0	3	11	24	0	0	1	1	0	0
fsh-generated/resources/ConceptMap-mii-cm-onko-atc-transitions-2026.json	1839	1	0	0	0	0	0	0	0	1	0	0	0	0	0	0	0	0	0	0	3	11	23	0	0	0	0	0	0
fsh-generated/resources/ConceptMap-mii-cm-onko-fernmetastasen-sct.json	4882	2	0	0	0	0	0	0	1	9	0	0	0	0	0	0	0	0	0	0	4	20	35	0	0	0	1	0	0
fsh-generated/resources/ConceptMap-mii-cm-onko-genetische-variante-auspraegung-sct.json	3117	1	0	0	0	0	0	0	0	5	0	0	0	0	0	0	0	0	0	0	3	14	34	0	0	0	0	0	0
fsh-generated/resources/ConceptMap-mii-cm-onko-grading-sct.json	5378	1	0	0	0	0	0	0	0	4	0	0	0	0	0	0	0	1	0	0	4	23	36	0	0	0	1	0	0
fsh-generated/resources/ConceptMap-mii-cm-onko-icdo3-transitions-2019.json	24662	4	0	0	0	0	0	0	2	10	0	0	0	0	0	0	0	0	0	0	4	112	59	0	0	0	3	0	1
fsh-generated/resources/ConceptMap-mii-cm-onko-intention-sct.json	3458	1	0	0	0	0	0	0	0	6	0	0	0	0	0	0	0	0	0	0	4	17	36	0	0	0	1	0	0
fsh-generated/resources/ConceptMap-mii-cm-onko-krk-stoma-obds-sct.json	2393	1	0	0	0	0	0	0	1	3	0	0	0	0	0	0	0	0	0	0	3	12	23	0	0	0	0	0	0
fsh-generated/resources/ConceptMap-mii-cm-onko-nebenwirkung-meddra-sct.json	250540	19	0	0	0	0	0	0	20	126	0	0	0	0	0	0	0	1	0	0	21	899	349	0	0	0	38	0	1
fsh-generated/resources/ConceptMap-mii-cm-onko-nebenwirkung-sct.json	3265	2	0	0	0	0	0	0	1	7	0	0	0	0	0	0	0	0	0	0	8	16	33	0	0	0	1	0	0
fsh-generated/resources/ConceptMap-mii-cm-onko-operation-komplikation-sct.json	27171	3	0	0	0	0	0	0	2	11	0	0	0	0	0	0	0	0	0	0	7	99	62	0	0	0	3	0	1
fsh-generated/resources/ConceptMap-mii-cm-onko-primaertumor-diagnosesicherung-sct.json	6647	2	0	0	0	0	0	0	1	6	0	0	0	0	0	0	0	1	0	0	5	27	31	0	0	0	1	0	0
fsh-generated/resources/ConceptMap-mii-cm-onko-residualstatus-uicc-sct.json	3000	1	0	0	0	0	0	0	0	4	0	0	0	0	0	0	0	0	0	0	5	14	28	0	0	0	1	0	0
fsh-generated/resources/ConceptMap-mii-cm-onko-seitenlokalisation-sct.json	3001	1	0	0	0	0	0	0	0	5	0	0	0	0	0	0	0	0	0	0	3	18	29	0	0	0	0	0	0
fsh-generated/resources/ConceptMap-mii-cm-onko-strahlentherapie-applikationsart-sct.json	8168	2	0	0	0	0	0	0	1	6	0	0	0	0	0	0	0	0	0	0	3	31	35	0	0	0	1	0	0
fsh-generated/resources/ConceptMap-mii-cm-onko-strahlentherapie-boost-sct.json	2821	1	0	0	0	0	0	0	0	5	0	0	0	0	0	0	0	0	0	0	3	14	30	0	0	0	0	0	0
fsh-generated/resources/ConceptMap-mii-cm-onko-strahlentherapie-strahlenart-sct.json	7500	1	0	0	1	0	0	0	1	6	0	0	0	0	0	0	0	0	0	0	4	31	44	0	0	0	1	0	0
fsh-generated/resources/ConceptMap-mii-cm-onko-strahlentherapie-strahleneinheit-sct.json	2429	1	0	0	0	0	0	0	0	6	0	0	0	0	0	0	0	0	0	0	2	12	34	0	0	0	0	0	0
fsh-generated/resources/ConceptMap-mii-cm-onko-strahlentherapie-zielgebiet-sct.json	32822	3	0	0	0	0	0	0	3	11	0	0	0	0	0	0	0	0	0	0	5	117	73	0	0	0	4	0	0
fsh-generated/resources/ConceptMap-mii-cm-onko-studienteilnahme-sct.json	2145	2	0	0	0	0	0	0	0	4	0	0	0	0	0	0	0	0	0	0	2	11	32	0	0	0	1	0	0
fsh-generated/resources/ConceptMap-mii-cm-onko-therapie-ende-sct.json	4456	1	0	0	0	0	0	0	1	5	0	0	0	0	0	0	0	0	0	0	3	18	36	0	0	0	0	0	0
fsh-generated/resources/ConceptMap-mii-cm-onko-therapie-stellung-sct.json	2953	1	0	0	0	0	0	0	0	4	0	0	0	0	0	0	0	0	0	0	3	14	32	0	0	0	1	0	0
fsh-generated/resources/ConceptMap-mii-cm-onko-therapie-typ-sct.json	7128	1	0	0	0	0	0	0	0	5	0	0	0	0	0	0	0	0	0	0	3	28	36	0	0	0	0	0	0
fsh-generated/resources/ConceptMap-mii-cm-onko-therapieabweichung-sct.json	2151	1	0	0	0	0	0	0	1	4	0	0	0	0	0	0	0	0	0	0	4	11	33	0	0	0	1	0	0
fsh-generated/resources/ConceptMap-mii-cm-onko-therapieplanung-sct.json	2617	1	0	0	0	0	0	0	0	3	0	0	0	0	0	0	0	0	0	0	3	12	35	0	0	0	0	0	0
fsh-generated/resources/ConceptMap-mii-cm-onko-tnm-uicc-sct-clinical.json	36379	4	0	0	0	0	0	0	3	10	0	0	0	0	0	0	0	0	0	0	6	120	70	0	0	0	4	0	1
fsh-generated/resources/ConceptMap-mii-cm-onko-tnm-uicc-sct-pathological.json	36277	4	0	0	0	0	0	0	3	11	0	0	0	0	0	0	0	1	0	0	7	121	65	0	0	0	3	0	0
fsh-generated/resources/ConceptMap-mii-cm-onko-tod-sct.json	2307	1	0	0	0	0	0	0	0	5	0	0	0	0	0	0	0	0	0	0	5	12	34	0	0	0	0	0	0
fsh-generated/resources/ConceptMap-mii-cm-onko-verlauf-fernmetastasen-sct.json	4058	2	0	0	0	0	0	0	1	5	0	0	0	0	0	0	0	0	0	0	3	17	39	0	0	0	1	0	0
fsh-generated/resources/ConceptMap-mii-cm-onko-verlauf-gesamtbeurteilung-sct.json	4585	1	0	0	0	0	0	0	0	5	0	0	0	0	0	0	0	0	0	0	4	20	33	0	0	0	1	0	0
fsh-generated/resources/ConceptMap-mii-cm-onko-verlauf-lymphknoten-sct.json	3728	1	0	0	0	0	0	0	0	4	0	0	0	0	0	0	0	0	0	0	3	16	33	0	0	0	0	0	0
fsh-generated/resources/ConceptMap-mii-cm-onko-verlauf-primaertumor-sct.json	3692	1	0	0	0	0	0	0	0	5	0	0	0	0	0	0	0	0	0	0	3	17	28	0	0	0	0	0	0
fsh-generated/resources/ConceptMap-mii-cm-onkologie-to-mvgenomseq.json	8680	2	0	0	0	0	0	0	1	137	0	0	0	0	0	0	0	0	0	0	3	33	50	0	0	0	1	0	0
fsh-generated/resources/Condition-PatientKimMusterperson-Diagnosis-1.json	1839	1	0	0	0	0	0	0	0	3	0	0	0	0	0	0	0	0	0	0	11	11	12	0	0	0	0	0	0
fsh-generated/resources/Condition-PatientKimMusterperson-PrimaryDiagnosis-2.json	1803	2	0	0	0	0	0	0	1	2	0	0	0	0	0	0	0	0	0	0	8	10	12	0	0	0	0	0	0
fsh-generated/resources/Condition-mii-exa-onko-ascending-colon-cancer-diagnosis.json	1539	1	0	0	0	0	0	0	0	3	0	0	0	0	0	0	0	0	0	0	7	9	14	0	0	0	0	0	0
fsh-generated/resources/Condition-mii-exa-onko-colorectal-cancer-diagnosis.json	1552	1	0	0	0	0	0	0	0	3	0	0	0	0	0	0	0	0	0	0	7	10	15	0	0	0	0	0	0
fsh-generated/resources/Condition-mii-exa-onko-cup-diagnose-aufgeloest.json	2331	1	0	0	0	0	0	0	0	2	0	0	0	0	0	0	0	0	0	0	6	11	12	0	0	0	0	0	0
fsh-generated/resources/Condition-mii-exa-onko-cup-diagnose.json	2348	1	0	0	0	0	0	0	0	2	0	0	0	0	0	0	0	0	0	0	6	10	13	0	0	0	0	0	0
fsh-generated/resources/Condition-mii-exa-onko-diagnose-aml-transformation.json	2635	2	0	0	0	0	0	0	0	1	0	0	0	0	0	0	0	0	0	0	7	12	24	0	0	0	0	0	0
fsh-generated/resources/Condition-mii-exa-onko-diagnose-angiosarkom-nach-radiatio.json	2405	1	0	0	0	0	0	0	1	2	0	0	0	0	0	0	0	0	0	0	6	12	24	0	0	0	0	0	0
fsh-generated/resources/Condition-mii-exa-onko-diagnose-mds.json	2195	1	0	0	0	0	0	0	0	2	0	0	0	0	0	0	0	0	0	0	6	10	12	0	0	0	0	0	0
fsh-generated/resources/Condition-mii-exa-onko-diagnose-meningeom-benigne.json	2145	2	0	0	1	0	0	0	0	2	0	0	0	0	0	0	0	0	0	0	5	10	11	0	0	0	0	0	0
fsh-generated/resources/Condition-mii-exa-onko-diagnose-meningeom-maligne-transformation.json	2414	1	0	0	0	0	0	0	0	1	0	0	0	0	0	0	0	0	0	0	5	11	15	0	0	0	0	0	0
fsh-generated/resources/Condition-mii-exa-onko-diagnose-taml-nach-chemo.json	2378	1	0	0	0	0	0	0	0	3	0	0	0	0	0	0	0	0	0	0	4	12	15	0	0	0	0	0	0
fsh-generated/resources/Condition-mii-exa-onko-diagnose.json	2684	2	0	0	0	0	0	0	1	2	0	0	0	0	0	0	0	0	0	0	4	11	14	0	0	0	0	0	0
fsh-generated/resources/Condition-mii-exa-onko-fruehere-tumorerkrankung-cervix.json	1517	1	0	0	0	0	0	0	0	3	0	0	0	0	0	0	0	0	0	0	3	8	11	0	0	0	0	0	0
fsh-generated/resources/Condition-mii-exa-onko-fruehere-tumorerkrankung-freetext.json	1273	1	0	0	0	0	0	0	0	3	0	0	0	0	0	0	0	0	0	0	3	8	12	0	0	0	0	0	0
fsh-generated/resources/Condition-mii-exa-onko-fruehere-tumorerkrankung-mamma.json	1836	1	0	0	0	0	0	0	0	3	0	0	0	0	0	0	0	0	0	0	3	10	15	0	0	0	0	0	0
fsh-generated/resources/Condition-mii-exa-onko-fruehere-tumorerkrankung-prostata.json	1812	2	0	0	0	0	0	0	0	3	0	0	0	0	0	0	0	0	0	0	4	9	17	0	0	0	0	0	0
fsh-generated/resources/Condition-mii-exa-onko-kim-synth-diagnose.json	1303	1	0	0	0	0	0	0	0	2	0	0	0	0	0	0	0	0	0	0	3	8	12	0	0	0	0	0	0
fsh-generated/resources/Condition-mii-exa-onko-krk-diagnose.json	1261	1	0	0	0	0	0	0	0	2	0	0	0	0	0	0	0	0	0	0	3	8	12	0	0	0	0	0	0
fsh-generated/resources/Condition-mii-exa-onko-mamma-diagnose.json	1298	2	0	0	0	0	0	0	1	1	0	0	0	0	0	0	0	0	0	0	3	8	12	0	0	0	0	0	0
fsh-generated/resources/Condition-mii-exa-onko-melanom-diagnose.json	1637	1	0	0	0	0	0	0	0	3	0	0	0	0	0	0	0	0	0	0	3	9	19	0	0	0	0	0	0
fsh-generated/resources/Condition-mii-exa-onko-prostata-diagnose.json	1282	1	0	0	0	0	0	0	0	1	0	0	0	0	0	0	0	0	0	0	3	8	16	0	0	0	0	0	0
fsh-generated/resources/Condition-mii-exa-onko-tnm-bundle-diagnose.json	1278	2	0	0	0	0	0	0	0	2	0	0	0	0	0	0	0	0	0	0	3	7	11	0	0	0	0	0	0
fsh-generated/resources/Condition-mii-exa-onko-tnm-bundle-legacy-diagnose.json	1292	1	0	0	0	0	0	0	0	2	0	0	0	0	0	0	0	0	0	0	3	9	12	0	0	0	0	0	0
fsh-generated/resources/Condition-mii-exa-onko-tnm-synth-diagnose.json	1276	1	0	0	0	0	0	0	0	2	0	0	0	0	0	0	0	0	0	0	2	7	12	0	0	0	0	0	0
fsh-generated/resources/Condition-primaertumor-example.json	1299	1	0	0	0	0	0	0	0	2	0	0	0	0	0	0	0	0	0	0	3	8	11	0	0	0	0	0	1
fsh-generated/resources/Device-mii-exa-onko-kim-synthesis-device.json	260	1	0	0	0	0	0	0	0	3	0	0	0	0	0	0	0	0	0	0	3	5	7	0	0	0	0	0	0
fsh-generated/resources/DiagnosticReport-PatientKimMusterperson-PathoReport-1.json	855	2	0	0	1	0	0	0	0	2	0	0	0	0	0	0	0	0	0	0	2	7	14	0	0	0	0	0	0
fsh-generated/resources/DiagnosticReport-mii-exa-onko-befund-1.json	740	1	0	0	0	0	0	0	0	96	0	0	0	0	0	0	0	0	0	0	3	6	16	0	0	0	0	0	0
fsh-generated/resources/Encounter-example-chemo-phase1.json	289	1	0	0	0	0	0	0	0	2	0	0	0	0	0	0	0	0	0	0	3	4	11	0	0	0	0	0	0
fsh-generated/resources/Encounter-example-chemo-phase2.json	289	1	0	0	0	0	0	0	0	1	0	0	0	0	0	0	0	0	0	0	3	4	9	0	0	0	0	0	0
fsh-generated/resources/Encounter-example-diagnosis-modification.json	299	1	0	0	0	0	0	0	1	1	0	0	0	0	0	0	0	0	0	0	3	5	10	0	0	0	0	0	0
fsh-generated/resources/Encounter-example-surgery-modification.json	306	0	0	0	0	0	0	0	0	1	0	0	0	0	0	0	0	0	0	0	4	5	10	0	0	0	0	0	0
fsh-generated/resources/Encounter-example.json	263	1	0	0	0	0	0	0	0	2	0	0	0	0	0	0	0	0	0	0	3	5	9	0	0	0	0	0	0
fsh-generated/resources/Encounter-mii-exa-onko-folfox-encounter-chemo.json	311	1	0	0	0	0	0	0	0	1	0	0	0	0	0	0	0	0	0	0	5	6	11	0	0	0	0	0	0
fsh-generated/resources/Encounter-mii-exa-onko-folfox-encounter-diagnosis.json	315	1	0	0	0	0	0	0	0	1	0	0	0	0	0	0	0	0	0	0	5	5	9	0	0	0	0	0	0
fsh-generated/resources/Encounter-mii-exa-onko-folfox-encounter-surgery.json	322	1	0	0	0	0	0	0	0	2	0	0	0	0	0	0	0	0	0	0	3	4	10	0	0	0	0	0	0
fsh-generated/resources/Encounter-mii-exa-onko-krk-bundle-encounter.json	322	1	0	0	0	0	0	0	0	1	0	0	0	0	0	0	0	0	0	0	4	4	10	0	0	0	0	0	0
fsh-generated/resources/Encounter-mii-exa-onko-mamma-bundle-encounter.json	326	1	0	0	0	0	0	0	0	1	0	0	0	0	0	0	0	0	0	0	4	4	10	0	0	0	0	0	0
fsh-generated/resources/Encounter-mii-exa-onko-melanom-bundle-encounter.json	330	1	0	0	0	0	0	0	0	1	0	0	0	0	0	0	0	0	0	0	4	5	10	0	0	0	0	0	0
fsh-generated/resources/Encounter-mii-exa-onko-prostata-bundle-encounter.json	332	1	0	0	0	0	0	0	0	1	0	0	0	0	0	0	0	0	0	0	3	5	10	0	0	0	0	0	0
fsh-generated/resources/Library-mii-lib-onko-synthesize-tnm.json	2232	1	0	0	0	0	0	0	0	29	0	0	0	0	0	0	0	0	0	0	3	8	8	0	0	0	1	0	0
fsh-generated/resources/List-mii-exa-onko-liste-evidenz-erstdiagnose-1.json	1393	1	0	0	0	0	0	0	0	97	0	6	0	0	0	0	0	0	0	0	3	10	59	0	0	0	0	0	0
fsh-generated/resources/MedicationRequest-mii-exa-onko-cdk46-class-medication.json	1042	2	0	0	0	0	0	0	0	3	0	0	0	0	0	0	0	0	0	0	2	8	18	0	0	0	0	0	0
fsh-generated/resources/MedicationRequest-mii-exa-onko-folfox-5fu-request.json	762	1	0	0	0	0	0	0	0	1	0	0	0	0	0	0	0	0	0	0	3	7	13	0	0	0	0	0	0
fsh-generated/resources/MedicationRequest-mii-exa-onko-folfox-leucovorin-request.json	774	0	0	0	0	0	0	0	0	2	0	0	0	0	0	0	0	0	0	0	3	7	14	0	0	0	0	0	0
fsh-generated/resources/MedicationRequest-mii-exa-onko-folfox-oxaliplatin-request.json	759	1	0	0	0	0	0	0	1	2	0	0	0	0	0	0	0	0	0	0	2	7	13	0	0	0	0	0	0
fsh-generated/resources/MedicationRequest-mii-exa-onko-modification-5fu-request.json	853	1	0	0	0	0	0	0	0	3	0	0	0	0	0	0	0	0	0	0	3	7	14	0	0	0	0	0	0
fsh-generated/resources/MedicationRequest-mii-exa-onko-modification-leucovorin-request.json	865	1	0	0	0	0	0	0	0	3	0	0	0	0	0	0	0	0	0	0	3	7	14	0	0	0	0	0	0
fsh-generated/resources/MedicationRequest-mii-exa-onko-modification-oxaliplatin-request.json	1239	1	0	0	0	0	0	0	0	3	0	0	0	0	0	0	0	0	0	0	2	8	14	0	0	0	0	0	0
fsh-generated/resources/MedicationRequest-mii-exa-onko-tdm1-option.json	886	2	0	0	0	0	0	0	0	2	0	0	0	0	0	0	0	0	0	0	3	8	14	0	0	0	0	0	0
fsh-generated/resources/MedicationRequest-mii-exa-onko-tucatinib-option.json	891	1	0	0	0	0	0	0	0	3	0	0	0	0	0	0	0	0	0	0	3	8	14	0	0	0	0	0	0
fsh-generated/resources/MedicationStatement-PatientKimMusterperson-SystemicTherapyMedication-1a.json	806	1	0	0	0	0	0	0	0	2	0	0	0	0	0	0	0	0	0	0	2	7	16	0	0	0	0	0	0
fsh-generated/resources/MedicationStatement-PatientKimMusterperson-SystemicTherapyMedication-1b.json	807	2	0	0	0	0	0	0	0	2	0	0	0	0	0	0	0	0	0	0	3	10	14	0	0	0	0	0	0
fsh-generated/resources/MedicationStatement-PatientKimMusterperson-SystemicTherapyMedication-2a.json	807	1	0	0	1	0	0	0	0	2	0	0	0	0	0	0	0	0	0	0	3	7	14	0	0	0	0	0	0
fsh-generated/resources/MedicationStatement-PatientKimMusterperson-SystemicTherapyMedication-2b.json	808	1	0	0	0	0	0	0	0	2	0	0	0	0	0	0	0	0	0	0	2	6	14	0	0	0	0	0	0
fsh-generated/resources/MedicationStatement-PatientKimMusterperson-SystemicTherapyMedication-3.json	780	2	0	0	0	0	0	0	0	1	0	0	0	0	0	0	0	0	0	0	3	7	14	0	0	0	0	0	0
fsh-generated/resources/MedicationStatement-mii-exa-onko-folfox-5fu-statement.json	917	0	0	0	0	0	0	0	0	3	0	0	0	0	0	0	0	0	0	0	3	8	16	0	0	0	0	0	0
fsh-generated/resources/MedicationStatement-mii-exa-onko-folfox-leucovorin-statement.json	929	1	0	0	0	0	0	0	1	2	0	0	0	0	0	0	0	0	0	0	3	8	17	0	0	0	0	0	0
fsh-generated/resources/MedicationStatement-mii-exa-onko-folfox-oxaliplatin-statement.json	914	1	0	0	0	0	0	0	0	2	0	0	0	0	0	0	0	0	0	0	2	8	17	0	0	0	0	0	0
fsh-generated/resources/MedicationStatement-mii-exa-onko-medikation-iberdomide-unii.json	945	1	0	0	0	0	0	0	0	2	0	0	0	0	0	0	0	0	0	0	3	7	19	0	0	0	0	0	0
fsh-generated/resources/MedicationStatement-mii-exa-onko-medikation-imatinib-atc-version-transition.json	1151	1	0	0	0	0	0	0	0	3	0	0	0	0	0	0	0	0	0	0	3	8	18	0	0	0	0	0	0
fsh-generated/resources/MedicationStatement-mii-exa-onko-modification-5fu-phase1.json	936	1	0	0	0	0	0	0	0	2	0	0	0	0	0	0	0	0	0	0	3	7	27	0	0	0	0	0	0
fsh-generated/resources/MedicationStatement-mii-exa-onko-modification-5fu-phase2.json	956	1	0	0	0	0	0	0	0	2	0	0	0	0	0	0	0	0	0	0	2	8	29	0	0	0	0	0	0
fsh-generated/resources/MedicationStatement-mii-exa-onko-modification-leucovorin-phase1.json	948	1	0	0	0	0	0	0	0	1	0	0	0	0	0	0	0	0	0	0	4	8	24	0	0	0	0	0	0
fsh-generated/resources/MedicationStatement-mii-exa-onko-modification-leucovorin-phase2.json	968	1	0	0	0	0	0	0	0	2	0	0	0	0	0	0	0	0	0	0	3	25	34	0	0	0	0	0	0
fsh-generated/resources/MedicationStatement-mii-exa-onko-modification-oxaliplatin-phase1.json	1409	2	0	0	0	0	0	0	0	3	0	0	0	0	0	0	0	0	0	0	4	10	23	0	0	0	0	0	0
fsh-generated/resources/MedicationStatement-mii-exa-onko-systemische-therapie-medikation1.json	815	1	0	0	0	0	0	0	0	2	0	0	0	0	0	0	0	0	0	0	4	6	14	0	0	0	0	0	0
fsh-generated/resources/MedicationStatement-mii-exa-onko-systemische-therapie-medikation2.json	811	2	0	0	0	0	0	0	0	2	0	0	0	0	0	0	0	0	0	0	5	7	20	0	0	0	0	0	0
fsh-generated/resources/Observation-PatientKimMusterperson-Verlauf-2022-01-22.json	2087	1	0	0	0	0	0	0	1	2	0	0	0	0	0	0	0	0	0	0	5	11	24	0	0	0	0	0	0
fsh-generated/resources/Observation-TNM-Klassifikation-Observation-2.json	877	1	0	0	0	0	0	0	0	1	0	0	0	0	0	0	0	0	0	0	5	7	15	0	0	0	0	0	0
fsh-generated/resources/Observation-TNM-L-Observation-2.json	957	1	0	0	0	0	0	0	0	64	0	0	0	0	0	0	0	0	0	0	5	7	20	0	0	0	0	0	0
fsh-generated/resources/Observation-TNM-M-Observation-2.json	1377	1	0	0	0	0	0	0	0	2	0	0	0	0	0	0	0	0	0	0	4	7	16	0	0	0	0	0	0
fsh-generated/resources/Observation-TNM-Pn-Observation-2.json	960	1	0	0	0	0	0	0	0	65	0	0	0	0	0	0	0	0	0	0	4	8	15	0	0	0	0	0	0
fsh-generated/resources/Observation-TNM-T-Observation-2.json	1377	2	0	0	1	0	0	0	0	2	0	0	0	0	0	0	0	0	0	0	3	7	14	0	0	0	0	0	0
fsh-generated/resources/Observation-TNM-V-Observation-2.json	957	1	0	0	0	0	0	0	0	64	0	0	0	0	0	0	0	0	0	0	3	7	14	0	0	0	0	0	0
fsh-generated/resources/Observation-TNM-y-Symbol-Observation-2.json	949	1	0	0	0	0	0	0	0	95	0	0	0	0	0	0	0	0	0	0	3	7	28	0	0	0	0	0	0
fsh-generated/resources/Observation-mii-exa-onko-allgemeiner-leistungszustand-ecog.json	1211	1	0	0	0	0	0	0	0	2	0	0	0	0	0	0	0	0	0	0	3	8	14	0	0	0	0	0	0
fsh-generated/resources/Observation-mii-exa-onko-allgemeiner-leistungszustand-karnofsky.json	1012	1	0	0	0	0	0	0	0	63	0	0	0	0	0	0	0	0	0	0	2	7	22	0	0	0	0	0	0
fsh-generated/resources/Observation-mii-exa-onko-anzahl-befallene-lymphknoten-0.json	880	1	0	0	0	0	0	0	1	96	0	0	0	0	0	0	0	0	0	0	3	7	16	0	0	0	0	0	0
fsh-generated/resources/Observation-mii-exa-onko-anzahl-befallene-sentinel-lymphknoten-0.json	915	2	0	0	0	0	0	0	0	2	0	0	0	0	0	0	0	0	0	0	3	8	12	0	0	0	0	0	0
fsh-generated/resources/Observation-mii-exa-onko-anzahl-untersuchte-lymphknoten-23.json	886	1	0	0	0	0	0	0	0	1	0	0	0	0	0	0	0	0	0	0	3	6	11	0	0	0	0	0	0
fsh-generated/resources/Observation-mii-exa-onko-anzahl-untersuchte-sentinel-lymphknoten-0.json	932	1	0	0	0	0	0	0	0	2	0	0	0	0	0	0	0	0	0	0	3	8	12	0	1	0	0	0	0
fsh-generated/resources/Observation-mii-exa-onko-asa-klassifikation.json	913	1	0	0	0	0	0	0	0	2	0	0	0	0	0	0	0	0	0	0	3	7	15	0	0	0	0	0	0
fsh-generated/resources/Observation-mii-exa-onko-ascending-colon-tnm-m.json	1178	2	0	0	1	0	0	0	0	1	0	0	0	0	0	0	0	0	0	0	3	7	19	0	0	0	0	0	0
fsh-generated/resources/Observation-mii-exa-onko-ascending-colon-tnm-n.json	1178	2	0	0	0	0	0	0	0	2	0	0	0	0	0	0	0	0	0	0	3	7	25	0	0	0	0	0	0
fsh-generated/resources/Observation-mii-exa-onko-ascending-colon-tnm-t.json	1178	1	0	0	0	0	0	0	0	2	0	0	0	0	0	0	0	0	0	0	3	7	30	0	0	0	0	0	0
fsh-generated/resources/Observation-mii-exa-onko-ascending-colon-tnm.json	1299	2	0	0	0	0	0	0	0	2	0	0	0	0	0	0	0	0	0	0	2	9	33	0	0	0	0	0	0
fsh-generated/resources/Observation-mii-exa-onko-colorectal-tnm-m.json	1372	2	0	0	0	0	0	0	0	1	0	0	0	0	0	0	0	0	0	0	3	8	35	0	0	0	0	0	0
fsh-generated/resources/Observation-mii-exa-onko-colorectal-tnm-n.json	1372	1	0	0	1	0	0	0	1	2	0	0	0	0	0	0	0	0	0	0	3	8	27	0	0	0	0	0	0
fsh-generated/resources/Observation-mii-exa-onko-colorectal-tnm-t.json	1372	2	0	0	0	0	0	0	0	2	0	0	0	0	0	0	0	0	0	0	3	8	16	0	0	0	0	0	0
fsh-generated/resources/Observation-mii-exa-onko-colorectal-tnm.json	1248	1	0	0	0	0	0	0	0	2	0	0	0	0	0	0	0	0	0	0	2	9	23	0	0	0	0	0	0
fsh-generated/resources/Observation-mii-exa-onko-cup-fernmetastase-hep.json	838	2	0	0	0	0	0	0	0	2	0	0	0	0	0	0	0	0	0	0	3	7	14	0	0	0	0	0	0
fsh-generated/resources/Observation-mii-exa-onko-cup-fernmetastase-pul.json	838	1	0	0	0	0	0	0	0	3	0	0	0	0	0	0	0	0	0	0	3	7	15	0	0	0	0	0	0
fsh-generated/resources/Observation-mii-exa-onko-cup-tnm-klassifikation.json	1119	1	0	0	0	0	0	0	0	1	0	0	0	0	0	0	0	0	0	0	2	8	23	0	0	0	0	0	0
fsh-generated/resources/Observation-mii-exa-onko-cup-tnm-m-cM1.json	1612	1	0	0	0	0	0	0	0	2	0	0	0	0	0	0	0	0	0	0	3	8	15	0	0	0	0	0	0
fsh-generated/resources/Observation-mii-exa-onko-cup-tnm-n-cNX.json	1439	2	0	0	1	0	0	0	0	1	0	0	0	0	0	0	0	0	0	0	3	8	15	0	0	0	0	0	0
fsh-generated/resources/Observation-mii-exa-onko-cup-tnm-t-cTX.json	1439	1	0	0	0	0	0	0	0	2	0	0	0	0	0	0	0	0	0	0	3	8	15	0	0	0	0	0	0
fsh-generated/resources/Observation-mii-exa-onko-fernmetastasen-1.json	729	1	0	0	0	0	0	0	0	1	0	0	0	0	0	0	0	0	0	0	3	6	11	0	0	0	0	0	0
fsh-generated/resources/Observation-mii-exa-onko-folfox-verlauf-6months.json	2958	2	0	0	0	0	0	0	1	2	0	0	0	0	0	0	0	1	0	0	2	14	17	0	0	0	0	0	0
fsh-generated/resources/Observation-mii-exa-onko-genetische-variante-braf.json	1151	1	0	0	0	0	0	0	0	69	0	0	0	0	0	0	0	0	0	0	3	8	12	0	0	0	0	0	0
fsh-generated/resources/Observation-mii-exa-onko-grading-1.json	1005	2	0	0	0	0	0	0	0	2	0	0	0	0	0	0	0	0	0	0	3	7	14	0	0	0	0	0	0
fsh-generated/resources/Observation-mii-exa-onko-histologie-icdo3.json	943	1	0	0	0	0	0	0	0	64	0	0	0	0	0	0	0	0	0	0	2	7	14	0	0	0	0	0	0
fsh-generated/resources/Observation-mii-exa-onko-kim-klass1-cM1.json	1532	2	0	0	0	0	0	0	0	2	0	0	0	0	0	0	0	0	0	0	3	8	10	0	0	0	0	0	0
fsh-generated/resources/Observation-mii-exa-onko-kim-klass1-cN1.json	1532	1	0	0	1	0	0	0	0	1	0	0	0	0	0	0	0	0	0	0	3	8	10	0	0	0	0	0	0
fsh-generated/resources/Observation-mii-exa-onko-kim-klass1-cT3c.json	1536	1	0	0	0	0	0	0	0	1	0	0	0	0	0	0	0	0	0	0	2	7	11	0	0	0	0	0	0
fsh-generated/resources/Observation-mii-exa-onko-kim-klass1.json	1304	2	0	0	0	0	0	0	0	2	0	0	0	0	0	0	0	0	0	0	10	9	22	0	0	0	0	0	0
fsh-generated/resources/Observation-mii-exa-onko-kim-klass2-ycM1b.json	1911	1	0	0	0	0	0	0	1	1	0	0	0	0	0	0	0	0	0	0	8	8	12	0	0	0	0	0	0
fsh-generated/resources/Observation-mii-exa-onko-kim-klass2-ycN1.json	1907	1	0	0	0	0	0	0	0	2	0	0	0	0	0	0	0	0	0	0	6	8	11	0	0	0	0	0	1
fsh-generated/resources/Observation-mii-exa-onko-kim-klass2-ycT3c.json	1911	2	0	0	0	0	0	0	0	1	0	0	0	0	0	0	0	0	0	0	7	9	13	0	0	0	0	0	0
fsh-generated/resources/Observation-mii-exa-onko-kim-klass2-ysym.json	936	1	0	0	0	0	0	0	0	2	0	0	0	0	0	0	0	0	0	0	6	7	11	0	0	0	0	0	0
fsh-generated/resources/Observation-mii-exa-onko-kim-klass2.json	1383	1	0	0	0	0	0	0	0	2	0	0	0	0	0	0	0	0	0	0	6	9	26	0	0	0	0	0	0
fsh-generated/resources/Observation-mii-exa-onko-kim-klass3-L1.json	1004	2	0	0	1	0	0	0	0	1	0	0	0	0	0	0	0	0	0	0	5	7	10	0	0	0	0	0	0
fsh-generated/resources/Observation-mii-exa-onko-kim-klass3-Pn0.json	1022	1	0	0	0	0	0	0	0	1	0	0	0	0	0	0	0	0	0	0	4	7	11	0	0	0	0	0	0
fsh-generated/resources/Observation-mii-exa-onko-kim-klass3-V0.json	1001	1	0	0	0	0	0	0	0	1	0	0	0	0	0	0	0	0	0	0	4	7	10	0	0	0	0	0	0
fsh-generated/resources/Observation-mii-exa-onko-kim-klass3-ypM1b.json	1911	2	0	0	0	0	0	0	1	2	0	0	0	0	0	0	0	0	0	0	3	8	11	0	0	0	0	0	0
fsh-generated/resources/Observation-mii-exa-onko-kim-klass3-ypT3c.json	1911	1	0	0	0	0	0	0	0	1	0	0	0	0	0	0	0	0	0	0	3	9	11	0	0	0	0	0	0
fsh-generated/resources/Observation-mii-exa-onko-kim-klass3-ysym.json	936	1	0	1	0	0	0	0	0	1	0	0	0	0	0	0	0	0	0	0	3	7	10	0	0	0	0	0	0
fsh-generated/resources/Observation-mii-exa-onko-kim-klass3.json	1530	2	0	0	0	0	0	0	0	3	0	0	0	0	0	0	0	0	0	0	3	10	32	0	0	0	0	0	0
fsh-generated/resources/Observation-mii-exa-onko-kim-synth1.json	1486	1	0	0	0	0	0	0	0	1	0	0	0	0	0	0	0	0	0	0	3	10	28	0	0	1	0	0	0
fsh-generated/resources/Observation-mii-exa-onko-kim-synth2.json	1565	1	0	0	1	0	0	0	0	2	0	0	0	0	0	0	0	0	0	0	4	10	36	0	0	0	0	0	0
fsh-generated/resources/Observation-mii-exa-onko-kim-synth3.json	1855	2	0	0	0	0	0	0	0	2	0	0	0	0	0	0	0	0	0	0	3	13	45	0	0	0	0	0	0
fsh-generated/resources/Observation-mii-exa-onko-kim-synth4.json	1855	1	0	0	0	0	0	0	1	2	0	0	0	0	0	0	0	0	0	0	3	12	42	0	0	0	0	0	0
fsh-generated/resources/Observation-mii-exa-onko-krk-abstand-circumferelle-resektionsebene.json	966	2	0	0	0	0	0	0	0	32	0	0	0	0	0	0	0	0	0	0	2	8	18	0	0	0	0	0	0
fsh-generated/resources/Observation-mii-exa-onko-krk-abstand-mesorektale-fascie.json	869	1	0	0	0	0	0	0	0	2	0	0	0	0	0	0	0	0	0	0	3	7	16	0	0	0	0	0	0
fsh-generated/resources/Observation-mii-exa-onko-krk-abstand-resektionsrand-aboral.json	916	1	0	0	0	0	0	0	0	2	0	0	0	0	0	0	0	0	0	0	3	8	17	0	0	0	0	0	0
fsh-generated/resources/Observation-mii-exa-onko-krk-abstand-tumor-anokutanlinie.json	869	1	0	0	0	0	0	0	0	31	0	0	0	0	0	0	0	0	0	0	2	7	18	0	0	0	0	0	0
fsh-generated/resources/Observation-mii-exa-onko-krk-anastomoseninsuffizienz.json	1058	1	0	0	0	0	0	0	1	2	0	0	0	0	0	0	0	0	0	0	3	8	17	0	0	0	0	0	0
fsh-generated/resources/Observation-mii-exa-onko-mamma-her2neu-status.json	1604	1	0	0	0	0	0	0	0	3	0	0	0	0	0	0	0	0	0	0	3	9	14	0	0	0	0	0	0
fsh-generated/resources/Observation-mii-exa-onko-mamma-menopause-status-1.json	835	1	0	0	0	0	0	0	0	1	0	0	0	0	0	0	0	0	0	0	3	7	14	0	0	0	0	0	0
fsh-generated/resources/Observation-mii-exa-onko-mamma-rezeptorstatus-estrogen-1.json	1818	2	0	0	0	0	0	0	0	1	0	0	0	0	0	0	0	0	0	0	3	10	15	0	0	0	0	0	0
fsh-generated/resources/Observation-mii-exa-onko-mamma-rezeptorstatus-progesteron-1.json	1833	1	0	0	1	0	0	0	0	2	0	0	0	0	0	0	0	0	0	0	3	10	14	0	0	0	0	0	0
fsh-generated/resources/Observation-mii-exa-onko-mamma-tumorgroesse-1.json	1139	2	0	0	0	0	0	0	1	2	0	0	0	0	0	0	0	0	0	0	3	8	14	0	0	0	0	0	0
fsh-generated/resources/Observation-mii-exa-onko-melanom-breslow-tiefe.json	1100	2	0	0	0	0	0	0	0	2	0	0	0	0	0	0	0	0	0	0	4	11	19	0	0	0	0	0	0
fsh-generated/resources/Observation-mii-exa-onko-melanom-ldh.json	1727	1	0	0	0	0	0	0	0	33	0	0	0	0	0	0	0	0	0	0	3	13	18	0	0	0	0	0	0
fsh-generated/resources/Observation-mii-exa-onko-melanom-sicherheitsabstand.json	977	2	0	0	0	0	0	0	0	3	0	0	0	0	0	0	0	0	0	0	3	8	17	0	0	0	0	0	0
fsh-generated/resources/Observation-mii-exa-onko-melanom-ulzeration.json	1235	1	0	0	0	0	0	0	0	1	0	0	0	0	0	0	0	0	0	0	3	9	17	0	0	0	0	0	0
fsh-generated/resources/Observation-mii-exa-onko-modification-verlauf-6months.json	3087	1	0	0	0	0	0	0	0	2	0	0	0	0	0	0	0	0	0	0	3	15	15	0	0	0	0	0	0
fsh-generated/resources/Observation-mii-exa-onko-prostata-anzahl-positiver-stanzen-1.json	725	2	0	0	0	0	0	0	0	2	0	0	0	0	0	0	0	0	0	0	3	7	14	0	0	0	0	0	0
fsh-generated/resources/Observation-mii-exa-onko-prostata-anzahl-stanzen-1.json	697	1	0	0	0	0	0	0	0	1	0	0	0	0	0	0	0	0	0	0	3	7	13	0	0	0	0	0	0
fsh-generated/resources/Observation-mii-exa-onko-prostata-ca-befall-stanze-1.json	831	1	0	0	1	0	0	0	0	1	0	0	0	0	0	0	0	0	0	0	2	8	16	0	0	0	0	0	0
fsh-generated/resources/Observation-mii-exa-onko-prostata-gleason-pattern-grade-group-1.json	1461	2	0	0	0	0	0	0	1	1	0	0	0	0	0	0	0	0	0	0	3	9	20	0	0	0	0	0	0
fsh-generated/resources/Observation-mii-exa-onko-prostata-gleason-pattern-primary-1.json	1029	1	0	0	0	0	0	0	0	2	0	0	0	0	0	0	0	0	0	0	3	8	13	0	0	0	0	0	0
fsh-generated/resources/Observation-mii-exa-onko-prostata-gleason-pattern-secondary-1.json	1035	1	0	0	0	0	0	0	0	1	0	0	0	0	0	0	0	0	0	0	3	7	14	0	0	0	0	0	0
fsh-generated/resources/Observation-mii-exa-onko-prostata-gleason-score-gesamt-1.json	1039	2	0	0	0	0	0	0	0	1	0	0	0	0	0	0	0	0	0	0	2	7	14	0	0	0	0	0	0
fsh-generated/resources/Observation-mii-exa-onko-prostata-psa-diagnose-1.json	741	1	0	0	0	0	0	0	0	1	0	0	0	0	0	0	0	0	0	0	3	7	13	0	0	0	0	0	0
fsh-generated/resources/Observation-mii-exa-onko-prostata-psa-verlauf-1.json	741	1	0	0	0	0	0	0	0	1	0	0	0	0	0	0	0	0	0	0	3	7	14	0	0	0	0	0	0
fsh-generated/resources/Observation-mii-exa-onko-prostata-surgical-complication-1.json	1205	2	0	0	1	0	0	0	0	2	0	0	0	0	0	0	0	0	0	0	2	8	17	0	0	0	0	0	0
fsh-generated/resources/Observation-mii-exa-onko-residualstatus-1.json	692	1	0	0	0	0	0	0	0	68	0	0	0	0	0	0	0	0	0	0	3	7	9	0	0	0	0	0	0
fsh-generated/resources/Observation-mii-exa-onko-studienteilnahme-prob.json	1225	1	0	0	0	0	0	0	0	2	0	0	0	0	0	0	0	0	0	0	3	10	25	0	0	0	0	0	0
fsh-generated/resources/Observation-mii-exa-onko-studienteilnahme.json	810	2	0	0	0	0	0	0	0	63	0	0	0	0	0	0	0	0	0	0	2	7	13	0	0	0	0	0	0
fsh-generated/resources/Observation-mii-exa-onko-tnm-biopsy-cT4cN1cM0.json	1207	1	0	0	0	0	0	0	0	2	0	0	0	0	0	0	0	0	0	0	3	9	19	0	0	0	0	0	0
fsh-generated/resources/Observation-mii-exa-onko-tnm-bundle-klassifikation-cT2cN3cM0.json	1370	1	0	0	0	0	0	0	1	2	0	0	0	0	0	0	0	0	0	0	3	9	22	0	0	0	0	0	0
fsh-generated/resources/Observation-mii-exa-onko-tnm-bundle-legacy-klassifikation-cT2cN3cM0.json	1382	2	0	0	0	0	0	0	0	1	0	0	0	0	0	0	0	0	0	0	2	10	23	0	0	0	0	0	0
fsh-generated/resources/Observation-mii-exa-onko-tnm-bundle-legacy-m-cM0.json	1376	1	0	0	1	0	0	0	0	1	0	0	0	0	0	0	0	0	0	0	3	8	10	0	0	0	0	0	0
fsh-generated/resources/Observation-mii-exa-onko-tnm-bundle-legacy-n-cN3.json	1376	2	0	0	0	0	0	0	0	2	0	0	0	0	0	0	0	0	0	0	3	10	11	0	0	0	0	0	0
fsh-generated/resources/Observation-mii-exa-onko-tnm-bundle-legacy-t-cT2.json	1376	1	0	0	0	0	0	0	0	1	0	0	0	0	0	0	0	0	0	0	3	8	10	0	0	0	0	0	0
fsh-generated/resources/Observation-mii-exa-onko-tnm-bundle-m-kategorie-cM0.json	1545	1	0	0	0	0	0	0	0	1	0	0	0	0	0	0	0	0	0	0	4	8	11	0	0	0	0	0	0
fsh-generated/resources/Observation-mii-exa-onko-tnm-bundle-n-kategorie-cN3.json	1545	2	0	0	0	0	0	0	0	2	0	0	0	0	0	0	0	0	0	0	2	8	10	0	0	0	0	0	0
fsh-generated/resources/Observation-mii-exa-onko-tnm-bundle-t-kategorie-cT2.json	1545	1	0	0	0	0	0	0	0	1	0	0	0	0	0	0	0	0	0	0	3	8	11	0	0	0	0	0	0
fsh-generated/resources/Observation-mii-exa-onko-tnm-clinical-cT3cN1cM0.json	1209	2	0	0	1	0	0	0	1	1	0	0	0	0	0	0	0	0	0	0	3	8	19	0	0	0	0	0	0
fsh-generated/resources/Observation-mii-exa-onko-tnm-journey-l-kategorie-L0.json	985	1	0	0	0	0	0	0	0	1	0	0	0	0	0	0	0	0	0	0	3	7	10	0	0	0	0	0	0
fsh-generated/resources/Observation-mii-exa-onko-tnm-journey-pn-kategorie-Pn0.json	1004	1	0	0	0	0	0	0	0	2	0	0	0	0	0	0	0	0	0	0	2	7	11	0	0	0	0	0	0
fsh-generated/resources/Observation-mii-exa-onko-tnm-journey-residualstatus-R0.json	696	2	0	0	0	0	0	0	0	1	0	0	0	0	0	0	0	0	0	0	4	7	10	0	0	0	0	0	0
fsh-generated/resources/Observation-mii-exa-onko-tnm-journey-v-kategorie-V0.json	982	1	0	0	0	0	0	0	0	1	0	0	0	0	0	0	0	0	0	0	4	7	10	0	0	0	0	0	0
fsh-generated/resources/Observation-mii-exa-onko-tnm-klassifikation-TisN0M0.json	1214	1	0	0	0	0	0	0	0	2	0	0	0	0	0	0	0	0	0	0	4	9	20	0	0	0	0	0	0
fsh-generated/resources/Observation-mii-exa-onko-tnm-klassifikation-uT2a2pN0023i-sncM1.json	1505	2	0	0	0	0	0	0	0	1	0	0	0	0	0	0	0	0	0	0	4	10	29	0	0	0	0	0	0
fsh-generated/resources/Observation-mii-exa-onko-tnm-l-kategorie-L.json	985	1	1	0	0	0	0	0	0	1	0	0	0	0	0	0	0	0	0	0	4	8	10	0	0	0	0	0	0
fsh-generated/resources/Observation-mii-exa-onko-tnm-l-kategorie-L1.json	986	1	0	0	1	0	0	0	0	1	0	0	0	0	0	0	0	0	0	0	3	9	10	0	0	0	0	0	0
fsh-generated/resources/Observation-mii-exa-onko-tnm-m-kategorie-M0.json	1340	1	0	0	0	0	0	0	0	2	0	0	0	0	0	0	0	0	0	0	3	8	11	0	0	0	0	0	0
fsh-generated/resources/Observation-mii-exa-onko-tnm-m-kategorie-cM0.json	1505	3	0	0	0	0	0	0	1	1	0	0	0	0	0	0	0	0	0	0	3	8	11	0	0	0	0	0	0
fsh-generated/resources/Observation-mii-exa-onko-tnm-m-kategorie-cM1.json	1341	2	0	0	0	0	0	0	0	1	0	0	0	0	0	0	0	0	0	0	4	8	11	0	0	0	0	0	0
fsh-generated/resources/Observation-mii-exa-onko-tnm-m-kategorie-rcM1.json	1880	2	0	0	0	0	0	0	0	1	0	0	0	0	0	0	0	0	0	0	3	9	15	0	0	0	0	0	0
fsh-generated/resources/Observation-mii-exa-onko-tnm-n-kategorie-N0.json	1340	2	0	0	0	0	0	0	0	1	0	0	0	0	0	0	0	0	0	0	3	7	12	0	0	0	0	0	0
fsh-generated/resources/Observation-mii-exa-onko-tnm-n-kategorie-cN1.json	1505	1	0	0	1	0	0	0	0	2	0	0	0	0	0	0	0	0	0	0	4	11	11	0	0	0	0	0	0
fsh-generated/resources/Observation-mii-exa-onko-tnm-n-kategorie-pN0i-sn.json	2117	2	0	0	0	0	0	0	0	1	0	0	0	0	0	0	0	0	0	0	3	9	12	0	0	0	0	0	0
fsh-generated/resources/Observation-mii-exa-onko-tnm-n-kategorie-rcN1.json	1880	2	0	0	0	0	0	0	0	1	0	0	0	0	0	0	0	0	0	0	3	8	13	0	0	0	0	0	0
fsh-generated/resources/Observation-mii-exa-onko-tnm-n-kategorie-ycN0.json	1880	2	0	0	0	0	0	0	1	1	0	0	0	0	0	0	0	0	0	0	3	9	12	0	0	0	0	0	0
fsh-generated/resources/Observation-mii-exa-onko-tnm-n-kategorie-ypN0.json	1880	1	0	0	0	0	0	0	0	1	0	0	0	0	0	0	0	0	0	0	2	9	12	0	0	0	0	0	0
fsh-generated/resources/Observation-mii-exa-onko-tnm-pn-kategorie-Pn1.json	1005	2	0	0	0	0	0	0	0	1	0	0	0	0	0	0	0	0	0	0	3	7	11	0	0	0	0	0	0
fsh-generated/resources/Observation-mii-exa-onko-tnm-post-chemo-ycT2ycN0cM0.json	1213	1	0	0	0	0	0	0	0	2	0	0	0	0	0	0	0	0	0	0	3	9	20	0	0	0	0	0	1
fsh-generated/resources/Observation-mii-exa-onko-tnm-post-surgery-ypT0ypN0cM0.json	1475	2	0	0	0	0	0	0	0	1	0	0	0	0	0	0	0	0	0	0	3	13	31	0	0	0	0	0	0
fsh-generated/resources/Observation-mii-exa-onko-tnm-recurrence-rcT2cN1cM1.json	1211	2	0	0	0	0	0	0	0	2	0	0	0	0	0	0	0	0	0	0	2	9	20	0	0	0	0	0	0
fsh-generated/resources/Observation-mii-exa-onko-tnm-s-kategorie-S1.json	961	1	0	0	0	0	0	0	0	1	0	0	0	0	0	0	0	0	0	0	3	7	11	0	0	0	0	0	0
fsh-generated/resources/Observation-mii-exa-onko-tnm-synth-klassifikation.json	1911	2	0	0	0	0	0	0	0	2	0	0	0	0	0	0	0	0	0	0	3	12	29	0	0	0	0	0	0
fsh-generated/resources/Observation-mii-exa-onko-tnm-synth-meldung1-klassifikation.json	1360	1	0	0	0	0	0	0	0	1	0	0	0	0	0	0	0	0	0	0	2	10	24	0	0	0	0	0	0
fsh-generated/resources/Observation-mii-exa-onko-tnm-synth-meldung1-m-cM0.json	1542	2	0	0	0	0	0	0	1	1	0	0	0	0	0	0	0	0	0	0	3	9	10	0	0	0	0	0	0
fsh-generated/resources/Observation-mii-exa-onko-tnm-synth-meldung1-n-cN2.json	1542	1	0	0	0	0	0	0	0	1	0	0	0	0	0	0	0	0	0	0	3	8	11	0	0	0	0	0	0
fsh-generated/resources/Observation-mii-exa-onko-tnm-synth-meldung1-t-cT3.json	1542	2	0	0	1	0	0	0	0	2	0	0	0	0	0	0	0	0	0	0	3	8	10	0	0	0	0	0	0
fsh-generated/resources/Observation-mii-exa-onko-tnm-synth-meldung2-klassifikation.json	1278	1	0	0	0	0	0	0	0	1	0	0	0	0	0	0	0	0	0	0	3	10	20	0	0	0	0	0	0
fsh-generated/resources/Observation-mii-exa-onko-tnm-synth-meldung2-n-pN1.json	1542	1	0	0	0	0	0	0	0	1	0	0	0	0	0	0	0	0	0	0	3	8	11	0	0	0	0	0	0
fsh-generated/resources/Observation-mii-exa-onko-tnm-synth-meldung2-t-pT2.json	1542	2	0	0	0	0	0	0	0	1	0	0	0	0	0	0	0	0	0	0	2	8	10	0	0	0	0	0	0
fsh-generated/resources/Observation-mii-exa-onko-tnm-t-kategorie-Tis.json	1343	1	0	0	0	0	0	0	0	1	0	0	0	0	0	0	0	0	0	0	3	8	11	0	0	0	0	0	0
fsh-generated/resources/Observation-mii-exa-onko-tnm-t-kategorie-cT3.json	1505	2	0	0	0	0	0	0	0	2	0	0	0	0	0	0	0	0	0	0	3	7	10	0	0	0	0	0	0
fsh-generated/resources/Observation-mii-exa-onko-tnm-t-kategorie-cT4.json	1505	2	0	0	0	0	0	0	1	1	0	0	0	0	0	0	0	0	0	0	3	8	11	0	0	0	0	0	0
fsh-generated/resources/Observation-mii-exa-onko-tnm-t-kategorie-rcT2.json	1880	1	0	0	0	0	0	0	0	1	0	0	0	0	0	0	0	0	0	0	3	8	10	0	0	0	0	0	0
fsh-generated/resources/Observation-mii-exa-onko-tnm-t-kategorie-uT2a2.json	1347	2	0	0	0	0	0	0	0	1	0	0	0	0	0	0	0	0	0	0	2	8	11	0	0	0	0	0	0
fsh-generated/resources/Observation-mii-exa-onko-tnm-t-kategorie-ycT2.json	1880	1	0	0	0	0	0	0	0	1	0	0	0	0	0	0	0	0	0	0	3	9	11	0	0	0	0	0	0
fsh-generated/resources/Observation-mii-exa-onko-tnm-t-kategorie-ypT0.json	1880	2	0	0	0	0	0	0	0	1	0	0	0	0	0	0	0	0	0	0	3	8	11	0	0	0	0	0	0
fsh-generated/resources/Observation-mii-exa-onko-tnm-v-kategorie-V1.json	983	1	0	0	0	0	0	0	0	1	0	0	0	0	0	0	0	0	0	0	3	8	10	0	0	0	0	0	0
fsh-generated/resources/Observation-mii-exa-onko-tod-j.json	1114	1	0	0	0	0	0	0	0	63	0	0	0	0	0	0	0	0	0	0	3	8	11	0	0	0	0	0	0
fsh-generated/resources/Observation-mii-exa-onko-tod-n.json	1118	2	0	0	0	0	0	0	0	1	0	0	0	0	0	0	0	0	0	0	3	8	10	0	0	0	0	0	0
fsh-generated/resources/Observation-mii-exa-onko-tod-u.json	1024	1	0	0	1	0	0	0	1	2	0	0	0	0	0	0	0	0	0	0	3	7	10	0	0	0	0	0	0
fsh-generated/resources/Observation-mii-exa-onko-tumorgroesse.json	1050	1	0	0	0	0	0	0	0	1	0	0	0	0	0	0	0	0	0	0	2	8	14	0	0	0	0	0	0
fsh-generated/resources/Observation-mii-exa-onko-verlauf-journey-post-chemo.json	2632	2	0	0	0	0	0	0	0	1	0	0	0	0	0	0	0	0	0	0	3	12	15	0	0	0	0	0	0
fsh-generated/resources/Observation-mii-exa-onko-verlauf-journey-post-surgery.json	2631	1	0	0	0	0	0	0	0	2	0	0	0	0	0	0	0	0	0	0	3	13	15	0	0	0	0	0	0
fsh-generated/resources/Observation-mii-exa-onko-verlauf-journey-recurrence.json	2618	2	0	0	0	0	0	0	0	1	0	0	0	0	0	0	0	0	0	0	3	12	15	0	0	0	0	0	0
fsh-generated/resources/Observation-mii-exa-onko-verlauf-tumor.json	2695	1	0	0	0	0	0	0	0	1	0	0	0	0	0	0	0	0	0	0	3	12	15	0	0	0	0	0	0
fsh-generated/resources/Observation-mii-exa-onko-weitere-klassifikationen-1.json	1323	1	0	0	0	0	0	0	1	2	0	0	0	0	0	0	0	0	0	0	3	9	13	0	0	0	0	0	0
fsh-generated/resources/Observation-mii-exa-onko-weitere-klassifikationen-2.json	1163	2	0	0	0	0	0	0	0	1	0	0	0	0	0	0	0	0	0	0	10	8	14	0	0	0	0	0	0
fsh-generated/resources/Observation-mii-exa-onko-weitere-klassifikationen-3.json	1114	1	0	0	0	0	0	0	0	1	0	0	0	0	0	0	0	0	0	0	8	8	16	0	0	0	0	0	0
fsh-generated/resources/Observation-mii-exa-onko-weitere-klassifikationen-4.json	1168	2	0	0	0	0	0	0	0	2	0	0	0	0	0	0	0	0	0	0	7	26	22	0	0	0	0	0	0
fsh-generated/resources/Patient-PatientKimMusterperson.json	195	1	0	0	0	0	0	0	0	1	0	0	0	0	0	0	0	0	0	0	6	4	6	0	0	0	0	0	0
fsh-generated/resources/Patient-example-modification.json	212	1	0	0	0	0	0	0	0	0	0	0	0	0	0	0	0	0	0	0	6	4	6	0	0	0	0	0	0
fsh-generated/resources/Patient-example.json	200	1	0	0	0	0	0	0	0	1	0	0	0	0	0	0	0	0	0	0	6	3	6	0	0	0	0	0	0
fsh-generated/resources/Patient-mii-exa-onko-cup-patient.json	215	1	0	0	0	0	0	0	0	1	0	0	0	0	0	0	0	0	0	0	6	4	5	0	0	0	0	0	0
fsh-generated/resources/Patient-mii-exa-onko-folfox-patient.json	366	1	0	0	0	0	0	0	0	1	0	0	0	0	0	0	0	0	0	0	5	3	6	0	0	0	0	0	0
fsh-generated/resources/Patient-mii-exa-onko-kim-synth-patient.json	225	1	0	0	1	0	0	0	0	0	0	0	0	0	0	0	0	0	0	0	4	4	6	0	0	0	0	0	0
fsh-generated/resources/Patient-mii-exa-onko-krk-bundle-patient.json	177	1	0	0	0	0	0	0	0	1	0	0	0	0	0	0	0	0	0	0	4	4	6	0	0	0	0	0	0
fsh-generated/resources/Patient-mii-exa-onko-mamma-bundle-patient.json	175	1	0	0	0	0	0	0	0	0	0	0	0	0	0	0	0	0	0	0	3	3	6	0	0	0	0	0	0
fsh-generated/resources/Patient-mii-exa-onko-melanom-bundle-patient.json	176	2	0	0	0	0	0	0	0	1	0	0	0	0	0	0	0	0	0	0	3	4	5	0	0	0	0	0	0
fsh-generated/resources/Patient-mii-exa-onko-molecular-board-patient.json	375	1	0	0	0	0	0	0	0	1	0	0	0	0	0	0	0	0	0	0	4	4	6	0	0	0	0	0	0
fsh-generated/resources/Patient-mii-exa-onko-prostata-bundle-patient.json	180	1	0	0	0	0	0	0	0	0	0	0	0	0	0	0	0	0	0	0	2	4	6	0	0	0	0	0	0
fsh-generated/resources/Patient-mii-exa-onko-tnm-bundle-legacy-patient.json	231	1	0	0	0	0	0	0	0	1	0	0	0	0	0	0	0	0	0	0	3	4	6	0	0	0	0	0	0
fsh-generated/resources/Patient-mii-exa-onko-tnm-bundle-patient.json	226	1	0	0	0	0	0	0	0	0	0	0	0	0	0	0	0	0	0	0	3	3	6	0	0	0	0	0	0
fsh-generated/resources/Patient-mii-exa-onko-tnm-synth-patient.json	222	1	0	0	0	0	0	0	0	1	0	0	0	0	0	0	0	0	0	0	3	4	6	0	0	0	0	0	0
fsh-generated/resources/Procedure-PatientKimMusterperson-Procedure-1.json	769	1	0	0	0	0	0	0	0	2	0	0	0	0	0	0	0	0	0	0	3	7	14	0	0	0	0	0	0
fsh-generated/resources/Procedure-PatientKimMusterperson-Procedure-2.json	816	1	0	0	0	0	0	0	0	0	0	0	0	0	0	0	0	0	0	0	3	7	10	0	0	0	0	0	0
fsh-generated/resources/Procedure-PatientKimMusterperson-Procedure-3.json	755	1	0	0	0	0	0	0	0	1	0	0	0	0	0	0	0	0	0	0	4	7	10	0	0	0	0	0	0
fsh-generated/resources/Procedure-PatientKimMusterperson-Procedure-4.json	1457	1	0	0	0	0	0	0	1	2	0	0	0	0	0	0	0	0	0	0	4	9	14	0	0	0	0	0	0
fsh-generated/resources/Procedure-PatientKimMusterperson-Procedure-4a.json	1103	1	0	0	0	0	0	0	0	1	0	0	0	0	0	0	0	0	0	0	5	9	13	0	0	0	0	0	0
fsh-generated/resources/Procedure-PatientKimMusterperson-Procedure-4b.json	1051	2	0	0	1	0	0	0	0	1	0	0	0	0	0	0	0	0	0	0	4	8	13	0	0	0	0	0	0
fsh-generated/resources/Procedure-PatientKimMusterperson-Procedure-4c.json	1031	1	0	0	0	0	0	0	0	1	0	0	0	0	0	0	0	0	0	0	5	8	14	0	0	0	0	0	0
fsh-generated/resources/Procedure-PatientKimMusterperson-Procedure-4d.json	1107	1	0	0	0	0	0	0	0	2	0	0	0	0	0	0	0	0	0	0	5	9	13	0	0	0	0	0	0
fsh-generated/resources/Procedure-PatientKimMusterperson-SystemicTherapy-1.json	1781	1	0	0	0	0	0	0	0	64	0	0	0	0	0	0	0	0	0	0	5	10	14	0	0	0	0	0	0
fsh-generated/resources/Procedure-PatientKimMusterperson-SystemicTherapy-2.json	1676	1	0	0	0	0	0	0	0	2	0	0	0	0	0	0	0	0	0	0	5	9	10	0	0	0	0	0	0
fsh-generated/resources/Procedure-PatientKimMusterperson-SystemicTherapy-3.json	1651	1	0	0	0	0	0	0	0	1	0	0	0	0	0	0	0	0	0	0	6	9	11	0	0	0	0	0	0
fsh-generated/resources/Procedure-mii-exa-onko-folfox-phase1.json	2886	0	0	0	0	0	0	0	0	3	0	0	0	0	0	0	0	0	0	0	5	14	22	0	0	0	0	0	0
fsh-generated/resources/Procedure-mii-exa-onko-folfox-procedure.json	2917	1	0	0	0	0	0	0	1	2	0	0	0	0	0	0	0	0	0	0	6	14	22	0	0	0	0	0	0
fsh-generated/resources/Procedure-mii-exa-onko-krk-operation.json	1565	1	0	0	0	0	0	0	0	2	0	0	0	0	0	0	0	0	0	0	5	10	17	0	0	1	0	0	0
fsh-generated/resources/Procedure-mii-exa-onko-krk-stoma-markierung.json	1301	1	0	0	0	0	0	0	0	1	0	0	0	0	0	0	0	0	0	0	5	9	16	0	0	0	0	0	0
fsh-generated/resources/Procedure-mii-exa-onko-lv5fu2-phase2.json	2997	1	0	0	0	0	0	0	0	2	0	0	0	0	0	0	0	0	0	0	5	14	25	0	0	0	0	0	0
fsh-generated/resources/Procedure-mii-exa-onko-mamma-praeoperative-markierung-1.json	941	2	0	0	0	0	0	0	0	2	0	0	0	0	0	0	0	0	0	0	4	7	14	0	0	0	0	0	0
fsh-generated/resources/Procedure-mii-exa-onko-melanom-exzision-oberarm.json	2002	1	0	0	0	0	0	0	0	1	0	0	0	0	0	0	0	0	0	0	5	10	14	0	0	0	0	0	0
fsh-generated/resources/Procedure-mii-exa-onko-melanom-exzision-ruecken.json	2102	1	0	0	0	0	0	0	1	2	0	0	0	0	0	0	0	0	0	0	6	11	15	0	0	0	0	0	0
fsh-generated/resources/Procedure-mii-exa-onko-operation-1.json	1907	1	0	0	0	0	0	0	0	2	0	0	0	0	0	0	0	0	0	0	6	10	17	0	0	0	0	0	0
fsh-generated/resources/Procedure-mii-exa-onko-palbociclib-therapie.json	1691	1	0	0	0	0	0	0	0	3	0	0	0	0	0	0	0	0	0	0	5	10	18	0	0	0	0	0	0
fsh-generated/resources/Procedure-mii-exa-onko-pertuzumab-therapie.json	1472	2	0	0	0	0	0	0	0	1	0	0	0	0	0	0	0	0	0	0	6	9	15	0	0	0	0	0	0
fsh-generated/resources/Procedure-mii-exa-onko-prostata-operation-prostatektomie.json	1778	1	0	0	1	0	0	0	0	2	0	0	0	0	0	0	0	0	0	0	6	9	14	0	0	0	0	0	0
fsh-generated/resources/Procedure-mii-exa-onko-prostata-operation-turp.json	1775	1	0	0	0	0	0	0	0	1	0	0	0	0	0	0	0	0	0	0	7	9	14	0	0	0	0	0	0
fsh-generated/resources/Procedure-mii-exa-onko-prostata-surgery-1.json	1317	1	0	0	0	0	0	0	0	1	0	0	0	0	0	0	0	0	0	0	7	8	15	0	0	0	0	0	0
fsh-generated/resources/Procedure-mii-exa-onko-prostata-surgery-2.json	2126	2	0	0	0	0	0	0	0	1	0	0	0	0	0	0	0	0	0	0	8	11	17	0	0	0	0	0	0
fsh-generated/resources/Procedure-mii-exa-onko-right-hemicolectomy.json	1939	1	0	0	0	1	0	0	1	2	0	0	0	0	0	0	0	0	0	0	9	10	19	0	0	0	0	0	0
fsh-generated/resources/Procedure-mii-exa-onko-sigmoid-resection-part1.json	1651	1	0	0	0	0	0	0	0	2	0	0	0	0	0	0	0	0	0	0	8	10	21	0	0	0	0	0	0
fsh-generated/resources/Procedure-mii-exa-onko-sigmoid-resection-part2.json	1703	1	0	0	0	0	0	0	0	1	0	0	0	0	0	0	0	0	0	0	8	10	21	0	0	0	0	0	0
fsh-generated/resources/Procedure-mii-exa-onko-sigmoid-resection-part3.json	1609	1	0	0	0	0	0	0	0	2	0	0	0	0	0	0	0	0	0	0	8	10	21	0	0	0	0	0	0
fsh-generated/resources/Procedure-mii-exa-onko-sigmoid-resection.json	2070	1	0	0	0	0	0	0	0	2	0	0	0	0	0	0	0	0	0	0	8	11	18	0	0	0	0	0	0
fsh-generated/resources/Procedure-mii-exa-onko-strahlentherapie-2014-mamma-mit-lk.json	1886	1	0	0	0	0	0	0	0	62	0	0	0	0	0	0	0	0	0	0	7	11	18	0	0	0	0	0	0
fsh-generated/resources/Procedure-mii-exa-onko-strahlentherapie-2014-prostata-mit-lk.json	1878	2	0	0	0	0	0	0	0	2	0	0	0	0	0	0	0	0	0	0	8	10	17	0	0	0	0	0	1
fsh-generated/resources/Procedure-mii-exa-onko-strahlentherapie-2021-mamma-lymphknoten.json	2529	1	0	0	0	0	0	0	1	2	0	0	0	0	0	0	0	0	0	0	7	11	21	0	0	0	0	0	0
fsh-generated/resources/Procedure-mii-exa-onko-strahlentherapie-2021-mamma-primaer.json	2412	1	0	0	0	0	0	0	0	2	0	0	0	0	0	0	0	0	0	0	7	11	17	0	0	0	0	0	0
fsh-generated/resources/Procedure-mii-exa-onko-strahlentherapie-bestrahlung-nuklearmedizin-1.json	2984	1	0	0	0	0	0	0	0	3	0	0	0	0	0	0	0	0	0	0	9	15	16	0	0	0	0	0	0
fsh-generated/resources/Procedure-mii-exa-onko-strahlentherapie-bestrahlung-pci-sclc.json	2302	2	0	0	0	0	0	0	0	125	0	0	0	0	0	0	0	0	0	0	7	11	22	0	0	0	0	0	0
fsh-generated/resources/Procedure-mii-exa-onko-strahlentherapie-bestrahlung-strahlentherapie-1.json	3052	1	0	0	0	0	0	0	1	4	0	0	0	0	0	0	0	0	0	0	7	13	14	0	0	0	0	0	0
fsh-generated/resources/Procedure-mii-exa-onko-strahlentherapie-nuklearmedizin-1.json	1579	1	0	0	0	0	0	0	0	63	0	0	0	0	0	0	0	0	0	0	8	8	11	0	0	0	0	0	0
fsh-generated/resources/Procedure-mii-exa-onko-strahlentherapie-pci-sclc.json	1576	1	0	0	0	0	0	0	0	2	0	0	0	0	0	0	0	0	0	0	7	9	10	0	0	0	0	0	0
fsh-generated/resources/Procedure-mii-exa-onko-strahlentherapie-strahlentherapie-1.json	1586	1	0	0	0	0	0	0	0	2	0	0	0	0	0	0	0	0	0	0	6	8	11	0	0	0	0	0	0
fsh-generated/resources/Procedure-mii-exa-onko-systemische-therapie-1.json	2014	2	0	0	0	0	0	0	0	2	0	0	0	0	0	0	0	0	0	0	7	10	11	0	0	0	0	0	0
fsh-generated/resources/Procedure-mii-exa-onko-trastuzumab-therapie.json	1485	1	0	0	0	0	0	0	0	1	0	0	0	0	0	0	0	0	0	0	8	9	15	0	0	0	0	0	0
fsh-generated/resources/Provenance-mii-exa-onko-kim-synthesis-provenance.json	1803	1	0	0	1	0	0	0	0	2	0	0	0	0	0	0	0	0	0	0	7	9	35	0	0	0	0	0	0
fsh-generated/resources/RequestGroup-mii-exa-onko-folfox-requestgroup-modification.json	2086	1	0	0	0	0	0	0	1	5	0	0	0	0	0	0	0	0	0	0	7	13	60	0	0	0	0	0	0
fsh-generated/resources/RequestGroup-mii-exa-onko-folfox-requestgroup.json	2054	1	0	0	0	0	0	0	0	2	0	0	0	0	0	0	0	0	0	0	8	13	50	0	0	0	0	0	0
fsh-generated/resources/RequestGroup-mii-exa-onko-molecular-cdk46-protocol.json	1124	1	0	0	0	0	0	0	0	2	0	0	0	0	0	0	0	0	0	0	8	10	40	0	0	0	0	0	0
fsh-generated/resources/RequestGroup-mii-exa-onko-molecular-her2-alternatives.json	1411	2	0	0	0	0	0	0	0	4	0	0	0	0	0	0	0	0	0	0	9	12	46	0	0	0	0	0	0
fsh-generated/resources/ResearchStudy-mii-exa-onko-studie-prob.json	1122	1	0	0	0	0	0	0	0	3	0	0	0	0	0	0	0	0	0	0	7	7	25	0	0	0	0	0	0
fsh-generated/resources/SearchParameter-mii-sp-onko-condition-ext-morphology-behavior-icdo3.json	1569	1	0	0	0	0	0	0	0	6	0	0	0	0	0	0	0	0	0	0	9	11	11	0	0	0	1	0	0
fsh-generated/resources/SearchParameter-mii-sp-onko-ext-strahlentherapie-stellungzurop.json	977	1	0	0	0	0	0	0	0	3	0	0	0	0	0	0	0	0	0	0	8	9	10	0	0	0	0	0	0
fsh-generated/resources/SearchParameter-mii-sp-onko-ext-systemischetherapie-stellungzurop.json	993	2	0	0	0	0	0	0	0	2	0	0	0	0	0	0	0	0	0	0	8	9	9	0	0	0	0	0	0
fsh-generated/resources/SearchParameter-mii-sp-onko-observation-ext-tnm-n-itc.json	1466	1	0	0	0	0	0	0	1	3	0	0	0	0	0	0	0	0	0	0	8	10	9	0	0	0	0	0	0
fsh-generated/resources/SearchParameter-mii-sp-onko-observation-ext-tnm-n-sn-suffix.json	1503	1	0	0	0	0	0	0	0	2	0	0	0	0	0	0	0	0	0	0	8	11	10	0	0	0	1	0	0
fsh-generated/resources/SearchParameter-mii-sp-onko-observation-tnm-cp-praefix.json	1684	1	0	0	1	0	0	0	0	3	0	0	0	0	0	0	0	0	0	0	9	11	9	0	0	0	0	0	0
fsh-generated/resources/SearchParameter-mii-sp-onko-observation-tnm-r-praefix.json	1695	1	0	0	0	0	0	0	0	3	0	0	0	0	0	0	0	0	0	0	8	11	10	0	0	0	0	0	0
fsh-generated/resources/SearchParameter-mii-sp-onko-observation-tnm-y-praefix.json	1715	2	0	0	0	0	0	0	0	2	0	0	0	0	0	0	0	0	0	0	9	12	10	0	0	0	1	0	0
fsh-generated/resources/SearchParameter-mii-sp-onko-procedure-ext-operation-intention.json	1510	1	0	0	0	0	0	0	0	2	0	0	0	0	0	0	0	0	0	0	8	11	9	0	0	0	0	0	0
fsh-generated/resources/SearchParameter-mii-sp-onko-procedure-ext-strahlentherapie-bs-boost.json	1545	1	0	0	0	0	0	0	0	3	0	0	0	0	0	0	0	0	0	0	9	10	10	0	0	0	0	0	0
fsh-generated/resources/SearchParameter-mii-sp-onko-procedure-ext-strahlentherapie-bs-einzeldosis.json	1584	2	0	0	0	0	0	0	0	2	0	0	0	0	0	0	0	0	0	0	8	11	9	0	0	0	1	0	0
fsh-generated/resources/SearchParameter-mii-sp-onko-procedure-ext-strahlentherapie-bs-gesamtdosis.json	1584	1	0	0	0	0	0	0	1	3	0	0	0	0	0	0	0	0	0	0	7	11	10	0	0	0	0	0	0
fsh-generated/resources/SearchParameter-mii-sp-onko-procedure-ext-strahlentherapie-intention.json	1545	1	0	0	0	0	0	0	0	2	0	0	0	0	0	0	0	0	0	0	8	10	9	0	0	0	0	0	0
fsh-generated/resources/SearchParameter-mii-sp-onko-procedure-ext-systemischetherapie-intention.json	1561	1	0	0	1	0	0	0	0	2	0	0	0	0	0	0	0	0	0	0	7	12	10	0	0	0	1	0	0
fsh-generated/resources/SearchParameter-mii-sp-onko-procedure-strahlentherapie-applikationsart.json	1550	1	0	0	0	0	0	0	0	3	0	0	0	0	0	0	0	0	0	0	7	11	10	0	0	0	0	0	0
fsh-generated/resources/SearchParameter-mii-sp-onko-procedure-strahlentherapie-lateralitaet.json	1592	1	0	0	0	0	0	0	0	2	0	0	0	0	0	0	0	0	0	0	7	10	9	0	0	0	0	0	0
fsh-generated/resources/SearchParameter-mii-sp-onko-procedure-strahlentherapie-strahlenart.json	1526	2	0	0	0	0	0	0	0	2	0	0	0	0	0	0	0	0	0	0	9	11	10	0	0	0	0	0	0
fsh-generated/resources/ServiceRequest-mii-exa-onko-molecular-surgery-request.json	869	1	0	0	0	0	0	0	0	67	0	0	0	0	0	0	0	0	0	0	8	7	25	0	0	0	0	0	0
fsh-generated/resources/Specimen-PatientKimMusterperson-Specimen-1.json	270	1	0	0	0	0	0	0	0	3	0	0	0	0	0	0	0	0	0	0	9	5	10	0	0	0	0	0	0
fsh-generated/resources/Specimen-mii-exa-onko-krk-specimen.json	1077	2	0	0	0	0	0	0	0	2	0	0	0	0	0	0	0	0	0	0	8	7	11	0	0	0	0	0	0
fsh-generated/resources/Specimen-mii-exa-onko-prostata-specimen-stanze.json	450	1	0	0	0	0	0	0	1	2	0	0	0	0	0	0	0	0	0	0	8	6	10	0	0	0	0	0	0
fsh-generated/resources/Specimen-mii-exa-onko-specimen-1.json	403	1	0	0	0	0	0	0	0	1	0	0	0	0	0	0	0	0	0	0	9	6	11	0	0	0	0	0	0
fsh-generated/resources/StructureDefinition-mii-ex-onko-histology-morphology-behavior-icdo3.json	6014	2	0	39	0	0	0	0	0	596	0	0	1	0	0	0	0	1	0	0	1	109	1125	0	0	0	3	0	0
fsh-generated/resources/StructureDefinition-mii-ex-onko-operation-intention.json	5843	2	0	35	0	0	0	0	0	14	0	0	0	0	0	0	0	0	0	0	0	107	404	0	0	0	3	0	1
fsh-generated/resources/StructureDefinition-mii-ex-onko-operation-urgency.json	6260	1	0	36	0	0	0	0	0	10	0	0	0	0	0	0	0	0	0	0	1	109	395	0	0	0	3	0	0
fsh-generated/resources/StructureDefinition-mii-ex-onko-strahlentherapie-bestrahlung-boost.json	5541	2	0	20	0	0	0	0	0	9	0	0	0	0	0	0	0	0	0	0	0	64	286	0	0	0	2	0	0
fsh-generated/resources/StructureDefinition-mii-ex-onko-strahlentherapie-bestrahlung-einzeldosis.json	5797	2	0	29	0	0	0	0	0	9	0	0	1	0	0	0	0	0	0	0	0	84	396	0	0	0	2	0	0
fsh-generated/resources/StructureDefinition-mii-ex-onko-strahlentherapie-bestrahlung-gesamtdosis.json	5766	1	0	30	0	0	0	0	0	8	0	0	0	0	0	0	0	0	0	0	0	83	447	0	0	0	6	0	0
fsh-generated/resources/StructureDefinition-mii-ex-onko-strahlentherapie-bestrahlung-seitenlokalisation.json	5718	2	0	20	0	0	0	0	0	8	0	0	0	0	0	0	0	0	0	0	1	65	380	0	0	0	2	0	1
fsh-generated/resources/StructureDefinition-mii-ex-onko-strahlentherapie-intention.json	5860	2	0	33	0	0	0	0	0	10	0	0	0	0	0	0	0	0	0	0	0	129	434	0	0	0	5	0	0
fsh-generated/resources/StructureDefinition-mii-ex-onko-strahlentherapie-stellungzurop.json	5894	2	0	113	1	0	0	0	0	16	0	0	1	0	0	0	0	1	0	0	0	109	440	0	0	0	2	1	0
fsh-generated/resources/StructureDefinition-mii-ex-onko-systemische-therapie-intention.json	5896	1	0	32	0	0	0	0	0	16	0	0	0	0	0	0	0	0	0	0	1	110	457	0	0	0	3	0	0
fsh-generated/resources/StructureDefinition-mii-ex-onko-systemische-therapie-stellungzurop.json	5930	2	0	34	0	0	0	0	0	15	0	0	0	0	0	0	0	0	0	0	0	109	410	0	0	0	3	0	1
fsh-generated/resources/StructureDefinition-mii-ex-onko-tnm-a-praefix.json	6005	2	0	29	0	0	0	0	0	20	0	0	1	0	0	0	0	0	0	0	0	105	356	0	0	0	3	0	0
fsh-generated/resources/StructureDefinition-mii-ex-onko-tnm-cp-praefix.json	5907	1	0	30	0	0	0	0	0	14	0	0	0	0	0	0	0	0	0	0	0	106	370	0	0	0	2	0	0
fsh-generated/resources/StructureDefinition-mii-ex-onko-tnm-itc-suffix.json	5443	1	0	32	0	0	0	0	0	14	0	0	0	0	0	0	0	0	0	0	0	102	364	0	0	0	3	0	0
fsh-generated/resources/StructureDefinition-mii-ex-onko-tnm-r-praefix.json	6004	2	0	19	0	0	0	0	0	14	0	0	0	0	0	0	0	1	0	0	1	105	328	0	0	0	3	0	1
fsh-generated/resources/StructureDefinition-mii-ex-onko-tnm-sn-suffix.json	5474	1	0	20	0	0	0	0	0	19	0	0	1	0	0	0	0	0	0	0	0	103	343	0	0	0	2	0	0
fsh-generated/resources/StructureDefinition-mii-ex-onko-tnm-y-praefix.json	6064	2	0	18	0	0	0	0	0	13	0	0	0	0	0	0	0	0	0	0	0	105	323	0	0	0	3	0	0
fsh-generated/resources/StructureDefinition-mii-ex-onko-transformation-von.json	6500	2	0	11	0	0	0	0	0	11	0	0	0	0	0	0	0	0	0	0	0	65	342	0	0	0	2	0	0
fsh-generated/resources/StructureDefinition-mii-lm-mvgenomseq-onkologie.json	68226	75	0	93	0	0	0	0	0	180	0	0	1	0	0	0	0	2	0	0	6	1096	1146	0	0	0	28	0	2
fsh-generated/resources/StructureDefinition-mii-lm-onko-organspezifische-zusatzmodule.json	60877	4	0	82	0	0	0	0	0	102	0	0	0	0	0	0	0	1	0	0	7	735	868	0	0	0	21	0	1
fsh-generated/resources/StructureDefinition-mii-lm-onko.json	66705	5	0	78	0	0	0	0	0	120	0	0	1	0	0	0	0	2	0	0	6	943	920	0	0	0	25	0	2
fsh-generated/resources/StructureDefinition-mii-pr-onko-allgemeiner-leistungszustand-ecog.json	11365	2	0	119	0	0	0	0	0	70	0	0	0	0	0	0	0	1	0	0	0	437	1369	0	0	0	15	0	2
fsh-generated/resources/StructureDefinition-mii-pr-onko-allgemeiner-leistungszustand-karnofsky.json	11395	2	0	95	0	0	0	0	1	34	0	0	0	0	0	0	0	1	0	0	1	440	1282	0	0	0	14	1	1
fsh-generated/resources/StructureDefinition-mii-pr-onko-anzahl-befallene-lymphknoten.json	10744	2	0	77	0	0	0	0	0	28	0	0	1	0	0	0	0	1	0	0	0	425	1068	0	0	0	13	0	1
fsh-generated/resources/StructureDefinition-mii-pr-onko-anzahl-befallene-sentinel-lymphknoten.json	10810	2	0	106	0	0	0	0	0	23	0	0	0	0	0	0	0	0	0	0	0	394	1030	0	1	0	14	0	1
fsh-generated/resources/StructureDefinition-mii-pr-onko-anzahl-untersuchte-lymphknoten.json	10768	2	0	74	1	0	0	1	0	37	0	0	0	0	0	0	0	1	0	0	1	396	1007	0	0	0	13	0	2
fsh-generated/resources/StructureDefinition-mii-pr-onko-anzahl-untersuchte-sentinel-lymphknoten.json	10840	2	0	75	0	0	0	0	0	39	0	0	1	0	0	0	0	1	0	0	0	396	980	0	0	0	10	0	1
fsh-generated/resources/StructureDefinition-mii-pr-onko-asa-klassifikation.json	9230	2	0	64	0	0	0	0	0	25	0	0	0	0	0	0	0	1	0	0	0	334	938	0	0	0	7	0	1
fsh-generated/resources/StructureDefinition-mii-pr-onko-befund.json	9198	1	0	50	0	0	0	0	0	24	0	0	0	0	0	0	0	1	0	0	0	246	521	0	0	0	6	0	0
fsh-generated/resources/StructureDefinition-mii-pr-onko-diagnose-primaertumor.json	29977	4	0	266	0	0	0	0	0	93	0	0	1	0	0	0	0	2	0	0	2	918	8624	0	0	0	21	1	4
fsh-generated/resources/StructureDefinition-mii-pr-onko-fernmetastasen.json	12108	3	0	122	0	0	0	0	0	276	0	0	0	0	0	0	0	1	0	0	0	429	1073	0	0	0	10	0	1
fsh-generated/resources/StructureDefinition-mii-pr-onko-fruehere-tumorerkrankung.json	14794	2	0	224	0	0	0	0	0	44	0	0	1	0	0	0	0	1	0	0	1	445	757	0	0	0	9	0	1
fsh-generated/resources/StructureDefinition-mii-pr-onko-genetische-variante.json	11495	2	0	657	0	0	0	0	1	60	0	0	0	0	0	0	0	5	0	0	1	1322	3398	0	0	0	24	1	6
fsh-generated/resources/StructureDefinition-mii-pr-onko-grading.json	10471	1	0	97	0	0	0	0	0	24	0	0	1	0	0	0	0	1	0	0	0	399	871	0	0	0	10	0	2
fsh-generated/resources/StructureDefinition-mii-pr-onko-histologie-icdo3.json	16446	3	0	122	0	0	0	0	0	23	0	0	0	0	0	0	0	1	0	0	1	452	1036	0	0	0	14	0	1
fsh-generated/resources/StructureDefinition-mii-pr-onko-krk-abstand-aboral.json	10456	2	0	76	0	0	0	0	0	15	0	0	0	0	0	0	0	1	0	0	1	290	687	0	0	0	9	0	1
fsh-generated/resources/StructureDefinition-mii-pr-onko-krk-abstand-anokutan.json	10311	1	0	95	0	0	0	0	0	17	0	0	1	0	0	0	0	0	0	0	1	303	537	0	0	0	11	0	1
fsh-generated/resources/StructureDefinition-mii-pr-onko-krk-abstand-circumferelle-resektionsebene.json	10601	2	0	77	0	0	0	0	0	15	0	0	0	0	0	0	0	1	0	0	0	291	614	0	0	0	10	0	1
fsh-generated/resources/StructureDefinition-mii-pr-onko-krk-anastomoseninsuffizienz.json	9824	2	0	81	1	0	0	0	0	17	0	0	0	0	0	0	0	1	0	0	1	298	560	0	0	0	10	0	1
fsh-generated/resources/StructureDefinition-mii-pr-onko-krk-mrt-mesorektale-faszie.json	12909	1	0	115	0	0	0	0	0	25	0	0	0	0	0	0	0	1	0	0	1	419	583	0	0	0	13	0	1
fsh-generated/resources/StructureDefinition-mii-pr-onko-krk-operation.json	7410	1	0	266	0	0	0	0	0	25	0	0	1	0	0	0	0	2	0	0	0	515	902	0	0	0	17	1	3
fsh-generated/resources/StructureDefinition-mii-pr-onko-krk-specimen.json	7429	2	0	87	0	0	0	0	0	13	0	0	0	0	0	0	0	0	0	0	0	205	461	0	0	0	6	0	1
fsh-generated/resources/StructureDefinition-mii-pr-onko-krk-stoma-markierung.json	10017	1	0	210	0	0	0	0	0	22	0	0	0	0	0	0	0	1	0	0	1	424	704	0	1	0	14	0	2
fsh-generated/resources/StructureDefinition-mii-pr-onko-liste-evidenz-erstdiagnose.json	6468	1	0	51	0	0	0	0	0	21	0	0	1	0	0	0	0	1	0	0	0	220	402	0	0	0	5	0	0
fsh-generated/resources/StructureDefinition-mii-pr-onko-mamma-her2neu-status.json	11986	2	0	126	0	0	0	0	0	49	0	0	0	0	0	0	0	1	0	0	0	528	906	0	0	0	16	0	2
fsh-generated/resources/StructureDefinition-mii-pr-onko-mamma-menopause-status.json	7437	1	0	86	0	0	0	0	0	16	0	0	0	0	0	0	0	1	0	0	1	290	653	0	0	0	10	0	1
fsh-generated/resources/StructureDefinition-mii-pr-onko-mamma-operation.json	10771	1	0	918	0	0	0	0	0	34	0	0	1	0	0	0	0	2	0	0	0	629	1074	0	0	0	20	0	3
fsh-generated/resources/StructureDefinition-mii-pr-onko-mamma-praeoperative-markierung.json	7976	2	0	71	0	0	0	0	1	14	0	0	0	0	0	0	0	0	0	0	0	283	481	0	0	0	8	0	1
fsh-generated/resources/StructureDefinition-mii-pr-onko-mamma-rezeptorstatus-estrogen.json	13329	1	0	136	0	0	0	0	0	32	0	0	0	0	0	0	0	2	0	0	1	589	893	0	0	0	18	1	1
fsh-generated/resources/StructureDefinition-mii-pr-onko-mamma-rezeptorstatus-progesteron.json	12558	2	0	138	0	0	0	0	0	32	0	0	1	0	0	0	0	1	0	0	0	538	752	0	0	0	13	0	2
fsh-generated/resources/StructureDefinition-mii-pr-onko-mamma-sozialdienst.json	7201	1	0	261	0	0	0	0	0	24	0	0	0	0	0	0	0	2	0	0	0	548	905	0	0	0	12	0	3
fsh-generated/resources/StructureDefinition-mii-pr-onko-melanom-breslow-tiefe.json	10910	2	0	85	0	0	0	0	0	18	0	0	0	0	0	0	0	1	0	0	1	341	540	0	0	0	9	0	1
fsh-generated/resources/StructureDefinition-mii-pr-onko-melanom-exzision.json	6299	1	0	295	0	0	0	0	0	23	0	0	1	0	0	0	0	1	0	0	0	487	863	0	0	0	11	0	2
fsh-generated/resources/StructureDefinition-mii-pr-onko-melanom-ldh.json	11528	2	0	87	0	0	0	0	0	17	0	0	0	0	0	0	0	1	0	0	0	380	667	0	0	0	8	0	1
fsh-generated/resources/StructureDefinition-mii-pr-onko-melanom-sicherheitsabstand.json	11369	1	0	123	0	0	0	0	0	16	0	0	1	0	0	0	0	1	0	0	1	318	533	0	0	0	8	0	1
fsh-generated/resources/StructureDefinition-mii-pr-onko-melanom-ulzeration.json	10411	2	0	81	0	0	0	0	0	16	0	0	0	0	0	0	0	1	0	0	0	308	590	0	0	0	7	0	1
fsh-generated/resources/StructureDefinition-mii-pr-onko-nebenwirkung-adverse-event.json	15740	2	0	104	0	0	0	0	0	27	0	0	0	0	0	0	0	0	0	0	1	393	592	0	0	0	8	0	2
fsh-generated/resources/StructureDefinition-mii-pr-onko-operation.json	21238	2	0	224	1	0	0	0	0	40	0	0	1	0	0	0	0	2	0	0	0	745	1174	0	0	0	16	0	2
fsh-generated/resources/StructureDefinition-mii-pr-onko-prostata-operation.json	6376	1	0	439	0	0	0	0	0	24	0	0	0	0	0	0	0	2	0	0	0	484	1101	0	0	0	11	0	2
fsh-generated/resources/StructureDefinition-mii-pr-onko-prostate-anzahl-positive-stanzen.json	9553	1	0	75	0	0	0	0	0	14	0	0	1	0	0	0	0	1	0	0	1	264	492	0	0	0	6	0	1
fsh-generated/resources/StructureDefinition-mii-pr-onko-prostate-anzahl-stanzen.json	9432	1	0	77	0	0	0	0	0	13	1	0	0	0	0	1	0	0	0	0	8	266	486	0	0	0	7	0	1
fsh-generated/resources/StructureDefinition-mii-pr-onko-prostate-ca-befall-stanze.json	8948	2	0	81	0	0	0	0	2	16	0	0	0	0	0	0	0	1	0	0	1	348	515	0	0	0	7	0	1
fsh-generated/resources/StructureDefinition-mii-pr-onko-prostate-clavien-dindo.json	11613	2	0	104	0	0	0	0	0	21	0	0	1	0	0	0	0	1	0	0	0	417	804	0	1	0	11	0	1
fsh-generated/resources/StructureDefinition-mii-pr-onko-prostate-gleason-grade-group.json	11865	3	0	131	0	0	0	0	0	21	0	0	0	0	0	0	0	1	0	0	1	381	711	0	0	0	13	0	1
fsh-generated/resources/StructureDefinition-mii-pr-onko-prostate-gleason-patterns.json	12609	2	0	107	0	0	0	0	0	21	0	0	0	0	0	0	0	0	0	0	0	373	815	0	0	0	10	0	1
fsh-generated/resources/StructureDefinition-mii-pr-onko-prostate-gleason-score-gesamt.json	12271	3	0	104	0	0	0	0	0	20	0	0	1	0	0	0	0	1	0	0	1	424	662	0	0	0	9	0	1
fsh-generated/resources/StructureDefinition-mii-pr-onko-prostate-psa.json	9450	1	0	86	0	0	0	0	0	16	0	0	0	0	0	0	0	1	0	0	0	297	585	0	0	0	7	0	0
fsh-generated/resources/StructureDefinition-mii-pr-onko-residualstatus.json	10405	2	0	105	0	0	0	0	0	19	0	0	0	0	0	0	0	1	0	0	0	365	585	0	0	0	9	0	1
fsh-generated/resources/StructureDefinition-mii-pr-onko-specimen.json	8997	2	0	65	0	0	0	0	0	12	0	0	1	0	0	0	0	0	0	0	0	222	461	0	0	0	5	0	1
fsh-generated/resources/StructureDefinition-mii-pr-onko-strahlentherapie-bestrahlung-nuklearmedizin.json	28502	3	0	339	0	0	0	0	0	47	0	0	0	0	0	0	0	3	0	0	1	892	1159	0	0	0	19	1	2
fsh-generated/resources/StructureDefinition-mii-pr-onko-strahlentherapie-bestrahlung-strahlentherapie.json	22983	3	0	328	0	0	0	0	1	43	0	0	1	0	0	0	0	2	0	0	1	823	1102	0	0	0	25	0	3
fsh-generated/resources/StructureDefinition-mii-pr-onko-strahlentherapie.json	17334	2	0	249	0	0	0	0	0	172	0	0	0	0	0	0	0	1	0	0	0	629	1059	0	0	0	20	0	1
fsh-generated/resources/StructureDefinition-mii-pr-onko-studienteilnahme.json	11100	2	0	94	0	0	0	0	0	28	0	0	1	0	0	0	0	1	0	0	1	324	558	0	0	0	11	0	1
fsh-generated/resources/StructureDefinition-mii-pr-onko-systemische-therapie-medikation.json	17174	2	0	520	0	0	0	0	0	73	0	0	0	0	0	0	0	3	0	0	0	991	1913	0	1	0	30	0	4
fsh-generated/resources/StructureDefinition-mii-pr-onko-systemische-therapie.json	22499	2	0	338	1	0	0	0	0	53	0	0	1	0	0	0	0	2	0	0	1	718	960	0	0	0	26	0	2
fsh-generated/resources/StructureDefinition-mii-pr-onko-therapieempfehlung-kombinationstherapie.json	9509	2	0	130	0	0	0	0	0	20	0	0	0	0	0	0	0	1	0	0	0	312	583	0	0	0	10	0	1
fsh-generated/resources/StructureDefinition-mii-pr-onko-therapieempfehlung-medikation.json	8114	1	0	578	0	0	0	0	0	42	0	0	1	0	0	0	0	3	0	0	0	937	2166	0	0	0	51	0	3
fsh-generated/resources/StructureDefinition-mii-pr-onko-therapieempfehlung-operation.json	6697	2	0	75	0	0	0	0	0	11	0	0	0	0	0	0	0	1	0	0	0	218	743	0	0	0	7	0	1
fsh-generated/resources/StructureDefinition-mii-pr-onko-tnm-a-symbol.json	10700	1	0	107	0	0	0	0	0	17	0	0	1	0	0	0	0	0	0	0	1	365	792	0	0	0	11	0	0
fsh-generated/resources/StructureDefinition-mii-pr-onko-tnm-klassifikation-synthetisiert.json	11794	2	0	168	0	0	0	0	0	18	0	0	0	0	0	0	0	1	0	0	0	359	695	0	0	0	12	1	1
fsh-generated/resources/StructureDefinition-mii-pr-onko-tnm-klassifikation.json	13814	2	0	113	0	0	0	0	1	16	0	0	0	0	0	0	0	1	0	0	1	324	591	0	0	0	12	0	1
fsh-generated/resources/StructureDefinition-mii-pr-onko-tnm-l-kategorie.json	10730	1	0	119	0	0	0	0	0	17	0	0	1	0	0	0	0	1	0	0	0	328	566	0	0	0	11	0	1
fsh-generated/resources/StructureDefinition-mii-pr-onko-tnm-m-kategorie.json	20080	2	0	255	0	0	0	0	0	34	0	0	0	0	0	0	0	2	0	0	1	745	1870	0	1	0	16	0	1
fsh-generated/resources/StructureDefinition-mii-pr-onko-tnm-m-symbol.json	10515	1	0	112	0	0	0	0	0	16	0	0	0	0	0	0	0	0	0	0	0	323	655	0	0	0	8	0	1
fsh-generated/resources/StructureDefinition-mii-pr-onko-tnm-n-kategorie.json	20630	2	0	234	0	0	0	0	0	34	0	0	1	0	0	0	0	2	0	0	0	704	1199	0	0	0	15	0	1
fsh-generated/resources/StructureDefinition-mii-pr-onko-tnm-pn-kategorie.json	11779	2	0	138	0	0	0	0	0	18	0	0	0	0	0	0	0	1	0	0	1	389	730	0	0	0	8	0	1
fsh-generated/resources/StructureDefinition-mii-pr-onko-tnm-r-symbol.json	10698	1	0	110	0	0	0	0	0	15	0	0	1	0	0	0	0	1	0	0	0	322	760	0	0	0	8	0	1
fsh-generated/resources/StructureDefinition-mii-pr-onko-tnm-s-kategorie.json	10790	2	0	115	0	0	0	0	0	16	0	0	0	0	0	0	0	0	0	0	1	330	825	0	0	0	8	0	0
fsh-generated/resources/StructureDefinition-mii-pr-onko-tnm-t-kategorie.json	18652	2	0	240	0	0	0	0	0	31	0	0	1	0	0	0	0	2	0	0	0	722	1066	0	0	0	14	0	2
fsh-generated/resources/StructureDefinition-mii-pr-onko-tnm-v-kategorie.json	10814	2	0	117	0	0	0	0	4	18	0	0	0	0	0	0	0	1	0	0	0	345	579	0	0	0	9	0	0
fsh-generated/resources/StructureDefinition-mii-pr-onko-tnm-y-symbol.json	10809	1	0	110	0	0	0	0	0	16	0	0	0	0	0	0	0	1	0	0	1	324	578	0	0	0	8	0	1
fsh-generated/resources/StructureDefinition-mii-pr-onko-tod.json	11862	2	0	114	0	0	0	0	0	17	0	0	1	0	0	0	0	0	0	0	0	357	597	0	0	0	8	0	1
fsh-generated/resources/StructureDefinition-mii-pr-onko-tumorgroesse.json	11163	1	0	139	0	0	0	0	0	19	0	0	0	0	0	0	0	1	0	0	1	398	620	0	0	0	9	0	0
fsh-generated/resources/StructureDefinition-mii-pr-onko-tumorkonferenz.json	20239	4	0	210	0	0	1	0	0	35	0	0	0	0	0	0	0	2	0	0	0	649	927	0	1	0	15	0	2
fsh-generated/resources/StructureDefinition-mii-pr-onko-verlauf.json	21650	4	0	290	0	0	0	0	0	40	0	0	1	0	0	0	0	2	0	0	1	775	943	0	0	0	22	0	1
fsh-generated/resources/StructureDefinition-mii-pr-onko-weitere-klassifikationen.json	14673	3	0	108	1	0	0	0	0	16	0	0	0	0	0	0	0	0	0	0	0	377	725	0	0	0	9	0	1
fsh-generated/resources/ValueSet-mii-vs-onko-allgemeiner-leistungszustand-ecog-loinc.json	5347	1	0	0	0	0	0	0	0	607	0	0	0	0	0	0	0	0	0	0	9	19	109	0	0	0	0	0	0
fsh-generated/resources/ValueSet-mii-vs-onko-allgemeiner-leistungszustand-ecog.json	4341	2	0	0	0	0	0	0	1	5	0	0	0	0	0	0	0	0	0	0	9	13	84	0	0	0	1	0	0
fsh-generated/resources/ValueSet-mii-vs-onko-allgemeiner-leistungszustand-karnofsky-loinc.json	5878	1	0	0	0	0	0	0	0	71	0	0	0	0	0	0	0	0	0	0	9	19	86	0	0	0	0	0	0
fsh-generated/resources/ValueSet-mii-vs-onko-allgemeiner-leistungszustand-karnofsky.json	4371	2	0	0	0	0	0	0	1	4	0	0	0	0	0	0	0	0	0	0	8	13	80	0	0	0	0	0	0
fsh-generated/resources/ValueSet-mii-vs-onko-asa-loinc.json	4741	1	0	0	0	0	0	0	0	68	0	0	0	0	0	0	0	0	0	0	8	15	167	0	0	0	0	0	0
fsh-generated/resources/ValueSet-mii-vs-onko-asa-obds.json	4280	2	0	0	0	0	0	0	0	2	0	0	0	0	0	0	0	0	0	0	8	14	72	0	0	0	1	0	0
fsh-generated/resources/ValueSet-mii-vs-onko-beurteilung-lokaler-residualstatus.json	4325	1	0	0	0	0	0	0	2	2	0	0	0	0	0	0	0	0	0	0	7	13	52	0	0	0	0	0	0
fsh-generated/resources/ValueSet-mii-vs-onko-fernmetastasen.json	4213	1	0	0	0	0	0	0	0	2	0	0	0	0	0	0	0	1	0	0	6	13	61	0	0	0	0	0	0
fsh-generated/resources/ValueSet-mii-vs-onko-genetische-variante-auspraegung.json	4320	1	0	0	0	0	0	0	0	3	0	0	0	0	0	0	0	0	0	0	5	13	53	0	0	0	0	0	0
fsh-generated/resources/ValueSet-mii-vs-onko-gesamtbeurteilung-residualstatus.json	4315	1	0	0	0	0	0	0	1	2	0	0	0	0	0	0	0	0	0	0	6	13	57	0	0	0	0	0	0
fsh-generated/resources/ValueSet-mii-vs-onko-grading.json	4247	1	0	0	0	0	0	0	0	2	0	0	0	0	0	0	0	0	0	0	6	12	60	0	0	0	1	0	0
fsh-generated/resources/ValueSet-mii-vs-onko-icd10-meldepflichtige-tumoren.json	6491	1	0	0	0	0	0	0	1	306	0	0	0	0	0	0	0	0	0	0	6	19	137	0	0	0	0	0	0
fsh-generated/resources/ValueSet-mii-vs-onko-icdo3-morphologie-2014.json	4463	1	0	0	0	0	0	0	0	213	0	0	0	0	0	0	0	0	0	0	6	13	133	0	0	0	0	0	0
fsh-generated/resources/ValueSet-mii-vs-onko-icdo3-morphologie-2019.json	4464	1	0	0	0	0	0	0	0	63	0	0	0	0	0	0	0	0	0	0	6	13	53	0	0	0	0	0	0
fsh-generated/resources/ValueSet-mii-vs-onko-icdo3-morphologie.json	4647	1	0	0	0	0	0	0	5	4	0	0	0	0	0	0	0	0	0	0	6	14	54	0	0	0	1	0	0
fsh-generated/resources/ValueSet-mii-vs-onko-icdo3-topographie-2014.json	4439	1	0	0	0	0	0	0	0	34	0	0	0	0	0	0	0	0	0	0	6	13	126	0	0	0	0	0	0
fsh-generated/resources/ValueSet-mii-vs-onko-icdo3-topographie-2019.json	4440	1	0	0	0	0	0	0	0	34	0	0	0	0	0	0	0	0	0	0	5	13	54	0	0	0	0	0	0
fsh-generated/resources/ValueSet-mii-vs-onko-icdo3-topographie.json	4619	1	0	0	0	0	0	0	1	5	0	0	0	0	0	0	0	0	0	0	4	13	55	0	0	0	0	0	0
fsh-generated/resources/ValueSet-mii-vs-onko-kdl-dokumentklassen.json	9191	1	0	0	0	0	0	0	4	136	0	0	0	0	0	0	0	0	0	0	4	26	156	0	0	0	1	0	0
fsh-generated/resources/ValueSet-mii-vs-onko-koerperstruktur-sct.json	4698	1	0	0	0	0	0	0	0	68	0	0	0	0	0	0	0	0	0	0	4	13	46	0	0	0	0	0	0
fsh-generated/resources/ValueSet-mii-vs-onko-krk-abstand-circumferelle-resektionsrand.json	4677	1	0	0	0	0	0	0	0	66	0	0	0	0	0	0	0	0	0	0	5	14	51	0	0	0	0	0	0
fsh-generated/resources/ValueSet-mii-vs-onko-krk-abstand-resektionslinie-aboral.json	4637	1	0	0	0	0	0	0	1	65	0	0	0	0	0	0	0	0	0	0	4	14	48	0	0	0	1	0	0
fsh-generated/resources/ValueSet-mii-vs-onko-krk-anastomoseninsuffizienz.json	4315	1	0	0	0	0	0	0	0	2	0	0	0	0	0	0	0	0	0	0	4	13	46	0	0	0	0	0	0
fsh-generated/resources/ValueSet-mii-vs-onko-krk-mrt-mesorektale-faszie-status.json	4395	1	0	0	0	0	0	0	0	2	0	0	0	0	0	0	0	0	0	0	5	13	52	0	0	0	0	0	0
fsh-generated/resources/ValueSet-mii-vs-onko-krk-stoma-anzeichnung.json	4300	1	0	0	0	0	0	0	1	2	0	0	0	0	0	0	0	0	0	0	6	13	48	0	0	0	0	0	0
fsh-generated/resources/ValueSet-mii-vs-onko-krk-stoma-status-reason.json	5077	0	0	0	1	0	0	0	3	65	0	0	0	0	0	0	0	0	0	0	6	15	122	0	1	0	0	0	0
fsh-generated/resources/ValueSet-mii-vs-onko-krk-tme-qualitaet.json	4305	1	0	0	0	0	0	0	0	3	0	0	0	0	0	0	0	0	0	0	6	13	47	0	0	0	1	0	0
fsh-generated/resources/ValueSet-mii-vs-onko-mamma-faerbeintensitaet.json	4558	1	0	0	0	0	0	0	0	65	0	0	0	0	0	0	0	0	0	0	7	14	48	0	0	0	0	1	0
fsh-generated/resources/ValueSet-mii-vs-onko-mamma-her2neu-ihc-score.json	4704	1	0	0	0	0	0	0	1	65	0	0	0	0	0	0	0	0	0	0	6	14	46	0	0	0	0	0	0
fsh-generated/resources/ValueSet-mii-vs-onko-mamma-her2neu-status-leitlinie.json	4319	1	0	0	0	0	0	0	0	2	0	0	0	0	0	0	0	0	0	0	7	13	46	0	0	0	0	0	0
fsh-generated/resources/ValueSet-mii-vs-onko-mamma-her2neu-status-obds.json	4262	1	0	0	0	0	0	0	0	2	0	0	0	0	0	0	0	0	0	0	7	13	56	0	0	0	1	0	0
fsh-generated/resources/ValueSet-mii-vs-onko-mamma-intraoperatives-imaging-praeparat.json	4813	1	0	0	0	0	0	0	1	34	0	0	0	0	0	0	0	0	0	0	7	13	124	0	0	0	0	0	0
fsh-generated/resources/ValueSet-mii-vs-onko-mamma-ish-ergebnis.json	4504	1	0	0	0	0	0	0	0	64	0	0	0	0	0	0	0	0	0	0	7	14	54	0	0	0	0	0	0
fsh-generated/resources/ValueSet-mii-vs-onko-mamma-menopause-status.json	4937	1	0	0	0	0	0	0	0	64	0	0	0	0	0	0	0	0	0	0	7	14	48	0	0	0	0	0	0
fsh-generated/resources/ValueSet-mii-vs-onko-mamma-operation-ops.json	4312	0	0	0	0	0	0	0	1	95	0	0	0	0	0	0	0	0	0	0	8	13	320	0	0	0	1	0	1
fsh-generated/resources/ValueSet-mii-vs-onko-mamma-operation-sct.json	4708	1	0	0	0	0	0	0	0	33	0	0	0	0	0	0	0	0	0	0	7	13	116	0	0	0	0	0	0
fsh-generated/resources/ValueSet-mii-vs-onko-mamma-praeoperative-markierung-modalitaet.json	5361	1	0	0	0	0	0	0	0	64	0	0	0	0	0	0	0	0	0	0	7	17	120	0	0	0	0	0	0
fsh-generated/resources/ValueSet-mii-vs-onko-mamma-rezeptorstatus-leitlinie.json	4287	1	0	0	0	0	0	0	0	3	0	0	0	0	0	0	0	0	0	0	7	13	48	0	0	0	0	0	0
fsh-generated/resources/ValueSet-mii-vs-onko-mamma-rezeptorstatus-obds.json	4469	1	0	0	0	0	0	0	1	65	0	0	0	0	0	0	0	0	0	0	8	14	54	0	0	0	1	0	0
fsh-generated/resources/ValueSet-mii-vs-onko-melanom-exzision-snomedct.json	4843	1	0	0	0	0	0	0	1	64	0	0	0	0	0	0	0	0	0	0	7	14	127	0	0	0	0	0	0
fsh-generated/resources/ValueSet-mii-vs-onko-melanom-ldh.json	4687	1	0	0	0	0	0	0	0	124	0	0	0	0	0	0	0	0	0	0	7	14	56	0	0	0	0	0	0
fsh-generated/resources/ValueSet-mii-vs-onko-melanom-ulzeration.json	4451	0	0	0	0	0	0	0	0	6	0	0	0	0	0	0	0	0	0	0	6	14	53	0	0	0	0	0	0
fsh-generated/resources/ValueSet-mii-vs-onko-nebenwirkung-art.json	48451	3	0	0	0	0	0	0	6	1364	0	0	0	0	0	0	0	0	0	0	7	380	330	0	0	0	16	0	0
fsh-generated/resources/ValueSet-mii-vs-onko-nebenwirkung-ctcae-grad.json	4198	1	0	0	0	0	0	0	0	3	0	0	0	0	0	0	0	0	0	0	5	13	54	0	0	0	1	0	0
fsh-generated/resources/ValueSet-mii-vs-onko-operation-intention.json	4809	1	0	0	0	0	0	0	0	5	0	0	0	0	0	0	0	1	0	0	5	16	58	0	0	0	0	0	0
fsh-generated/resources/ValueSet-mii-vs-onko-operation-komplikation.json	4290	1	0	0	0	0	0	0	1	2	0	0	0	0	0	0	0	0	0	0	4	12	71	0	0	0	0	0	0
fsh-generated/resources/ValueSet-mii-vs-onko-operation-urgency.json	4289	1	0	0	0	0	0	0	0	2	0	0	0	0	0	0	0	0	0	0	3	13	53	0	0	0	0	0	0
fsh-generated/resources/ValueSet-mii-vs-onko-ops-nuklearmedizin.json	4470	1	0	0	0	0	0	0	0	124	0	0	0	0	0	0	1	0	0	0	4	15	324	0	0	0	1	0	0
fsh-generated/resources/ValueSet-mii-vs-onko-ops-strahlentherapie.json	4466	1	0	0	0	0	0	0	1	123	0	0	0	0	0	0	0	0	0	0	3	15	327	0	0	0	0	0	0
fsh-generated/resources/ValueSet-mii-vs-onko-primaertumor-diagnosesicherung.json	4351	1	0	0	0	0	0	0	0	2	0	0	0	0	0	0	0	0	0	0	3	14	55	0	0	0	0	0	0
fsh-generated/resources/ValueSet-mii-vs-onko-prostata-clavien-dindo.json	5761	1	0	0	0	0	0	0	0	65	0	0	0	0	0	0	0	0	0	0	5	19	64	0	0	0	0	0	0
fsh-generated/resources/ValueSet-mii-vs-onko-prostata-gleason-pattern-loinc.json	4775	1	0	0	0	0	0	0	1	64	0	0	0	0	0	0	0	0	0	0	6	16	57	0	0	0	1	0	0
fsh-generated/resources/ValueSet-mii-vs-onko-prostata-gleason-patterns.json	5309	1	0	0	1	0	0	0	0	65	0	0	0	0	0	0	0	0	0	0	5	17	55	0	0	0	0	0	0
fsh-generated/resources/ValueSet-mii-vs-onko-prostata-gleason-primary-secondary-tertiary.json	5422	1	0	0	0	0	0	0	0	66	0	0	0	0	0	0	0	0	0	0	6	16	59	0	0	0	0	0	0
fsh-generated/resources/ValueSet-mii-vs-onko-prostata-gleason-score-gesamt.json	6278	1	0	0	0	0	0	0	1	65	0	0	0	0	0	0	0	0	0	0	5	19	57	0	0	0	1	0	0
fsh-generated/resources/ValueSet-mii-vs-onko-prostata-gleason-score.json	6562	1	0	0	0	0	0	0	1	65	0	0	0	0	0	0	0	0	0	0	6	21	59	0	0	0	0	0	0
fsh-generated/resources/ValueSet-mii-vs-onko-prostata-operation-snomedct.json	5028	1	0	0	0	0	0	0	0	95	0	0	0	0	0	0	0	0	0	0	6	17	148	0	0	0	0	0	0
fsh-generated/resources/ValueSet-mii-vs-onko-prostata-postsurgical-complications.json	4315	1	0	0	0	0	0	0	0	2	0	0	0	0	0	0	0	0	0	0	5	14	52	0	0	0	1	0	0
fsh-generated/resources/ValueSet-mii-vs-onko-prostata-psa-loinc.json	4551	1	0	0	0	0	0	0	1	64	0	0	0	0	0	0	0	0	0	0	5	15	56	0	0	0	0	0	0
fsh-generated/resources/ValueSet-mii-vs-onko-seitenlokalisation.json	4283	1	0	0	0	0	0	0	0	1	0	0	0	0	0	0	0	0	0	0	4	14	53	0	0	0	0	0	0
fsh-generated/resources/ValueSet-mii-vs-onko-strahlentherapie-applikationsart.json	4347	1	0	0	0	0	0	0	0	2	0	0	0	0	0	0	0	0	0	0	4	14	57	0	0	0	0	0	0
fsh-generated/resources/ValueSet-mii-vs-onko-strahlentherapie-boost.json	4287	1	0	0	0	0	0	0	0	2	0	0	0	0	0	0	0	0	0	0	4	14	53	0	0	0	0	0	0
fsh-generated/resources/ValueSet-mii-vs-onko-strahlentherapie-ende-grund.json	5163	1	0	0	0	0	0	0	1	4	0	0	0	0	0	0	0	0	0	0	3	68	57	0	0	0	1	0	0
fsh-generated/resources/ValueSet-mii-vs-onko-strahlentherapie-intention.json	4776	1	0	0	0	0	0	0	0	3	0	0	0	0	0	0	0	0	0	0	3	16	56	0	0	0	0	0	1
fsh-generated/resources/ValueSet-mii-vs-onko-strahlentherapie-stellungzurop.json	4303	1	0	0	0	0	0	0	0	2	0	0	0	0	0	0	0	0	0	0	4	16	54	0	0	0	0	0	0
fsh-generated/resources/ValueSet-mii-vs-onko-strahlentherapie-strahlenart.json	4316	1	0	0	0	0	0	0	1	2	0	0	0	0	0	0	0	0	0	0	4	14	57	0	0	0	0	0	0
fsh-generated/resources/ValueSet-mii-vs-onko-strahlentherapie-strahlungseinheit.json	4620	0	0	0	0	0	0	0	0	95	0	0	0	0	0	0	0	0	0	0	5	14	123	0	0	0	1	0	0
fsh-generated/resources/ValueSet-mii-vs-onko-strahlentherapie-zielgebiet.json	4531	1	0	0	0	0	0	0	0	2	0	0	0	0	0	0	0	0	0	0	4	16	105	0	0	0	0	0	0
fsh-generated/resources/ValueSet-mii-vs-onko-studienteilnahme.json	4231	1	0	0	0	0	0	0	1	1	0	0	0	0	0	0	0	0	0	0	4	13	52	0	0	0	0	0	0
fsh-generated/resources/ValueSet-mii-vs-onko-systemische-therapie-art.json	5726	1	0	0	0	0	0	0	0	6	0	0	0	0	0	0	0	0	0	0	3	21	57	0	0	0	0	0	0
fsh-generated/resources/ValueSet-mii-vs-onko-systemische-therapie-ende-grund.json	5276	1	0	0	0	0	0	0	1	4	0	0	0	0	0	0	0	0	0	0	4	19	57	0	0	0	1	0	0
fsh-generated/resources/ValueSet-mii-vs-onko-systemische-therapie-intention.json	4684	1	0	0	0	0	0	0	0	5	0	0	0	0	0	0	0	0	0	0	3	16	56	0	0	0	0	0	0
fsh-generated/resources/ValueSet-mii-vs-onko-systemische-therapie-protokolle.json	4318	1	0	0	0	0	0	0	0	2	0	0	0	0	0	0	0	0	0	0	3	13	98	0	0	0	0	0	0
fsh-generated/resources/ValueSet-mii-vs-onko-systemische-therapie-stellungzurop.json	4798	1	0	0	0	0	0	0	1	4	0	0	0	0	0	0	0	0	0	0	3	19	52	0	0	0	1	0	0
fsh-generated/resources/ValueSet-mii-vs-onko-systemische-therapie-substanzen-2018.json	33879	2	0	0	0	0	0	0	3	132	0	0	0	0	0	0	0	0	0	0	6	86	219	0	0	0	3	0	0
fsh-generated/resources/ValueSet-mii-vs-onko-systemische-therapie-substanzen-2019.json	34823	2	0	0	0	0	0	0	4	107	0	0	0	0	0	0	0	1	0	0	6	88	177	0	0	0	3	0	0
fsh-generated/resources/ValueSet-mii-vs-onko-systemische-therapie-substanzen-2020.json	36034	3	0	0	0	0	0	0	4	107	0	0	0	0	0	0	0	0	0	0	6	107	181	0	0	0	3	0	0
fsh-generated/resources/ValueSet-mii-vs-onko-systemische-therapie-substanzen-2021.json	37983	2	0	0	0	0	0	0	4	104	0	0	0	0	0	0	0	0	0	0	7	105	182	0	0	0	5	0	1
fsh-generated/resources/ValueSet-mii-vs-onko-systemische-therapie-substanzen-2022.json	41250	3	0	0	0	0	0	0	4	105	0	0	0	0	0	0	0	0	0	0	7	109	184	0	0	0	6	0	0
fsh-generated/resources/ValueSet-mii-vs-onko-systemische-therapie-substanzen-2023.json	42902	3	0	0	1	0	0	0	5	104	0	0	0	0	0	0	0	1	0	0	7	117	189	0	1	0	6	0	0
fsh-generated/resources/ValueSet-mii-vs-onko-systemische-therapie-substanzen-2024.json	43550	3	0	0	0	0	0	0	5	104	0	0	0	0	0	0	0	0	0	0	7	115	193	0	0	0	5	0	0
fsh-generated/resources/ValueSet-mii-vs-onko-systemische-therapie-substanzen-2025.json	43922	2	0	0	0	0	0	0	3	103	0	0	0	0	0	0	0	0	0	0	9	117	201	0	0	0	6	0	1
fsh-generated/resources/ValueSet-mii-vs-onko-systemische-therapie-substanzen-2026.json	46108	3	0	0	0	0	0	0	2	103	0	0	0	0	0	0	0	1	0	0	19	120	194	0	0	0	6	0	0
fsh-generated/resources/ValueSet-mii-vs-onko-systemische-therapie-substanzen-unii.json	14203	2	0	0	0	0	0	0	1	2781	0	0	0	0	0	0	0	0	0	0	7	37	2926	0	0	0	2	0	0
fsh-generated/resources/ValueSet-mii-vs-onko-systemische-therapie-substanzen.json	53621	3	0	0	0	0	0	0	2	140	0	0	0	0	0	0	0	0	0	0	9	175	235	0	0	0	7	0	0
fsh-generated/resources/ValueSet-mii-vs-onko-therapieabweichung.json	4267	1	0	0	0	0	0	0	0	2	0	0	0	0	0	0	0	0	0	0	6	14	54	0	0	0	1	0	0
fsh-generated/resources/ValueSet-mii-vs-onko-therapieempfehlung-typ.json	4256	1	0	0	0	0	0	0	1	2	0	0	0	0	0	0	0	0	0	0	7	13	48	0	0	0	0	0	0
fsh-generated/resources/ValueSet-mii-vs-onko-therapieplanung-typ.json	4248	1	0	0	0	0	0	0	0	2	0	0	0	0	0	0	0	0	0	0	6	12	48	0	0	0	0	0	0
fsh-generated/resources/ValueSet-mii-vs-onko-tnm-cp-praefix.json	4496	1	0	0	0	0	0	0	0	3	0	0	0	0	0	0	0	0	0	0	6	15	51	0	0	0	1	0	0
fsh-generated/resources/ValueSet-mii-vs-onko-tnm-itc-suffix.json	4621	1	0	0	0	0	0	0	0	3	0	0	0	0	0	0	0	0	0	0	5	15	50	0	0	0	0	0	0
fsh-generated/resources/ValueSet-mii-vs-onko-tnm-klassifikation-typ.json	5076	1	0	0	0	0	0	0	0	71	0	0	0	0	0	0	0	0	0	0	6	15	48	0	0	0	0	0	0
fsh-generated/resources/ValueSet-mii-vs-onko-tnm-l-kategorie-werte.json	4544	1	0	0	0	0	0	0	0	5	0	0	0	0	0	0	0	0	0	0	5	15	50	0	0	0	1	0	0
fsh-generated/resources/ValueSet-mii-vs-onko-tnm-m-kategorie-werte-sct.json	5396	1	0	0	0	0	0	0	1	124	0	0	0	0	0	0	0	0	0	0	5	16	50	0	0	0	0	0	0
fsh-generated/resources/ValueSet-mii-vs-onko-tnm-m-kategorie-werte.json	5000	1	0	0	0	0	0	0	0	4	0	0	0	0	0	0	0	0	0	0	5	17	47	0	0	0	1	0	0
fsh-generated/resources/ValueSet-mii-vs-onko-tnm-m-kategorie.json	4963	1	0	0	0	0	0	0	0	64	0	0	0	0	0	0	0	0	0	0	5	14	44	0	0	0	0	0	0
fsh-generated/resources/ValueSet-mii-vs-onko-tnm-m-symbol.json	4997	1	0	0	0	0	0	0	0	3	0	0	0	0	0	0	0	0	0	0	5	17	45	0	0	0	1	0	0
fsh-generated/resources/ValueSet-mii-vs-onko-tnm-n-kategorie-werte-sct.json	5826	1	0	0	0	0	0	0	0	183	0	0	0	0	0	0	0	0	0	0	4	18	49	0	0	0	0	0	0
fsh-generated/resources/ValueSet-mii-vs-onko-tnm-n-kategorie-werte.json	5482	1	0	0	0	0	0	0	0	4	0	0	0	0	0	0	0	1	0	0	5	19	49	0	0	0	1	0	0
fsh-generated/resources/ValueSet-mii-vs-onko-tnm-n-kategorie.json	4963	0	0	0	0	0	0	0	1	65	0	0	0	0	0	0	0	0	0	0	4	14	46	0	0	0	0	0	0
fsh-generated/resources/ValueSet-mii-vs-onko-tnm-pn-kategorie-werte.json	4548	1	0	0	0	0	0	0	0	5	0	0	0	0	0	0	0	0	0	0	4	15	44	0	0	0	1	0	0
fsh-generated/resources/ValueSet-mii-vs-onko-tnm-s-kategorie-werte.json	4678	1	0	0	0	0	0	0	0	4	0	0	0	0	0	0	0	0	0	0	4	15	44	0	0	0	0	0	1
fsh-generated/resources/ValueSet-mii-vs-onko-tnm-sn-suffix.json	4376	1	0	0	0	0	0	0	0	3	0	0	0	0	0	0	0	0	0	0	4	13	43	0	0	0	0	0	0
fsh-generated/resources/ValueSet-mii-vs-onko-tnm-t-kategorie-werte-sct.json	5826	1	0	0	0	0	0	0	0	184	0	0	0	0	0	0	0	0	0	0	3	19	59	0	0	0	1	0	0
fsh-generated/resources/ValueSet-mii-vs-onko-tnm-t-kategorie-werte.json	7830	1	0	0	0	0	0	0	1	6	0	0	0	0	0	0	0	0	0	0	3	30	57	0	0	0	1	0	0
fsh-generated/resources/ValueSet-mii-vs-onko-tnm-t-kategorie.json	4962	1	0	0	1	0	0	0	0	64	0	0	0	0	0	0	0	0	0	0	3	15	48	0	0	0	0	0	0
fsh-generated/resources/ValueSet-mii-vs-onko-tnm-uicc-stadium.json	7003	1	0	0	0	0	0	0	0	5	0	0	0	0	0	0	0	0	0	0	4	27	57	0	0	0	1	0	0
fsh-generated/resources/ValueSet-mii-vs-onko-tnm-v-kategorie-werte.json	4616	1	0	0	0	0	0	0	0	3	0	0	0	0	0	0	0	0	0	0	5	16	46	0	0	0	0	0	0
fsh-generated/resources/ValueSet-mii-vs-onko-tnm-version.json	4232	1	0	0	0	0	0	0	0	2	0	0	0	0	0	0	0	0	0	0	5	13	43	0	0	0	1	0	0
fsh-generated/resources/ValueSet-mii-vs-onko-tod.json	4158	0	0	0	0	0	0	0	0	1	0	0	0	0	0	0	0	0	0	0	5	13	44	0	0	0	0	0	0
fsh-generated/resources/ValueSet-mii-vs-onko-verlauf-fernmetastasen.json	4296	1	0	0	0	0	0	0	1	2	0	0	0	0	0	0	0	0	0	0	6	13	44	0	0	0	0	0	0
fsh-generated/resources/ValueSet-mii-vs-onko-verlauf-gesamtbeurteilung.json	4298	1	0	0	0	0	0	0	0	2	0	0	0	0	0	0	0	0	0	0	5	14	45	0	0	0	1	0	0
fsh-generated/resources/ValueSet-mii-vs-onko-verlauf-lymphknoten.json	4278	1	0	0	0	0	0	0	0	2	0	0	0	0	0	0	0	0	0	0	6	13	66	0	0	0	0	0	0
fsh-generated/resources/ValueSet-mii-vs-onko-verlauf-primaertumor.json	4285	1	0	0	0	0	0	0	0	1	0	0	0	0	0	0	0	0	0	0	7	13	44	0	0	0	0	0	0
fsh-generated/resources/ValueSet-mii-vs-onko-weitere-klassifikationen-auspraegungen.json	12025	1	0	0	0	0	0	0	0	70	0	0	0	0	0	0	0	0	0	0	7	56	74	0	1	0	2	0	0
fsh-generated/resources/ValueSet-mii-vs-onko-weitere-klassifikationen.json	13783	1	0	0	0	0	0	0	1	159	0	0	0	0	0	0	0	0	0	0	7	47	64	0	0	0	1	0	0
input/resources/Parameters-expansion-manifest.json	509	1	0	0	0	0	0	0	2	1	0	0	0	0	0	0	0	0	0	0	7	121	2783	0	0	0	0	0	0
/input/includes/menu.xml	6294	-	-	-	0	0	0	0	0	0	0	0	0	0	0	0	0	0	0	0	0	0	1	0	0	0	0	0	0
/fsh-generated/includes/fsh-link-references.md	58565	-	-	-	0	0	0	0	0	0	0	0	0	0	0	0	0	0	0	0	0	0	6	0	0	0	0	0	0
/input/intro-notes/ConceptMap-mii-cm-onko-seitenlokalisation-sct-intro.md	456	-	-	-	0	0	0	0	0	0	0	0	0	0	0	0	0	0	0	0	0	0	1	0	0	0	0	0	0
/input/intro-notes/ValueSet-mii-vs-onko-kdl-dokumentklassen-intro.md	15865	-	-	-	0	0	0	0	0	0	0	0	0	0	0	0	0	0	0	0	0	0	1	0	0	0	0	0	0
/input/intro-notes/StructureDefinition-mii-pr-onko-befund-intro.md	1626	-	-	-	0	0	0	0	0	0	0	0	0	0	0	0	0	0	0	0	0	0	1	0	0	0	0	0	0
/input/intro-notes/ConceptMap-mii-cm-onko-allgemeiner-leistungszustand-sct-intro.md	847	-	-	-	0	0	0	0	0	0	0	0	0	0	0	0	0	0	0	0	0	0	0	0	0	0	0	0	0
/input/intro-notes/StructureDefinition-mii-pr-onko-melanom-ldh-intro.md	3569	-	-	-	0	0	0	0	0	0	0	0	0	0	0	0	0	0	0	0	0	0	0	0	0	0	0	0	0
/input/intro-notes/StructureDefinition-mii-pr-onko-krk-mrt-mesorektale-faszie-intro.md	3487	-	-	-	0	0	0	0	0	0	0	0	0	0	0	0	0	0	0	0	0	0	0	0	0	0	0	0	0
/input/intro-notes/ConceptMap-mii-cm-onko-strahlentherapie-strahlenart-sct-intro.md	573	-	-	-	0	0	0	0	0	0	0	0	0	0	0	0	0	0	0	0	0	0	1	0	0	0	0	0	0
/input/intro-notes/StructureDefinition-mii-pr-onko-fernmetastasen-intro.md	1178	-	-	-	0	0	0	0	0	0	0	0	0	0	0	0	0	0	0	0	0	0	0	0	0	0	0	0	0
/input/intro-notes/ConceptMap-mii-cm-onko-operation-komplikation-sct-intro.md	608	-	-	-	0	0	0	0	0	0	0	0	0	0	0	0	0	0	0	0	0	0	0	0	0	0	0	0	0
/input/intro-notes/StructureDefinition-mii-pr-onko-systemische-therapie-medikation-intro.md	2267	-	-	-	0	0	0	0	0	0	0	0	0	0	0	0	0	0	0	0	0	0	0	0	0	0	0	0	0
/input/intro-notes/ConceptMap-mii-cm-onko-verlauf-fernmetastasen-sct-intro.md	637	-	-	-	0	0	0	0	0	0	0	0	0	0	0	0	0	0	0	0	0	0	0	0	0	0	0	0	0
/input/intro-notes/ConceptMap-mii-cm-onko-therapieplanung-sct-intro.md	487	-	-	-	0	0	0	0	0	0	0	0	0	0	0	0	0	0	0	0	0	0	1	0	0	0	0	0	0
/input/intro-notes/ConceptMap-mii-cm-onko-strahlentherapie-zielgebiet-sct-intro.md	675	-	-	-	0	0	0	0	0	0	0	0	0	0	0	0	0	0	0	0	0	0	0	0	0	0	0	0	0
/input/intro-notes/StructureDefinition-mii-pr-onko-residualstatus-intro.md	749	-	-	-	0	0	0	0	0	0	0	0	0	0	0	0	0	0	0	0	0	0	0	0	0	0	0	0	0
/input/intro-notes/StructureDefinition-mii-pr-onko-prostate-clavien-dindo-intro.md	3684	-	-	-	0	0	0	0	0	0	0	0	0	0	0	0	0	0	0	0	0	0	0	0	0	0	0	0	0
/input/intro-notes/StructureDefinition-mii-pr-onko-tnm-m-symbol-intro.md	478	-	-	-	0	0	0	0	0	0	0	0	0	0	0	0	0	0	0	0	0	0	0	0	0	0	0	0	0
/input/intro-notes/StructureDefinition-mii-pr-onko-strahlentherapie-bestrahlung-nuklearmedizin-intro.md	2222	-	-	-	0	0	0	0	0	0	0	0	0	0	0	0	0	0	0	0	0	0	1	0	0	0	0	0	0
/input/intro-notes/ConceptMap-mii-cm-onko-therapie-ende-sct-intro.md	630	-	-	-	0	0	0	0	0	0	0	0	0	0	0	0	0	0	0	0	0	0	0	0	0	0	0	0	0
/input/intro-notes/StructureDefinition-mii-pr-onko-tnm-a-symbol-intro.md	573	-	-	-	0	0	0	0	0	0	0	0	0	0	0	0	0	0	0	0	0	0	0	0	0	0	0	0	0
/input/intro-notes/StructureDefinition-mii-pr-onko-mamma-operation-intro.md	4605	-	-	-	0	0	0	0	0	0	0	0	0	0	0	0	0	0	0	0	0	0	0	0	0	0	0	0	0
/input/intro-notes/StructureDefinition-mii-pr-onko-tnm-pn-kategorie-intro.md	336	-	-	-	0	0	0	0	0	0	0	0	0	0	0	0	0	0	0	0	0	0	1	0	0	0	0	0	0
/input/intro-notes/StructureDefinition-mii-pr-onko-tumorgroesse-intro.md	1291	-	-	-	0	0	0	0	0	0	0	0	0	0	0	0	0	0	0	0	0	0	0	0	0	0	0	0	0
/input/intro-notes/StructureDefinition-mii-pr-onko-tnm-klassifikation-intro.md	4555	-	-	-	0	0	0	0	0	0	0	0	0	0	0	0	0	0	0	0	0	0	0	0	0	0	0	0	0
/input/intro-notes/StructureDefinition-mii-pr-onko-prostate-ca-befall-stanze-intro.md	1630	-	-	-	0	0	0	0	0	0	0	0	0	0	0	0	0	0	0	0	0	0	0	0	0	0	0	0	0
/input/intro-notes/ConceptMap-mii-cm-onko-strahlentherapie-strahleneinheit-sct-intro.md	478	-	-	-	0	0	0	0	0	0	0	0	0	0	0	0	0	0	0	0	0	0	1	0	0	0	0	0	0
/input/intro-notes/StructureDefinition-mii-pr-onko-tnm-v-kategorie-intro.md	352	-	-	-	0	0	0	0	0	0	0	0	0	0	0	0	0	0	0	0	0	0	0	0	0	0	0	0	0
/input/intro-notes/StructureDefinition-mii-ex-onko-operation-intention-intro.md	463	-	-	-	0	0	0	0	0	0	0	0	0	0	0	0	0	0	0	0	0	0	0	0	0	0	0	0	0
/input/intro-notes/StructureDefinition-mii-pr-onko-allgemeiner-leistungszustand-karnofsky-intro.md	3056	-	-	-	0	0	0	0	0	0	0	0	0	0	0	0	0	0	0	0	0	0	0	0	0	0	0	0	0
/input/intro-notes/StructureDefinition-mii-ex-onko-histology-morphology-behavior-icdo3-intro.md	1562	-	-	-	0	0	0	0	0	0	0	0	0	0	0	0	0	0	0	0	0	0	0	0	0	0	0	0	0
/input/intro-notes/ConceptMap-mii-cm-onko-primaertumor-diagnosesicherung-sct-intro.md	583	-	-	-	0	0	0	0	0	0	0	0	0	0	0	0	0	0	0	0	0	0	1	0	0	0	0	0	0
/input/intro-notes/StructureDefinition-mii-pr-onko-prostate-psa-intro.md	2441	-	-	-	0	0	0	0	0	0	0	0	0	0	0	0	0	0	0	0	0	0	0	0	0	0	0	0	0
/input/intro-notes/StructureDefinition-mii-pr-onko-mamma-menopause-status-intro.md	3200	-	-	-	0	0	0	0	0	0	0	0	0	0	0	0	0	0	0	0	0	0	0	0	0	0	0	0	0
/input/intro-notes/StructureDefinition-mii-pr-onko-systemische-therapie-intro.md	5803	-	-	-	0	0	0	0	0	0	0	0	0	0	0	0	0	0	0	0	0	0	0	0	0	0	0	0	0
/input/intro-notes/ConceptMap-mii-cm-onko-therapie-stellung-sct-intro.md	468	-	-	-	0	0	0	0	0	0	0	0	0	0	0	0	0	0	0	0	0	0	1	0	0	0	0	0	0
/input/intro-notes/StructureDefinition-mii-pr-onko-therapieempfehlung-medikation-intro.md	4433	-	-	-	0	0	0	0	0	0	0	0	0	0	0	0	0	0	0	0	0	0	0	0	0	0	0	0	0
/input/intro-notes/StructureDefinition-mii-pr-onko-genetische-variante-intro.md	3694	-	-	-	0	0	0	0	0	0	0	0	0	0	0	0	0	0	0	0	0	0	0	0	0	0	0	0	0
/input/intro-notes/StructureDefinition-mii-pr-onko-operation-intro.md	8338	-	-	-	0	0	0	0	0	0	0	0	0	0	0	0	0	0	0	0	0	0	1	0	0	0	0	0	0
/input/intro-notes/StructureDefinition-mii-pr-onko-strahlentherapie-bestrahlung-strahlentherapie-intro.md	2922	-	-	-	0	0	0	0	0	0	0	0	0	0	0	0	0	0	0	0	0	0	0	0	0	0	0	0	0
/input/intro-notes/StructureDefinition-mii-pr-onko-allgemeiner-leistungszustand-ecog-intro.md	3002	-	-	-	0	0	0	0	0	0	0	0	0	0	0	0	0	0	0	0	0	0	0	0	0	0	0	0	0
/input/intro-notes/StructureDefinition-mii-pr-onko-prostate-gleason-grade-group-intro.md	3555	-	-	-	0	0	0	0	0	0	0	0	0	0	0	0	0	0	0	0	0	0	0	0	0	0	0	0	0
/input/intro-notes/ConceptMap-mii-cm-onko-strahlentherapie-applikationsart-sct-intro.md	642	-	-	-	0	0	0	0	0	0	0	0	0	0	0	0	0	0	0	0	0	0	1	0	0	0	0	0	0
/input/intro-notes/StructureDefinition-mii-pr-onko-tumorkonferenz-intro.md	5439	-	-	-	0	0	0	0	0	0	0	0	0	0	0	0	0	0	0	0	0	0	0	0	0	0	0	0	0
/input/intro-notes/StructureDefinition-mii-pr-onko-krk-abstand-anokutan-intro.md	2600	-	-	-	0	0	0	0	0	0	0	0	0	0	0	0	0	0	0	0	0	0	0	0	0	0	0	0	0
/input/intro-notes/StructureDefinition-mii-pr-onko-mamma-praeoperative-markierung-intro.md	4098	-	-	-	0	0	0	0	0	0	0	0	0	0	0	0	0	0	0	0	0	0	1	0	0	0	0	0	0
/input/intro-notes/StructureDefinition-mii-ex-onko-tnm-cp-praefix-intro.md	1126	-	-	-	0	0	0	0	0	0	0	0	0	0	0	0	0	0	0	0	0	0	0	0	0	0	0	0	0
/input/intro-notes/StructureDefinition-mii-ex-onko-strahlentherapie-intention-intro.md	211	-	-	-	0	0	0	0	0	0	0	0	0	0	0	0	0	0	0	0	0	0	0	0	0	0	0	0	0
/input/intro-notes/StructureDefinition-mii-ex-onko-operation-urgency-intro.md	2249	-	-	-	0	0	0	0	0	0	0	0	0	0	0	0	0	0	0	0	0	0	0	0	0	0	0	0	0
/input/intro-notes/ConceptMap-mii-cm-onko-tnm-uicc-sct-clinical-intro.md	534	-	-	-	0	0	0	0	0	0	0	0	0	0	0	0	0	0	0	0	0	0	0	0	0	0	0	0	0
/input/intro-notes/StructureDefinition-mii-pr-onko-weitere-klassifikationen-intro.md	5541	-	-	-	0	0	0	0	0	0	0	0	0	0	0	0	0	0	0	0	0	0	1	0	0	0	0	0	0
/input/intro-notes/ConceptMap-mii-cm-onko-therapie-typ-sct-intro.md	526	-	-	-	0	0	0	0	0	0	0	0	0	0	0	0	0	0	0	0	0	0	0	0	0	0	0	0	0
/input/intro-notes/StructureDefinition-mii-pr-onko-melanom-breslow-tiefe-intro.md	2592	-	-	-	0	0	0	0	0	0	0	0	0	0	0	0	0	0	0	0	0	0	0	0	0	0	0	0	0
/input/intro-notes/StructureDefinition-mii-pr-onko-therapieempfehlung-kombinationstherapie-intro.md	7742	-	-	-	0	0	0	0	0	0	0	0	0	0	0	0	0	0	0	0	0	0	1	0	0	0	0	0	0
/input/intro-notes/StructureDefinition-mii-pr-onko-verlauf-intro.md	2697	-	-	-	0	0	0	0	0	0	0	0	0	0	0	0	0	0	0	0	0	0	0	0	0	0	0	0	0
/input/intro-notes/ConceptMap-mii-cm-onko-intention-sct-intro.md	518	-	-	-	0	0	0	0	0	0	0	0	0	0	0	0	0	0	0	0	0	0	0	0	0	0	0	0	0
/input/intro-notes/StructureDefinition-mii-pr-onko-krk-specimen-intro.md	3043	-	-	-	0	0	0	0	0	0	0	0	0	0	0	0	0	0	0	0	0	0	0	0	0	0	0	0	0
/input/intro-notes/StructureDefinition-mii-pr-onko-histologie-icdo3-intro.md	796	-	-	-	0	0	0	0	0	0	0	0	0	0	0	0	0	0	0	0	0	0	1	0	0	0	0	0	0
/input/intro-notes/StructureDefinition-mii-pr-onko-krk-abstand-aboral-intro.md	3364	-	-	-	0	0	0	0	0	0	0	0	0	0	0	0	0	0	0	0	0	0	0	0	0	0	0	0	0
/input/intro-notes/ConceptMap-mii-cm-onko-grading-sct-intro.md	394	-	-	-	0	0	0	0	0	0	0	0	0	0	0	0	0	0	0	0	0	0	0	0	0	0	0	0	0
/input/intro-notes/StructureDefinition-mii-pr-onko-tnm-n-kategorie-intro.md	1292	-	-	-	0	0	0	0	0	0	0	0	0	0	0	0	0	0	0	0	0	0	0	0	0	0	0	0	0
/input/intro-notes/Bundle-mii-exa-onko-melanom-bundle-intro.md	6338	-	-	-	0	0	0	0	0	0	0	0	0	0	0	0	0	0	0	0	0	0	1	0	0	0	0	0	0
/input/intro-notes/Bundle-mii-exa-onko-krk-bundle-intro.md	7764	-	-	-	0	0	0	0	0	0	0	0	0	0	0	0	0	0	0	0	0	0	0	0	0	0	0	0	0
/input/intro-notes/StructureDefinition-mii-pr-onko-krk-anastomoseninsuffizienz-intro.md	3303	-	-	-	0	0	0	0	0	0	0	0	0	0	0	0	0	0	0	0	0	0	1	0	0	0	0	0	0
/input/intro-notes/StructureDefinition-mii-pr-onko-diagnose-primaertumor-intro.md	6245	-	-	-	0	0	0	0	0	0	0	0	0	0	0	0	0	0	0	0	0	0	0	0	0	0	0	0	0
/input/intro-notes/Bundle-mii-exa-onko-mamma-example-bundle-1-intro.md	5171	-	-	-	0	0	0	0	0	0	0	0	0	0	0	0	0	0	0	0	0	0	0	0	0	0	0	0	0
/input/intro-notes/StructureDefinition-mii-pr-onko-prostate-anzahl-stanzen-intro.md	2167	-	-	-	0	0	0	0	0	0	0	0	0	0	0	0	0	0	0	0	0	0	1	0	0	0	0	0	0
/input/intro-notes/StructureDefinition-mii-pr-onko-tnm-m-kategorie-intro.md	1272	-	-	-	0	0	0	0	0	0	0	0	0	0	0	0	0	0	0	0	0	0	0	0	0	0	0	0	0
/input/intro-notes/StructureDefinition-mii-pr-onko-specimen-intro.md	905	-	-	-	0	0	0	0	0	0	0	0	0	0	0	0	0	0	0	0	0	0	0	0	0	0	0	0	0
/input/intro-notes/ConceptMap-mii-cm-onko-studienteilnahme-sct-intro.md	370	-	-	-	0	0	0	0	0	0	0	0	0	0	0	0	0	0	0	0	0	0	0	0	0	0	0	0	0
/input/intro-notes/ConceptMap-mii-cm-onko-nebenwirkung-sct-intro.md	441	-	-	-	0	0	0	0	0	0	0	0	0	0	0	0	0	0	0	0	0	0	0	0	0	0	0	0	0
/input/intro-notes/ConceptMap-mii-cm-onko-tod-sct-intro.md	645	-	-	-	0	0	0	0	0	0	0	0	0	0	0	0	0	0	0	0	0	0	1	0	0	0	0	0	0
/input/intro-notes/ConceptMap-mii-cm-onko-therapieabweichung-sct-intro.md	471	-	-	-	0	0	0	0	0	0	0	0	0	0	0	0	0	0	0	0	0	0	0	0	0	0	0	0	0
/input/intro-notes/StructureDefinition-mii-pr-onko-krk-abstand-circumferelle-resektionsebene-intro.md	3436	-	-	-	0	0	0	0	0	0	0	0	0	0	0	0	0	0	0	0	0	0	0	0	0	0	0	0	0
/input/intro-notes/StructureDefinition-mii-pr-onko-tnm-s-kategorie-intro.md	384	-	-	-	0	0	0	0	0	0	0	0	0	0	0	0	0	0	0	0	0	0	0	0	0	0	0	0	0
/input/intro-notes/StructureDefinition-mii-pr-onko-tod-intro.md	2168	-	-	-	0	0	0	0	0	0	0	0	0	0	0	0	0	0	0	0	0	0	0	0	0	0	0	0	0
/input/intro-notes/StructureDefinition-mii-pr-onko-mamma-rezeptorstatus-progesteron-intro.md	5079	-	-	-	0	0	0	0	0	0	0	0	0	0	0	0	0	0	0	0	0	0	1	0	0	0	0	0	0
/input/intro-notes/StructureDefinition-mii-pr-onko-tnm-t-kategorie-intro.md	1248	-	-	-	0	0	0	0	0	0	0	0	0	0	0	0	0	0	0	0	0	0	0	0	0	0	0	0	0
/input/intro-notes/StructureDefinition-mii-pr-onko-mamma-rezeptorstatus-estrogen-intro.md	5063	-	-	-	0	0	0	0	0	0	0	0	0	0	0	0	0	0	0	0	0	0	0	0	0	0	0	0	0
/input/intro-notes/StructureDefinition-mii-pr-onko-melanom-ulzeration-intro.md	3388	-	-	-	0	0	0	0	0	0	0	0	0	0	0	0	0	0	0	0	0	0	0	0	0	0	0	0	0
/input/intro-notes/StructureDefinition-mii-pr-onko-krk-operation-intro.md	2675	-	-	-	0	0	0	0	0	0	0	0	0	0	0	0	0	0	0	0	0	0	1	0	0	0	0	0	0
/input/intro-notes/StructureDefinition-mii-pr-onko-liste-evidenz-erstdiagnose-intro.md	1009	-	-	-	0	0	0	0	0	0	0	0	0	0	0	0	0	0	0	0	0	0	0	0	0	0	0	0	0
/input/intro-notes/ConceptMap-mii-cm-onko-verlauf-lymphknoten-sct-intro.md	437	-	-	-	0	0	0	0	0	0	0	0	0	0	0	0	0	0	0	0	0	0	0	0	0	0	0	0	0
/input/intro-notes/StructureDefinition-mii-pr-onko-prostate-gleason-patterns-intro.md	3756	-	-	-	0	0	0	0	0	0	0	0	0	0	0	0	0	0	0	0	0	0	0	0	0	0	0	0	0
/input/intro-notes/ConceptMap-mii-cm-onko-tnm-uicc-sct-pathological-intro.md	684	-	-	-	0	0	0	0	0	0	0	0	0	0	0	0	0	0	0	0	0	0	1	0	0	0	0	0	0
/input/intro-notes/StructureDefinition-mii-pr-onko-tnm-r-symbol-intro.md	510	-	-	-	0	0	0	0	0	0	0	0	0	0	0	0	0	0	0	0	0	0	0	0	0	0	0	0	0
/input/intro-notes/StructureDefinition-mii-pr-onko-asa-klassifikation-intro.md	2179	-	-	-	0	0	0	0	0	0	0	0	0	0	0	0	0	0	0	0	0	0	0	0	0	0	0	0	0
/input/intro-notes/StructureDefinition-mii-pr-onko-melanom-sicherheitsabstand-intro.md	3197	-	-	-	0	0	0	0	0	0	0	0	0	0	0	0	0	0	0	0	0	0	0	0	0	0	0	0	0
/input/intro-notes/StructureDefinition-mii-ex-onko-strahlentherapie-stellungzurop-intro.md	219	-	-	-	0	0	0	0	0	0	0	0	0	0	0	0	0	0	0	0	0	0	0	0	0	0	0	0	0
/input/intro-notes/StructureDefinition-mii-pr-onko-fruehere-tumorerkrankung-intro.md	5710	-	-	-	0	0	0	0	0	0	0	0	0	0	0	0	0	0	0	0	0	0	1	0	0	0	0	0	0
/input/intro-notes/ConceptMap-mii-cm-onko-verlauf-primaertumor-sct-intro.md	519	-	-	-	0	0	0	0	0	0	0	0	0	0	0	0	0	0	0	0	0	0	0	0	0	0	0	0	0
/input/intro-notes/StructureDefinition-mii-pr-onko-tnm-l-kategorie-intro.md	347	-	-	-	0	0	0	0	0	0	0	0	0	0	0	0	0	0	0	0	0	0	0	0	0	0	0	0	0
/input/intro-notes/StructureDefinition-mii-pr-onko-nebenwirkung-adverse-event-intro.md	1976	-	-	-	0	0	0	0	0	0	0	0	0	0	0	0	0	0	0	0	0	0	0	0	0	0	0	0	0
/input/intro-notes/StructureDefinition-mii-pr-onko-therapieempfehlung-operation-intro.md	3851	-	-	-	0	0	0	0	0	0	0	0	0	0	0	0	0	0	0	0	0	0	1	0	0	0	0	0	0
/input/intro-notes/StructureDefinition-mii-pr-onko-grading-intro.md	348	-	-	-	0	0	0	0	0	0	0	0	0	0	0	0	0	0	0	0	0	0	0	0	0	0	0	0	0
/input/intro-notes/ConceptMap-mii-cm-onko-verlauf-gesamtbeurteilung-sct-intro.md	479	-	-	-	0	0	0	0	0	0	0	0	0	0	0	0	0	0	0	0	0	0	0	0	0	0	0	0	0
/input/intro-notes/StructureDefinition-mii-pr-onko-mamma-her2neu-status-intro.md	6694	-	-	-	0	0	0	0	0	0	0	0	0	0	0	0	0	0	0	0	0	0	1	0	0	0	0	0	0
/input/intro-notes/StructureDefinition-mii-pr-onko-krk-stoma-markierung-intro.md	3214	-	-	-	0	0	0	0	0	0	0	0	0	0	0	0	0	0	0	0	0	0	0	0	0	0	0	0	0
/input/intro-notes/ConceptMap-mii-cm-onko-fernmetastasen-sct-intro.md	379	-	-	-	0	0	0	0	0	0	0	0	0	0	0	0	0	0	0	0	0	0	0	0	0	0	0	0	0
/input/intro-notes/ConceptMap-mii-cm-onko-genetische-variante-auspraegung-sct-intro.md	928	-	-	-	0	0	0	0	0	0	0	0	0	0	0	0	0	0	0	0	0	0	0	0	0	0	0	0	0
/input/intro-notes/StructureDefinition-mii-pr-onko-studienteilnahme-intro.md	2902	-	-	-	0	0	0	0	0	0	0	0	0	0	0	0	0	0	0	0	0	0	0	0	0	0	0	0	0
/input/intro-notes/StructureDefinition-mii-pr-onko-tnm-y-symbol-intro.md	565	-	-	-	0	0	0	0	0	0	0	0	0	0	0	0	0	0	0	0	0	0	1	0	0	0	0	0	0
/input/intro-notes/StructureDefinition-mii-pr-onko-prostate-anzahl-positive-stanzen-intro.md	2366	-	-	-	0	0	0	0	0	0	0	0	0	0	0	0	0	0	0	0	0	0	0	0	0	0	0	0	0
/input/intro-notes/StructureDefinition-mii-pr-onko-strahlentherapie-intro.md	9902	-	-	-	0	0	0	0	0	0	0	0	0	0	0	0	0	0	0	0	0	0	0	0	0	0	0	0	0
/input/intro-notes/ConceptMap-mii-cm-onko-strahlentherapie-boost-sct-intro.md	522	-	-	-	0	0	0	0	0	0	0	0	0	0	0	0	0	0	0	0	0	0	1	0	0	0	0	0	0
/input/pagecontent/logical-models.md	946	-	-	-	0	0	0	0	0	0	0	0	0	0	0	0	0	0	0	0	0	0	0	0	0	0	0	0	0
/input/pagecontent/examples.md	1312	-	-	-	0	0	0	0	0	0	0	0	0	0	0	0	0	0	0	0	0	0	0	0	0	0	0	0	0
/input/pagecontent/atc-terminologie.md	10328	-	-	-	0	0	0	0	0	0	0	0	0	0	0	0	0	0	0	0	0	0	1	0	0	0	0	0	0
/input/pagecontent/changes.md	6933	-	-	-	0	0	0	0	0	0	0	0	0	0	0	0	0	0	0	0	0	0	1	0	0	0	0	0	0
/input/pagecontent/guidance.md	8892	-	-	-	0	0	0	0	0	0	0	0	0	0	0	0	0	0	0	0	0	0	0	0	0	0	0	0	0
/input/pagecontent/code-systems.md	5351	-	-	-	0	0	0	0	0	0	0	0	0	0	0	0	0	0	0	0	0	0	1	0	0	0	0	0	0
/input/pagecontent/researcher-guidance.md	1299	-	-	-	0	0	0	0	0	0	0	0	0	0	0	0	0	0	0	0	0	0	0	0	0	0	0	0	0
/input/pagecontent/profiles.md	18346	-	-	-	0	0	0	0	0	0	0	0	0	0	0	0	0	0	0	0	0	0	1	0	0	0	0	0	0
/input/pagecontent/search-parameters.md	1709	-	-	-	0	0	0	0	0	0	0	0	0	0	0	0	0	0	0	0	0	0	0	0	0	0	0	0	0
/input/pagecontent/index.md	6797	-	-	-	0	0	0	0	0	0	0	0	0	0	0	0	0	0	0	0	0	0	0	0	0	0	0	0	0
/input/pagecontent/value-sets.md	1479	-	-	-	0	0	0	0	0	0	0	0	0	0	0	0	0	0	0	0	0	0	1	0	0	0	0	0	0
/input/pagecontent/translationinfo.md	986	-	-	-	0	0	0	0	0	0	0	0	0	0	0	0	0	0	0	0	0	0	0	0	0	0	0	0	0
/input/pagecontent/extensions.md	5394	-	-	-	0	0	0	0	0	0	0	0	0	0	0	0	0	0	0	0	0	0	0	0	0	0	0	0	0
/input/pagecontent/ImplementationGuide-mii-ig-onko-de-v2026.md	3502	-	-	-	0	0	0	0	0	0	0	0	0	0	0	0	0	0	0	0	0	0	1	0	0	0	0	0	0
/input/pagecontent/molgen-variantentypen.md	9791	-	-	-	0	0	0	0	0	0	0	0	0	0	0	0	0	0	0	0	0	0	0	0	0	0	0	0	0
/input/pagecontent/downloads.md	3285	-	-	-	0	0	0	0	0	0	0	0	0	0	0	0	0	0	0	0	0	0	1	0	0	0	0	0	0
/input/pagecontent/icd-o-terminologie.md	5846	-	-	-	0	0	0	0	0	0	0	0	0	0	0	0	0	0	0	0	0	0	0	0	0	0	0	0	0
/input/pagecontent/weitere-klassifikationen-terminologien.md	6804	-	-	-	0	0	0	0	0	0	0	0	0	0	0	0	0	0	0	0	0	0	1	0	0	0	0	0	0
/input/pagecontent/security-and-privacy.md	4331	-	-	-	0	0	0	0	0	0	0	0	0	0	0	0	0	0	0	0	0	0	0	0	0	0	0	0	0
/input/pagecontent/metadata.md	21866	-	-	-	0	0	0	0	0	0	0	0	0	0	0	0	0	0	0	0	0	0	1	0	0	0	0	0	0
/input/pagecontent/tumormarker-loinc.md	6301	-	-	-	0	0	0	0	0	0	0	0	0	0	0	0	0	0	0	0	0	0	0	0	0	0	0	0	0
/input/pagecontent/tnm-breast-cancer-journey.md	8694	-	-	-	0	0	0	0	0	0	0	0	0	0	0	0	0	0	0	0	0	0	1	0	0	0	0	0	0
/input/pagecontent/toronto-klassifikation.md	7996	-	-	-	0	0	0	0	0	0	0	0	0	0	0	0	0	0	0	0	0	0	1	0	0	0	0	0	0
/input/pagecontent/datasets-and-descriptions.md	2730	-	-	-	0	0	0	0	0	0	0	0	0	0	0	0	0	0	0	0	0	0	0	0	0	0	0	0	0
/input/pagecontent/implementer-guidance.md	8397	-	-	-	0	0	0	0	0	0	0	0	0	0	0	0	0	0	0	0	0	0	2572	0	0	0	0	0	0
/input/pagecontent/version-history.md	4504	-	-	-	0	0	0	0	0	0	0	0	0	0	0	0	0	0	0	0	0	0	0	0	0	0	0	0	0
/input/pagecontent/uml-diagrams.md	1123	-	-	-	0	0	0	0	0	0	0	0	0	0	0	0	0	0	0	0	0	0	1	0	0	0	0	0	0
/input/pagecontent/anwendungsfaelle-informationsmodell.md	958	-	-	-	0	0	0	0	0	0	0	0	0	0	0	0	0	0	0	0	0	0	0	0	0	0	0	0	0
/input/pagecontent/capability-statements.md	1242	-	-	-	0	0	0	0	0	0	0	0	0	0	0	0	0	0	0	0	0	0	0	0	0	0	0	0	0
/input/intro-notes	0	-	-	-	0	0	0	0	0	0	0	0	0	0	0	0	0	0	0	0	0	0	0	0	0	0	0	0	0
/input/intro-notes/ConceptMap-mii-cm-onko-seitenlokalisation-sct-intro.md	456	-	-	-	0	0	0	0	0	0	0	0	0	0	0	0	0	0	0	0	0	0	1	0	0	0	0	0	0
/input/intro-notes/ValueSet-mii-vs-onko-kdl-dokumentklassen-intro.md	15865	-	-	-	0	0	0	0	0	0	0	0	0	0	0	0	0	0	0	0	0	0	1	0	0	0	0	0	0
/input/intro-notes/StructureDefinition-mii-pr-onko-befund-intro.md	1626	-	-	-	0	0	0	0	0	0	0	0	0	0	0	0	0	0	0	0	0	0	0	0	0	0	0	0	0
/input/intro-notes/ConceptMap-mii-cm-onko-allgemeiner-leistungszustand-sct-intro.md	847	-	-	-	0	0	0	0	0	0	0	0	0	0	0	0	0	0	0	0	0	0	0	0	0	0	0	0	0
/input/intro-notes/StructureDefinition-mii-pr-onko-melanom-ldh-intro.md	3569	-	-	-	0	0	0	0	0	0	0	0	0	0	0	0	0	0	0	0	0	0	0	0	0	0	0	0	0
/input/intro-notes/StructureDefinition-mii-pr-onko-krk-mrt-mesorektale-faszie-intro.md	3487	-	-	-	0	0	0	0	0	0	0	0	0	0	0	0	0	0	0	0	0	0	0	0	0	0	0	0	0
/input/intro-notes/ConceptMap-mii-cm-onko-strahlentherapie-strahlenart-sct-intro.md	573	-	-	-	0	0	0	0	0	0	0	0	0	0	0	0	0	0	0	0	0	0	1	0	0	0	0	0	0
/input/intro-notes/StructureDefinition-mii-pr-onko-fernmetastasen-intro.md	1178	-	-	-	0	0	0	0	0	0	0	0	0	0	0	0	0	0	0	0	0	0	0	0	0	0	0	0	0
/input/intro-notes/ConceptMap-mii-cm-onko-operation-komplikation-sct-intro.md	608	-	-	-	0	0	0	0	0	0	0	0	0	0	0	0	0	0	0	0	0	0	0	0	0	0	0	0	0
/input/intro-notes/StructureDefinition-mii-pr-onko-systemische-therapie-medikation-intro.md	2267	-	-	-	0	0	0	0	0	0	0	0	0	0	0	0	0	0	0	0	0	0	0	0	0	0	0	0	0
/input/intro-notes/ConceptMap-mii-cm-onko-verlauf-fernmetastasen-sct-intro.md	637	-	-	-	0	0	0	0	0	0	0	0	0	0	0	0	0	0	0	0	0	0	0	0	0	0	0	0	0
/input/intro-notes/ConceptMap-mii-cm-onko-therapieplanung-sct-intro.md	487	-	-	-	0	0	0	0	0	0	0	0	0	0	0	0	0	0	0	0	0	0	1	0	0	0	0	0	0
/input/intro-notes/ConceptMap-mii-cm-onko-strahlentherapie-zielgebiet-sct-intro.md	675	-	-	-	0	0	0	0	0	0	0	0	0	0	0	0	0	0	0	0	0	0	0	0	0	0	0	0	0
/input/intro-notes/StructureDefinition-mii-pr-onko-residualstatus-intro.md	749	-	-	-	0	0	0	0	0	0	0	0	0	0	0	0	0	0	0	0	0	0	0	0	0	0	0	0	0
/input/intro-notes/StructureDefinition-mii-pr-onko-prostate-clavien-dindo-intro.md	3684	-	-	-	0	0	0	0	0	0	0	0	0	0	0	0	0	0	0	0	0	0	0	0	0	0	0	0	0
/input/intro-notes/StructureDefinition-mii-pr-onko-tnm-m-symbol-intro.md	478	-	-	-	0	0	0	0	0	0	0	0	0	0	0	0	0	0	0	0	0	0	0	0	0	0	0	0	0
/input/intro-notes/StructureDefinition-mii-pr-onko-strahlentherapie-bestrahlung-nuklearmedizin-intro.md	2222	-	-	-	0	0	0	0	0	0	0	0	0	0	0	0	0	0	0	0	0	0	1	0	0	0	0	0	0
/input/intro-notes/ConceptMap-mii-cm-onko-therapie-ende-sct-intro.md	630	-	-	-	0	0	0	0	0	0	0	0	0	0	0	0	0	0	0	0	0	0	0	0	0	0	0	0	0
/input/intro-notes/StructureDefinition-mii-pr-onko-tnm-a-symbol-intro.md	573	-	-	-	0	0	0	0	0	0	0	0	0	0	0	0	0	0	0	0	0	0	0	0	0	0	0	0	0
/input/intro-notes/StructureDefinition-mii-pr-onko-mamma-operation-intro.md	4605	-	-	-	0	0	0	0	0	0	0	0	0	0	0	0	0	0	0	0	0	0	0	0	0	0	0	0	0
/input/intro-notes/StructureDefinition-mii-pr-onko-tnm-pn-kategorie-intro.md	336	-	-	-	0	0	0	0	0	0	0	0	0	0	0	0	0	0	0	0	0	0	0	0	0	0	0	0	0
/input/intro-notes/StructureDefinition-mii-pr-onko-tumorgroesse-intro.md	1291	-	-	-	0	0	0	0	0	0	0	0	0	0	0	0	0	0	0	0	0	0	1	0	0	0	0	0	0
/input/intro-notes/StructureDefinition-mii-pr-onko-tnm-klassifikation-intro.md	4555	-	-	-	0	0	0	0	0	0	0	0	0	0	0	0	0	0	0	0	0	0	0	0	0	0	0	0	0
/input/intro-notes/StructureDefinition-mii-pr-onko-prostate-ca-befall-stanze-intro.md	1630	-	-	-	0	0	0	0	0	0	0	0	0	0	0	0	0	0	0	0	0	0	0	0	0	0	0	0	0
/input/intro-notes/ConceptMap-mii-cm-onko-strahlentherapie-strahleneinheit-sct-intro.md	478	-	-	-	0	0	0	0	0	0	0	0	0	0	0	0	0	0	0	0	0	0	0	0	0	0	0	0	0
/input/intro-notes/StructureDefinition-mii-pr-onko-tnm-v-kategorie-intro.md	352	-	-	-	0	0	0	0	0	0	0	0	0	0	0	0	0	0	0	0	0	0	1	0	0	0	0	0	0
/input/intro-notes/StructureDefinition-mii-ex-onko-operation-intention-intro.md	463	-	-	-	0	0	0	0	0	0	0	0	0	0	0	0	0	0	0	0	0	0	0	0	0	0	0	0	0
/input/intro-notes/StructureDefinition-mii-pr-onko-allgemeiner-leistungszustand-karnofsky-intro.md	3056	-	-	-	0	0	0	0	0	0	0	0	0	0	0	0	0	0	0	0	0	0	1	0	0	0	0	0	0
/input/intro-notes/StructureDefinition-mii-ex-onko-histology-morphology-behavior-icdo3-intro.md	1562	-	-	-	0	0	0	0	0	0	0	0	0	0	0	0	0	0	0	0	0	0	0	0	0	0	0	0	0
/input/intro-notes/ConceptMap-mii-cm-onko-primaertumor-diagnosesicherung-sct-intro.md	583	-	-	-	0	0	0	0	0	0	0	0	0	0	0	0	0	0	0	0	0	0	0	0	0	0	0	0	0
/input/intro-notes/StructureDefinition-mii-pr-onko-prostate-psa-intro.md	2441	-	-	-	0	0	0	0	0	0	0	0	0	0	0	0	0	0	0	0	0	0	0	0	0	0	0	0	0
/input/intro-notes/StructureDefinition-mii-pr-onko-mamma-menopause-status-intro.md	3200	-	-	-	0	0	0	0	0	0	0	0	0	0	0	0	0	0	0	0	0	0	1	0	0	0	0	0	0
/input/intro-notes/StructureDefinition-mii-pr-onko-systemische-therapie-intro.md	5803	-	-	-	0	0	0	0	0	0	0	0	0	0	0	0	0	0	0	0	0	0	0	0	0	0	0	0	0
/input/intro-notes/ConceptMap-mii-cm-onko-therapie-stellung-sct-intro.md	468	-	-	-	0	0	0	0	0	0	0	0	0	0	0	0	0	0	0	0	0	0	1	0	0	0	0	0	0
/input/intro-notes/StructureDefinition-mii-pr-onko-therapieempfehlung-medikation-intro.md	4433	-	-	-	0	0	0	0	0	0	0	0	0	0	0	0	0	0	0	0	0	0	0	0	0	0	0	0	0
/input/intro-notes/StructureDefinition-mii-pr-onko-genetische-variante-intro.md	3694	-	-	-	0	0	0	0	0	0	0	0	0	0	0	0	0	0	0	0	0	0	1	0	0	0	0	0	0
/input/intro-notes/StructureDefinition-mii-pr-onko-operation-intro.md	8338	-	-	-	0	0	0	0	0	0	0	0	0	0	0	0	0	0	0	0	0	0	1	0	0	0	0	0	0
/input/intro-notes/StructureDefinition-mii-pr-onko-strahlentherapie-bestrahlung-strahlentherapie-intro.md	2922	-	-	-	0	0	0	0	0	0	0	0	0	0	0	0	0	0	0	0	0	0	0	0	0	0	0	0	0
/input/intro-notes/StructureDefinition-mii-pr-onko-allgemeiner-leistungszustand-ecog-intro.md	3002	-	-	-	0	0	0	0	0	0	0	0	0	0	0	0	0	0	0	0	0	0	0	0	0	0	0	0	0
/input/intro-notes/StructureDefinition-mii-pr-onko-prostate-gleason-grade-group-intro.md	3555	-	-	-	0	0	0	0	0	0	0	0	0	0	0	0	0	0	0	0	0	0	1	0	0	0	0	0	0
/input/intro-notes/ConceptMap-mii-cm-onko-strahlentherapie-applikationsart-sct-intro.md	642	-	-	-	0	0	0	0	0	0	0	0	0	0	0	0	0	0	0	0	0	0	0	0	0	0	0	0	0
/input/intro-notes/StructureDefinition-mii-pr-onko-tumorkonferenz-intro.md	5439	-	-	-	0	0	0	0	0	0	0	0	0	0	0	0	0	0	0	0	0	0	1	0	0	0	0	0	0
/input/intro-notes/StructureDefinition-mii-pr-onko-krk-abstand-anokutan-intro.md	2600	-	-	-	0	0	0	0	0	0	0	0	0	0	0	0	0	0	0	0	0	0	0	0	0	0	0	0	0
/input/intro-notes/StructureDefinition-mii-pr-onko-mamma-praeoperative-markierung-intro.md	4098	-	-	-	0	0	0	0	0	0	0	0	0	0	0	0	0	0	0	0	0	0	1	0	0	0	0	0	0
/input/intro-notes/StructureDefinition-mii-ex-onko-tnm-cp-praefix-intro.md	1126	-	-	-	0	0	0	0	0	0	0	0	0	0	0	0	0	0	0	0	0	0	0	0	0	0	0	0	0
/input/intro-notes/StructureDefinition-mii-ex-onko-strahlentherapie-intention-intro.md	211	-	-	-	0	0	0	0	0	0	0	0	0	0	0	0	0	0	0	0	0	0	0	0	0	0	0	0	0
/input/intro-notes/StructureDefinition-mii-ex-onko-operation-urgency-intro.md	2249	-	-	-	0	0	0	0	0	0	0	0	0	0	0	0	0	0	0	0	0	0	1	0	0	0	0	0	0
/input/intro-notes/ConceptMap-mii-cm-onko-tnm-uicc-sct-clinical-intro.md	534	-	-	-	0	0	0	0	0	0	0	0	0	0	0	0	0	0	0	0	0	0	0	0	0	0	0	0	0
/input/intro-notes/StructureDefinition-mii-pr-onko-weitere-klassifikationen-intro.md	5541	-	-	-	0	0	0	0	0	0	0	0	0	0	0	0	0	0	0	0	0	0	0	0	0	0	0	0	0
/input/intro-notes/ConceptMap-mii-cm-onko-therapie-typ-sct-intro.md	526	-	-	-	0	0	0	0	0	0	0	0	0	0	0	0	0	0	0	0	0	0	1	0	0	0	0	0	0
/input/intro-notes/StructureDefinition-mii-pr-onko-melanom-breslow-tiefe-intro.md	2592	-	-	-	0	0	0	0	0	0	0	0	0	0	0	0	0	0	0	0	0	0	0	0	0	0	0	0	0
/input/intro-notes/StructureDefinition-mii-pr-onko-therapieempfehlung-kombinationstherapie-intro.md	7742	-	-	-	0	0	0	0	0	0	0	0	0	0	0	0	0	0	0	0	0	0	0	0	0	0	0	0	0
/input/intro-notes/StructureDefinition-mii-pr-onko-verlauf-intro.md	2697	-	-	-	0	0	0	0	0	0	0	0	0	0	0	0	0	0	0	0	0	0	1	0	0	0	0	0	0
/input/intro-notes/ConceptMap-mii-cm-onko-intention-sct-intro.md	518	-	-	-	0	0	0	0	0	0	0	0	0	0	0	0	0	0	0	0	0	0	0	0	0	0	0	0	0
/input/intro-notes/StructureDefinition-mii-pr-onko-krk-specimen-intro.md	3043	-	-	-	0	0	0	0	0	0	0	0	0	0	0	0	0	0	0	0	0	0	0	0	0	0	0	0	0
/input/intro-notes/StructureDefinition-mii-pr-onko-histologie-icdo3-intro.md	796	-	-	-	0	0	0	0	0	0	0	0	0	0	0	0	0	0	0	0	0	0	1	0	0	0	0	0	0
/input/intro-notes/StructureDefinition-mii-pr-onko-krk-abstand-aboral-intro.md	3364	-	-	-	0	0	0	0	0	0	0	0	0	0	0	0	0	0	0	0	0	0	0	0	0	0	0	0	0
/input/intro-notes/ConceptMap-mii-cm-onko-grading-sct-intro.md	394	-	-	-	0	0	0	0	0	0	0	0	0	0	0	0	0	0	0	0	0	0	1	0	0	0	0	0	0
/input/intro-notes/StructureDefinition-mii-pr-onko-tnm-n-kategorie-intro.md	1292	-	-	-	0	0	0	0	0	0	0	0	0	0	0	0	0	0	0	0	0	0	0	0	0	0	0	0	0
/input/intro-notes/Bundle-mii-exa-onko-melanom-bundle-intro.md	6338	-	-	-	0	0	0	0	0	0	0	0	0	0	0	0	0	0	0	0	0	0	0	0	0	0	0	0	0
/input/intro-notes/Bundle-mii-exa-onko-krk-bundle-intro.md	7764	-	-	-	0	0	0	0	0	0	0	0	0	0	0	0	0	0	0	0	0	0	1	0	0	0	0	0	0
/input/intro-notes/StructureDefinition-mii-pr-onko-krk-anastomoseninsuffizienz-intro.md	3303	-	-	-	0	0	0	0	0	0	0	0	0	0	0	0	0	0	0	0	0	0	1	0	0	0	0	0	0
/input/intro-notes/StructureDefinition-mii-pr-onko-diagnose-primaertumor-intro.md	6245	-	-	-	0	0	0	0	0	0	0	0	0	0	0	0	0	0	0	0	0	0	0	0	0	0	0	0	0
/input/intro-notes/Bundle-mii-exa-onko-mamma-example-bundle-1-intro.md	5171	-	-	-	0	0	0	0	0	0	0	0	0	0	0	0	0	0	0	0	0	0	1	0	0	0	0	0	0
/input/intro-notes/StructureDefinition-mii-pr-onko-prostate-anzahl-stanzen-intro.md	2167	-	-	-	0	0	0	0	0	0	0	0	0	0	0	0	0	0	0	0	0	0	0	0	0	0	0	0	0
/input/intro-notes/StructureDefinition-mii-pr-onko-tnm-m-kategorie-intro.md	1272	-	-	-	0	0	0	0	0	0	0	0	0	0	0	0	0	0	0	0	0	0	0	0	0	0	0	0	0
/input/intro-notes/StructureDefinition-mii-pr-onko-specimen-intro.md	905	-	-	-	0	0	0	0	0	0	0	0	0	0	0	0	0	0	0	0	0	0	1	0	0	0	0	0	0
/input/intro-notes/ConceptMap-mii-cm-onko-studienteilnahme-sct-intro.md	370	-	-	-	0	0	0	0	0	0	0	0	0	0	0	0	0	0	0	0	0	0	0	0	0	0	0	0	0
/input/intro-notes/ConceptMap-mii-cm-onko-nebenwirkung-sct-intro.md	441	-	-	-	0	0	0	0	0	0	0	0	0	0	0	0	0	0	0	0	0	0	0	0	0	0	0	0	0
/input/intro-notes/ConceptMap-mii-cm-onko-tod-sct-intro.md	645	-	-	-	0	0	0	0	0	0	0	0	0	0	0	0	0	0	0	0	0	0	0	0	0	0	0	0	0
/input/intro-notes/ConceptMap-mii-cm-onko-therapieabweichung-sct-intro.md	471	-	-	-	0	0	0	0	0	0	0	0	0	0	0	0	0	0	0	0	0	0	1	0	0	0	0	0	0
/input/intro-notes/StructureDefinition-mii-pr-onko-krk-abstand-circumferelle-resektionsebene-intro.md	3436	-	-	-	0	0	0	0	0	0	0	0	0	0	0	0	0	0	0	0	0	0	0	0	0	0	0	0	0
/input/intro-notes/StructureDefinition-mii-pr-onko-tnm-s-kategorie-intro.md	384	-	-	-	0	0	0	0	0	0	0	0	0	0	0	0	0	0	0	0	0	0	0	0	0	0	0	0	0
/input/intro-notes/StructureDefinition-mii-pr-onko-tod-intro.md	2168	-	-	-	0	0	0	0	0	0	0	0	0	0	0	0	0	0	0	0	0	0	0	0	0	0	0	0	0
/input/intro-notes/StructureDefinition-mii-pr-onko-mamma-rezeptorstatus-progesteron-intro.md	5079	-	-	-	0	0	0	0	0	0	0	0	0	0	0	0	0	0	0	0	0	0	1	0	0	0	0	0	0
/input/intro-notes/StructureDefinition-mii-pr-onko-tnm-t-kategorie-intro.md	1248	-	-	-	0	0	0	0	0	0	0	0	0	0	0	0	0	0	0	0	0	0	0	0	0	0	0	0	0
/input/intro-notes/StructureDefinition-mii-pr-onko-mamma-rezeptorstatus-estrogen-intro.md	5063	-	-	-	0	0	0	0	0	0	0	0	0	0	0	0	0	0	0	0	0	0	0	0	0	0	0	0	0
/input/intro-notes/StructureDefinition-mii-pr-onko-melanom-ulzeration-intro.md	3388	-	-	-	0	0	0	0	0	0	0	0	0	0	0	0	0	0	0	0	0	0	1	0	0	0	0	0	0
/input/intro-notes/StructureDefinition-mii-pr-onko-krk-operation-intro.md	2675	-	-	-	0	0	0	0	0	0	0	0	0	0	0	0	0	0	0	0	0	0	0	0	0	0	0	0	0
/input/intro-notes/StructureDefinition-mii-pr-onko-liste-evidenz-erstdiagnose-intro.md	1009	-	-	-	0	0	0	0	0	0	0	0	0	0	0	0	0	0	0	0	0	0	0	0	0	0	0	0	0
/input/intro-notes/ConceptMap-mii-cm-onko-verlauf-lymphknoten-sct-intro.md	437	-	-	-	0	0	0	0	0	0	0	0	0	0	0	0	0	0	0	0	0	0	0	0	0	0	0	0	0
/input/intro-notes/StructureDefinition-mii-pr-onko-prostate-gleason-patterns-intro.md	3756	-	-	-	0	0	0	0	0	0	0	0	0	0	0	0	0	0	0	0	0	0	0	0	0	0	0	0	0
/input/intro-notes/ConceptMap-mii-cm-onko-tnm-uicc-sct-pathological-intro.md	684	-	-	-	0	0	0	0	0	0	0	0	0	0	0	0	0	0	0	0	0	0	1	0	0	0	0	0	0
/input/intro-notes/StructureDefinition-mii-pr-onko-tnm-r-symbol-intro.md	510	-	-	-	0	0	0	0	0	0	0	0	0	0	0	0	0	0	0	0	0	0	0	0	0	0	0	0	0
/input/intro-notes/StructureDefinition-mii-pr-onko-asa-klassifikation-intro.md	2179	-	-	-	0	0	0	0	0	0	0	0	0	0	0	0	0	0	0	0	0	0	0	0	0	0	0	0	0
/input/intro-notes/StructureDefinition-mii-pr-onko-melanom-sicherheitsabstand-intro.md	3197	-	-	-	0	0	0	0	0	0	0	0	0	0	0	0	0	0	0	0	0	0	0	0	0	0	0	0	0
/input/intro-notes/StructureDefinition-mii-ex-onko-strahlentherapie-stellungzurop-intro.md	219	-	-	-	0	0	0	0	0	0	0	0	0	0	0	0	0	0	0	0	0	0	0	0	0	0	0	0	0
/input/intro-notes/StructureDefinition-mii-pr-onko-fruehere-tumorerkrankung-intro.md	5710	-	-	-	0	0	0	0	0	0	0	0	0	0	0	0	0	0	0	0	0	0	1	0	0	0	0	0	0
/input/intro-notes/ConceptMap-mii-cm-onko-verlauf-primaertumor-sct-intro.md	519	-	-	-	0	0	0	0	0	0	0	0	0	0	0	0	0	0	0	0	0	0	0	0	0	0	0	0	1
/input/intro-notes/StructureDefinition-mii-pr-onko-tnm-l-kategorie-intro.md	347	-	-	-	0	0	0	0	0	0	0	0	0	0	0	0	0	0	0	0	0	0	0	0	0	0	0	0	0
/input/intro-notes/StructureDefinition-mii-pr-onko-nebenwirkung-adverse-event-intro.md	1976	-	-	-	0	0	0	0	0	0	0	0	0	0	0	0	0	0	0	0	0	0	0	0	0	0	0	0	0
/input/intro-notes/StructureDefinition-mii-pr-onko-therapieempfehlung-operation-intro.md	3851	-	-	-	0	0	0	0	0	0	0	0	0	0	0	0	0	0	0	0	0	0	1	0	0	0	0	0	0
/input/intro-notes/StructureDefinition-mii-pr-onko-grading-intro.md	348	-	-	-	0	0	0	0	0	0	0	0	0	0	0	0	0	0	0	0	0	0	0	0	0	0	0	0	0
/input/intro-notes/ConceptMap-mii-cm-onko-verlauf-gesamtbeurteilung-sct-intro.md	479	-	-	-	0	0	0	0	0	0	0	0	0	0	0	0	0	0	0	0	0	0	0	0	0	0	0	0	0
/input/intro-notes/StructureDefinition-mii-pr-onko-mamma-her2neu-status-intro.md	6694	-	-	-	0	0	0	0	0	0	0	0	0	0	0	0	0	0	0	0	0	0	0	0	0	0	0	0	0
/input/intro-notes/StructureDefinition-mii-pr-onko-krk-stoma-markierung-intro.md	3214	-	-	-	0	0	0	0	0	0	0	0	0	0	0	0	0	0	0	0	0	0	1	0	0	0	0	0	0
/input/intro-notes/ConceptMap-mii-cm-onko-fernmetastasen-sct-intro.md	379	-	-	-	0	0	0	0	0	0	0	0	0	0	0	0	0	0	0	0	0	0	0	0	0	0	0	0	0
/input/intro-notes/ConceptMap-mii-cm-onko-genetische-variante-auspraegung-sct-intro.md	928	-	-	-	0	0	0	0	0	0	0	0	0	0	0	0	0	0	0	0	0	0	0	0	0	0	0	0	0
/input/intro-notes/StructureDefinition-mii-pr-onko-studienteilnahme-intro.md	2902	-	-	-	0	0	0	0	0	0	0	0	0	0	0	0	0	0	0	0	0	0	0	0	0	0	0	0	0
/input/intro-notes/StructureDefinition-mii-pr-onko-tnm-y-symbol-intro.md	565	-	-	-	0	0	0	0	0	0	0	0	0	0	0	0	0	0	0	0	0	0	0	0	0	0	0	0	0
/input/intro-notes/StructureDefinition-mii-pr-onko-prostate-anzahl-positive-stanzen-intro.md	2366	-	-	-	0	0	0	0	0	0	0	0	0	0	0	0	0	0	0	0	0	0	1	0	0	0	0	0	0
/input/intro-notes/StructureDefinition-mii-pr-onko-strahlentherapie-intro.md	9902	-	-	-	0	0	0	0	0	0	0	0	0	0	0	0	0	0	0	0	0	0	0	0	0	0	0	0	0
/input/intro-notes/ConceptMap-mii-cm-onko-strahlentherapie-boost-sct-intro.md	522	-	-	-	0	0	0	0	0	0	0	0	0	0	0	0	0	0	0	0	0	0	0	0	0	0	0	0	0
/template/config	0	-	-	-	0	0	0	0	0	0	0	0	0	0	0	0	0	0	0	0	0	0	0	0	0	0	0	0	0
/template/config/_config.yml	140	-	-	-	0	0	0	0	0	0	0	0	0	0	0	0	0	0	0	0	0	0	0	0	0	0	0	0	0
/input/images	0	-	-	-	0	0	0	0	0	0	0	0	0	0	0	0	0	0	0	0	0	0	1	0	0	0	0	0	0
/input/images/MII_Onko_MultiPartSurgery_Example.png	122765	-	-	-	0	0	0	0	0	0	0	0	0	0	0	0	0	0	0	0	0	0	0	0	0	0	0	0	0
/input/images/MII_Onko_9-12_Observations.svg	24297	-	-	-	0	0	0	0	0	0	0	0	0	0	0	0	0	0	0	0	0	0	0	0	0	0	1	0	0
/input/images/MII_Onko_Prostata_Module.svg	45464	-	-	-	0	0	0	0	0	0	0	0	0	0	0	0	0	0	0	0	0	0	0	0	0	0	0	0	0
/input/images/her2neu-1.png	619935	-	-	-	0	0	0	0	0	0	0	0	0	0	0	0	0	0	0	0	0	0	1	0	0	0	0	0	0
/input/images/MII_Onko_KRK_Module.png	182243	-	-	-	0	0	0	0	0	0	0	0	0	0	0	0	0	0	0	0	0	0	0	0	0	0	0	0	0
/input/images/TNM_Breast_Cancer_Journey.svg	44004	-	-	-	0	0	0	0	0	0	0	0	0	0	0	0	0	0	0	0	0	0	1	0	0	0	0	0	0
/input/images/MII_Onko_Prostata_Module.png	236556	-	-	-	0	0	0	0	0	0	0	0	0	0	0	0	0	0	0	0	0	0	0	0	0	0	0	0	0
/input/images/MII_Onko_Mamma_Module.png	176797	-	-	-	0	0	0	0	0	0	0	0	0	0	0	0	0	0	0	0	0	0	0	0	0	0	0	0	0
/input/images/her2neu-2.png	376265	-	-	-	0	0	0	0	0	0	0	0	0	0	0	0	0	0	0	0	0	0	1	0	0	0	0	0	0
/input/images/MII_Onko_UML_Relations_v2.png	187033	-	-	-	0	0	0	0	0	0	0	0	0	0	0	0	0	0	0	0	0	0	0	0	0	0	0	0	0
/input/images/onco_merged.png	346705	-	-	-	0	0	0	0	0	0	0	0	0	0	0	0	0	0	0	0	0	0	1	0	0	0	0	0	0
/input/images/MII_Onko_05_Diagnosis.svg	27287	-	-	-	0	0	0	0	0	0	0	0	0	0	0	0	0	0	0	0	0	0	0	0	0	0	0	0	0
/input/images/FhirModulOnkologieDiagnosis.svg	12404	-	-	-	0	0	0	0	0	0	0	0	0	0	0	0	0	0	0	0	0	0	0	0	0	0	0	0	0
/input/images/MII_Onko_Melanom_Module.svg	31244	-	-	-	0	0	0	0	0	0	0	0	0	0	0	0	0	0	0	0	0	0	0	0	0	0	0	0	0
/input/images/MII KDS Erweiterungsmodul Onkologie.svg	122807	-	-	-	0	0	0	0	0	0	0	0	0	0	0	0	0	0	0	0	0	0	1	0	0	0	0	0	0
/input/images/MII_Onko_06_Histologie.svg	34727	-	-	-	0	0	0	0	0	0	0	0	0	0	0	0	0	0	0	0	0	0	0	0	0	0	0	0	0
/input/images/MII_Onko_13-16_Prozeduren.png	131554	-	-	-	0	0	0	0	0	0	0	0	0	0	0	0	0	0	0	0	0	0	0	0	0	0	0	0	0
/input/images/MII_Onko_KRK_Module.svg	39442	-	-	-	0	0	0	0	0	0	0	0	0	0	0	0	0	0	0	0	0	0	0	0	0	0	0	0	0
/input/images/MII_Onko_UML_Relations_v1.svg	73422	-	-	-	0	0	0	0	0	0	0	0	0	0	0	0	0	0	0	0	0	0	1	0	0	0	0	0	0
/input/images/MII_Onko_17-20_24_Others.png	176732	-	-	-	0	0	0	0	0	0	0	0	0	0	0	0	0	0	0	0	0	0	0	0	0	0	0	0	0
/input/images/MII_Onko_Strahlentherapie_Zielgebiet_Migration.png	110772	-	-	-	0	0	0	0	0	0	0	0	0	0	0	0	0	0	0	0	0	0	0	0	0	0	0	0	0
/input/images/MII_Onko_08_TNM.svg	45731	-	-	-	0	0	0	0	0	0	0	0	0	0	0	0	0	0	0	0	0	0	0	0	0	0	0	0	0
/input/images/MII_Onko_Mamma_Module.svg	38585	-	-	-	0	0	0	0	0	0	0	0	0	0	0	0	0	0	0	0	0	0	1	0	0	0	0	0	0
/input/images/MII_Onko_17-20_24_Others.svg	39497	-	-	-	0	0	0	0	0	0	0	0	0	0	0	0	0	0	0	0	0	0	0	0	0	0	0	0	0
/input/images/onco_merged.svg	59809	-	-	-	0	0	0	0	0	0	0	0	0	0	0	0	0	0	0	0	0	0	0	0	0	0	0	0	0
/input/images/MII_Onko_06_Histologie.png	153068	-	-	-	0	0	0	0	0	0	0	0	0	0	0	0	0	0	0	0	0	0	0	0	0	0	0	0	0
/input/images/FhirModulOnkologieTherapy.svg	22817	-	-	-	0	0	0	0	0	0	0	0	0	0	0	0	0	0	0	0	0	0	0	0	0	0	0	0	0
/input/images/MII_Onko_UML_Relations_v2.svg	69299	-	-	-	0	0	0	0	0	0	0	0	0	0	0	0	0	0	0	0	0	0	1	0	0	0	0	0	0
/input/images/MII_Onko_13-16_Prozeduren.svg	34061	-	-	-	0	0	0	0	0	0	0	0	0	0	0	0	0	0	0	0	0	0	0	0	0	0	0	0	0
/input/images/MII_Onko_05_Diagnosis.png	70151	-	-	-	0	0	0	0	0	0	0	0	0	0	0	0	0	0	0	0	0	0	0	0	0	0	0	0	0
/input/images/MII_Onko_Melanom_Module.png	138777	-	-	-	0	0	0	0	0	0	0	0	0	0	0	0	0	0	0	0	0	0	0	0	0	0	0	0	0
/input/images/MII_Onko_08_TNM.png	247985	-	-	-	0	0	0	0	0	0	0	0	0	0	0	0	0	0	0	0	0	0	1	0	0	0	0	0	0
/input/images/MII_Onko_Example_Patient.svg	120079	-	-	-	0	0	0	0	0	0	0	0	0	0	0	0	0	0	0	0	0	0	0	0	0	0	0	0	0
/input/images/MII_Onko_UML_Relations_v1.png	108960	-	-	-	0	0	0	0	0	0	0	0	0	0	0	0	0	0	0	0	0	0	0	0	0	0	0	0	0
/input/images/MII_Onko_9-12_Observations.png	123871	-	-	-	0	0	0	0	0	0	0	0	0	0	0	0	0	0	0	0	0	0	0	0	0	0	0	0	0
/temp/pages/_includes/artifacts.xml	396917	-	-	-	-	-	-	-	-	-	-	-	-	-	-	-	-	-	-	-	-	-	12	0	0	0	0	0	0
