"Id","Path","Slice Name","Alias(s)","Label","Min","Max","Must Support?","Is Modifier?","Is Summary?","Type(s)","Short","Definition","Comments","Requirements","Default Value","Meaning When Missing","Fixed Value","Pattern","Example","Minimum Value","Maximum Value","Maximum Length","Binding Strength","Binding Description","Binding Value Set","Code","Slicing Discriminator","Slicing Description","Slicing Ordered","Slicing Rules","Base Path","Base Min","Base Max","Condition(s)","Constraint(s)","Mapping: Mapping FHIR zu oBDS","Mapping: MII KDS Mapping"
"Observation","Observation","","Vital Signs
MeasurementResultsTests","",0,*,"","","","null {[]} {[]}
","Variant","Measurements and simple assertions made about a patient, device or other subject.","Used for simple observations such as device measurements, laboratory atomic results, vital signs, height, weight, smoking status, comments, etc.  Other resources are used to provide context for observations such as laboratory reports, etc.","","","","","","","","",,,,,"",,,,"Observation",0,*,"","dom-2:If the resource is contained in another resource, it SHALL NOT contain nested Resources {contained.contained.empty()}
dom-4:If a resource is contained in another resource, it SHALL NOT have a meta.versionId or a meta.lastUpdated {contained.meta.versionId.empty() and contained.meta.lastUpdated.empty()}dom-3:If the resource is contained in another resource, it SHALL be referred to from elsewhere in the resource or SHALL refer to the containing resource {contained.where((('#'+id in (%resource.descendants().reference | %resource.descendants().as(canonical) | %resource.descendants().as(uri) | %resource.descendants().as(url))) or descendants().where(reference = '#').exists() or descendants().where(as(canonical) = '#').exists() or descendants().where(as(canonical) = '#').exists()).not()).trace('unmatched', id).empty()}dom-6:A resource should have narrative for robust management {text.`div`.exists()}dom-5:If a resource is contained in another resource, it SHALL NOT have a security label {contained.meta.security.empty()}obs-7:If Observation.code is the same as an Observation.component.code then the value element associated with the code SHALL NOT be present {value.empty() or component.code.where(coding.intersect(%resource.code.coding).exists()).empty()}obs-6:dataAbsentReason SHALL only be present if Observation.value[x] is not present {dataAbsentReason.empty() or value.empty()}","23"
"Observation.id","Observation.id","","","",0,1,"","","Y","id {[]} {[]}
","Logical id of this artifact","The logical id of the resource, as used in the URL for the resource. Once assigned, this value never changes.","The only time that a resource does not have an id is when it is being submitted to the server using a create operation.","","","","","","","","",,,,,"",,,,"Resource.id",0,1,"",""
"Observation.meta","Observation.meta","","","",0,1,"","","Y","Meta {[]} {[]}
","Metadata about the resource","The metadata about the resource. This is content that is maintained by the infrastructure. Changes to the content might not always be associated with version changes to the resource.","","","","","","","","","",,,,,"",,,,"Resource.meta",0,1,"ele-1
","ele-1:All FHIR elements must have a @value or children {hasValue() or (children().count() > id.count())}
"
"Observation.meta.id","Observation.meta.id","","","",0,1,"","","","string {[]} {[]}
","Unique id for inter-element referencing","Unique id for the element within a resource (for internal references). This may be any string value that does not contain spaces.","","","","","","","","","",,,,,"",,,,"Element.id",0,1,"",""
"Observation.meta.extension","Observation.meta.extension","","extensions
user content","",0,*,"","","","Extension {[]} {[]}
","Additional content defined by implementations","May be used to represent additional information that is not part of the basic definition of the element. To make the use of extensions safe and manageable, there is a strict set of governance  applied to the definition and use of extensions. Though any implementer can define an extension, there is a set of requirements that SHALL be met as part of the definition of the extension.","There can be no stigma associated with the use of extensions by any application, project, or standard - regardless of the institution or jurisdiction that uses or defines the extensions.  The use of extensions is what allows the FHIR specification to retain a core level of simplicity for everyone.","","","","","","","","",,,,,"","value:url}
","Extensions are always sliced by (at least) url",,"open","Element.extension",0,*,"","ele-1:All FHIR elements must have a @value or children {hasValue() or (children().count() > id.count())}
ext-1:Must have either extensions or value[x], not both {extension.exists() != value.exists()}"
"Observation.meta.versionId","Observation.meta.versionId","","","",0,1,"","","Y","id {[]} {[]}
","Version specific identifier","The version specific identifier, as it appears in the version portion of the URL. This value changes when the resource is created, updated, or deleted.","The server assigns this value, and ignores what the client specifies, except in the case that the server is imposing version integrity on updates/deletes.","","","","","","","","",,,,,"",,,,"Meta.versionId",0,1,"","ele-1:All FHIR elements must have a @value or children {hasValue() or (children().count() > id.count())}
"
"Observation.meta.lastUpdated","Observation.meta.lastUpdated","","","",0,1,"","","Y","instant {[]} {[]}
","When the resource version last changed","When the resource last changed - e.g. when the version changed.","This value is always populated except when the resource is first being created. The server / resource manager sets this value; what a client provides is irrelevant. This is equivalent to the HTTP Last-Modified and SHOULD have the same value on a [read](http://hl7.org/fhir/R4/http.html#read) interaction.","","","","","","","","",,,,,"",,,,"Meta.lastUpdated",0,1,"","ele-1:All FHIR elements must have a @value or children {hasValue() or (children().count() > id.count())}
"
"Observation.meta.source","Observation.meta.source","","","",0,1,"","","Y","uri {[]} {[]}
","Identifies where the resource comes from","A uri that identifies the source system of the resource. This provides a minimal amount of [Provenance](http://hl7.org/fhir/R4/provenance.html#) information that can be used to track or differentiate the source of information in the resource. The source may identify another FHIR server, document, message, database, etc.","In the provenance resource, this corresponds to Provenance.entity.what[x]. The exact use of the source (and the implied Provenance.entity.role) is left to implementer discretion. Only one nominated source is allowed; for additional provenance details, a full Provenance resource should be used. 

This element can be used to indicate where the current master source of a resource that has a canonical URL if the resource is no longer hosted at the canonical URL.","","","","","","","","",,,,,"",,,,"Meta.source",0,1,"","ele-1:All FHIR elements must have a @value or children {hasValue() or (children().count() > id.count())}
"
"Observation.meta.profile","Observation.meta.profile","","","",0,*,"Y","","Y","canonical {[]} {[CanonicalType[http://hl7.org/fhir/StructureDefinition/StructureDefinition|4.0.1]]}
","Profiles this resource claims to conform to","A list of profiles (references to [StructureDefinition](http://hl7.org/fhir/R4/structuredefinition.html#) resources) that this resource claims to conform to. The URL is a reference to [StructureDefinition.url](http://hl7.org/fhir/R4/structuredefinition-definitions.html#StructureDefinition.url).","It is up to the server and/or other infrastructure of policy to determine whether/how these claims are verified and/or updated over time.  The list of profile URLs is a set.","","","","","","","","",,,,,"",,,,"Meta.profile",0,*,"","ele-1:All FHIR elements must have a @value or children {hasValue() or (children().count() > id.count())}
"
"Observation.meta.security","Observation.meta.security","","","",0,*,"","","Y","Coding {[]} {[]}
","Security Labels applied to this resource","Security labels applied to this resource. These tags connect specific resources to the overall security policy and infrastructure.","The security labels can be updated without changing the stated version of the resource. The list of security labels is a set. Uniqueness is based the system/code, and version and display are ignored.","","","","","","","","",,"extensible","Security Labels from the Healthcare Privacy and Security Classification System.","http://hl7.org/fhir/ValueSet/security-labels|4.0.1","",,,,"Meta.security",0,*,"","ele-1:All FHIR elements must have a @value or children {hasValue() or (children().count() > id.count())}
"
"Observation.meta.tag","Observation.meta.tag","","","",0,*,"","","Y","Coding {[]} {[]}
","Tags applied to this resource","Tags applied to this resource. Tags are intended to be used to identify and relate resources to process and workflow, and applications are not required to consider the tags when interpreting the meaning of a resource.","The tags can be updated without changing the stated version of the resource. The list of tags is a set. Uniqueness is based the system/code, and version and display are ignored.","","","","","","","","",,"example","Codes that represent various types of tags, commonly workflow-related; e.g. ""Needs review by Dr. Jones"".","http://hl7.org/fhir/ValueSet/common-tags|4.0.1","",,,,"Meta.tag",0,*,"","ele-1:All FHIR elements must have a @value or children {hasValue() or (children().count() > id.count())}
"
"Observation.implicitRules","Observation.implicitRules","","","",0,1,"","Y","Y","uri {[]} {[]}
","A set of rules under which this content was created","A reference to a set of rules that were followed when the resource was constructed, and which must be understood when processing the content. Often, this is a reference to an implementation guide that defines the special rules along with other profiles etc.","Asserting this rule set restricts the content to be only understood by a limited set of trading partners. This inherently limits the usefulness of the data in the long term. However, the existing health eco-system is highly fractured, and not yet ready to define, collect, and exchange data in a generally computable sense. Wherever possible, implementers and/or specification writers should avoid using this element. Often, when used, the URL is a reference to an implementation guide that defines these special rules as part of it's narrative along with other profiles, value sets, etc.","","","","","","","","",,,,,"",,,,"Resource.implicitRules",0,1,"ele-1
","ele-1:All FHIR elements must have a @value or children {hasValue() or (children().count() > id.count())}
"
"Observation.language","Observation.language","","","",0,1,"","","","code {[]} {[]}
","Language of the resource content","The base language in which the resource is written.","Language is provided to support indexing and accessibility (typically, services such as text to speech use the language tag). The html language tag in the narrative applies  to the narrative. The language tag on the resource may be used to specify the language of other presentations generated from the data in the resource. Not all the content has to be in the base language. The Resource.language should not be assumed to apply to the narrative automatically. If a language is specified, it should it also be specified on the div element in the html (see rules in HTML5 for information about the relationship between xml:lang and the html lang attribute).","","","","","","","","",,"preferred","A human language.","http://hl7.org/fhir/ValueSet/languages","",,,,"Resource.language",0,1,"ele-1
","ele-1:All FHIR elements must have a @value or children {hasValue() or (children().count() > id.count())}
"
"Observation.text","Observation.text","","narrative
htmlxhtmldisplay","",0,1,"","","","Narrative {[]} {[]}
","Text summary of the resource, for human interpretation","A human-readable narrative that contains a summary of the resource and can be used to represent the content of the resource to a human. The narrative need not encode all the structured data, but is required to contain sufficient detail to make it ""clinically safe"" for a human to just read the narrative. Resource definitions may define what content should be represented in the narrative to ensure clinical safety.","Contained resources do not have narrative. Resources that are not contained SHOULD have a narrative. In some cases, a resource may only have text with little or no additional discrete data (as long as all minOccurs=1 elements are satisfied).  This may be necessary for data from legacy systems where information is captured as a ""text blob"" or where text is additionally entered raw or narrated and encoded information is added later.","","","","","","","","",,,,,"",,,,"DomainResource.text",0,1,"ele-1
","ele-1:All FHIR elements must have a @value or children {hasValue() or (children().count() > id.count())}
"
"Observation.contained","Observation.contained","","inline resources
anonymous resourcescontained resources","",0,*,"","","","Resource {[]} {[]}
","Contained, inline Resources","These resources do not have an independent existence apart from the resource that contains them - they cannot be identified independently, and nor can they have their own independent transaction scope.","This should never be done when the content can be identified properly, as once identification is lost, it is extremely difficult (and context dependent) to restore it again. Contained resources may have profiles and tags In their meta elements, but SHALL NOT have security labels.","","","","","","","","",,,,,"",,,,"DomainResource.contained",0,*,"",""
"Observation.extension","Observation.extension","","extensions
user content","",0,*,"","","","Extension {[]} {[]}
","Additional content defined by implementations","May be used to represent additional information that is not part of the basic definition of the resource. To make the use of extensions safe and manageable, there is a strict set of governance  applied to the definition and use of extensions. Though any implementer can define an extension, there is a set of requirements that SHALL be met as part of the definition of the extension.","There can be no stigma associated with the use of extensions by any application, project, or standard - regardless of the institution or jurisdiction that uses or defines the extensions.  The use of extensions is what allows the FHIR specification to retain a core level of simplicity for everyone.","","","","","","","","",,,,,"","value:url}
","Extensions are always sliced by (at least) url",,"open","DomainResource.extension",0,*,"ele-1
","ele-1:All FHIR elements must have a @value or children {hasValue() or (children().count() > id.count())}
ext-1:Must have either extensions or value[x], not both {extension.exists() != value.exists()}"
"Observation.extension:secondary-finding","Observation.extension","secondary-finding","extensions
user content","",0,1,"","","","Extension {[CanonicalType[http://hl7.org/fhir/StructureDefinition/observation-secondaryFinding]]} {[]}
","Secondary findings are genetic test results that provide information about variants in a gene unrelated to the primary purpose for the testing, most often discovered when [Whole Exome Sequencing (WES)](https://en.wikipedia.org/wiki/Exome_sequencing) or [Whole Genome Sequencing (WGS)](https://en.wikipedia.org/wiki/Whole_genome_sequencing) is performed. This extension should be used to denote when a genetic finding is being shared as a secondary finding, and ideally refer to a corresponding guideline or policy statement.

For more detail, please see:
https://ghr.nlm.nih.gov/primer/testing/secondaryfindings","Secondary findings are genetic test results that provide information about variants in a gene unrelated to the primary purpose for the testing, most often discovered when [Whole Exome Sequencing (WES)](https://en.wikipedia.org/wiki/Exome_sequencing) or [Whole Genome Sequencing (WGS)](https://en.wikipedia.org/wiki/Whole_genome_sequencing) is performed. This extension should be used to denote when a genetic finding is being shared as a secondary finding, and ideally refer to a corresponding guideline or policy statement.

For more detail, please see:
https://ghr.nlm.nih.gov/primer/testing/secondaryfindings.","There can be no stigma associated with the use of extensions by any application, project, or standard - regardless of the institution or jurisdiction that uses or defines the extensions.  The use of extensions is what allows the FHIR specification to retain a core level of simplicity for everyone.","","","","","","","","",,,,,"",,,,"DomainResource.extension",0,*,"ele-1
","ele-1:All FHIR elements must have a @value or children {hasValue() or (children().count() > id.count())}
ext-1:Must have either extensions or value[x], not both {extension.exists() != value.exists()}"
"Observation.extension:body-structure","Observation.extension","body-structure","extensions
user content","",0,1,"","","","Extension {[CanonicalType[http://hl7.org/fhir/StructureDefinition/bodySite]]} {[]}
","Target anatomic location or structure","Record details about the anatomical location of a specimen or body part. This resource may be used when a coded concept does not provide the necessary detail needed for the use case.","There can be no stigma associated with the use of extensions by any application, project, or standard - regardless of the institution or jurisdiction that uses or defines the extensions.  The use of extensions is what allows the FHIR specification to retain a core level of simplicity for everyone.","","","","","","","","",,,,,"",,,,"DomainResource.extension",0,*,"ele-1
","ele-1:All FHIR elements must have a @value or children {hasValue() or (children().count() > id.count())}
ext-1:Must have either extensions or value[x], not both {extension.exists() != value.exists()}"
"Observation.modifierExtension","Observation.modifierExtension","","extensions
user content","",0,*,"","Y","","Extension {[]} {[]}
","Extensions that cannot be ignored","May be used to represent additional information that is not part of the basic definition of the resource and that modifies the understanding of the element that contains it and/or the understanding of the containing element's descendants. Usually modifier elements provide negation or qualification. To make the use of extensions safe and manageable, there is a strict set of governance applied to the definition and use of extensions. Though any implementer is allowed to define an extension, there is a set of requirements that SHALL be met as part of the definition of the extension. Applications processing a resource are required to check for modifier extensions.

Modifier extensions SHALL NOT change the meaning of any elements on Resource or DomainResource (including cannot change the meaning of modifierExtension itself).","There can be no stigma associated with the use of extensions by any application, project, or standard - regardless of the institution or jurisdiction that uses or defines the extensions.  The use of extensions is what allows the FHIR specification to retain a core level of simplicity for everyone.","Modifier extensions allow for extensions that *cannot* be safely ignored to be clearly distinguished from the vast majority of extensions which can be safely ignored.  This promotes interoperability by eliminating the need for implementers to prohibit the presence of extensions. For further information, see the [definition of modifier extensions](http://hl7.org/fhir/R4/extensibility.html#modifierExtension).","","","","","","","",,,,,"","value:url}
","Extensions are always sliced by (at least) url",,"open","DomainResource.modifierExtension",0,*,"ele-1
","ele-1:All FHIR elements must have a @value or children {hasValue() or (children().count() > id.count())}
ext-1:Must have either extensions or value[x], not both {extension.exists() != value.exists()}"
"Observation.identifier","Observation.identifier","","","",0,*,"","","Y","Identifier {[]} {[]}
","Business Identifier for observation","A unique identifier assigned to this observation.","","Allows observations to be distinguished and referenced.","","","","","","","",,,,,"",,,,"Observation.identifier",0,*,"ele-1
","ele-1:All FHIR elements must have a @value or children {hasValue() or (children().count() > id.count())}
"
"Observation.basedOn","Observation.basedOn","","Fulfills
","",0,*,"","","Y","Reference {[]} {[CanonicalType[http://hl7.org/fhir/StructureDefinition/CarePlan], CanonicalType[http://hl7.org/fhir/StructureDefinition/DeviceRequest], CanonicalType[http://hl7.org/fhir/StructureDefinition/ImmunizationRecommendation], CanonicalType[http://hl7.org/fhir/StructureDefinition/MedicationRequest], CanonicalType[http://hl7.org/fhir/StructureDefinition/NutritionOrder], CanonicalType[http://hl7.org/fhir/StructureDefinition/ServiceRequest]]}
","Fulfills plan, proposal or order","A plan, proposal or order that is fulfilled in whole or in part by this event.  For example, a MedicationRequest may require a patient to have laboratory test performed before  it is dispensed.","References SHALL be a reference to an actual FHIR resource, and SHALL be resolveable (allowing for access control, temporary unavailability, etc.). Resolution can be either by retrieval from the URL, or, where applicable by resource type, by treating an absolute reference as a canonical URL and looking it up in a local registry/repository.","Allows tracing of authorization for the event and tracking whether proposals/recommendations were acted upon.","","","","","","","",,,,,"",,,,"Observation.basedOn",0,*,"ele-1
","ele-1:All FHIR elements must have a @value or children {hasValue() or (children().count() > id.count())}
ref-1:SHALL have a contained resource if a local reference is provided {reference.startsWith('#').not() or (reference.substring(1).trace('url') in %rootResource.contained.id.trace('ids'))}"
"Observation.partOf","Observation.partOf","","Container
","",0,*,"","","Y","Reference {[]} {[CanonicalType[http://hl7.org/fhir/StructureDefinition/MedicationAdministration], CanonicalType[http://hl7.org/fhir/StructureDefinition/MedicationDispense], CanonicalType[http://hl7.org/fhir/StructureDefinition/MedicationStatement], CanonicalType[http://hl7.org/fhir/StructureDefinition/Procedure], CanonicalType[http://hl7.org/fhir/StructureDefinition/Immunization], CanonicalType[http://hl7.org/fhir/StructureDefinition/ImagingStudy], CanonicalType[http://hl7.org/fhir/uv/genomics-reporting/StructureDefinition/genomic-study]]}
","Part of referenced event","A larger event of which this particular Observation is a component or step.  For example,  an observation as part of a procedure.","To link an Observation to an Encounter use `encounter`.  See the  [Notes](http://hl7.org/fhir/R4/observation.html#obsgrouping) below for guidance on referencing another Observation.","","","","","","","","",,,,,"",,,,"Observation.partOf",0,*,"ele-1
","ele-1:All FHIR elements must have a @value or children {hasValue() or (children().count() > id.count())}
ref-1:SHALL have a contained resource if a local reference is provided {reference.startsWith('#').not() or (reference.substring(1).trace('url') in %rootResource.contained.id.trace('ids'))}"
"Observation.status","Observation.status","","","",1,1,"Y","Y","Y","code {[]} {[]}
","Status","Status der Beobachtung","This element is labeled as a modifier because the status contains codes that mark the resource as not currently valid.","Need to track the status of individual results. Some results are finalized before the whole report is finalized.","","","","","","","",,"required","Codes providing the status of an observation.","http://hl7.org/fhir/ValueSet/observation-status|4.0.1","",,,,"Observation.status",1,1,"ele-1
","ele-1:All FHIR elements must have a @value or children {hasValue() or (children().count() > id.count())}
"
"Observation.category","Observation.category","","","",2,*,"Y","","","CodeableConcept {[]} {[]}
","Kategorie","Klassifizierung der Beobachtungsart","In addition to the required category valueset, this element allows various categorization schemes based on the owner’s definition of the category and effectively multiple categories can be used at once.  The level of granularity is defined by the category concepts in the value set.","Used for filtering what observations are retrieved and displayed.","","","","","","","",,"preferred","Codes for high level observation categories.","http://hl7.org/fhir/ValueSet/observation-category","","value:coding}
","Slice based on the category.code pattern",,"open","Observation.category",0,*,"ele-1
","ele-1:All FHIR elements must have a @value or children {hasValue() or (children().count() > id.count())}
"
"Observation.category:labCategory","Observation.category","labCategory","","",1,1,"","","","CodeableConcept {[]} {[]}
","Classification of  type of observation","A code that classifies the general type of observation being made.","In addition to the required category valueset, this element allows various categorization schemes based on the owner’s definition of the category and effectively multiple categories can be used at once.  The level of granularity is defined by the category concepts in the value set.","Used for filtering what observations are retrieved and displayed.","","","","","","","",,"preferred","Codes for high level observation categories.","http://hl7.org/fhir/ValueSet/observation-category","",,,,"Observation.category",0,*,"ele-1
","ele-1:All FHIR elements must have a @value or children {hasValue() or (children().count() > id.count())}
"
"Observation.category:labCategory.id","Observation.category.id","","","",0,1,"","","","string {[]} {[]}
","Unique id for inter-element referencing","Unique id for the element within a resource (for internal references). This may be any string value that does not contain spaces.","","","","","","","","","",,,,,"",,,,"Element.id",0,1,"",""
"Observation.category:labCategory.extension","Observation.category.extension","","extensions
user content","",0,*,"","","","Extension {[]} {[]}
","Additional content defined by implementations","May be used to represent additional information that is not part of the basic definition of the element. To make the use of extensions safe and manageable, there is a strict set of governance  applied to the definition and use of extensions. Though any implementer can define an extension, there is a set of requirements that SHALL be met as part of the definition of the extension.","There can be no stigma associated with the use of extensions by any application, project, or standard - regardless of the institution or jurisdiction that uses or defines the extensions.  The use of extensions is what allows the FHIR specification to retain a core level of simplicity for everyone.","","","","","","","","",,,,,"","value:url}
","Extensions are always sliced by (at least) url",,"open","Element.extension",0,*,"ele-1
","ele-1:All FHIR elements must have a @value or children {hasValue() or (children().count() > id.count())}
ext-1:Must have either extensions or value[x], not both {extension.exists() != value.exists()}"
"Observation.category:labCategory.coding","Observation.category.coding","","","",1,1,"","","Y","Coding {[]} {[]}
","Code defined by a terminology system","A reference to a code defined by a terminology system.","Codes may be defined very casually in enumerations, or code lists, up to very formal definitions such as SNOMED CT - see the HL7 v3 Core Principles for more information.  Ordering of codings is undefined and SHALL NOT be used to infer meaning. Generally, at most only one of the coding values will be labeled as UserSelected = true.","Allows for alternative encodings within a code system, and translations to other code systems.","","","","<valueCoding xmlns=""http://hl7.org/fhir"">
  <system value=""http://terminology.hl7.org/CodeSystem/observation-category""/>
  <code value=""laboratory""/>
</valueCoding>","","","",,,,,"",,,,"CodeableConcept.coding",0,*,"ele-1
","ele-1:All FHIR elements must have a @value or children {hasValue() or (children().count() > id.count())}
"
"Observation.category:labCategory.text","Observation.category.text","","","",0,1,"","","Y","string {[]} {[]}
","Plain text representation of the concept","A human language representation of the concept as seen/selected/uttered by the user who entered the data and/or which represents the intended meaning of the user.","Very often the text is the same as a displayName of one of the codings.","The codes from the terminologies do not always capture the correct meaning with all the nuances of the human using them, or sometimes there is no appropriate code at all. In these cases, the text is used to capture the full meaning of the source.","","","","","","","",,,,,"",,,,"CodeableConcept.text",0,1,"ele-1
","ele-1:All FHIR elements must have a @value or children {hasValue() or (children().count() > id.count())}
"
"Observation.category:geCategory","Observation.category","geCategory","","",1,1,"","","","CodeableConcept {[]} {[]}
","Classification of  type of observation","A code that classifies the general type of observation being made.","In addition to the required category valueset, this element allows various categorization schemes based on the owner’s definition of the category and effectively multiple categories can be used at once.  The level of granularity is defined by the category concepts in the value set.","Used for filtering what observations are retrieved and displayed.","","","","","","","",,"preferred","Codes for high level observation categories.","http://hl7.org/fhir/ValueSet/observation-category","",,,,"Observation.category",0,*,"ele-1
","ele-1:All FHIR elements must have a @value or children {hasValue() or (children().count() > id.count())}
"
"Observation.category:geCategory.id","Observation.category.id","","","",0,1,"","","","string {[]} {[]}
","Unique id for inter-element referencing","Unique id for the element within a resource (for internal references). This may be any string value that does not contain spaces.","","","","","","","","","",,,,,"",,,,"Element.id",0,1,"",""
"Observation.category:geCategory.extension","Observation.category.extension","","extensions
user content","",0,*,"","","","Extension {[]} {[]}
","Additional content defined by implementations","May be used to represent additional information that is not part of the basic definition of the element. To make the use of extensions safe and manageable, there is a strict set of governance  applied to the definition and use of extensions. Though any implementer can define an extension, there is a set of requirements that SHALL be met as part of the definition of the extension.","There can be no stigma associated with the use of extensions by any application, project, or standard - regardless of the institution or jurisdiction that uses or defines the extensions.  The use of extensions is what allows the FHIR specification to retain a core level of simplicity for everyone.","","","","","","","","",,,,,"","value:url}
","Extensions are always sliced by (at least) url",,"open","Element.extension",0,*,"ele-1
","ele-1:All FHIR elements must have a @value or children {hasValue() or (children().count() > id.count())}
ext-1:Must have either extensions or value[x], not both {extension.exists() != value.exists()}"
"Observation.category:geCategory.coding","Observation.category.coding","","","",1,1,"","","Y","Coding {[]} {[]}
","Code defined by a terminology system","A reference to a code defined by a terminology system.","Codes may be defined very casually in enumerations, or code lists, up to very formal definitions such as SNOMED CT - see the HL7 v3 Core Principles for more information.  Ordering of codings is undefined and SHALL NOT be used to infer meaning. Generally, at most only one of the coding values will be labeled as UserSelected = true.","Allows for alternative encodings within a code system, and translations to other code systems.","","","","<valueCoding xmlns=""http://hl7.org/fhir"">
  <system value=""http://terminology.hl7.org/CodeSystem/v2-0074""/>
  <code value=""GE""/>
</valueCoding>","","","",,,,,"",,,,"CodeableConcept.coding",0,*,"ele-1
","ele-1:All FHIR elements must have a @value or children {hasValue() or (children().count() > id.count())}
"
"Observation.category:geCategory.text","Observation.category.text","","","",0,1,"","","Y","string {[]} {[]}
","Plain text representation of the concept","A human language representation of the concept as seen/selected/uttered by the user who entered the data and/or which represents the intended meaning of the user.","Very often the text is the same as a displayName of one of the codings.","The codes from the terminologies do not always capture the correct meaning with all the nuances of the human using them, or sometimes there is no appropriate code at all. In these cases, the text is used to capture the full meaning of the source.","","","","","","","",,,,,"",,,,"CodeableConcept.text",0,1,"ele-1
","ele-1:All FHIR elements must have a @value or children {hasValue() or (children().count() > id.count())}
"
"Observation.code","Observation.code","","Name
","",1,1,"Y","","Y","CodeableConcept {[]} {[]}
","Code","Code zur Identifizierung der Varianten-Beobachtung","*All* code-value and, if present, component.code-component.value pairs need to be taken into account to correctly understand the meaning of the observation.","Knowing what kind of observation is being made is essential to understanding the observation.","","","","<valueCodeableConcept xmlns=""http://hl7.org/fhir"">
  <coding>
    <system value=""http://loinc.org""/>
    <code value=""69548-6""/>
  </coding>
</valueCodeableConcept>","","","",,"example","Codes identifying names of simple observations.","http://hl7.org/fhir/ValueSet/observation-codes","",,,,"Observation.code",1,1,"ele-1
","ele-1:All FHIR elements must have a @value or children {hasValue() or (children().count() > id.count())}
"
"Observation.subject","Observation.subject","","","",1,1,"Y","","Y","Reference {[]} {[CanonicalType[http://hl7.org/fhir/StructureDefinition/Patient]]}
","Patient oder Proband","Der Patient oder die Gruppe auf die sich die Variante bezieht","One would expect this element to be a cardinality of 1..1. The only circumstance in which the subject can be missing is when the observation is made by a device that does not know the patient. In this case, the observation SHALL be matched to a patient through some context/channel matching technique, and at this point, the observation should be updated.","Observations have no value if you don't know who or what they're about.","","","","","","","",,,,,"",,,,"Observation.subject",0,1,"ele-1
","ele-1:All FHIR elements must have a @value or children {hasValue() or (children().count() > id.count())}
ref-1:SHALL have a contained resource if a local reference is provided {reference.startsWith('#').not() or (reference.substring(1).trace('url') in %rootResource.contained.id.trace('ids'))}"
"Observation.focus","Observation.focus","","","",0,*,"Y","","Y","Reference {[]} {[CanonicalType[https://www.medizininformatik-initiative.de/fhir/ext/modul-onko/StructureDefinition/mii-pr-onko-diagnose-primaertumor]]}
","What the observation is about, when it is not about the subject of record","The actual focus of an observation when it is not the patient of record representing something or someone associated with the patient such as a spouse, parent, fetus, or donor. For example, fetus observations in a mother's record.  The focus of an observation could also be an existing condition,  an intervention, the subject's diet,  another observation of the subject,  or a body structure such as tumor or implanted device.   An example use case would be using the Observation resource to capture whether the mother is trained to change her child's tracheostomy tube. In this example, the child is the patient of record and the mother is the focus.","Typically, an observation is made about the subject - a patient, or group of patients, location, or device - and the distinction between the subject and what is directly measured for an observation is specified in the observation code itself ( e.g., ""Blood Glucose"") and does not need to be represented separately using this element.  Use `specimen` if a reference to a specimen is required.  If a code is required instead of a resource use either  `bodysite` for bodysites or the standard extension [focusCode](http://hl7.org/fhir/R4/extension-observation-focuscode.html).","","","","","","","","",,,,,"",,,,"Observation.focus",0,*,"ele-1
","ele-1:All FHIR elements must have a @value or children {hasValue() or (children().count() > id.count())}
ref-1:SHALL have a contained resource if a local reference is provided {reference.startsWith('#').not() or (reference.substring(1).trace('url') in %rootResource.contained.id.trace('ids'))}"
"Observation.encounter","Observation.encounter","","Context
","",0,1,"Y","","Y","Reference {[]} {[CanonicalType[http://hl7.org/fhir/StructureDefinition/Encounter]]}
","Healthcare event during which this observation is made","The healthcare event  (e.g. a patient and healthcare provider interaction) during which this observation is made.","This will typically be the encounter the event occurred within, but some events may be initiated prior to or after the official completion of an encounter but still be tied to the context of the encounter (e.g. pre-admission laboratory tests).","For some observations it may be important to know the link between an observation and a particular encounter.","","","","","","","",,,,,"",,,,"Observation.encounter",0,1,"ele-1
","ele-1:All FHIR elements must have a @value or children {hasValue() or (children().count() > id.count())}
ref-1:SHALL have a contained resource if a local reference is provided {reference.startsWith('#').not() or (reference.substring(1).trace('url') in %rootResource.contained.id.trace('ids'))}"
"Observation.effective[x]","Observation.effective[x]","","Occurrence
","",0,1,"Y","","Y","dateTime {[]} {[]}
Period {[]} {[]}Timing {[]} {[]}instant {[]} {[]}","Zeitpunkt der Beobachtung","Klinisch relevanter Zeitpunkt oder Zeitraum der Beobachtung","At least a date should be present unless this observation is a historical report.  For recording imprecise or ""fuzzy"" times (For example, a blood glucose measurement taken ""after breakfast"") use the [Timing](http://hl7.org/fhir/R4/datatypes.html#timing) datatype which allow the measurement to be tied to regular life events.","Knowing when an observation was deemed true is important to its relevance as well as determining trends.","","","","","","","",,,,,"",,,,"Observation.effective[x]",0,1,"ele-1
","ele-1:All FHIR elements must have a @value or children {hasValue() or (children().count() > id.count())}
"
"Observation.issued","Observation.issued","","","",0,1,"Y","","Y","instant {[]} {[]}
","Freigabedatum","Datum und Uhrzeit der Freigabe der Beobachtung","For Observations that don’t require review and verification, it may be the same as the [`lastUpdated` ](http://hl7.org/fhir/R4/resource-definitions.html#Meta.lastUpdated) time of the resource itself.  For Observations that do require review and verification for certain updates, it might not be the same as the `lastUpdated` time of the resource itself due to a non-clinically significant update that doesn’t require the new version to be reviewed and verified again.","","","","","","","","",,,,,"",,,,"Observation.issued",0,1,"ele-1
","ele-1:All FHIR elements must have a @value or children {hasValue() or (children().count() > id.count())}
"
"Observation.performer","Observation.performer","","","",0,*,"","","Y","Reference {[]} {[CanonicalType[http://hl7.org/fhir/StructureDefinition/Practitioner], CanonicalType[http://hl7.org/fhir/StructureDefinition/PractitionerRole], CanonicalType[http://hl7.org/fhir/StructureDefinition/Organization], CanonicalType[http://hl7.org/fhir/StructureDefinition/CareTeam], CanonicalType[http://hl7.org/fhir/StructureDefinition/Patient], CanonicalType[http://hl7.org/fhir/StructureDefinition/RelatedPerson]]}
","Who is responsible for the observation","Who was responsible for asserting the observed value as ""true"".","References SHALL be a reference to an actual FHIR resource, and SHALL be resolveable (allowing for access control, temporary unavailability, etc.). Resolution can be either by retrieval from the URL, or, where applicable by resource type, by treating an absolute reference as a canonical URL and looking it up in a local registry/repository.","May give a degree of confidence in the observation and also indicates where follow-up questions should be directed.","","","","","","","",,,,,"",,,,"Observation.performer",0,*,"ele-1
","ele-1:All FHIR elements must have a @value or children {hasValue() or (children().count() > id.count())}
ref-1:SHALL have a contained resource if a local reference is provided {reference.startsWith('#').not() or (reference.substring(1).trace('url') in %rootResource.contained.id.trace('ids'))}"
"Observation.value[x]","Observation.value[x]","","","",0,1,"Y","","Y","CodeableConcept {[]} {[]}
","Ergebniswert","Das Ergebnis der Variantenanalyse - vorhanden oder abwesend","An observation may have; 1)  a single value here, 2)  both a value and a set of related or component values,  or 3)  only a set of related or component values. If a value is present, the datatype for this element should be determined by Observation.code.  A CodeableConcept with just a text would be used instead of a string if the field was usually coded, or if the type associated with the Observation.code defines a coded value.  For additional guidance, see the [Notes section](http://hl7.org/fhir/R4/observation.html#notes) below.","An observation exists to have a value, though it might not if it is in error, or if it represents a group of observations.","","","","","","","",,,,,"","type:$this}
","",,"closed","Observation.value[x]",0,1,"ele-1
obs-7","ele-1:All FHIR elements must have a @value or children {hasValue() or (children().count() > id.count())}
"
"Observation.value[x]:valueCodeableConcept","Observation.value[x]","valueCodeableConcept","","",0,1,"Y","","Y","CodeableConcept {[]} {[]}
","Indeterminate | No call | Present | Absent.","The presence or absence of the variant described in the components. If not searching for specific variations and merely reporting what's found, the profile's value should be set to 'Present'.","See [here](sequencing.html#variant-assessment) for usage guidance.","An observation exists to have a value, though it might not if it is in error, or if it represents a group of observations.","","","","","","","",,"required","","http://loinc.org/vs/LL1971-2","",,,,"Observation.value[x]",0,1,"ele-1
obs-7","ele-1:All FHIR elements must have a @value or children {hasValue() or (children().count() > id.count())}
"
"Observation.value[x]:valueCodeableConcept.id","Observation.value[x].id","","","",0,1,"","","","string {[]} {[]}
","Unique id for inter-element referencing","Unique id for the element within a resource (for internal references). This may be any string value that does not contain spaces.","","","","","","","","","",,,,,"",,,,"Element.id",0,1,"",""
"Observation.value[x]:valueCodeableConcept.extension","Observation.value[x].extension","","extensions
user content","",0,*,"","","","Extension {[]} {[]}
","Additional content defined by implementations","May be used to represent additional information that is not part of the basic definition of the element. To make the use of extensions safe and manageable, there is a strict set of governance  applied to the definition and use of extensions. Though any implementer can define an extension, there is a set of requirements that SHALL be met as part of the definition of the extension.","There can be no stigma associated with the use of extensions by any application, project, or standard - regardless of the institution or jurisdiction that uses or defines the extensions.  The use of extensions is what allows the FHIR specification to retain a core level of simplicity for everyone.","","","","","","","","",,,,,"","value:url}
","Extensions are always sliced by (at least) url",,"open","Element.extension",0,*,"","ele-1:All FHIR elements must have a @value or children {hasValue() or (children().count() > id.count())}
ext-1:Must have either extensions or value[x], not both {extension.exists() != value.exists()}"
"Observation.value[x]:valueCodeableConcept.coding","Observation.value[x].coding","","","",0,*,"","","Y","Coding {[]} {[]}
","Code defined by a terminology system","A reference to a code defined by a terminology system.","Codes may be defined very casually in enumerations, or code lists, up to very formal definitions such as SNOMED CT - see the HL7 v3 Core Principles for more information.  Ordering of codings is undefined and SHALL NOT be used to infer meaning. Generally, at most only one of the coding values will be labeled as UserSelected = true.","Allows for alternative encodings within a code system, and translations to other code systems.","","","","","","","",,,,,"",,,,"CodeableConcept.coding",0,*,"","ele-1:All FHIR elements must have a @value or children {hasValue() or (children().count() > id.count())}
"
"Observation.value[x]:valueCodeableConcept.coding.id","Observation.value[x].coding.id","","","",0,1,"","","","string {[]} {[]}
","Unique id for inter-element referencing","Unique id for the element within a resource (for internal references). This may be any string value that does not contain spaces.","","","","","","","","","",,,,,"",,,,"Element.id",0,1,"",""
"Observation.value[x]:valueCodeableConcept.coding.extension","Observation.value[x].coding.extension","","extensions
user content","",0,*,"","","","Extension {[]} {[]}
","Additional content defined by implementations","May be used to represent additional information that is not part of the basic definition of the element. To make the use of extensions safe and manageable, there is a strict set of governance  applied to the definition and use of extensions. Though any implementer can define an extension, there is a set of requirements that SHALL be met as part of the definition of the extension.","There can be no stigma associated with the use of extensions by any application, project, or standard - regardless of the institution or jurisdiction that uses or defines the extensions.  The use of extensions is what allows the FHIR specification to retain a core level of simplicity for everyone.","","","","","","","","",,,,,"","value:url}
","Extensions are always sliced by (at least) url",,"open","Element.extension",0,*,"","ele-1:All FHIR elements must have a @value or children {hasValue() or (children().count() > id.count())}
ext-1:Must have either extensions or value[x], not both {extension.exists() != value.exists()}"
"Observation.value[x]:valueCodeableConcept.coding.system","Observation.value[x].coding.system","","","",0,1,"Y","","Y","uri {[]} {[]}
","Identity of the terminology system","The identification of the code system that defines the meaning of the symbol in the code.","The URI may be an OID (urn:oid:...) or a UUID (urn:uuid:...).  OIDs and UUIDs SHALL be references to the HL7 OID registry. Otherwise, the URI should come from HL7's list of FHIR defined special URIs or it should reference to some definition that establishes the system clearly and unambiguously.","Need to be unambiguous about the source of the definition of the symbol.","","","","","","","",,,,,"",,,,"Coding.system",0,1,"","ele-1:All FHIR elements must have a @value or children {hasValue() or (children().count() > id.count())}
"
"Observation.value[x]:valueCodeableConcept.coding.version","Observation.value[x].coding.version","","","",0,1,"","","Y","string {[]} {[]}
","Version of the system - if relevant","The version of the code system which was used when choosing this code. Note that a well-maintained code system does not need the version reported, because the meaning of codes is consistent across versions. However this cannot consistently be assured, and when the meaning is not guaranteed to be consistent, the version SHOULD be exchanged.","Where the terminology does not clearly define what string should be used to identify code system versions, the recommendation is to use the date (expressed in FHIR date format) on which that version was officially published as the version date.","","","","","","","","",,,,,"",,,,"Coding.version",0,1,"","ele-1:All FHIR elements must have a @value or children {hasValue() or (children().count() > id.count())}
"
"Observation.value[x]:valueCodeableConcept.coding.code","Observation.value[x].coding.code","","","",0,1,"Y","","Y","code {[]} {[]}
","Symbol in syntax defined by the system","A symbol in syntax defined by the system. The symbol may be a predefined code or an expression in a syntax defined by the coding system (e.g. post-coordination).","","Need to refer to a particular code in the system.","","","","","","","",,,,,"",,,,"Coding.code",0,1,"","ele-1:All FHIR elements must have a @value or children {hasValue() or (children().count() > id.count())}
"
"Observation.value[x]:valueCodeableConcept.coding.display","Observation.value[x].coding.display","","","",0,1,"","","Y","string {[]} {[]}
","Representation defined by the system","A representation of the meaning of the code in the system, following the rules of the system.","","Need to be able to carry a human-readable meaning of the code for readers that do not know  the system.","","","","","","","",,,,,"",,,,"Coding.display",0,1,"","ele-1:All FHIR elements must have a @value or children {hasValue() or (children().count() > id.count())}
"
"Observation.value[x]:valueCodeableConcept.coding.userSelected","Observation.value[x].coding.userSelected","","","",0,1,"","","Y","boolean {[]} {[]}
","If this coding was chosen directly by the user","Indicates that this coding was chosen by a user directly - e.g. off a pick list of available items (codes or displays).","Amongst a set of alternatives, a directly chosen code is the most appropriate starting point for new translations. There is some ambiguity about what exactly 'directly chosen' implies, and trading partner agreement may be needed to clarify the use of this element and its consequences more completely.","This has been identified as a clinical safety criterium - that this exact system/code pair was chosen explicitly, rather than inferred by the system based on some rules or language processing.","","","","","","","",,,,,"",,,,"Coding.userSelected",0,1,"","ele-1:All FHIR elements must have a @value or children {hasValue() or (children().count() > id.count())}
"
"Observation.value[x]:valueCodeableConcept.text","Observation.value[x].text","","","",0,1,"","","Y","string {[]} {[]}
","Plain text representation of the concept","A human language representation of the concept as seen/selected/uttered by the user who entered the data and/or which represents the intended meaning of the user.","Very often the text is the same as a displayName of one of the codings.","The codes from the terminologies do not always capture the correct meaning with all the nuances of the human using them, or sometimes there is no appropriate code at all. In these cases, the text is used to capture the full meaning of the source.","","","","","","","",,,,,"",,,,"CodeableConcept.text",0,1,"","ele-1:All FHIR elements must have a @value or children {hasValue() or (children().count() > id.count())}
"
"Observation.dataAbsentReason","Observation.dataAbsentReason","","","",0,1,"","","","CodeableConcept {[]} {[]}
","Why the result is missing","Provides a reason why the expected value in the element Observation.value[x] is missing.","Null or exceptional values can be represented two ways in FHIR Observations.  One way is to simply include them in the value set and represent the exceptions in the value.  For example, measurement values for a serology test could be  ""detected"", ""not detected"", ""inconclusive"", or  ""specimen unsatisfactory"".   

The alternate way is to use the value element for actual observations and use the explicit dataAbsentReason element to record exceptional values.  For example, the dataAbsentReason code ""error"" could be used when the measurement was not completed. Note that an observation may only be reported if there are values to report. For example differential cell counts values may be reported only when > 0.  Because of these options, use-case agreements are required to interpret general observations for null or exceptional values.","For many results it is necessary to handle exceptional values in measurements.","","","","","","","",,"extensible","Codes specifying why the result (`Observation.value[x]`) is missing.","http://hl7.org/fhir/ValueSet/data-absent-reason","",,,,"Observation.dataAbsentReason",0,1,"ele-1
obs-6","ele-1:All FHIR elements must have a @value or children {hasValue() or (children().count() > id.count())}
"
"Observation.interpretation","Observation.interpretation","","Abnormal Flag
","",0,*,"Y","","","CodeableConcept {[]} {[]}
","High, low, normal, etc.","A categorical assessment of an observation value.  For example, high, low, normal.","Historically used for laboratory results (known as 'abnormal flag' ),  its use extends to other use cases where coded interpretations  are relevant.  Often reported as one or more simple compact codes this element is often placed adjacent to the result value in reports and flow sheets to signal the meaning/normalcy status of the result.","For some results, particularly numeric results, an interpretation is necessary to fully understand the significance of a result.","","","","","","","",,"extensible","Codes identifying interpretations of observations.","http://hl7.org/fhir/ValueSet/observation-interpretation","","type:$this}
","",,"open","Observation.interpretation",0,*,"ele-1
","ele-1:All FHIR elements must have a @value or children {hasValue() or (children().count() > id.count())}
","23.2"
"Observation.interpretation:oBDS","Observation.interpretation","oBDS","Abnormal Flag
","",0,1,"","","","CodeableConcept {[]} {[]}
","High, low, normal, etc.","A categorical assessment of an observation value.  For example, high, low, normal.","Historically used for laboratory results (known as 'abnormal flag' ),  its use extends to other use cases where coded interpretations  are relevant.  Often reported as one or more simple compact codes this element is often placed adjacent to the result value in reports and flow sheets to signal the meaning/normalcy status of the result.","For some results, particularly numeric results, an interpretation is necessary to fully understand the significance of a result.","","","","","","","",,"required","","https://www.medizininformatik-initiative.de/fhir/ext/modul-onko/ValueSet/mii-vs-onko-genetische-variante-auspraegung","",,,,"Observation.interpretation",0,*,"ele-1
","ele-1:All FHIR elements must have a @value or children {hasValue() or (children().count() > id.count())}
"
"Observation.interpretation:oBDS.id","Observation.interpretation.id","","","",0,1,"","","","string {[]} {[]}
","Unique id for inter-element referencing","Unique id for the element within a resource (for internal references). This may be any string value that does not contain spaces.","","","","","","","","","",,,,,"",,,,"Element.id",0,1,"",""
"Observation.interpretation:oBDS.extension","Observation.interpretation.extension","","extensions
user content","",0,*,"","","","Extension {[]} {[]}
","Additional content defined by implementations","May be used to represent additional information that is not part of the basic definition of the element. To make the use of extensions safe and manageable, there is a strict set of governance  applied to the definition and use of extensions. Though any implementer can define an extension, there is a set of requirements that SHALL be met as part of the definition of the extension.","There can be no stigma associated with the use of extensions by any application, project, or standard - regardless of the institution or jurisdiction that uses or defines the extensions.  The use of extensions is what allows the FHIR specification to retain a core level of simplicity for everyone.","","","","","","","","",,,,,"","value:url}
","Extensions are always sliced by (at least) url",,"open","Element.extension",0,*,"","ele-1:All FHIR elements must have a @value or children {hasValue() or (children().count() > id.count())}
ext-1:Must have either extensions or value[x], not both {extension.exists() != value.exists()}"
"Observation.interpretation:oBDS.coding","Observation.interpretation.coding","","","",0,*,"","","Y","Coding {[]} {[]}
","Genetische Variante Ausprägung","Genetische Variante Ausprägung gemäß 23.1 oBDS 2021","Codes may be defined very casually in enumerations, or code lists, up to very formal definitions such as SNOMED CT - see the HL7 v3 Core Principles for more information.  Ordering of codings is undefined and SHALL NOT be used to infer meaning. Generally, at most only one of the coding values will be labeled as UserSelected = true.","Allows for alternative encodings within a code system, and translations to other code systems.","","","","","","","",,,,,"",,,,"CodeableConcept.coding",0,*,"","ele-1:All FHIR elements must have a @value or children {hasValue() or (children().count() > id.count())}
"
"Observation.interpretation:oBDS.coding.id","Observation.interpretation.coding.id","","","",0,1,"","","","string {[]} {[]}
","Unique id for inter-element referencing","Unique id for the element within a resource (for internal references). This may be any string value that does not contain spaces.","","","","","","","","","",,,,,"",,,,"Element.id",0,1,"",""
"Observation.interpretation:oBDS.coding.extension","Observation.interpretation.coding.extension","","extensions
user content","",0,*,"","","","Extension {[]} {[]}
","Additional content defined by implementations","May be used to represent additional information that is not part of the basic definition of the element. To make the use of extensions safe and manageable, there is a strict set of governance  applied to the definition and use of extensions. Though any implementer can define an extension, there is a set of requirements that SHALL be met as part of the definition of the extension.","There can be no stigma associated with the use of extensions by any application, project, or standard - regardless of the institution or jurisdiction that uses or defines the extensions.  The use of extensions is what allows the FHIR specification to retain a core level of simplicity for everyone.","","","","","","","","",,,,,"","value:url}
","Extensions are always sliced by (at least) url",,"open","Element.extension",0,*,"","ele-1:All FHIR elements must have a @value or children {hasValue() or (children().count() > id.count())}
ext-1:Must have either extensions or value[x], not both {extension.exists() != value.exists()}"
"Observation.interpretation:oBDS.coding.system","Observation.interpretation.coding.system","","","",0,1,"Y","","Y","uri {[]} {[]}
","Identity of the terminology system","The identification of the code system that defines the meaning of the symbol in the code.","The URI may be an OID (urn:oid:...) or a UUID (urn:uuid:...).  OIDs and UUIDs SHALL be references to the HL7 OID registry. Otherwise, the URI should come from HL7's list of FHIR defined special URIs or it should reference to some definition that establishes the system clearly and unambiguously.","Need to be unambiguous about the source of the definition of the symbol.","","","","","","","",,,,,"",,,,"Coding.system",0,1,"","ele-1:All FHIR elements must have a @value or children {hasValue() or (children().count() > id.count())}
"
"Observation.interpretation:oBDS.coding.version","Observation.interpretation.coding.version","","","",0,1,"","","Y","string {[]} {[]}
","Version of the system - if relevant","The version of the code system which was used when choosing this code. Note that a well-maintained code system does not need the version reported, because the meaning of codes is consistent across versions. However this cannot consistently be assured, and when the meaning is not guaranteed to be consistent, the version SHOULD be exchanged.","Where the terminology does not clearly define what string should be used to identify code system versions, the recommendation is to use the date (expressed in FHIR date format) on which that version was officially published as the version date.","","","","","","","","",,,,,"",,,,"Coding.version",0,1,"","ele-1:All FHIR elements must have a @value or children {hasValue() or (children().count() > id.count())}
"
"Observation.interpretation:oBDS.coding.code","Observation.interpretation.coding.code","","","",0,1,"Y","","Y","code {[]} {[]}
","Symbol in syntax defined by the system","A symbol in syntax defined by the system. The symbol may be a predefined code or an expression in a syntax defined by the coding system (e.g. post-coordination).","","Need to refer to a particular code in the system.","","","","","","","",,,,,"",,,,"Coding.code",0,1,"","ele-1:All FHIR elements must have a @value or children {hasValue() or (children().count() > id.count())}
"
"Observation.interpretation:oBDS.coding.display","Observation.interpretation.coding.display","","","",0,1,"","","Y","string {[]} {[]}
","Representation defined by the system","A representation of the meaning of the code in the system, following the rules of the system.","","Need to be able to carry a human-readable meaning of the code for readers that do not know  the system.","","","","","","","",,,,,"",,,,"Coding.display",0,1,"","ele-1:All FHIR elements must have a @value or children {hasValue() or (children().count() > id.count())}
"
"Observation.interpretation:oBDS.coding.userSelected","Observation.interpretation.coding.userSelected","","","",0,1,"","","Y","boolean {[]} {[]}
","If this coding was chosen directly by the user","Indicates that this coding was chosen by a user directly - e.g. off a pick list of available items (codes or displays).","Amongst a set of alternatives, a directly chosen code is the most appropriate starting point for new translations. There is some ambiguity about what exactly 'directly chosen' implies, and trading partner agreement may be needed to clarify the use of this element and its consequences more completely.","This has been identified as a clinical safety criterium - that this exact system/code pair was chosen explicitly, rather than inferred by the system based on some rules or language processing.","","","","","","","",,,,,"",,,,"Coding.userSelected",0,1,"","ele-1:All FHIR elements must have a @value or children {hasValue() or (children().count() > id.count())}
"
"Observation.interpretation:oBDS.text","Observation.interpretation.text","","","",0,1,"","","Y","string {[]} {[]}
","Plain text representation of the concept","A human language representation of the concept as seen/selected/uttered by the user who entered the data and/or which represents the intended meaning of the user.","Very often the text is the same as a displayName of one of the codings.","The codes from the terminologies do not always capture the correct meaning with all the nuances of the human using them, or sometimes there is no appropriate code at all. In these cases, the text is used to capture the full meaning of the source.","","","","","","","",,,,,"",,,,"CodeableConcept.text",0,1,"","ele-1:All FHIR elements must have a @value or children {hasValue() or (children().count() > id.count())}
"
"Observation.note","Observation.note","","","",0,*,"Y","","","Annotation {[CanonicalType[http://hl7.org/fhir/uv/genomics-reporting/StructureDefinition/coded-annotation]]} {[]}
","Comments about the Observation that also contain a coded type","A  text note which also  contains information about who made the statement and when.","May include general statements about the observation, or statements about significant, unexpected or unreliable results values, or information about its source when relevant to its interpretation.
The CodedAnnotation data type, while not allowing for or intending to make the content computable, does allow the author to indicate the type of note. This does not replace the use of interpretation, value, or component values.
One important note is that Annotation is a FHIR data type, this is **NOT** about annotations in the genomic context.","Need to be able to provide free text additional information. Notes SHALL NOT contain information which can be captured in a structured way.","","","","","","","",,,,,"",,,,"Observation.note",0,*,"ele-1
","ele-1:All FHIR elements must have a @value or children {hasValue() or (children().count() > id.count())}
","23.1"
"Observation.note.id","Observation.note.id","","","",0,1,"","","","string {[]} {[]}
","Unique id for inter-element referencing","Unique id for the element within a resource (for internal references). This may be any string value that does not contain spaces.","","","","","","","","","",,,,,"",,,,"Element.id",0,1,"",""
"Observation.note.extension","Observation.note.extension","","extensions
user content","",0,*,"","","","Extension {[]} {[]}
","Additional content defined by implementations","May be used to represent additional information that is not part of the basic definition of the element. To make the use of extensions safe and manageable, there is a strict set of governance  applied to the definition and use of extensions. Though any implementer can define an extension, there is a set of requirements that SHALL be met as part of the definition of the extension.","There can be no stigma associated with the use of extensions by any application, project, or standard - regardless of the institution or jurisdiction that uses or defines the extensions.  The use of extensions is what allows the FHIR specification to retain a core level of simplicity for everyone.","","","","","","","","",,,,,"","value:url}
","Extensions are always sliced by (at least) url",,"open","Element.extension",0,*,"","ele-1:All FHIR elements must have a @value or children {hasValue() or (children().count() > id.count())}
ext-1:Must have either extensions or value[x], not both {extension.exists() != value.exists()}"
"Observation.note.extension:code","Observation.note.extension","code","","",0,1,"","","","Extension {[CanonicalType[http://hl7.org/fhir/uv/genomics-reporting/StructureDefinition/annotation-code]]} {[]}
","Annotation Code","Codifies the content of an Annotation","","","","","","","","","",,,,,"",,,,"Element.extension",0,*,"","ele-1:All FHIR elements must have a @value or children {hasValue() or (children().count() > id.count())}
ext-1:Must have either extensions or value[x], not both {extension.exists() != value.exists()}"
"Observation.note.author[x]","Observation.note.author[x]","","","",0,1,"","","Y","Reference {[]} {[CanonicalType[http://hl7.org/fhir/StructureDefinition/Practitioner], CanonicalType[http://hl7.org/fhir/StructureDefinition/Patient], CanonicalType[http://hl7.org/fhir/StructureDefinition/RelatedPerson], CanonicalType[http://hl7.org/fhir/StructureDefinition/Organization]]}
string {[]} {[]}","Individual responsible for the annotation","The individual responsible for making the annotation.","Organization is used when there's no need for specific attribution as to who made the comment.","","","","","","","","",,,,,"",,,,"Annotation.author[x]",0,1,"","ele-1:All FHIR elements must have a @value or children {hasValue() or (children().count() > id.count())}
"
"Observation.note.time","Observation.note.time","","","",0,1,"","","Y","dateTime {[]} {[]}
","When the annotation was made","Indicates when this particular annotation was made.","","","","","","","","","",,,,,"",,,,"Annotation.time",0,1,"","ele-1:All FHIR elements must have a @value or children {hasValue() or (children().count() > id.count())}
"
"Observation.note.text","Observation.note.text","","","",1,1,"Y","","Y","markdown {[]} {[]}
","Genetische Variante Name","Genetische Variante Name gemäß 23.1 oBDS 2021","","","","","","","","","",,,,,"",,,,"Annotation.text",1,1,"","ele-1:All FHIR elements must have a @value or children {hasValue() or (children().count() > id.count())}
"
"Observation.bodySite","Observation.bodySite","","","",0,1,"","","","CodeableConcept {[]} {[]}
","Observed body part","Indicates the site on the subject's body where the observation was made (i.e. the target site).","Only used if not implicit in code found in Observation.code.  In many systems, this may be represented as a related observation instead of an inline component.   

If the use case requires BodySite to be handled as a separate resource (e.g. to identify and track separately) then use the standard extension[ bodySite](http://hl7.org/fhir/R4/extension-bodysite.html).","","","","","","","","",,"example","Codes describing anatomical locations. May include laterality.","http://hl7.org/fhir/ValueSet/body-site","",,,,"Observation.bodySite",0,1,"ele-1
","ele-1:All FHIR elements must have a @value or children {hasValue() or (children().count() > id.count())}
"
"Observation.method","Observation.method","","","",0,1,"Y","","","CodeableConcept {[]} {[]}
","Methode","Die verwendete Untersuchungsmethode","Only used if not implicit in code for Observation.code.","In some cases, method can impact results and is thus used for determining whether results can be compared or determining significance of results.","","","","","","","",,"extensible","Methods for simple observations.","http://loinc.org/vs/LL4048-6","",,,,"Observation.method",0,1,"ele-1
","ele-1:All FHIR elements must have a @value or children {hasValue() or (children().count() > id.count())}
"
"Observation.specimen","Observation.specimen","","","",0,1,"Y","","","Reference {[]} {[CanonicalType[https://www.medizininformatik-initiative.de/fhir/ext/modul-onko/StructureDefinition/mii-pr-onko-specimen]]}
","Tumor-Specimen aus dem die Variante bestimmt wurde","Referenz auf die Tumorprobe (Specimen), aus der die genetische Variante bestimmt wurde. Optional, da die Methodik auch über GenomicStudy abgebildet werden kann.","Should only be used if not implicit in code found in `Observation.code`.  Observations are not made on specimens themselves; they are made on a subject, but in many cases by the means of a specimen. Note that although specimens are often involved, they are not always tracked and reported explicitly. Also note that observation resources may be used in contexts that track the specimen explicitly (e.g. Diagnostic Report).","","","","","","","","",,,,,"",,,,"Observation.specimen",0,1,"ele-1
","ele-1:All FHIR elements must have a @value or children {hasValue() or (children().count() > id.count())}
ref-1:SHALL have a contained resource if a local reference is provided {reference.startsWith('#').not() or (reference.substring(1).trace('url') in %rootResource.contained.id.trace('ids'))}"
"Observation.device","Observation.device","","","",0,1,"Y","","","Reference {[]} {[CanonicalType[http://hl7.org/fhir/StructureDefinition/Device], CanonicalType[http://hl7.org/fhir/StructureDefinition/DeviceMetric]]}
","Gerät","Das verwendete Analysegerät","Note that this is not meant to represent a device involved in the transmission of the result, e.g., a gateway.  Such devices may be documented using the Provenance resource where relevant.","","","","","","","","",,,,,"",,,,"Observation.device",0,1,"ele-1
","ele-1:All FHIR elements must have a @value or children {hasValue() or (children().count() > id.count())}
ref-1:SHALL have a contained resource if a local reference is provided {reference.startsWith('#').not() or (reference.substring(1).trace('url') in %rootResource.contained.id.trace('ids'))}"
"Observation.referenceRange","Observation.referenceRange","","","",0,*,"","","","BackboneElement {[]} {[]}
","Provides guide for interpretation","Guidance on how to interpret the value by comparison to a normal or recommended range.  Multiple reference ranges are interpreted as an ""OR"".   In other words, to represent two distinct target populations, two `referenceRange` elements would be used.","Most observations only have one generic reference range. Systems MAY choose to restrict to only supplying the relevant reference range based on knowledge about the patient (e.g., specific to the patient's age, gender, weight and other factors), but this might not be possible or appropriate. Whenever more than one reference range is supplied, the differences between them SHOULD be provided in the reference range and/or age properties.","Knowing what values are considered ""normal"" can help evaluate the significance of a particular result. Need to be able to provide multiple reference ranges for different contexts.","","","","","","","",,,,,"",,,,"Observation.referenceRange",0,*,"ele-1
","ele-1:All FHIR elements must have a @value or children {hasValue() or (children().count() > id.count())}
obs-3:Must have at least a low or a high or text {low.exists() or high.exists() or text.exists()}"
"Observation.referenceRange.id","Observation.referenceRange.id","","","",0,1,"","","","string {[]} {[]}
","Unique id for inter-element referencing","Unique id for the element within a resource (for internal references). This may be any string value that does not contain spaces.","","","","","","","","","",,,,,"",,,,"Element.id",0,1,"",""
"Observation.referenceRange.extension","Observation.referenceRange.extension","","extensions
user content","",0,*,"","","","Extension {[]} {[]}
","Additional content defined by implementations","May be used to represent additional information that is not part of the basic definition of the element. To make the use of extensions safe and manageable, there is a strict set of governance  applied to the definition and use of extensions. Though any implementer can define an extension, there is a set of requirements that SHALL be met as part of the definition of the extension.","There can be no stigma associated with the use of extensions by any application, project, or standard - regardless of the institution or jurisdiction that uses or defines the extensions.  The use of extensions is what allows the FHIR specification to retain a core level of simplicity for everyone.","","","","","","","","",,,,,"","value:url}
","Extensions are always sliced by (at least) url",,"open","Element.extension",0,*,"ele-1
","ele-1:All FHIR elements must have a @value or children {hasValue() or (children().count() > id.count())}
ext-1:Must have either extensions or value[x], not both {extension.exists() != value.exists()}"
"Observation.referenceRange.modifierExtension","Observation.referenceRange.modifierExtension","","extensions
user contentmodifiers","",0,*,"","Y","Y","Extension {[]} {[]}
","Extensions that cannot be ignored even if unrecognized","May be used to represent additional information that is not part of the basic definition of the element and that modifies the understanding of the element in which it is contained and/or the understanding of the containing element's descendants. Usually modifier elements provide negation or qualification. To make the use of extensions safe and manageable, there is a strict set of governance applied to the definition and use of extensions. Though any implementer can define an extension, there is a set of requirements that SHALL be met as part of the definition of the extension. Applications processing a resource are required to check for modifier extensions.

Modifier extensions SHALL NOT change the meaning of any elements on Resource or DomainResource (including cannot change the meaning of modifierExtension itself).","There can be no stigma associated with the use of extensions by any application, project, or standard - regardless of the institution or jurisdiction that uses or defines the extensions.  The use of extensions is what allows the FHIR specification to retain a core level of simplicity for everyone.","Modifier extensions allow for extensions that *cannot* be safely ignored to be clearly distinguished from the vast majority of extensions which can be safely ignored.  This promotes interoperability by eliminating the need for implementers to prohibit the presence of extensions. For further information, see the [definition of modifier extensions](http://hl7.org/fhir/R4/extensibility.html#modifierExtension).","","","","","","","",,,,,"",,,,"BackboneElement.modifierExtension",0,*,"ele-1
","ele-1:All FHIR elements must have a @value or children {hasValue() or (children().count() > id.count())}
ext-1:Must have either extensions or value[x], not both {extension.exists() != value.exists()}"
"Observation.referenceRange.low","Observation.referenceRange.low","","","",0,1,"","","","Quantity {[CanonicalType[http://hl7.org/fhir/StructureDefinition/SimpleQuantity]]} {[]}
","Low Range, if relevant","The value of the low bound of the reference range.  The low bound of the reference range endpoint is inclusive of the value (e.g.  reference range is >=5 - <=9). If the low bound is omitted,  it is assumed to be meaningless (e.g. reference range is <=2.3).","The context of use may frequently define what kind of quantity this is and therefore what kind of units can be used. The context of use may also restrict the values for the comparator.","","","","","","","","",,,,,"",,,,"Observation.referenceRange.low",0,1,"ele-1
obs-3","ele-1:All FHIR elements must have a @value or children {hasValue() or (children().count() > id.count())}
qty-3:If a code for the unit is present, the system SHALL also be present {code.empty() or system.exists()}sqty-1:The comparator is not used on a SimpleQuantity {comparator.empty()}"
"Observation.referenceRange.high","Observation.referenceRange.high","","","",0,1,"","","","Quantity {[CanonicalType[http://hl7.org/fhir/StructureDefinition/SimpleQuantity]]} {[]}
","High Range, if relevant","The value of the high bound of the reference range.  The high bound of the reference range endpoint is inclusive of the value (e.g.  reference range is >=5 - <=9). If the high bound is omitted,  it is assumed to be meaningless (e.g. reference range is >= 2.3).","The context of use may frequently define what kind of quantity this is and therefore what kind of units can be used. The context of use may also restrict the values for the comparator.","","","","","","","","",,,,,"",,,,"Observation.referenceRange.high",0,1,"ele-1
obs-3","ele-1:All FHIR elements must have a @value or children {hasValue() or (children().count() > id.count())}
qty-3:If a code for the unit is present, the system SHALL also be present {code.empty() or system.exists()}sqty-1:The comparator is not used on a SimpleQuantity {comparator.empty()}"
"Observation.referenceRange.type","Observation.referenceRange.type","","","",0,1,"","","","CodeableConcept {[]} {[]}
","Reference range qualifier","Codes to indicate the what part of the targeted reference population it applies to. For example, the normal or therapeutic range.","This SHOULD be populated if there is more than one range.  If this element is not present then the normal range is assumed.","Need to be able to say what kind of reference range this is - normal, recommended, therapeutic, etc.,  - for proper interpretation.","","","","","","","",,"preferred","Code for the meaning of a reference range.","http://hl7.org/fhir/ValueSet/referencerange-meaning","",,,,"Observation.referenceRange.type",0,1,"ele-1
","ele-1:All FHIR elements must have a @value or children {hasValue() or (children().count() > id.count())}
"
"Observation.referenceRange.appliesTo","Observation.referenceRange.appliesTo","","","",0,*,"","","","CodeableConcept {[]} {[]}
","Reference range population","Codes to indicate the target population this reference range applies to.  For example, a reference range may be based on the normal population or a particular sex or race.  Multiple `appliesTo`  are interpreted as an ""AND"" of the target populations.  For example, to represent a target population of African American females, both a code of female and a code for African American would be used.","This SHOULD be populated if there is more than one range.  If this element is not present then the normal population is assumed.","Need to be able to identify the target population for proper interpretation.","","","","","","","",,"example","Codes identifying the population the reference range applies to.","http://hl7.org/fhir/ValueSet/referencerange-appliesto","",,,,"Observation.referenceRange.appliesTo",0,*,"ele-1
","ele-1:All FHIR elements must have a @value or children {hasValue() or (children().count() > id.count())}
"
"Observation.referenceRange.age","Observation.referenceRange.age","","","",0,1,"","","","Range {[]} {[]}
","Applicable age range, if relevant","The age at which this reference range is applicable. This is a neonatal age (e.g. number of weeks at term) if the meaning says so.","The stated low and high value are assumed to have arbitrarily high precision when it comes to determining which values are in the range. I.e. 1.99 is not in the range 2 -> 3.","Some analytes vary greatly over age.","","","","","","","",,,,,"",,,,"Observation.referenceRange.age",0,1,"ele-1
","ele-1:All FHIR elements must have a @value or children {hasValue() or (children().count() > id.count())}
rng-2:If present, low SHALL have a lower value than high {low.empty() or high.empty() or (low <= high)}"
"Observation.referenceRange.text","Observation.referenceRange.text","","","",0,1,"","","","string {[]} {[]}
","Text based reference range in an observation","Text based reference range in an observation which may be used when a quantitative range is not appropriate for an observation.  An example would be a reference value of ""Negative"" or a list or table of ""normals"".","Note that FHIR strings SHALL NOT exceed 1MB in size","","","","","","","","",,,,,"",,,,"Observation.referenceRange.text",0,1,"ele-1
","ele-1:All FHIR elements must have a @value or children {hasValue() or (children().count() > id.count())}
"
"Observation.hasMember","Observation.hasMember","","","",0,*,"","","Y","Reference {[]} {[CanonicalType[http://hl7.org/fhir/StructureDefinition/Observation], CanonicalType[http://hl7.org/fhir/StructureDefinition/QuestionnaireResponse], CanonicalType[http://hl7.org/fhir/StructureDefinition/MolecularSequence]]}
","Related resource that belongs to the Observation group","This observation is a group observation (e.g. a battery, a panel of tests, a set of vital sign measurements) that includes the target as a member of the group.","When using this element, an observation will typically have either a value or a set of related resources, although both may be present in some cases.  For a discussion on the ways Observations can assembled in groups together, see [Notes](http://hl7.org/fhir/R4/observation.html#obsgrouping) below.  Note that a system may calculate results from [QuestionnaireResponse](http://hl7.org/fhir/R4/questionnaireresponse.html)  into a final score and represent the score as an Observation.","","","","","","","","",,,,,"",,,,"Observation.hasMember",0,*,"ele-1
","ele-1:All FHIR elements must have a @value or children {hasValue() or (children().count() > id.count())}
ref-1:SHALL have a contained resource if a local reference is provided {reference.startsWith('#').not() or (reference.substring(1).trace('url') in %rootResource.contained.id.trace('ids'))}"
"Observation.derivedFrom","Observation.derivedFrom","","","",0,*,"","","Y","Reference {[]} {[CanonicalType[http://hl7.org/fhir/StructureDefinition/DocumentReference], CanonicalType[http://hl7.org/fhir/StructureDefinition/ImagingStudy], CanonicalType[http://hl7.org/fhir/StructureDefinition/Media], CanonicalType[http://hl7.org/fhir/StructureDefinition/QuestionnaireResponse], CanonicalType[http://hl7.org/fhir/StructureDefinition/Observation], CanonicalType[http://hl7.org/fhir/StructureDefinition/MolecularSequence]]}
","Related measurements the observation is made from","The target resource that represents a measurement from which this observation value is derived. For example, a calculated anion gap or a fetal measurement based on an ultrasound image.","All the reference choices that are listed in this element can represent clinical observations and other measurements that may be the source for a derived value.  The most common reference will be another Observation.  For a discussion on the ways Observations can assembled in groups together, see [Notes](http://hl7.org/fhir/R4/observation.html#obsgrouping) below.","","","","","","","","",,,,,"","profile:resolve()}
","Slice based on the reference profile pattern",,"open","Observation.derivedFrom",0,*,"ele-1
","ele-1:All FHIR elements must have a @value or children {hasValue() or (children().count() > id.count())}
ref-1:SHALL have a contained resource if a local reference is provided {reference.startsWith('#').not() or (reference.substring(1).trace('url') in %rootResource.contained.id.trace('ids'))}"
"Observation.component","Observation.component","","","",0,*,"","","Y","BackboneElement {[]} {[]}
","Component results","Some observations have multiple component observations.  These component observations are expressed as separate code value pairs that share the same attributes.  Examples include systolic and diastolic component observations for blood pressure measurement and multiple component observations for genetics observations.","For a discussion on the ways Observations can be assembled in groups together see [Notes](http://hl7.org/fhir/R4/observation.html#notes) below.","Component observations share the same attributes in the Observation resource as the primary observation and are always treated a part of a single observation (they are not separable).   However, the reference range for the primary observation value is not inherited by the component values and is required when appropriate for each component observation.","","","","","","","",,,,,"","value:code}
","Slice based on the component.code pattern",,"open","Observation.component",0,*,"ele-1
","ele-1:All FHIR elements must have a @value or children {hasValue() or (children().count() > id.count())}
"
"Observation.component.id","Observation.component.id","","","",0,1,"","","","string {[]} {[]}
","Unique id for inter-element referencing","Unique id for the element within a resource (for internal references). This may be any string value that does not contain spaces.","","","","","","","","","",,,,,"",,,,"Element.id",0,1,"",""
"Observation.component.extension","Observation.component.extension","","extensions
user content","",0,*,"","","","Extension {[]} {[]}
","Additional content defined by implementations","May be used to represent additional information that is not part of the basic definition of the element. To make the use of extensions safe and manageable, there is a strict set of governance  applied to the definition and use of extensions. Though any implementer can define an extension, there is a set of requirements that SHALL be met as part of the definition of the extension.","There can be no stigma associated with the use of extensions by any application, project, or standard - regardless of the institution or jurisdiction that uses or defines the extensions.  The use of extensions is what allows the FHIR specification to retain a core level of simplicity for everyone.","","","","","","","","",,,,,"","value:url}
","Extensions are always sliced by (at least) url",,"open","Element.extension",0,*,"ele-1
","ele-1:All FHIR elements must have a @value or children {hasValue() or (children().count() > id.count())}
ext-1:Must have either extensions or value[x], not both {extension.exists() != value.exists()}"
"Observation.component.modifierExtension","Observation.component.modifierExtension","","extensions
user contentmodifiers","",0,*,"","Y","Y","Extension {[]} {[]}
","Extensions that cannot be ignored even if unrecognized","May be used to represent additional information that is not part of the basic definition of the element and that modifies the understanding of the element in which it is contained and/or the understanding of the containing element's descendants. Usually modifier elements provide negation or qualification. To make the use of extensions safe and manageable, there is a strict set of governance applied to the definition and use of extensions. Though any implementer can define an extension, there is a set of requirements that SHALL be met as part of the definition of the extension. Applications processing a resource are required to check for modifier extensions.

Modifier extensions SHALL NOT change the meaning of any elements on Resource or DomainResource (including cannot change the meaning of modifierExtension itself).","There can be no stigma associated with the use of extensions by any application, project, or standard - regardless of the institution or jurisdiction that uses or defines the extensions.  The use of extensions is what allows the FHIR specification to retain a core level of simplicity for everyone.","Modifier extensions allow for extensions that *cannot* be safely ignored to be clearly distinguished from the vast majority of extensions which can be safely ignored.  This promotes interoperability by eliminating the need for implementers to prohibit the presence of extensions. For further information, see the [definition of modifier extensions](http://hl7.org/fhir/R4/extensibility.html#modifierExtension).","","","","","","","",,,,,"",,,,"BackboneElement.modifierExtension",0,*,"ele-1
","ele-1:All FHIR elements must have a @value or children {hasValue() or (children().count() > id.count())}
ext-1:Must have either extensions or value[x], not both {extension.exists() != value.exists()}"
"Observation.component.code","Observation.component.code","","","",1,1,"","","Y","CodeableConcept {[]} {[]}
","Type of component observation (code / type)","Describes what was observed. Sometimes this is called the observation ""code"".","*All* code-value and  component.code-component.value pairs need to be taken into account to correctly understand the meaning of the observation.","Knowing what kind of observation is being made is essential to understanding the observation.","","","","","","","",,"example","Codes identifying names of simple observations.","http://hl7.org/fhir/ValueSet/observation-codes","",,,,"Observation.component.code",1,1,"ele-1
","ele-1:All FHIR elements must have a @value or children {hasValue() or (children().count() > id.count())}
"
"Observation.component.value[x]","Observation.component.value[x]","","","",0,1,"","","Y","Quantity {[]} {[]}
CodeableConcept {[]} {[]}string {[]} {[]}boolean {[]} {[]}integer {[]} {[]}Range {[]} {[]}Ratio {[]} {[]}SampledData {[]} {[]}time {[]} {[]}dateTime {[]} {[]}Period {[]} {[]}","Actual component result","The information determined as a result of making the observation, if the information has a simple value.","Used when observation has a set of component observations. An observation may have both a value (e.g. an  Apgar score)  and component observations (the observations from which the Apgar score was derived). If a value is present, the datatype for this element should be determined by Observation.code. A CodeableConcept with just a text would be used instead of a string if the field was usually coded, or if the type associated with the Observation.code defines a coded value.  For additional guidance, see the [Notes section](http://hl7.org/fhir/R4/observation.html#notes) below.","An observation exists to have a value, though it might not if it is in error, or if it represents a group of observations.","","","","","","","",,,,,"",,,,"Observation.component.value[x]",0,1,"ele-1
","ele-1:All FHIR elements must have a @value or children {hasValue() or (children().count() > id.count())}
"
"Observation.component.dataAbsentReason","Observation.component.dataAbsentReason","","","",0,1,"","","","CodeableConcept {[]} {[]}
","Why the component result is missing","Provides a reason why the expected value in the element Observation.component.value[x] is missing.","""Null"" or exceptional values can be represented two ways in FHIR Observations.  One way is to simply include them in the value set and represent the exceptions in the value.  For example, measurement values for a serology test could be  ""detected"", ""not detected"", ""inconclusive"", or  ""test not done"". 

The alternate way is to use the value element for actual observations and use the explicit dataAbsentReason element to record exceptional values.  For example, the dataAbsentReason code ""error"" could be used when the measurement was not completed.  Because of these options, use-case agreements are required to interpret general observations for exceptional values.","For many results it is necessary to handle exceptional values in measurements.","","","","","","","",,"extensible","Codes specifying why the result (`Observation.value[x]`) is missing.","http://hl7.org/fhir/ValueSet/data-absent-reason","",,,,"Observation.component.dataAbsentReason",0,1,"ele-1
obs-6","ele-1:All FHIR elements must have a @value or children {hasValue() or (children().count() > id.count())}
"
"Observation.component.interpretation","Observation.component.interpretation","","Abnormal Flag
","",0,*,"","","","CodeableConcept {[]} {[]}
","High, low, normal, etc.","A categorical assessment of an observation value.  For example, high, low, normal.","Historically used for laboratory results (known as 'abnormal flag' ),  its use extends to other use cases where coded interpretations  are relevant.  Often reported as one or more simple compact codes this element is often placed adjacent to the result value in reports and flow sheets to signal the meaning/normalcy status of the result.","For some results, particularly numeric results, an interpretation is necessary to fully understand the significance of a result.","","","","","","","",,"extensible","Codes identifying interpretations of observations.","http://hl7.org/fhir/ValueSet/observation-interpretation","",,,,"Observation.component.interpretation",0,*,"ele-1
","ele-1:All FHIR elements must have a @value or children {hasValue() or (children().count() > id.count())}
"
"Observation.component.referenceRange","Observation.component.referenceRange","","","",0,*,"","","","null {[]} {[]}
","Provides guide for interpretation of component result","Guidance on how to interpret the value by comparison to a normal or recommended range.","Most observations only have one generic reference range. Systems MAY choose to restrict to only supplying the relevant reference range based on knowledge about the patient (e.g., specific to the patient's age, gender, weight and other factors), but this might not be possible or appropriate. Whenever more than one reference range is supplied, the differences between them SHOULD be provided in the reference range and/or age properties.","Knowing what values are considered ""normal"" can help evaluate the significance of a particular result. Need to be able to provide multiple reference ranges for different contexts.","","","","","","","",,,,,"",,,,"Observation.component.referenceRange",0,*,"",""
"Observation.component:conclusion-string","Observation.component","conclusion-string","","",0,1,"Y","","Y","BackboneElement {[]} {[]}
","Schlussfolgerung - Text","Textuelle Zusammenfassung oder Schlussfolgerung zur Variante","An example would be the interpretative information, typically canned, about a variant identified in the patient.","Need to be able to provide a conclusion that is not lost among the basic result data.","","","","","","","",,,,,"",,,,"Observation.component",0,*,"ele-1
","ele-1:All FHIR elements must have a @value or children {hasValue() or (children().count() > id.count())}
"
"Observation.component:conclusion-string.id","Observation.component.id","","","",0,1,"","","","string {[]} {[]}
","Unique id for inter-element referencing","Unique id for the element within a resource (for internal references). This may be any string value that does not contain spaces.","","","","","","","","","",,,,,"",,,,"Element.id",0,1,"",""
"Observation.component:conclusion-string.extension","Observation.component.extension","","extensions
user content","",0,*,"","","","Extension {[]} {[]}
","Additional content defined by implementations","May be used to represent additional information that is not part of the basic definition of the element. To make the use of extensions safe and manageable, there is a strict set of governance  applied to the definition and use of extensions. Though any implementer can define an extension, there is a set of requirements that SHALL be met as part of the definition of the extension.","There can be no stigma associated with the use of extensions by any application, project, or standard - regardless of the institution or jurisdiction that uses or defines the extensions.  The use of extensions is what allows the FHIR specification to retain a core level of simplicity for everyone.","","","","","","","","",,,,,"","value:url}
","Extensions are always sliced by (at least) url",,"open","Element.extension",0,*,"ele-1
","ele-1:All FHIR elements must have a @value or children {hasValue() or (children().count() > id.count())}
ext-1:Must have either extensions or value[x], not both {extension.exists() != value.exists()}"
"Observation.component:conclusion-string.modifierExtension","Observation.component.modifierExtension","","extensions
user contentmodifiers","",0,*,"","Y","Y","Extension {[]} {[]}
","Extensions that cannot be ignored even if unrecognized","May be used to represent additional information that is not part of the basic definition of the element and that modifies the understanding of the element in which it is contained and/or the understanding of the containing element's descendants. Usually modifier elements provide negation or qualification. To make the use of extensions safe and manageable, there is a strict set of governance applied to the definition and use of extensions. Though any implementer can define an extension, there is a set of requirements that SHALL be met as part of the definition of the extension. Applications processing a resource are required to check for modifier extensions.

Modifier extensions SHALL NOT change the meaning of any elements on Resource or DomainResource (including cannot change the meaning of modifierExtension itself).","There can be no stigma associated with the use of extensions by any application, project, or standard - regardless of the institution or jurisdiction that uses or defines the extensions.  The use of extensions is what allows the FHIR specification to retain a core level of simplicity for everyone.","Modifier extensions allow for extensions that *cannot* be safely ignored to be clearly distinguished from the vast majority of extensions which can be safely ignored.  This promotes interoperability by eliminating the need for implementers to prohibit the presence of extensions. For further information, see the [definition of modifier extensions](http://hl7.org/fhir/R4/extensibility.html#modifierExtension).","","","","","","","",,,,,"",,,,"BackboneElement.modifierExtension",0,*,"ele-1
","ele-1:All FHIR elements must have a @value or children {hasValue() or (children().count() > id.count())}
ext-1:Must have either extensions or value[x], not both {extension.exists() != value.exists()}"
"Observation.component:conclusion-string.code","Observation.component.code","","","",1,1,"","","Y","CodeableConcept {[]} {[]}
","conclusion-string","Describes what was observed. Sometimes this is called the observation ""code"".","*All* code-value and  component.code-component.value pairs need to be taken into account to correctly understand the meaning of the observation.","Knowing what kind of observation is being made is essential to understanding the observation.","","","","<valueCodeableConcept xmlns=""http://hl7.org/fhir"">
  <coding>
    <system value=""http://hl7.org/fhir/uv/genomics-reporting/CodeSystem/tbd-codes-cs""/>
    <code value=""conclusion-string""/>
  </coding>
</valueCodeableConcept>","","","",,"example","Codes identifying names of simple observations.","http://hl7.org/fhir/ValueSet/observation-codes","",,,,"Observation.component.code",1,1,"ele-1
","ele-1:All FHIR elements must have a @value or children {hasValue() or (children().count() > id.count())}
"
"Observation.component:conclusion-string.value[x]","Observation.component.value[x]","","","",0,1,"","","Y","string {[]} {[]}
","Summary conclusion (interpretation/impression)","The information determined as a result of making the observation, if the information has a simple value.","Used when observation has a set of component observations. An observation may have both a value (e.g. an  Apgar score)  and component observations (the observations from which the Apgar score was derived). If a value is present, the datatype for this element should be determined by Observation.code. A CodeableConcept with just a text would be used instead of a string if the field was usually coded, or if the type associated with the Observation.code defines a coded value.  For additional guidance, see the [Notes section](http://hl7.org/fhir/R4/observation.html#notes) below.","An observation exists to have a value, though it might not if it is in error, or if it represents a group of observations.","","","","","","","",,,,,"",,,,"Observation.component.value[x]",0,1,"ele-1
","ele-1:All FHIR elements must have a @value or children {hasValue() or (children().count() > id.count())}
"
"Observation.component:conclusion-string.dataAbsentReason","Observation.component.dataAbsentReason","","","",0,1,"","","","CodeableConcept {[]} {[]}
","Why the component result is missing","Provides a reason why the expected value in the element Observation.component.value[x] is missing.","""Null"" or exceptional values can be represented two ways in FHIR Observations.  One way is to simply include them in the value set and represent the exceptions in the value.  For example, measurement values for a serology test could be  ""detected"", ""not detected"", ""inconclusive"", or  ""test not done"". 

The alternate way is to use the value element for actual observations and use the explicit dataAbsentReason element to record exceptional values.  For example, the dataAbsentReason code ""error"" could be used when the measurement was not completed.  Because of these options, use-case agreements are required to interpret general observations for exceptional values.","For many results it is necessary to handle exceptional values in measurements.","","","","","","","",,"extensible","Codes specifying why the result (`Observation.value[x]`) is missing.","http://hl7.org/fhir/ValueSet/data-absent-reason","",,,,"Observation.component.dataAbsentReason",0,1,"ele-1
obs-6","ele-1:All FHIR elements must have a @value or children {hasValue() or (children().count() > id.count())}
"
"Observation.component:conclusion-string.interpretation","Observation.component.interpretation","","Abnormal Flag
","",0,*,"","","","CodeableConcept {[]} {[]}
","High, low, normal, etc.","A categorical assessment of an observation value.  For example, high, low, normal.","Historically used for laboratory results (known as 'abnormal flag' ),  its use extends to other use cases where coded interpretations  are relevant.  Often reported as one or more simple compact codes this element is often placed adjacent to the result value in reports and flow sheets to signal the meaning/normalcy status of the result.","For some results, particularly numeric results, an interpretation is necessary to fully understand the significance of a result.","","","","","","","",,"extensible","Codes identifying interpretations of observations.","http://hl7.org/fhir/ValueSet/observation-interpretation","",,,,"Observation.component.interpretation",0,*,"ele-1
","ele-1:All FHIR elements must have a @value or children {hasValue() or (children().count() > id.count())}
"
"Observation.component:conclusion-string.referenceRange","Observation.component.referenceRange","","","",0,*,"","","","null {[]} {[]}
","Provides guide for interpretation of component result","Guidance on how to interpret the value by comparison to a normal or recommended range.","Most observations only have one generic reference range. Systems MAY choose to restrict to only supplying the relevant reference range based on knowledge about the patient (e.g., specific to the patient's age, gender, weight and other factors), but this might not be possible or appropriate. Whenever more than one reference range is supplied, the differences between them SHOULD be provided in the reference range and/or age properties.","Knowing what values are considered ""normal"" can help evaluate the significance of a particular result. Need to be able to provide multiple reference ranges for different contexts.","","","","","","","",,,,,"",,,,"Observation.component.referenceRange",0,*,"",""
"Observation.component:gene-studied","Observation.component","gene-studied","","",0,*,"Y","","Y","BackboneElement {[]} {[]}
","Untersuchtes Gen","Das untersuchte Gen identifiziert durch HGNC-ID","For a discussion on the ways Observations can be assembled in groups together see [Notes](http://hl7.org/fhir/R4/observation.html#notes) below.","Component observations share the same attributes in the Observation resource as the primary observation and are always treated a part of a single observation (they are not separable).   However, the reference range for the primary observation value is not inherited by the component values and is required when appropriate for each component observation.","","","","","","","",,,,,"",,,,"Observation.component",0,*,"ele-1
","ele-1:All FHIR elements must have a @value or children {hasValue() or (children().count() > id.count())}
","mide-dataelement-1400"
"Observation.component:gene-studied.id","Observation.component.id","","","",0,1,"","","","string {[]} {[]}
","Unique id for inter-element referencing","Unique id for the element within a resource (for internal references). This may be any string value that does not contain spaces.","","","","","","","","","",,,,,"",,,,"Element.id",0,1,"",""
"Observation.component:gene-studied.extension","Observation.component.extension","","extensions
user content","",0,*,"","","","Extension {[]} {[]}
","Additional content defined by implementations","May be used to represent additional information that is not part of the basic definition of the element. To make the use of extensions safe and manageable, there is a strict set of governance  applied to the definition and use of extensions. Though any implementer can define an extension, there is a set of requirements that SHALL be met as part of the definition of the extension.","There can be no stigma associated with the use of extensions by any application, project, or standard - regardless of the institution or jurisdiction that uses or defines the extensions.  The use of extensions is what allows the FHIR specification to retain a core level of simplicity for everyone.","","","","","","","","",,,,,"","value:url}
","Extensions are always sliced by (at least) url",,"open","Element.extension",0,*,"ele-1
","ele-1:All FHIR elements must have a @value or children {hasValue() or (children().count() > id.count())}
ext-1:Must have either extensions or value[x], not both {extension.exists() != value.exists()}"
"Observation.component:gene-studied.modifierExtension","Observation.component.modifierExtension","","extensions
user contentmodifiers","",0,*,"","Y","Y","Extension {[]} {[]}
","Extensions that cannot be ignored even if unrecognized","May be used to represent additional information that is not part of the basic definition of the element and that modifies the understanding of the element in which it is contained and/or the understanding of the containing element's descendants. Usually modifier elements provide negation or qualification. To make the use of extensions safe and manageable, there is a strict set of governance applied to the definition and use of extensions. Though any implementer can define an extension, there is a set of requirements that SHALL be met as part of the definition of the extension. Applications processing a resource are required to check for modifier extensions.

Modifier extensions SHALL NOT change the meaning of any elements on Resource or DomainResource (including cannot change the meaning of modifierExtension itself).","There can be no stigma associated with the use of extensions by any application, project, or standard - regardless of the institution or jurisdiction that uses or defines the extensions.  The use of extensions is what allows the FHIR specification to retain a core level of simplicity for everyone.","Modifier extensions allow for extensions that *cannot* be safely ignored to be clearly distinguished from the vast majority of extensions which can be safely ignored.  This promotes interoperability by eliminating the need for implementers to prohibit the presence of extensions. For further information, see the [definition of modifier extensions](http://hl7.org/fhir/R4/extensibility.html#modifierExtension).","","","","","","","",,,,,"",,,,"BackboneElement.modifierExtension",0,*,"ele-1
","ele-1:All FHIR elements must have a @value or children {hasValue() or (children().count() > id.count())}
ext-1:Must have either extensions or value[x], not both {extension.exists() != value.exists()}"
"Observation.component:gene-studied.code","Observation.component.code","","","",1,1,"","","Y","CodeableConcept {[]} {[]}
","48018-6","Describes what was observed. Sometimes this is called the observation ""code"".","*All* code-value and  component.code-component.value pairs need to be taken into account to correctly understand the meaning of the observation.","Knowing what kind of observation is being made is essential to understanding the observation.","","","","<valueCodeableConcept xmlns=""http://hl7.org/fhir"">
  <coding>
    <system value=""http://loinc.org""/>
    <code value=""48018-6""/>
  </coding>
</valueCodeableConcept>","","","",,"example","Codes identifying names of simple observations.","http://hl7.org/fhir/ValueSet/observation-codes","",,,,"Observation.component.code",1,1,"ele-1
","ele-1:All FHIR elements must have a @value or children {hasValue() or (children().count() > id.count())}
"
"Observation.component:gene-studied.value[x]","Observation.component.value[x]","","","",1,1,"","","Y","CodeableConcept {[]} {[]}
","The HGNC gene symbol is to be used as display text and the HGNC gene ID used as the code. If no HGNC code issued for this gene yet, NCBI gene IDs SHALL be used.","The information determined as a result of making the observation, if the information has a simple value.","Used when observation has a set of component observations. An observation may have both a value (e.g. an  Apgar score)  and component observations (the observations from which the Apgar score was derived). If a value is present, the datatype for this element should be determined by Observation.code. A CodeableConcept with just a text would be used instead of a string if the field was usually coded, or if the type associated with the Observation.code defines a coded value.  For additional guidance, see the [Notes section](http://hl7.org/fhir/R4/observation.html#notes) below.","An observation exists to have a value, though it might not if it is in error, or if it represents a group of observations.","","","","","","","",,"extensible","","http://hl7.org/fhir/uv/genomics-reporting/ValueSet/hgnc-vs","",,,,"Observation.component.value[x]",0,1,"ele-1
","ele-1:All FHIR elements must have a @value or children {hasValue() or (children().count() > id.count())}
"
"Observation.component:gene-studied.dataAbsentReason","Observation.component.dataAbsentReason","","","",0,1,"","","","CodeableConcept {[]} {[]}
","Why the component result is missing","Provides a reason why the expected value in the element Observation.component.value[x] is missing.","""Null"" or exceptional values can be represented two ways in FHIR Observations.  One way is to simply include them in the value set and represent the exceptions in the value.  For example, measurement values for a serology test could be  ""detected"", ""not detected"", ""inconclusive"", or  ""test not done"". 

The alternate way is to use the value element for actual observations and use the explicit dataAbsentReason element to record exceptional values.  For example, the dataAbsentReason code ""error"" could be used when the measurement was not completed.  Because of these options, use-case agreements are required to interpret general observations for exceptional values.","For many results it is necessary to handle exceptional values in measurements.","","","","","","","",,"extensible","Codes specifying why the result (`Observation.value[x]`) is missing.","http://hl7.org/fhir/ValueSet/data-absent-reason","",,,,"Observation.component.dataAbsentReason",0,1,"ele-1
obs-6","ele-1:All FHIR elements must have a @value or children {hasValue() or (children().count() > id.count())}
"
"Observation.component:gene-studied.interpretation","Observation.component.interpretation","","Abnormal Flag
","",0,*,"","","","CodeableConcept {[]} {[]}
","High, low, normal, etc.","A categorical assessment of an observation value.  For example, high, low, normal.","Historically used for laboratory results (known as 'abnormal flag' ),  its use extends to other use cases where coded interpretations  are relevant.  Often reported as one or more simple compact codes this element is often placed adjacent to the result value in reports and flow sheets to signal the meaning/normalcy status of the result.","For some results, particularly numeric results, an interpretation is necessary to fully understand the significance of a result.","","","","","","","",,"extensible","Codes identifying interpretations of observations.","http://hl7.org/fhir/ValueSet/observation-interpretation","",,,,"Observation.component.interpretation",0,*,"ele-1
","ele-1:All FHIR elements must have a @value or children {hasValue() or (children().count() > id.count())}
"
"Observation.component:gene-studied.referenceRange","Observation.component.referenceRange","","","",0,*,"","","","null {[]} {[]}
","Provides guide for interpretation of component result","Guidance on how to interpret the value by comparison to a normal or recommended range.","Most observations only have one generic reference range. Systems MAY choose to restrict to only supplying the relevant reference range based on knowledge about the patient (e.g., specific to the patient's age, gender, weight and other factors), but this might not be possible or appropriate. Whenever more than one reference range is supplied, the differences between them SHOULD be provided in the reference range and/or age properties.","Knowing what values are considered ""normal"" can help evaluate the significance of a particular result. Need to be able to provide multiple reference ranges for different contexts.","","","","","","","",,,,,"",,,,"Observation.component.referenceRange",0,*,"",""
"Observation.component:cytogenetic-location","Observation.component","cytogenetic-location","","",0,*,"Y","","Y","BackboneElement {[]} {[]}
","Zytogenetische Lokalisation","Chromosomale Position der Variante in Bandennomenklatur","For a discussion on the ways Observations can be assembled in groups together see [Notes](http://hl7.org/fhir/R4/observation.html#notes) below.","Component observations share the same attributes in the Observation resource as the primary observation and are always treated a part of a single observation (they are not separable).   However, the reference range for the primary observation value is not inherited by the component values and is required when appropriate for each component observation.","","","","","","","",,,,,"",,,,"Observation.component",0,*,"ele-1
","ele-1:All FHIR elements must have a @value or children {hasValue() or (children().count() > id.count())}
"
"Observation.component:cytogenetic-location.id","Observation.component.id","","","",0,1,"","","","string {[]} {[]}
","Unique id for inter-element referencing","Unique id for the element within a resource (for internal references). This may be any string value that does not contain spaces.","","","","","","","","","",,,,,"",,,,"Element.id",0,1,"",""
"Observation.component:cytogenetic-location.extension","Observation.component.extension","","extensions
user content","",0,*,"","","","Extension {[]} {[]}
","Additional content defined by implementations","May be used to represent additional information that is not part of the basic definition of the element. To make the use of extensions safe and manageable, there is a strict set of governance  applied to the definition and use of extensions. Though any implementer can define an extension, there is a set of requirements that SHALL be met as part of the definition of the extension.","There can be no stigma associated with the use of extensions by any application, project, or standard - regardless of the institution or jurisdiction that uses or defines the extensions.  The use of extensions is what allows the FHIR specification to retain a core level of simplicity for everyone.","","","","","","","","",,,,,"","value:url}
","Extensions are always sliced by (at least) url",,"open","Element.extension",0,*,"ele-1
","ele-1:All FHIR elements must have a @value or children {hasValue() or (children().count() > id.count())}
ext-1:Must have either extensions or value[x], not both {extension.exists() != value.exists()}"
"Observation.component:cytogenetic-location.modifierExtension","Observation.component.modifierExtension","","extensions
user contentmodifiers","",0,*,"","Y","Y","Extension {[]} {[]}
","Extensions that cannot be ignored even if unrecognized","May be used to represent additional information that is not part of the basic definition of the element and that modifies the understanding of the element in which it is contained and/or the understanding of the containing element's descendants. Usually modifier elements provide negation or qualification. To make the use of extensions safe and manageable, there is a strict set of governance applied to the definition and use of extensions. Though any implementer can define an extension, there is a set of requirements that SHALL be met as part of the definition of the extension. Applications processing a resource are required to check for modifier extensions.

Modifier extensions SHALL NOT change the meaning of any elements on Resource or DomainResource (including cannot change the meaning of modifierExtension itself).","There can be no stigma associated with the use of extensions by any application, project, or standard - regardless of the institution or jurisdiction that uses or defines the extensions.  The use of extensions is what allows the FHIR specification to retain a core level of simplicity for everyone.","Modifier extensions allow for extensions that *cannot* be safely ignored to be clearly distinguished from the vast majority of extensions which can be safely ignored.  This promotes interoperability by eliminating the need for implementers to prohibit the presence of extensions. For further information, see the [definition of modifier extensions](http://hl7.org/fhir/R4/extensibility.html#modifierExtension).","","","","","","","",,,,,"",,,,"BackboneElement.modifierExtension",0,*,"ele-1
","ele-1:All FHIR elements must have a @value or children {hasValue() or (children().count() > id.count())}
ext-1:Must have either extensions or value[x], not both {extension.exists() != value.exists()}"
"Observation.component:cytogenetic-location.code","Observation.component.code","","","",1,1,"","","Y","CodeableConcept {[]} {[]}
","48001-2","Describes what was observed. Sometimes this is called the observation ""code"".","*All* code-value and  component.code-component.value pairs need to be taken into account to correctly understand the meaning of the observation.","Knowing what kind of observation is being made is essential to understanding the observation.","","","","<valueCodeableConcept xmlns=""http://hl7.org/fhir"">
  <coding>
    <system value=""http://loinc.org""/>
    <code value=""48001-2""/>
  </coding>
</valueCodeableConcept>","","","",,"example","Codes identifying names of simple observations.","http://hl7.org/fhir/ValueSet/observation-codes","",,,,"Observation.component.code",1,1,"ele-1
","ele-1:All FHIR elements must have a @value or children {hasValue() or (children().count() > id.count())}
"
"Observation.component:cytogenetic-location.value[x]","Observation.component.value[x]","","","",1,1,"","","Y","CodeableConcept {[]} {[]}
","Example: 1q21.1","The information determined as a result of making the observation, if the information has a simple value.","Used when observation has a set of component observations. An observation may have both a value (e.g. an  Apgar score)  and component observations (the observations from which the Apgar score was derived). If a value is present, the datatype for this element should be determined by Observation.code. A CodeableConcept with just a text would be used instead of a string if the field was usually coded, or if the type associated with the Observation.code defines a coded value.  For additional guidance, see the [Notes section](http://hl7.org/fhir/R4/observation.html#notes) below.","An observation exists to have a value, though it might not if it is in error, or if it represents a group of observations.","","","","","","","",,,,,"",,,,"Observation.component.value[x]",0,1,"ele-1
","ele-1:All FHIR elements must have a @value or children {hasValue() or (children().count() > id.count())}
"
"Observation.component:cytogenetic-location.dataAbsentReason","Observation.component.dataAbsentReason","","","",0,1,"","","","CodeableConcept {[]} {[]}
","Why the component result is missing","Provides a reason why the expected value in the element Observation.component.value[x] is missing.","""Null"" or exceptional values can be represented two ways in FHIR Observations.  One way is to simply include them in the value set and represent the exceptions in the value.  For example, measurement values for a serology test could be  ""detected"", ""not detected"", ""inconclusive"", or  ""test not done"". 

The alternate way is to use the value element for actual observations and use the explicit dataAbsentReason element to record exceptional values.  For example, the dataAbsentReason code ""error"" could be used when the measurement was not completed.  Because of these options, use-case agreements are required to interpret general observations for exceptional values.","For many results it is necessary to handle exceptional values in measurements.","","","","","","","",,"extensible","Codes specifying why the result (`Observation.value[x]`) is missing.","http://hl7.org/fhir/ValueSet/data-absent-reason","",,,,"Observation.component.dataAbsentReason",0,1,"ele-1
obs-6","ele-1:All FHIR elements must have a @value or children {hasValue() or (children().count() > id.count())}
"
"Observation.component:cytogenetic-location.interpretation","Observation.component.interpretation","","Abnormal Flag
","",0,*,"","","","CodeableConcept {[]} {[]}
","High, low, normal, etc.","A categorical assessment of an observation value.  For example, high, low, normal.","Historically used for laboratory results (known as 'abnormal flag' ),  its use extends to other use cases where coded interpretations  are relevant.  Often reported as one or more simple compact codes this element is often placed adjacent to the result value in reports and flow sheets to signal the meaning/normalcy status of the result.","For some results, particularly numeric results, an interpretation is necessary to fully understand the significance of a result.","","","","","","","",,"extensible","Codes identifying interpretations of observations.","http://hl7.org/fhir/ValueSet/observation-interpretation","",,,,"Observation.component.interpretation",0,*,"ele-1
","ele-1:All FHIR elements must have a @value or children {hasValue() or (children().count() > id.count())}
"
"Observation.component:cytogenetic-location.referenceRange","Observation.component.referenceRange","","","",0,*,"","","","null {[]} {[]}
","Provides guide for interpretation of component result","Guidance on how to interpret the value by comparison to a normal or recommended range.","Most observations only have one generic reference range. Systems MAY choose to restrict to only supplying the relevant reference range based on knowledge about the patient (e.g., specific to the patient's age, gender, weight and other factors), but this might not be possible or appropriate. Whenever more than one reference range is supplied, the differences between them SHOULD be provided in the reference range and/or age properties.","Knowing what values are considered ""normal"" can help evaluate the significance of a particular result. Need to be able to provide multiple reference ranges for different contexts.","","","","","","","",,,,,"",,,,"Observation.component.referenceRange",0,*,"",""
"Observation.component:reference-sequence-assembly","Observation.component","reference-sequence-assembly","","",0,*,"Y","","Y","BackboneElement {[]} {[]}
","Referenzgenom-Assembly","Die verwendete Referenzgenom-Version wie z.B. GRCh37 oder GRCh38","For a discussion on the ways Observations can be assembled in groups together see [Notes](http://hl7.org/fhir/R4/observation.html#notes) below.","Component observations share the same attributes in the Observation resource as the primary observation and are always treated a part of a single observation (they are not separable).   However, the reference range for the primary observation value is not inherited by the component values and is required when appropriate for each component observation.","","","","","","","",,,,,"",,,,"Observation.component",0,*,"ele-1
","ele-1:All FHIR elements must have a @value or children {hasValue() or (children().count() > id.count())}
"
"Observation.component:reference-sequence-assembly.id","Observation.component.id","","","",0,1,"","","","string {[]} {[]}
","Unique id for inter-element referencing","Unique id for the element within a resource (for internal references). This may be any string value that does not contain spaces.","","","","","","","","","",,,,,"",,,,"Element.id",0,1,"",""
"Observation.component:reference-sequence-assembly.extension","Observation.component.extension","","extensions
user content","",0,*,"","","","Extension {[]} {[]}
","Additional content defined by implementations","May be used to represent additional information that is not part of the basic definition of the element. To make the use of extensions safe and manageable, there is a strict set of governance  applied to the definition and use of extensions. Though any implementer can define an extension, there is a set of requirements that SHALL be met as part of the definition of the extension.","There can be no stigma associated with the use of extensions by any application, project, or standard - regardless of the institution or jurisdiction that uses or defines the extensions.  The use of extensions is what allows the FHIR specification to retain a core level of simplicity for everyone.","","","","","","","","",,,,,"","value:url}
","Extensions are always sliced by (at least) url",,"open","Element.extension",0,*,"ele-1
","ele-1:All FHIR elements must have a @value or children {hasValue() or (children().count() > id.count())}
ext-1:Must have either extensions or value[x], not both {extension.exists() != value.exists()}"
"Observation.component:reference-sequence-assembly.modifierExtension","Observation.component.modifierExtension","","extensions
user contentmodifiers","",0,*,"","Y","Y","Extension {[]} {[]}
","Extensions that cannot be ignored even if unrecognized","May be used to represent additional information that is not part of the basic definition of the element and that modifies the understanding of the element in which it is contained and/or the understanding of the containing element's descendants. Usually modifier elements provide negation or qualification. To make the use of extensions safe and manageable, there is a strict set of governance applied to the definition and use of extensions. Though any implementer can define an extension, there is a set of requirements that SHALL be met as part of the definition of the extension. Applications processing a resource are required to check for modifier extensions.

Modifier extensions SHALL NOT change the meaning of any elements on Resource or DomainResource (including cannot change the meaning of modifierExtension itself).","There can be no stigma associated with the use of extensions by any application, project, or standard - regardless of the institution or jurisdiction that uses or defines the extensions.  The use of extensions is what allows the FHIR specification to retain a core level of simplicity for everyone.","Modifier extensions allow for extensions that *cannot* be safely ignored to be clearly distinguished from the vast majority of extensions which can be safely ignored.  This promotes interoperability by eliminating the need for implementers to prohibit the presence of extensions. For further information, see the [definition of modifier extensions](http://hl7.org/fhir/R4/extensibility.html#modifierExtension).","","","","","","","",,,,,"",,,,"BackboneElement.modifierExtension",0,*,"ele-1
","ele-1:All FHIR elements must have a @value or children {hasValue() or (children().count() > id.count())}
ext-1:Must have either extensions or value[x], not both {extension.exists() != value.exists()}"
"Observation.component:reference-sequence-assembly.code","Observation.component.code","","","",1,1,"","","Y","CodeableConcept {[]} {[]}
","62374-4","Describes what was observed. Sometimes this is called the observation ""code"".","*All* code-value and  component.code-component.value pairs need to be taken into account to correctly understand the meaning of the observation.","Knowing what kind of observation is being made is essential to understanding the observation.","","","","<valueCodeableConcept xmlns=""http://hl7.org/fhir"">
  <coding>
    <system value=""http://loinc.org""/>
    <code value=""62374-4""/>
  </coding>
</valueCodeableConcept>","","","",,"example","Codes identifying names of simple observations.","http://hl7.org/fhir/ValueSet/observation-codes","",,,,"Observation.component.code",1,1,"ele-1
","ele-1:All FHIR elements must have a @value or children {hasValue() or (children().count() > id.count())}
"
"Observation.component:reference-sequence-assembly.value[x]","Observation.component.value[x]","","","",1,1,"","","Y","CodeableConcept {[]} {[]}
","GRCh37 | GRCh38 | ...","The information determined as a result of making the observation, if the information has a simple value.","Used when observation has a set of component observations. An observation may have both a value (e.g. an  Apgar score)  and component observations (the observations from which the Apgar score was derived). If a value is present, the datatype for this element should be determined by Observation.code. A CodeableConcept with just a text would be used instead of a string if the field was usually coded, or if the type associated with the Observation.code defines a coded value.  For additional guidance, see the [Notes section](http://hl7.org/fhir/R4/observation.html#notes) below.","An observation exists to have a value, though it might not if it is in error, or if it represents a group of observations.","","","","","","","",,"extensible","","http://loinc.org/vs/LL1040-6","",,,,"Observation.component.value[x]",0,1,"ele-1
","ele-1:All FHIR elements must have a @value or children {hasValue() or (children().count() > id.count())}
"
"Observation.component:reference-sequence-assembly.dataAbsentReason","Observation.component.dataAbsentReason","","","",0,1,"","","","CodeableConcept {[]} {[]}
","Why the component result is missing","Provides a reason why the expected value in the element Observation.component.value[x] is missing.","""Null"" or exceptional values can be represented two ways in FHIR Observations.  One way is to simply include them in the value set and represent the exceptions in the value.  For example, measurement values for a serology test could be  ""detected"", ""not detected"", ""inconclusive"", or  ""test not done"". 

The alternate way is to use the value element for actual observations and use the explicit dataAbsentReason element to record exceptional values.  For example, the dataAbsentReason code ""error"" could be used when the measurement was not completed.  Because of these options, use-case agreements are required to interpret general observations for exceptional values.","For many results it is necessary to handle exceptional values in measurements.","","","","","","","",,"extensible","Codes specifying why the result (`Observation.value[x]`) is missing.","http://hl7.org/fhir/ValueSet/data-absent-reason","",,,,"Observation.component.dataAbsentReason",0,1,"ele-1
obs-6","ele-1:All FHIR elements must have a @value or children {hasValue() or (children().count() > id.count())}
"
"Observation.component:reference-sequence-assembly.interpretation","Observation.component.interpretation","","Abnormal Flag
","",0,*,"","","","CodeableConcept {[]} {[]}
","High, low, normal, etc.","A categorical assessment of an observation value.  For example, high, low, normal.","Historically used for laboratory results (known as 'abnormal flag' ),  its use extends to other use cases where coded interpretations  are relevant.  Often reported as one or more simple compact codes this element is often placed adjacent to the result value in reports and flow sheets to signal the meaning/normalcy status of the result.","For some results, particularly numeric results, an interpretation is necessary to fully understand the significance of a result.","","","","","","","",,"extensible","Codes identifying interpretations of observations.","http://hl7.org/fhir/ValueSet/observation-interpretation","",,,,"Observation.component.interpretation",0,*,"ele-1
","ele-1:All FHIR elements must have a @value or children {hasValue() or (children().count() > id.count())}
"
"Observation.component:reference-sequence-assembly.referenceRange","Observation.component.referenceRange","","","",0,*,"","","","null {[]} {[]}
","Provides guide for interpretation of component result","Guidance on how to interpret the value by comparison to a normal or recommended range.","Most observations only have one generic reference range. Systems MAY choose to restrict to only supplying the relevant reference range based on knowledge about the patient (e.g., specific to the patient's age, gender, weight and other factors), but this might not be possible or appropriate. Whenever more than one reference range is supplied, the differences between them SHOULD be provided in the reference range and/or age properties.","Knowing what values are considered ""normal"" can help evaluate the significance of a particular result. Need to be able to provide multiple reference ranges for different contexts.","","","","","","","",,,,,"",,,,"Observation.component.referenceRange",0,*,"",""
"Observation.component:chromosome-identifier","Observation.component","chromosome-identifier","","",0,*,"Y","","Y","BackboneElement {[]} {[]}
","Chromosom","Das betroffene Chromosom","For a discussion on the ways Observations can be assembled in groups together see [Notes](http://hl7.org/fhir/R4/observation.html#notes) below.","Component observations share the same attributes in the Observation resource as the primary observation and are always treated a part of a single observation (they are not separable).   However, the reference range for the primary observation value is not inherited by the component values and is required when appropriate for each component observation.","","","","","","","",,,,,"",,,,"Observation.component",0,*,"ele-1
","ele-1:All FHIR elements must have a @value or children {hasValue() or (children().count() > id.count())}
"
"Observation.component:chromosome-identifier.id","Observation.component.id","","","",0,1,"","","","string {[]} {[]}
","Unique id for inter-element referencing","Unique id for the element within a resource (for internal references). This may be any string value that does not contain spaces.","","","","","","","","","",,,,,"",,,,"Element.id",0,1,"",""
"Observation.component:chromosome-identifier.extension","Observation.component.extension","","extensions
user content","",0,*,"","","","Extension {[]} {[]}
","Additional content defined by implementations","May be used to represent additional information that is not part of the basic definition of the element. To make the use of extensions safe and manageable, there is a strict set of governance  applied to the definition and use of extensions. Though any implementer can define an extension, there is a set of requirements that SHALL be met as part of the definition of the extension.","There can be no stigma associated with the use of extensions by any application, project, or standard - regardless of the institution or jurisdiction that uses or defines the extensions.  The use of extensions is what allows the FHIR specification to retain a core level of simplicity for everyone.","","","","","","","","",,,,,"","value:url}
","Extensions are always sliced by (at least) url",,"open","Element.extension",0,*,"ele-1
","ele-1:All FHIR elements must have a @value or children {hasValue() or (children().count() > id.count())}
ext-1:Must have either extensions or value[x], not both {extension.exists() != value.exists()}"
"Observation.component:chromosome-identifier.modifierExtension","Observation.component.modifierExtension","","extensions
user contentmodifiers","",0,*,"","Y","Y","Extension {[]} {[]}
","Extensions that cannot be ignored even if unrecognized","May be used to represent additional information that is not part of the basic definition of the element and that modifies the understanding of the element in which it is contained and/or the understanding of the containing element's descendants. Usually modifier elements provide negation or qualification. To make the use of extensions safe and manageable, there is a strict set of governance applied to the definition and use of extensions. Though any implementer can define an extension, there is a set of requirements that SHALL be met as part of the definition of the extension. Applications processing a resource are required to check for modifier extensions.

Modifier extensions SHALL NOT change the meaning of any elements on Resource or DomainResource (including cannot change the meaning of modifierExtension itself).","There can be no stigma associated with the use of extensions by any application, project, or standard - regardless of the institution or jurisdiction that uses or defines the extensions.  The use of extensions is what allows the FHIR specification to retain a core level of simplicity for everyone.","Modifier extensions allow for extensions that *cannot* be safely ignored to be clearly distinguished from the vast majority of extensions which can be safely ignored.  This promotes interoperability by eliminating the need for implementers to prohibit the presence of extensions. For further information, see the [definition of modifier extensions](http://hl7.org/fhir/R4/extensibility.html#modifierExtension).","","","","","","","",,,,,"",,,,"BackboneElement.modifierExtension",0,*,"ele-1
","ele-1:All FHIR elements must have a @value or children {hasValue() or (children().count() > id.count())}
ext-1:Must have either extensions or value[x], not both {extension.exists() != value.exists()}"
"Observation.component:chromosome-identifier.code","Observation.component.code","","","",1,1,"","","Y","CodeableConcept {[]} {[]}
","48000-4","Describes what was observed. Sometimes this is called the observation ""code"".","*All* code-value and  component.code-component.value pairs need to be taken into account to correctly understand the meaning of the observation.","Knowing what kind of observation is being made is essential to understanding the observation.","","","","<valueCodeableConcept xmlns=""http://hl7.org/fhir"">
  <coding>
    <system value=""http://loinc.org""/>
    <code value=""48000-4""/>
  </coding>
</valueCodeableConcept>","","","",,"example","Codes identifying names of simple observations.","http://hl7.org/fhir/ValueSet/observation-codes","",,,,"Observation.component.code",1,1,"ele-1
","ele-1:All FHIR elements must have a @value or children {hasValue() or (children().count() > id.count())}
"
"Observation.component:chromosome-identifier.value[x]","Observation.component.value[x]","","","",1,1,"","","Y","CodeableConcept {[]} {[]}
","Chromosome 1 | Chromosome 2 | ... | Chromosome 22 | Chromosome X | Chromosome Y","The information determined as a result of making the observation, if the information has a simple value.","Used when observation has a set of component observations. An observation may have both a value (e.g. an  Apgar score)  and component observations (the observations from which the Apgar score was derived). If a value is present, the datatype for this element should be determined by Observation.code. A CodeableConcept with just a text would be used instead of a string if the field was usually coded, or if the type associated with the Observation.code defines a coded value.  For additional guidance, see the [Notes section](http://hl7.org/fhir/R4/observation.html#notes) below.","An observation exists to have a value, though it might not if it is in error, or if it represents a group of observations.","","","","","","","",,"required","","http://loinc.org/vs/LL2938-0","",,,,"Observation.component.value[x]",0,1,"ele-1
","ele-1:All FHIR elements must have a @value or children {hasValue() or (children().count() > id.count())}
"
"Observation.component:chromosome-identifier.dataAbsentReason","Observation.component.dataAbsentReason","","","",0,1,"","","","CodeableConcept {[]} {[]}
","Why the component result is missing","Provides a reason why the expected value in the element Observation.component.value[x] is missing.","""Null"" or exceptional values can be represented two ways in FHIR Observations.  One way is to simply include them in the value set and represent the exceptions in the value.  For example, measurement values for a serology test could be  ""detected"", ""not detected"", ""inconclusive"", or  ""test not done"". 

The alternate way is to use the value element for actual observations and use the explicit dataAbsentReason element to record exceptional values.  For example, the dataAbsentReason code ""error"" could be used when the measurement was not completed.  Because of these options, use-case agreements are required to interpret general observations for exceptional values.","For many results it is necessary to handle exceptional values in measurements.","","","","","","","",,"extensible","Codes specifying why the result (`Observation.value[x]`) is missing.","http://hl7.org/fhir/ValueSet/data-absent-reason","",,,,"Observation.component.dataAbsentReason",0,1,"ele-1
obs-6","ele-1:All FHIR elements must have a @value or children {hasValue() or (children().count() > id.count())}
"
"Observation.component:chromosome-identifier.interpretation","Observation.component.interpretation","","Abnormal Flag
","",0,*,"","","","CodeableConcept {[]} {[]}
","High, low, normal, etc.","A categorical assessment of an observation value.  For example, high, low, normal.","Historically used for laboratory results (known as 'abnormal flag' ),  its use extends to other use cases where coded interpretations  are relevant.  Often reported as one or more simple compact codes this element is often placed adjacent to the result value in reports and flow sheets to signal the meaning/normalcy status of the result.","For some results, particularly numeric results, an interpretation is necessary to fully understand the significance of a result.","","","","","","","",,"extensible","Codes identifying interpretations of observations.","http://hl7.org/fhir/ValueSet/observation-interpretation","",,,,"Observation.component.interpretation",0,*,"ele-1
","ele-1:All FHIR elements must have a @value or children {hasValue() or (children().count() > id.count())}
"
"Observation.component:chromosome-identifier.referenceRange","Observation.component.referenceRange","","","",0,*,"","","","null {[]} {[]}
","Provides guide for interpretation of component result","Guidance on how to interpret the value by comparison to a normal or recommended range.","Most observations only have one generic reference range. Systems MAY choose to restrict to only supplying the relevant reference range based on knowledge about the patient (e.g., specific to the patient's age, gender, weight and other factors), but this might not be possible or appropriate. Whenever more than one reference range is supplied, the differences between them SHOULD be provided in the reference range and/or age properties.","Knowing what values are considered ""normal"" can help evaluate the significance of a particular result. Need to be able to provide multiple reference ranges for different contexts.","","","","","","","",,,,,"",,,,"Observation.component.referenceRange",0,*,"",""
"Observation.component:representative-coding-hgvs","Observation.component","representative-coding-hgvs","","",0,1,"Y","","Y","BackboneElement {[]} {[]}
","DNA-Änderung c.HGVS","Die cDNA-Änderung in HGVS-Nomenklatur auf Transkriptebene","For a discussion on the ways Observations can be assembled in groups together see [Notes](http://hl7.org/fhir/R4/observation.html#notes) below.","Component observations share the same attributes in the Observation resource as the primary observation and are always treated a part of a single observation (they are not separable).   However, the reference range for the primary observation value is not inherited by the component values and is required when appropriate for each component observation.","","","","","","","",,,,,"",,,,"Observation.component",0,*,"ele-1
","ele-1:All FHIR elements must have a @value or children {hasValue() or (children().count() > id.count())}
"
"Observation.component:representative-coding-hgvs.id","Observation.component.id","","","",0,1,"","","","string {[]} {[]}
","Unique id for inter-element referencing","Unique id for the element within a resource (for internal references). This may be any string value that does not contain spaces.","","","","","","","","","",,,,,"",,,,"Element.id",0,1,"",""
"Observation.component:representative-coding-hgvs.extension","Observation.component.extension","","extensions
user content","",0,*,"","","","Extension {[]} {[]}
","Additional content defined by implementations","May be used to represent additional information that is not part of the basic definition of the element. To make the use of extensions safe and manageable, there is a strict set of governance  applied to the definition and use of extensions. Though any implementer can define an extension, there is a set of requirements that SHALL be met as part of the definition of the extension.","There can be no stigma associated with the use of extensions by any application, project, or standard - regardless of the institution or jurisdiction that uses or defines the extensions.  The use of extensions is what allows the FHIR specification to retain a core level of simplicity for everyone.","","","","","","","","",,,,,"","value:url}
","Extensions are always sliced by (at least) url",,"open","Element.extension",0,*,"ele-1
","ele-1:All FHIR elements must have a @value or children {hasValue() or (children().count() > id.count())}
ext-1:Must have either extensions or value[x], not both {extension.exists() != value.exists()}"
"Observation.component:representative-coding-hgvs.modifierExtension","Observation.component.modifierExtension","","extensions
user contentmodifiers","",0,*,"","Y","Y","Extension {[]} {[]}
","Extensions that cannot be ignored even if unrecognized","May be used to represent additional information that is not part of the basic definition of the element and that modifies the understanding of the element in which it is contained and/or the understanding of the containing element's descendants. Usually modifier elements provide negation or qualification. To make the use of extensions safe and manageable, there is a strict set of governance applied to the definition and use of extensions. Though any implementer can define an extension, there is a set of requirements that SHALL be met as part of the definition of the extension. Applications processing a resource are required to check for modifier extensions.

Modifier extensions SHALL NOT change the meaning of any elements on Resource or DomainResource (including cannot change the meaning of modifierExtension itself).","There can be no stigma associated with the use of extensions by any application, project, or standard - regardless of the institution or jurisdiction that uses or defines the extensions.  The use of extensions is what allows the FHIR specification to retain a core level of simplicity for everyone.","Modifier extensions allow for extensions that *cannot* be safely ignored to be clearly distinguished from the vast majority of extensions which can be safely ignored.  This promotes interoperability by eliminating the need for implementers to prohibit the presence of extensions. For further information, see the [definition of modifier extensions](http://hl7.org/fhir/R4/extensibility.html#modifierExtension).","","","","","","","",,,,,"",,,,"BackboneElement.modifierExtension",0,*,"ele-1
","ele-1:All FHIR elements must have a @value or children {hasValue() or (children().count() > id.count())}
ext-1:Must have either extensions or value[x], not both {extension.exists() != value.exists()}"
"Observation.component:representative-coding-hgvs.code","Observation.component.code","","","",1,1,"","","Y","CodeableConcept {[]} {[]}
","48004-6","Describes what was observed. Sometimes this is called the observation ""code"".","*All* code-value and  component.code-component.value pairs need to be taken into account to correctly understand the meaning of the observation.","Knowing what kind of observation is being made is essential to understanding the observation.","","","","<valueCodeableConcept xmlns=""http://hl7.org/fhir"">
  <coding>
    <system value=""http://loinc.org""/>
    <code value=""48004-6""/>
  </coding>
</valueCodeableConcept>","","","",,"example","Codes identifying names of simple observations.","http://hl7.org/fhir/ValueSet/observation-codes","",,,,"Observation.component.code",1,1,"ele-1
","ele-1:All FHIR elements must have a @value or children {hasValue() or (children().count() > id.count())}
"
"Observation.component:representative-coding-hgvs.value[x]","Observation.component.value[x]","","","",1,1,"","","Y","CodeableConcept {[]} {[]}
","A valid HGVS-formatted 'c.' string, e.g. NM_005228.5:c.2369C>T.","The information determined as a result of making the observation, if the information has a simple value.","Used when observation has a set of component observations. An observation may have both a value (e.g. an  Apgar score)  and component observations (the observations from which the Apgar score was derived). If a value is present, the datatype for this element should be determined by Observation.code. A CodeableConcept with just a text would be used instead of a string if the field was usually coded, or if the type associated with the Observation.code defines a coded value.  For additional guidance, see the [Notes section](http://hl7.org/fhir/R4/observation.html#notes) below.","An observation exists to have a value, though it might not if it is in error, or if it represents a group of observations.","","","","","","","",,"required","","http://hl7.org/fhir/uv/genomics-reporting/ValueSet/hgvs-vs","",,,,"Observation.component.value[x]",0,1,"ele-1
","ele-1:All FHIR elements must have a @value or children {hasValue() or (children().count() > id.count())}
"
"Observation.component:representative-coding-hgvs.dataAbsentReason","Observation.component.dataAbsentReason","","","",0,1,"","","","CodeableConcept {[]} {[]}
","Why the component result is missing","Provides a reason why the expected value in the element Observation.component.value[x] is missing.","""Null"" or exceptional values can be represented two ways in FHIR Observations.  One way is to simply include them in the value set and represent the exceptions in the value.  For example, measurement values for a serology test could be  ""detected"", ""not detected"", ""inconclusive"", or  ""test not done"". 

The alternate way is to use the value element for actual observations and use the explicit dataAbsentReason element to record exceptional values.  For example, the dataAbsentReason code ""error"" could be used when the measurement was not completed.  Because of these options, use-case agreements are required to interpret general observations for exceptional values.","For many results it is necessary to handle exceptional values in measurements.","","","","","","","",,"extensible","Codes specifying why the result (`Observation.value[x]`) is missing.","http://hl7.org/fhir/ValueSet/data-absent-reason","",,,,"Observation.component.dataAbsentReason",0,1,"ele-1
obs-6","ele-1:All FHIR elements must have a @value or children {hasValue() or (children().count() > id.count())}
"
"Observation.component:representative-coding-hgvs.interpretation","Observation.component.interpretation","","Abnormal Flag
","",0,*,"","","","CodeableConcept {[]} {[]}
","High, low, normal, etc.","A categorical assessment of an observation value.  For example, high, low, normal.","Historically used for laboratory results (known as 'abnormal flag' ),  its use extends to other use cases where coded interpretations  are relevant.  Often reported as one or more simple compact codes this element is often placed adjacent to the result value in reports and flow sheets to signal the meaning/normalcy status of the result.","For some results, particularly numeric results, an interpretation is necessary to fully understand the significance of a result.","","","","","","","",,"extensible","Codes identifying interpretations of observations.","http://hl7.org/fhir/ValueSet/observation-interpretation","",,,,"Observation.component.interpretation",0,*,"ele-1
","ele-1:All FHIR elements must have a @value or children {hasValue() or (children().count() > id.count())}
"
"Observation.component:representative-coding-hgvs.referenceRange","Observation.component.referenceRange","","","",0,*,"","","","null {[]} {[]}
","Provides guide for interpretation of component result","Guidance on how to interpret the value by comparison to a normal or recommended range.","Most observations only have one generic reference range. Systems MAY choose to restrict to only supplying the relevant reference range based on knowledge about the patient (e.g., specific to the patient's age, gender, weight and other factors), but this might not be possible or appropriate. Whenever more than one reference range is supplied, the differences between them SHOULD be provided in the reference range and/or age properties.","Knowing what values are considered ""normal"" can help evaluate the significance of a particular result. Need to be able to provide multiple reference ranges for different contexts.","","","","","","","",,,,,"",,,,"Observation.component.referenceRange",0,*,"",""
"Observation.component:genomic-hgvs","Observation.component","genomic-hgvs","","",0,1,"Y","","Y","BackboneElement {[]} {[]}
","Genomische DNA-Änderung g.HGVS","Die genomische DNA-Änderung in HGVS-Nomenklatur","For a discussion on the ways Observations can be assembled in groups together see [Notes](http://hl7.org/fhir/R4/observation.html#notes) below.","Component observations share the same attributes in the Observation resource as the primary observation and are always treated a part of a single observation (they are not separable).   However, the reference range for the primary observation value is not inherited by the component values and is required when appropriate for each component observation.","","","","","","","",,,,,"",,,,"Observation.component",0,*,"ele-1
","ele-1:All FHIR elements must have a @value or children {hasValue() or (children().count() > id.count())}
"
"Observation.component:genomic-hgvs.id","Observation.component.id","","","",0,1,"","","","string {[]} {[]}
","Unique id for inter-element referencing","Unique id for the element within a resource (for internal references). This may be any string value that does not contain spaces.","","","","","","","","","",,,,,"",,,,"Element.id",0,1,"",""
"Observation.component:genomic-hgvs.extension","Observation.component.extension","","extensions
user content","",0,*,"","","","Extension {[]} {[]}
","Additional content defined by implementations","May be used to represent additional information that is not part of the basic definition of the element. To make the use of extensions safe and manageable, there is a strict set of governance  applied to the definition and use of extensions. Though any implementer can define an extension, there is a set of requirements that SHALL be met as part of the definition of the extension.","There can be no stigma associated with the use of extensions by any application, project, or standard - regardless of the institution or jurisdiction that uses or defines the extensions.  The use of extensions is what allows the FHIR specification to retain a core level of simplicity for everyone.","","","","","","","","",,,,,"","value:url}
","Extensions are always sliced by (at least) url",,"open","Element.extension",0,*,"ele-1
","ele-1:All FHIR elements must have a @value or children {hasValue() or (children().count() > id.count())}
ext-1:Must have either extensions or value[x], not both {extension.exists() != value.exists()}"
"Observation.component:genomic-hgvs.modifierExtension","Observation.component.modifierExtension","","extensions
user contentmodifiers","",0,*,"","Y","Y","Extension {[]} {[]}
","Extensions that cannot be ignored even if unrecognized","May be used to represent additional information that is not part of the basic definition of the element and that modifies the understanding of the element in which it is contained and/or the understanding of the containing element's descendants. Usually modifier elements provide negation or qualification. To make the use of extensions safe and manageable, there is a strict set of governance applied to the definition and use of extensions. Though any implementer can define an extension, there is a set of requirements that SHALL be met as part of the definition of the extension. Applications processing a resource are required to check for modifier extensions.

Modifier extensions SHALL NOT change the meaning of any elements on Resource or DomainResource (including cannot change the meaning of modifierExtension itself).","There can be no stigma associated with the use of extensions by any application, project, or standard - regardless of the institution or jurisdiction that uses or defines the extensions.  The use of extensions is what allows the FHIR specification to retain a core level of simplicity for everyone.","Modifier extensions allow for extensions that *cannot* be safely ignored to be clearly distinguished from the vast majority of extensions which can be safely ignored.  This promotes interoperability by eliminating the need for implementers to prohibit the presence of extensions. For further information, see the [definition of modifier extensions](http://hl7.org/fhir/R4/extensibility.html#modifierExtension).","","","","","","","",,,,,"",,,,"BackboneElement.modifierExtension",0,*,"ele-1
","ele-1:All FHIR elements must have a @value or children {hasValue() or (children().count() > id.count())}
ext-1:Must have either extensions or value[x], not both {extension.exists() != value.exists()}"
"Observation.component:genomic-hgvs.code","Observation.component.code","","","",1,1,"","","Y","CodeableConcept {[]} {[]}
","81290-9","Describes what was observed. Sometimes this is called the observation ""code"".","*All* code-value and  component.code-component.value pairs need to be taken into account to correctly understand the meaning of the observation.","Knowing what kind of observation is being made is essential to understanding the observation.","","","","<valueCodeableConcept xmlns=""http://hl7.org/fhir"">
  <coding>
    <system value=""http://loinc.org""/>
    <code value=""81290-9""/>
  </coding>
</valueCodeableConcept>","","","",,"example","Codes identifying names of simple observations.","http://hl7.org/fhir/ValueSet/observation-codes","",,,,"Observation.component.code",1,1,"ele-1
","ele-1:All FHIR elements must have a @value or children {hasValue() or (children().count() > id.count())}
"
"Observation.component:genomic-hgvs.value[x]","Observation.component.value[x]","","","",1,1,"","","Y","CodeableConcept {[]} {[]}
","A valid HGVS-formatted 'g.' string, e.g. NC_000016.9:g.2124200_2138612dup","The information determined as a result of making the observation, if the information has a simple value.","Used when observation has a set of component observations. An observation may have both a value (e.g. an  Apgar score)  and component observations (the observations from which the Apgar score was derived). If a value is present, the datatype for this element should be determined by Observation.code. A CodeableConcept with just a text would be used instead of a string if the field was usually coded, or if the type associated with the Observation.code defines a coded value.  For additional guidance, see the [Notes section](http://hl7.org/fhir/R4/observation.html#notes) below.","An observation exists to have a value, though it might not if it is in error, or if it represents a group of observations.","","","","","","","",,"required","","http://hl7.org/fhir/uv/genomics-reporting/ValueSet/hgvs-vs","",,,,"Observation.component.value[x]",0,1,"ele-1
","ele-1:All FHIR elements must have a @value or children {hasValue() or (children().count() > id.count())}
"
"Observation.component:genomic-hgvs.dataAbsentReason","Observation.component.dataAbsentReason","","","",0,1,"","","","CodeableConcept {[]} {[]}
","Why the component result is missing","Provides a reason why the expected value in the element Observation.component.value[x] is missing.","""Null"" or exceptional values can be represented two ways in FHIR Observations.  One way is to simply include them in the value set and represent the exceptions in the value.  For example, measurement values for a serology test could be  ""detected"", ""not detected"", ""inconclusive"", or  ""test not done"". 

The alternate way is to use the value element for actual observations and use the explicit dataAbsentReason element to record exceptional values.  For example, the dataAbsentReason code ""error"" could be used when the measurement was not completed.  Because of these options, use-case agreements are required to interpret general observations for exceptional values.","For many results it is necessary to handle exceptional values in measurements.","","","","","","","",,"extensible","Codes specifying why the result (`Observation.value[x]`) is missing.","http://hl7.org/fhir/ValueSet/data-absent-reason","",,,,"Observation.component.dataAbsentReason",0,1,"ele-1
obs-6","ele-1:All FHIR elements must have a @value or children {hasValue() or (children().count() > id.count())}
"
"Observation.component:genomic-hgvs.interpretation","Observation.component.interpretation","","Abnormal Flag
","",0,*,"","","","CodeableConcept {[]} {[]}
","High, low, normal, etc.","A categorical assessment of an observation value.  For example, high, low, normal.","Historically used for laboratory results (known as 'abnormal flag' ),  its use extends to other use cases where coded interpretations  are relevant.  Often reported as one or more simple compact codes this element is often placed adjacent to the result value in reports and flow sheets to signal the meaning/normalcy status of the result.","For some results, particularly numeric results, an interpretation is necessary to fully understand the significance of a result.","","","","","","","",,"extensible","Codes identifying interpretations of observations.","http://hl7.org/fhir/ValueSet/observation-interpretation","",,,,"Observation.component.interpretation",0,*,"ele-1
","ele-1:All FHIR elements must have a @value or children {hasValue() or (children().count() > id.count())}
"
"Observation.component:genomic-hgvs.referenceRange","Observation.component.referenceRange","","","",0,*,"","","","null {[]} {[]}
","Provides guide for interpretation of component result","Guidance on how to interpret the value by comparison to a normal or recommended range.","Most observations only have one generic reference range. Systems MAY choose to restrict to only supplying the relevant reference range based on knowledge about the patient (e.g., specific to the patient's age, gender, weight and other factors), but this might not be possible or appropriate. Whenever more than one reference range is supplied, the differences between them SHOULD be provided in the reference range and/or age properties.","Knowing what values are considered ""normal"" can help evaluate the significance of a particular result. Need to be able to provide multiple reference ranges for different contexts.","","","","","","","",,,,,"",,,,"Observation.component.referenceRange",0,*,"",""
"Observation.component:cytogenomic-nomenclature","Observation.component","cytogenomic-nomenclature","","",0,1,"","","Y","BackboneElement {[]} {[]}
","Cytogenomic Nomenclature (ISCN)","Fully describes a variant with a single code. Typically a large variant such as a mosaic, abnormal chromosome numbers, etc.","For a discussion on the ways Observations can be assembled in groups together see [Notes](http://hl7.org/fhir/R4/observation.html#notes) below.","Component observations share the same attributes in the Observation resource as the primary observation and are always treated a part of a single observation (they are not separable).   However, the reference range for the primary observation value is not inherited by the component values and is required when appropriate for each component observation.","","","","","","","",,,,,"",,,,"Observation.component",0,*,"ele-1
","ele-1:All FHIR elements must have a @value or children {hasValue() or (children().count() > id.count())}
"
"Observation.component:cytogenomic-nomenclature.id","Observation.component.id","","","",0,1,"","","","string {[]} {[]}
","Unique id for inter-element referencing","Unique id for the element within a resource (for internal references). This may be any string value that does not contain spaces.","","","","","","","","","",,,,,"",,,,"Element.id",0,1,"",""
"Observation.component:cytogenomic-nomenclature.extension","Observation.component.extension","","extensions
user content","",0,*,"","","","Extension {[]} {[]}
","Additional content defined by implementations","May be used to represent additional information that is not part of the basic definition of the element. To make the use of extensions safe and manageable, there is a strict set of governance  applied to the definition and use of extensions. Though any implementer can define an extension, there is a set of requirements that SHALL be met as part of the definition of the extension.","There can be no stigma associated with the use of extensions by any application, project, or standard - regardless of the institution or jurisdiction that uses or defines the extensions.  The use of extensions is what allows the FHIR specification to retain a core level of simplicity for everyone.","","","","","","","","",,,,,"","value:url}
","Extensions are always sliced by (at least) url",,"open","Element.extension",0,*,"ele-1
","ele-1:All FHIR elements must have a @value or children {hasValue() or (children().count() > id.count())}
ext-1:Must have either extensions or value[x], not both {extension.exists() != value.exists()}"
"Observation.component:cytogenomic-nomenclature.modifierExtension","Observation.component.modifierExtension","","extensions
user contentmodifiers","",0,*,"","Y","Y","Extension {[]} {[]}
","Extensions that cannot be ignored even if unrecognized","May be used to represent additional information that is not part of the basic definition of the element and that modifies the understanding of the element in which it is contained and/or the understanding of the containing element's descendants. Usually modifier elements provide negation or qualification. To make the use of extensions safe and manageable, there is a strict set of governance applied to the definition and use of extensions. Though any implementer can define an extension, there is a set of requirements that SHALL be met as part of the definition of the extension. Applications processing a resource are required to check for modifier extensions.

Modifier extensions SHALL NOT change the meaning of any elements on Resource or DomainResource (including cannot change the meaning of modifierExtension itself).","There can be no stigma associated with the use of extensions by any application, project, or standard - regardless of the institution or jurisdiction that uses or defines the extensions.  The use of extensions is what allows the FHIR specification to retain a core level of simplicity for everyone.","Modifier extensions allow for extensions that *cannot* be safely ignored to be clearly distinguished from the vast majority of extensions which can be safely ignored.  This promotes interoperability by eliminating the need for implementers to prohibit the presence of extensions. For further information, see the [definition of modifier extensions](http://hl7.org/fhir/R4/extensibility.html#modifierExtension).","","","","","","","",,,,,"",,,,"BackboneElement.modifierExtension",0,*,"ele-1
","ele-1:All FHIR elements must have a @value or children {hasValue() or (children().count() > id.count())}
ext-1:Must have either extensions or value[x], not both {extension.exists() != value.exists()}"
"Observation.component:cytogenomic-nomenclature.code","Observation.component.code","","","",1,1,"","","Y","CodeableConcept {[]} {[]}
","81291-7","Describes what was observed. Sometimes this is called the observation ""code"".","*All* code-value and  component.code-component.value pairs need to be taken into account to correctly understand the meaning of the observation.","Knowing what kind of observation is being made is essential to understanding the observation.","","","","<valueCodeableConcept xmlns=""http://hl7.org/fhir"">
  <coding>
    <system value=""http://loinc.org""/>
    <code value=""81291-7""/>
  </coding>
</valueCodeableConcept>","","","",,"example","Codes identifying names of simple observations.","http://hl7.org/fhir/ValueSet/observation-codes","",,,,"Observation.component.code",1,1,"ele-1
","ele-1:All FHIR elements must have a @value or children {hasValue() or (children().count() > id.count())}
"
"Observation.component:cytogenomic-nomenclature.value[x]","Observation.component.value[x]","","","",1,1,"","","Y","CodeableConcept {[]} {[]}
","Actual component result","The information determined as a result of making the observation, if the information has a simple value.","Used when observation has a set of component observations. An observation may have both a value (e.g. an  Apgar score)  and component observations (the observations from which the Apgar score was derived). If a value is present, the datatype for this element should be determined by Observation.code. A CodeableConcept with just a text would be used instead of a string if the field was usually coded, or if the type associated with the Observation.code defines a coded value.  For additional guidance, see the [Notes section](http://hl7.org/fhir/R4/observation.html#notes) below.","An observation exists to have a value, though it might not if it is in error, or if it represents a group of observations.","","","","","","","",,"example","Binding not yet defined","","",,,,"Observation.component.value[x]",0,1,"ele-1
","ele-1:All FHIR elements must have a @value or children {hasValue() or (children().count() > id.count())}
"
"Observation.component:cytogenomic-nomenclature.dataAbsentReason","Observation.component.dataAbsentReason","","","",0,1,"","","","CodeableConcept {[]} {[]}
","Why the component result is missing","Provides a reason why the expected value in the element Observation.component.value[x] is missing.","""Null"" or exceptional values can be represented two ways in FHIR Observations.  One way is to simply include them in the value set and represent the exceptions in the value.  For example, measurement values for a serology test could be  ""detected"", ""not detected"", ""inconclusive"", or  ""test not done"". 

The alternate way is to use the value element for actual observations and use the explicit dataAbsentReason element to record exceptional values.  For example, the dataAbsentReason code ""error"" could be used when the measurement was not completed.  Because of these options, use-case agreements are required to interpret general observations for exceptional values.","For many results it is necessary to handle exceptional values in measurements.","","","","","","","",,"extensible","Codes specifying why the result (`Observation.value[x]`) is missing.","http://hl7.org/fhir/ValueSet/data-absent-reason","",,,,"Observation.component.dataAbsentReason",0,1,"ele-1
obs-6","ele-1:All FHIR elements must have a @value or children {hasValue() or (children().count() > id.count())}
"
"Observation.component:cytogenomic-nomenclature.interpretation","Observation.component.interpretation","","Abnormal Flag
","",0,*,"","","","CodeableConcept {[]} {[]}
","High, low, normal, etc.","A categorical assessment of an observation value.  For example, high, low, normal.","Historically used for laboratory results (known as 'abnormal flag' ),  its use extends to other use cases where coded interpretations  are relevant.  Often reported as one or more simple compact codes this element is often placed adjacent to the result value in reports and flow sheets to signal the meaning/normalcy status of the result.","For some results, particularly numeric results, an interpretation is necessary to fully understand the significance of a result.","","","","","","","",,"extensible","Codes identifying interpretations of observations.","http://hl7.org/fhir/ValueSet/observation-interpretation","",,,,"Observation.component.interpretation",0,*,"ele-1
","ele-1:All FHIR elements must have a @value or children {hasValue() or (children().count() > id.count())}
"
"Observation.component:cytogenomic-nomenclature.referenceRange","Observation.component.referenceRange","","","",0,*,"","","","null {[]} {[]}
","Provides guide for interpretation of component result","Guidance on how to interpret the value by comparison to a normal or recommended range.","Most observations only have one generic reference range. Systems MAY choose to restrict to only supplying the relevant reference range based on knowledge about the patient (e.g., specific to the patient's age, gender, weight and other factors), but this might not be possible or appropriate. Whenever more than one reference range is supplied, the differences between them SHOULD be provided in the reference range and/or age properties.","Knowing what values are considered ""normal"" can help evaluate the significance of a particular result. Need to be able to provide multiple reference ranges for different contexts.","","","","","","","",,,,,"",,,,"Observation.component.referenceRange",0,*,"",""
"Observation.component:genomic-ref-seq","Observation.component","genomic-ref-seq","","",0,1,"Y","","Y","BackboneElement {[]} {[]}
","Genomische Referenzsequenz","Die genomische Referenzsequenz-ID wie z.B. NC_000007.14","For a discussion on the ways Observations can be assembled in groups together see [Notes](http://hl7.org/fhir/R4/observation.html#notes) below.","Component observations share the same attributes in the Observation resource as the primary observation and are always treated a part of a single observation (they are not separable).   However, the reference range for the primary observation value is not inherited by the component values and is required when appropriate for each component observation.","","","","","","","",,,,,"",,,,"Observation.component",0,*,"ele-1
","ele-1:All FHIR elements must have a @value or children {hasValue() or (children().count() > id.count())}
"
"Observation.component:genomic-ref-seq.id","Observation.component.id","","","",0,1,"","","","string {[]} {[]}
","Unique id for inter-element referencing","Unique id for the element within a resource (for internal references). This may be any string value that does not contain spaces.","","","","","","","","","",,,,,"",,,,"Element.id",0,1,"",""
"Observation.component:genomic-ref-seq.extension","Observation.component.extension","","extensions
user content","",0,*,"","","","Extension {[]} {[]}
","Additional content defined by implementations","May be used to represent additional information that is not part of the basic definition of the element. To make the use of extensions safe and manageable, there is a strict set of governance  applied to the definition and use of extensions. Though any implementer can define an extension, there is a set of requirements that SHALL be met as part of the definition of the extension.","There can be no stigma associated with the use of extensions by any application, project, or standard - regardless of the institution or jurisdiction that uses or defines the extensions.  The use of extensions is what allows the FHIR specification to retain a core level of simplicity for everyone.","","","","","","","","",,,,,"","value:url}
","Extensions are always sliced by (at least) url",,"open","Element.extension",0,*,"ele-1
","ele-1:All FHIR elements must have a @value or children {hasValue() or (children().count() > id.count())}
ext-1:Must have either extensions or value[x], not both {extension.exists() != value.exists()}"
"Observation.component:genomic-ref-seq.modifierExtension","Observation.component.modifierExtension","","extensions
user contentmodifiers","",0,*,"","Y","Y","Extension {[]} {[]}
","Extensions that cannot be ignored even if unrecognized","May be used to represent additional information that is not part of the basic definition of the element and that modifies the understanding of the element in which it is contained and/or the understanding of the containing element's descendants. Usually modifier elements provide negation or qualification. To make the use of extensions safe and manageable, there is a strict set of governance applied to the definition and use of extensions. Though any implementer can define an extension, there is a set of requirements that SHALL be met as part of the definition of the extension. Applications processing a resource are required to check for modifier extensions.

Modifier extensions SHALL NOT change the meaning of any elements on Resource or DomainResource (including cannot change the meaning of modifierExtension itself).","There can be no stigma associated with the use of extensions by any application, project, or standard - regardless of the institution or jurisdiction that uses or defines the extensions.  The use of extensions is what allows the FHIR specification to retain a core level of simplicity for everyone.","Modifier extensions allow for extensions that *cannot* be safely ignored to be clearly distinguished from the vast majority of extensions which can be safely ignored.  This promotes interoperability by eliminating the need for implementers to prohibit the presence of extensions. For further information, see the [definition of modifier extensions](http://hl7.org/fhir/R4/extensibility.html#modifierExtension).","","","","","","","",,,,,"",,,,"BackboneElement.modifierExtension",0,*,"ele-1
","ele-1:All FHIR elements must have a @value or children {hasValue() or (children().count() > id.count())}
ext-1:Must have either extensions or value[x], not both {extension.exists() != value.exists()}"
"Observation.component:genomic-ref-seq.code","Observation.component.code","","","",1,1,"","","Y","CodeableConcept {[]} {[]}
","48013-7","Describes what was observed. Sometimes this is called the observation ""code"".","*All* code-value and  component.code-component.value pairs need to be taken into account to correctly understand the meaning of the observation.","Knowing what kind of observation is being made is essential to understanding the observation.","","","","<valueCodeableConcept xmlns=""http://hl7.org/fhir"">
  <coding>
    <system value=""http://loinc.org""/>
    <code value=""48013-7""/>
  </coding>
</valueCodeableConcept>","","","",,"example","Codes identifying names of simple observations.","http://hl7.org/fhir/ValueSet/observation-codes","",,,,"Observation.component.code",1,1,"ele-1
","ele-1:All FHIR elements must have a @value or children {hasValue() or (children().count() > id.count())}
"
"Observation.component:genomic-ref-seq.value[x]","Observation.component.value[x]","","","",1,1,"","","Y","CodeableConcept {[]} {[]}
","Versioned genomic reference sequence identifier","The information determined as a result of making the observation, if the information has a simple value.","Used when observation has a set of component observations. An observation may have both a value (e.g. an  Apgar score)  and component observations (the observations from which the Apgar score was derived). If a value is present, the datatype for this element should be determined by Observation.code. A CodeableConcept with just a text would be used instead of a string if the field was usually coded, or if the type associated with the Observation.code defines a coded value.  For additional guidance, see the [Notes section](http://hl7.org/fhir/R4/observation.html#notes) below.","An observation exists to have a value, though it might not if it is in error, or if it represents a group of observations.","","","","","","","",,"example","Multiple bindings acceptable (NCBI or LRG)","","",,,,"Observation.component.value[x]",0,1,"ele-1
","ele-1:All FHIR elements must have a @value or children {hasValue() or (children().count() > id.count())}
"
"Observation.component:genomic-ref-seq.dataAbsentReason","Observation.component.dataAbsentReason","","","",0,1,"","","","CodeableConcept {[]} {[]}
","Why the component result is missing","Provides a reason why the expected value in the element Observation.component.value[x] is missing.","""Null"" or exceptional values can be represented two ways in FHIR Observations.  One way is to simply include them in the value set and represent the exceptions in the value.  For example, measurement values for a serology test could be  ""detected"", ""not detected"", ""inconclusive"", or  ""test not done"". 

The alternate way is to use the value element for actual observations and use the explicit dataAbsentReason element to record exceptional values.  For example, the dataAbsentReason code ""error"" could be used when the measurement was not completed.  Because of these options, use-case agreements are required to interpret general observations for exceptional values.","For many results it is necessary to handle exceptional values in measurements.","","","","","","","",,"extensible","Codes specifying why the result (`Observation.value[x]`) is missing.","http://hl7.org/fhir/ValueSet/data-absent-reason","",,,,"Observation.component.dataAbsentReason",0,1,"ele-1
obs-6","ele-1:All FHIR elements must have a @value or children {hasValue() or (children().count() > id.count())}
"
"Observation.component:genomic-ref-seq.interpretation","Observation.component.interpretation","","Abnormal Flag
","",0,*,"","","","CodeableConcept {[]} {[]}
","High, low, normal, etc.","A categorical assessment of an observation value.  For example, high, low, normal.","Historically used for laboratory results (known as 'abnormal flag' ),  its use extends to other use cases where coded interpretations  are relevant.  Often reported as one or more simple compact codes this element is often placed adjacent to the result value in reports and flow sheets to signal the meaning/normalcy status of the result.","For some results, particularly numeric results, an interpretation is necessary to fully understand the significance of a result.","","","","","","","",,"extensible","Codes identifying interpretations of observations.","http://hl7.org/fhir/ValueSet/observation-interpretation","",,,,"Observation.component.interpretation",0,*,"ele-1
","ele-1:All FHIR elements must have a @value or children {hasValue() or (children().count() > id.count())}
"
"Observation.component:genomic-ref-seq.referenceRange","Observation.component.referenceRange","","","",0,*,"","","","null {[]} {[]}
","Provides guide for interpretation of component result","Guidance on how to interpret the value by comparison to a normal or recommended range.","Most observations only have one generic reference range. Systems MAY choose to restrict to only supplying the relevant reference range based on knowledge about the patient (e.g., specific to the patient's age, gender, weight and other factors), but this might not be possible or appropriate. Whenever more than one reference range is supplied, the differences between them SHOULD be provided in the reference range and/or age properties.","Knowing what values are considered ""normal"" can help evaluate the significance of a particular result. Need to be able to provide multiple reference ranges for different contexts.","","","","","","","",,,,,"",,,,"Observation.component.referenceRange",0,*,"",""
"Observation.component:representative-protein-ref-seq","Observation.component","representative-protein-ref-seq","","",0,1,"","","Y","BackboneElement {[]} {[]}
","Protein Reference Sequence","ID of the protein reference sequence, which includes transcribed and non transcribed stretches. It covers the entire protein described.","For a discussion on the ways Observations can be assembled in groups together see [Notes](http://hl7.org/fhir/R4/observation.html#notes) below.","Component observations share the same attributes in the Observation resource as the primary observation and are always treated a part of a single observation (they are not separable).   However, the reference range for the primary observation value is not inherited by the component values and is required when appropriate for each component observation.","","","","","","","",,,,,"",,,,"Observation.component",0,*,"ele-1
","ele-1:All FHIR elements must have a @value or children {hasValue() or (children().count() > id.count())}
"
"Observation.component:representative-protein-ref-seq.id","Observation.component.id","","","",0,1,"","","","string {[]} {[]}
","Unique id for inter-element referencing","Unique id for the element within a resource (for internal references). This may be any string value that does not contain spaces.","","","","","","","","","",,,,,"",,,,"Element.id",0,1,"",""
"Observation.component:representative-protein-ref-seq.extension","Observation.component.extension","","extensions
user content","",0,*,"","","","Extension {[]} {[]}
","Additional content defined by implementations","May be used to represent additional information that is not part of the basic definition of the element. To make the use of extensions safe and manageable, there is a strict set of governance  applied to the definition and use of extensions. Though any implementer can define an extension, there is a set of requirements that SHALL be met as part of the definition of the extension.","There can be no stigma associated with the use of extensions by any application, project, or standard - regardless of the institution or jurisdiction that uses or defines the extensions.  The use of extensions is what allows the FHIR specification to retain a core level of simplicity for everyone.","","","","","","","","",,,,,"","value:url}
","Extensions are always sliced by (at least) url",,"open","Element.extension",0,*,"ele-1
","ele-1:All FHIR elements must have a @value or children {hasValue() or (children().count() > id.count())}
ext-1:Must have either extensions or value[x], not both {extension.exists() != value.exists()}"
"Observation.component:representative-protein-ref-seq.modifierExtension","Observation.component.modifierExtension","","extensions
user contentmodifiers","",0,*,"","Y","Y","Extension {[]} {[]}
","Extensions that cannot be ignored even if unrecognized","May be used to represent additional information that is not part of the basic definition of the element and that modifies the understanding of the element in which it is contained and/or the understanding of the containing element's descendants. Usually modifier elements provide negation or qualification. To make the use of extensions safe and manageable, there is a strict set of governance applied to the definition and use of extensions. Though any implementer can define an extension, there is a set of requirements that SHALL be met as part of the definition of the extension. Applications processing a resource are required to check for modifier extensions.

Modifier extensions SHALL NOT change the meaning of any elements on Resource or DomainResource (including cannot change the meaning of modifierExtension itself).","There can be no stigma associated with the use of extensions by any application, project, or standard - regardless of the institution or jurisdiction that uses or defines the extensions.  The use of extensions is what allows the FHIR specification to retain a core level of simplicity for everyone.","Modifier extensions allow for extensions that *cannot* be safely ignored to be clearly distinguished from the vast majority of extensions which can be safely ignored.  This promotes interoperability by eliminating the need for implementers to prohibit the presence of extensions. For further information, see the [definition of modifier extensions](http://hl7.org/fhir/R4/extensibility.html#modifierExtension).","","","","","","","",,,,,"",,,,"BackboneElement.modifierExtension",0,*,"ele-1
","ele-1:All FHIR elements must have a @value or children {hasValue() or (children().count() > id.count())}
ext-1:Must have either extensions or value[x], not both {extension.exists() != value.exists()}"
"Observation.component:representative-protein-ref-seq.code","Observation.component.code","","","",1,1,"","","Y","CodeableConcept {[]} {[]}
","protein-ref-seq","Describes what was observed. Sometimes this is called the observation ""code"".","*All* code-value and  component.code-component.value pairs need to be taken into account to correctly understand the meaning of the observation.","Knowing what kind of observation is being made is essential to understanding the observation.","","","","<valueCodeableConcept xmlns=""http://hl7.org/fhir"">
  <coding>
    <system value=""http://hl7.org/fhir/uv/genomics-reporting/CodeSystem/tbd-codes-cs""/>
    <code value=""protein-ref-seq""/>
  </coding>
</valueCodeableConcept>","","","",,"example","Codes identifying names of simple observations.","http://hl7.org/fhir/ValueSet/observation-codes","",,,,"Observation.component.code",1,1,"ele-1
","ele-1:All FHIR elements must have a @value or children {hasValue() or (children().count() > id.count())}
"
"Observation.component:representative-protein-ref-seq.value[x]","Observation.component.value[x]","","","",1,1,"","","Y","CodeableConcept {[]} {[]}
","Versioned protein reference sequence identifier","The information determined as a result of making the observation, if the information has a simple value.","Used when observation has a set of component observations. An observation may have both a value (e.g. an  Apgar score)  and component observations (the observations from which the Apgar score was derived). If a value is present, the datatype for this element should be determined by Observation.code. A CodeableConcept with just a text would be used instead of a string if the field was usually coded, or if the type associated with the Observation.code defines a coded value.  For additional guidance, see the [Notes section](http://hl7.org/fhir/R4/observation.html#notes) below.","An observation exists to have a value, though it might not if it is in error, or if it represents a group of observations.","","","","","","","",,"example","Multiple bindings acceptable (NCBI or LRG)","","",,,,"Observation.component.value[x]",0,1,"ele-1
","ele-1:All FHIR elements must have a @value or children {hasValue() or (children().count() > id.count())}
"
"Observation.component:representative-protein-ref-seq.dataAbsentReason","Observation.component.dataAbsentReason","","","",0,1,"","","","CodeableConcept {[]} {[]}
","Why the component result is missing","Provides a reason why the expected value in the element Observation.component.value[x] is missing.","""Null"" or exceptional values can be represented two ways in FHIR Observations.  One way is to simply include them in the value set and represent the exceptions in the value.  For example, measurement values for a serology test could be  ""detected"", ""not detected"", ""inconclusive"", or  ""test not done"". 

The alternate way is to use the value element for actual observations and use the explicit dataAbsentReason element to record exceptional values.  For example, the dataAbsentReason code ""error"" could be used when the measurement was not completed.  Because of these options, use-case agreements are required to interpret general observations for exceptional values.","For many results it is necessary to handle exceptional values in measurements.","","","","","","","",,"extensible","Codes specifying why the result (`Observation.value[x]`) is missing.","http://hl7.org/fhir/ValueSet/data-absent-reason","",,,,"Observation.component.dataAbsentReason",0,1,"ele-1
obs-6","ele-1:All FHIR elements must have a @value or children {hasValue() or (children().count() > id.count())}
"
"Observation.component:representative-protein-ref-seq.interpretation","Observation.component.interpretation","","Abnormal Flag
","",0,*,"","","","CodeableConcept {[]} {[]}
","High, low, normal, etc.","A categorical assessment of an observation value.  For example, high, low, normal.","Historically used for laboratory results (known as 'abnormal flag' ),  its use extends to other use cases where coded interpretations  are relevant.  Often reported as one or more simple compact codes this element is often placed adjacent to the result value in reports and flow sheets to signal the meaning/normalcy status of the result.","For some results, particularly numeric results, an interpretation is necessary to fully understand the significance of a result.","","","","","","","",,"extensible","Codes identifying interpretations of observations.","http://hl7.org/fhir/ValueSet/observation-interpretation","",,,,"Observation.component.interpretation",0,*,"ele-1
","ele-1:All FHIR elements must have a @value or children {hasValue() or (children().count() > id.count())}
"
"Observation.component:representative-protein-ref-seq.referenceRange","Observation.component.referenceRange","","","",0,*,"","","","null {[]} {[]}
","Provides guide for interpretation of component result","Guidance on how to interpret the value by comparison to a normal or recommended range.","Most observations only have one generic reference range. Systems MAY choose to restrict to only supplying the relevant reference range based on knowledge about the patient (e.g., specific to the patient's age, gender, weight and other factors), but this might not be possible or appropriate. Whenever more than one reference range is supplied, the differences between them SHOULD be provided in the reference range and/or age properties.","Knowing what values are considered ""normal"" can help evaluate the significance of a particular result. Need to be able to provide multiple reference ranges for different contexts.","","","","","","","",,,,,"",,,,"Observation.component.referenceRange",0,*,"",""
"Observation.component:representative-transcript-ref-seq","Observation.component","representative-transcript-ref-seq","","",0,1,"Y","","Y","BackboneElement {[]} {[]}
","Transkript-Referenzsequenz","Die Transkript-Referenzsequenz-ID wie z.B. NM_004333.4","For a discussion on the ways Observations can be assembled in groups together see [Notes](http://hl7.org/fhir/R4/observation.html#notes) below.","Component observations share the same attributes in the Observation resource as the primary observation and are always treated a part of a single observation (they are not separable).   However, the reference range for the primary observation value is not inherited by the component values and is required when appropriate for each component observation.","","","","","","","",,,,,"",,,,"Observation.component",0,*,"ele-1
","ele-1:All FHIR elements must have a @value or children {hasValue() or (children().count() > id.count())}
"
"Observation.component:representative-transcript-ref-seq.id","Observation.component.id","","","",0,1,"","","","string {[]} {[]}
","Unique id for inter-element referencing","Unique id for the element within a resource (for internal references). This may be any string value that does not contain spaces.","","","","","","","","","",,,,,"",,,,"Element.id",0,1,"",""
"Observation.component:representative-transcript-ref-seq.extension","Observation.component.extension","","extensions
user content","",0,*,"","","","Extension {[]} {[]}
","Additional content defined by implementations","May be used to represent additional information that is not part of the basic definition of the element. To make the use of extensions safe and manageable, there is a strict set of governance  applied to the definition and use of extensions. Though any implementer can define an extension, there is a set of requirements that SHALL be met as part of the definition of the extension.","There can be no stigma associated with the use of extensions by any application, project, or standard - regardless of the institution or jurisdiction that uses or defines the extensions.  The use of extensions is what allows the FHIR specification to retain a core level of simplicity for everyone.","","","","","","","","",,,,,"","value:url}
","Extensions are always sliced by (at least) url",,"open","Element.extension",0,*,"ele-1
","ele-1:All FHIR elements must have a @value or children {hasValue() or (children().count() > id.count())}
ext-1:Must have either extensions or value[x], not both {extension.exists() != value.exists()}"
"Observation.component:representative-transcript-ref-seq.modifierExtension","Observation.component.modifierExtension","","extensions
user contentmodifiers","",0,*,"","Y","Y","Extension {[]} {[]}
","Extensions that cannot be ignored even if unrecognized","May be used to represent additional information that is not part of the basic definition of the element and that modifies the understanding of the element in which it is contained and/or the understanding of the containing element's descendants. Usually modifier elements provide negation or qualification. To make the use of extensions safe and manageable, there is a strict set of governance applied to the definition and use of extensions. Though any implementer can define an extension, there is a set of requirements that SHALL be met as part of the definition of the extension. Applications processing a resource are required to check for modifier extensions.

Modifier extensions SHALL NOT change the meaning of any elements on Resource or DomainResource (including cannot change the meaning of modifierExtension itself).","There can be no stigma associated with the use of extensions by any application, project, or standard - regardless of the institution or jurisdiction that uses or defines the extensions.  The use of extensions is what allows the FHIR specification to retain a core level of simplicity for everyone.","Modifier extensions allow for extensions that *cannot* be safely ignored to be clearly distinguished from the vast majority of extensions which can be safely ignored.  This promotes interoperability by eliminating the need for implementers to prohibit the presence of extensions. For further information, see the [definition of modifier extensions](http://hl7.org/fhir/R4/extensibility.html#modifierExtension).","","","","","","","",,,,,"",,,,"BackboneElement.modifierExtension",0,*,"ele-1
","ele-1:All FHIR elements must have a @value or children {hasValue() or (children().count() > id.count())}
ext-1:Must have either extensions or value[x], not both {extension.exists() != value.exists()}"
"Observation.component:representative-transcript-ref-seq.code","Observation.component.code","","","",1,1,"","","Y","CodeableConcept {[]} {[]}
","51958-7","Describes what was observed. Sometimes this is called the observation ""code"".","*All* code-value and  component.code-component.value pairs need to be taken into account to correctly understand the meaning of the observation.","Knowing what kind of observation is being made is essential to understanding the observation.","","","","<valueCodeableConcept xmlns=""http://hl7.org/fhir"">
  <coding>
    <system value=""http://loinc.org""/>
    <code value=""51958-7""/>
  </coding>
</valueCodeableConcept>","","","",,"example","Codes identifying names of simple observations.","http://hl7.org/fhir/ValueSet/observation-codes","",,,,"Observation.component.code",1,1,"ele-1
","ele-1:All FHIR elements must have a @value or children {hasValue() or (children().count() > id.count())}
"
"Observation.component:representative-transcript-ref-seq.value[x]","Observation.component.value[x]","","","",1,1,"","","Y","CodeableConcept {[]} {[]}
","Versioned transcript reference sequence identifier","The information determined as a result of making the observation, if the information has a simple value.","Used when observation has a set of component observations. An observation may have both a value (e.g. an  Apgar score)  and component observations (the observations from which the Apgar score was derived). If a value is present, the datatype for this element should be determined by Observation.code. A CodeableConcept with just a text would be used instead of a string if the field was usually coded, or if the type associated with the Observation.code defines a coded value.  For additional guidance, see the [Notes section](http://hl7.org/fhir/R4/observation.html#notes) below.","An observation exists to have a value, though it might not if it is in error, or if it represents a group of observations.","","","","","","","",,"example","Multiple bindings acceptable (NCBI or LRG)","","",,,,"Observation.component.value[x]",0,1,"ele-1
","ele-1:All FHIR elements must have a @value or children {hasValue() or (children().count() > id.count())}
"
"Observation.component:representative-transcript-ref-seq.dataAbsentReason","Observation.component.dataAbsentReason","","","",0,1,"","","","CodeableConcept {[]} {[]}
","Why the component result is missing","Provides a reason why the expected value in the element Observation.component.value[x] is missing.","""Null"" or exceptional values can be represented two ways in FHIR Observations.  One way is to simply include them in the value set and represent the exceptions in the value.  For example, measurement values for a serology test could be  ""detected"", ""not detected"", ""inconclusive"", or  ""test not done"". 

The alternate way is to use the value element for actual observations and use the explicit dataAbsentReason element to record exceptional values.  For example, the dataAbsentReason code ""error"" could be used when the measurement was not completed.  Because of these options, use-case agreements are required to interpret general observations for exceptional values.","For many results it is necessary to handle exceptional values in measurements.","","","","","","","",,"extensible","Codes specifying why the result (`Observation.value[x]`) is missing.","http://hl7.org/fhir/ValueSet/data-absent-reason","",,,,"Observation.component.dataAbsentReason",0,1,"ele-1
obs-6","ele-1:All FHIR elements must have a @value or children {hasValue() or (children().count() > id.count())}
"
"Observation.component:representative-transcript-ref-seq.interpretation","Observation.component.interpretation","","Abnormal Flag
","",0,*,"","","","CodeableConcept {[]} {[]}
","High, low, normal, etc.","A categorical assessment of an observation value.  For example, high, low, normal.","Historically used for laboratory results (known as 'abnormal flag' ),  its use extends to other use cases where coded interpretations  are relevant.  Often reported as one or more simple compact codes this element is often placed adjacent to the result value in reports and flow sheets to signal the meaning/normalcy status of the result.","For some results, particularly numeric results, an interpretation is necessary to fully understand the significance of a result.","","","","","","","",,"extensible","Codes identifying interpretations of observations.","http://hl7.org/fhir/ValueSet/observation-interpretation","",,,,"Observation.component.interpretation",0,*,"ele-1
","ele-1:All FHIR elements must have a @value or children {hasValue() or (children().count() > id.count())}
"
"Observation.component:representative-transcript-ref-seq.referenceRange","Observation.component.referenceRange","","","",0,*,"","","","null {[]} {[]}
","Provides guide for interpretation of component result","Guidance on how to interpret the value by comparison to a normal or recommended range.","Most observations only have one generic reference range. Systems MAY choose to restrict to only supplying the relevant reference range based on knowledge about the patient (e.g., specific to the patient's age, gender, weight and other factors), but this might not be possible or appropriate. Whenever more than one reference range is supplied, the differences between them SHOULD be provided in the reference range and/or age properties.","Knowing what values are considered ""normal"" can help evaluate the significance of a particular result. Need to be able to provide multiple reference ranges for different contexts.","","","","","","","",,,,,"",,,,"Observation.component.referenceRange",0,*,"",""
"Observation.component:exact-start-end","Observation.component","exact-start-end","","",0,1,"Y","","Y","BackboneElement {[]} {[]}
","Exakte Start-End-Position","Die exakten genomischen Koordinaten der Variante - Start und Ende","For a discussion on the ways Observations can be assembled in groups together see [Notes](http://hl7.org/fhir/R4/observation.html#notes) below.","Component observations share the same attributes in the Observation resource as the primary observation and are always treated a part of a single observation (they are not separable).   However, the reference range for the primary observation value is not inherited by the component values and is required when appropriate for each component observation.","","","","","","","",,,,,"",,,,"Observation.component",0,*,"ele-1
","ele-1:All FHIR elements must have a @value or children {hasValue() or (children().count() > id.count())}
"
"Observation.component:exact-start-end.id","Observation.component.id","","","",0,1,"","","","string {[]} {[]}
","Unique id for inter-element referencing","Unique id for the element within a resource (for internal references). This may be any string value that does not contain spaces.","","","","","","","","","",,,,,"",,,,"Element.id",0,1,"",""
"Observation.component:exact-start-end.extension","Observation.component.extension","","extensions
user content","",0,*,"","","","Extension {[]} {[]}
","Additional content defined by implementations","May be used to represent additional information that is not part of the basic definition of the element. To make the use of extensions safe and manageable, there is a strict set of governance  applied to the definition and use of extensions. Though any implementer can define an extension, there is a set of requirements that SHALL be met as part of the definition of the extension.","There can be no stigma associated with the use of extensions by any application, project, or standard - regardless of the institution or jurisdiction that uses or defines the extensions.  The use of extensions is what allows the FHIR specification to retain a core level of simplicity for everyone.","","","","","","","","",,,,,"","value:url}
","Extensions are always sliced by (at least) url",,"open","Element.extension",0,*,"ele-1
","ele-1:All FHIR elements must have a @value or children {hasValue() or (children().count() > id.count())}
ext-1:Must have either extensions or value[x], not both {extension.exists() != value.exists()}"
"Observation.component:exact-start-end.modifierExtension","Observation.component.modifierExtension","","extensions
user contentmodifiers","",0,*,"","Y","Y","Extension {[]} {[]}
","Extensions that cannot be ignored even if unrecognized","May be used to represent additional information that is not part of the basic definition of the element and that modifies the understanding of the element in which it is contained and/or the understanding of the containing element's descendants. Usually modifier elements provide negation or qualification. To make the use of extensions safe and manageable, there is a strict set of governance applied to the definition and use of extensions. Though any implementer can define an extension, there is a set of requirements that SHALL be met as part of the definition of the extension. Applications processing a resource are required to check for modifier extensions.

Modifier extensions SHALL NOT change the meaning of any elements on Resource or DomainResource (including cannot change the meaning of modifierExtension itself).","There can be no stigma associated with the use of extensions by any application, project, or standard - regardless of the institution or jurisdiction that uses or defines the extensions.  The use of extensions is what allows the FHIR specification to retain a core level of simplicity for everyone.","Modifier extensions allow for extensions that *cannot* be safely ignored to be clearly distinguished from the vast majority of extensions which can be safely ignored.  This promotes interoperability by eliminating the need for implementers to prohibit the presence of extensions. For further information, see the [definition of modifier extensions](http://hl7.org/fhir/R4/extensibility.html#modifierExtension).","","","","","","","",,,,,"",,,,"BackboneElement.modifierExtension",0,*,"ele-1
","ele-1:All FHIR elements must have a @value or children {hasValue() or (children().count() > id.count())}
ext-1:Must have either extensions or value[x], not both {extension.exists() != value.exists()}"
"Observation.component:exact-start-end.code","Observation.component.code","","","",1,1,"","","Y","CodeableConcept {[]} {[]}
","81254-5","Describes what was observed. Sometimes this is called the observation ""code"".","*All* code-value and  component.code-component.value pairs need to be taken into account to correctly understand the meaning of the observation.","Knowing what kind of observation is being made is essential to understanding the observation.","","","","<valueCodeableConcept xmlns=""http://hl7.org/fhir"">
  <coding>
    <system value=""http://loinc.org""/>
    <code value=""81254-5""/>
  </coding>
</valueCodeableConcept>","","","",,"example","Codes identifying names of simple observations.","http://hl7.org/fhir/ValueSet/observation-codes","",,,,"Observation.component.code",1,1,"ele-1
","ele-1:All FHIR elements must have a @value or children {hasValue() or (children().count() > id.count())}
"
"Observation.component:exact-start-end.value[x]","Observation.component.value[x]","","","",0,1,"","","Y","Range {[]} {[]}
","Range in question. 'High' can be omitted for single nucleotide variants.","The information determined as a result of making the observation, if the information has a simple value.","Used when observation has a set of component observations. An observation may have both a value (e.g. an  Apgar score)  and component observations (the observations from which the Apgar score was derived). If a value is present, the datatype for this element should be determined by Observation.code. A CodeableConcept with just a text would be used instead of a string if the field was usually coded, or if the type associated with the Observation.code defines a coded value.  For additional guidance, see the [Notes section](http://hl7.org/fhir/R4/observation.html#notes) below.","An observation exists to have a value, though it might not if it is in error, or if it represents a group of observations.","","","","","","","",,,,,"",,,,"Observation.component.value[x]",0,1,"ele-1
","ele-1:All FHIR elements must have a @value or children {hasValue() or (children().count() > id.count())}
"
"Observation.component:exact-start-end.dataAbsentReason","Observation.component.dataAbsentReason","","","",0,1,"","","","CodeableConcept {[]} {[]}
","Why the component result is missing","Provides a reason why the expected value in the element Observation.component.value[x] is missing.","""Null"" or exceptional values can be represented two ways in FHIR Observations.  One way is to simply include them in the value set and represent the exceptions in the value.  For example, measurement values for a serology test could be  ""detected"", ""not detected"", ""inconclusive"", or  ""test not done"". 

The alternate way is to use the value element for actual observations and use the explicit dataAbsentReason element to record exceptional values.  For example, the dataAbsentReason code ""error"" could be used when the measurement was not completed.  Because of these options, use-case agreements are required to interpret general observations for exceptional values.","For many results it is necessary to handle exceptional values in measurements.","","","","","","","",,"extensible","Codes specifying why the result (`Observation.value[x]`) is missing.","http://hl7.org/fhir/ValueSet/data-absent-reason","",,,,"Observation.component.dataAbsentReason",0,1,"ele-1
obs-6","ele-1:All FHIR elements must have a @value or children {hasValue() or (children().count() > id.count())}
"
"Observation.component:exact-start-end.interpretation","Observation.component.interpretation","","Abnormal Flag
","",0,*,"","","","CodeableConcept {[]} {[]}
","High, low, normal, etc.","A categorical assessment of an observation value.  For example, high, low, normal.","Historically used for laboratory results (known as 'abnormal flag' ),  its use extends to other use cases where coded interpretations  are relevant.  Often reported as one or more simple compact codes this element is often placed adjacent to the result value in reports and flow sheets to signal the meaning/normalcy status of the result.","For some results, particularly numeric results, an interpretation is necessary to fully understand the significance of a result.","","","","","","","",,"extensible","Codes identifying interpretations of observations.","http://hl7.org/fhir/ValueSet/observation-interpretation","",,,,"Observation.component.interpretation",0,*,"ele-1
","ele-1:All FHIR elements must have a @value or children {hasValue() or (children().count() > id.count())}
"
"Observation.component:exact-start-end.referenceRange","Observation.component.referenceRange","","","",0,*,"","","","null {[]} {[]}
","Provides guide for interpretation of component result","Guidance on how to interpret the value by comparison to a normal or recommended range.","Most observations only have one generic reference range. Systems MAY choose to restrict to only supplying the relevant reference range based on knowledge about the patient (e.g., specific to the patient's age, gender, weight and other factors), but this might not be possible or appropriate. Whenever more than one reference range is supplied, the differences between them SHOULD be provided in the reference range and/or age properties.","Knowing what values are considered ""normal"" can help evaluate the significance of a particular result. Need to be able to provide multiple reference ranges for different contexts.","","","","","","","",,,,,"",,,,"Observation.component.referenceRange",0,*,"",""
"Observation.component:inner-start-end","Observation.component","inner-start-end","","",0,1,"Y","","Y","BackboneElement {[]} {[]}
","Innere Start-End-Position","Der innere Bereich bei strukturellen Varianten","For a discussion on the ways Observations can be assembled in groups together see [Notes](http://hl7.org/fhir/R4/observation.html#notes) below.","Component observations share the same attributes in the Observation resource as the primary observation and are always treated a part of a single observation (they are not separable).   However, the reference range for the primary observation value is not inherited by the component values and is required when appropriate for each component observation.","","","","","","","",,,,,"",,,,"Observation.component",0,*,"ele-1
","ele-1:All FHIR elements must have a @value or children {hasValue() or (children().count() > id.count())}
"
"Observation.component:inner-start-end.id","Observation.component.id","","","",0,1,"","","","string {[]} {[]}
","Unique id for inter-element referencing","Unique id for the element within a resource (for internal references). This may be any string value that does not contain spaces.","","","","","","","","","",,,,,"",,,,"Element.id",0,1,"",""
"Observation.component:inner-start-end.extension","Observation.component.extension","","extensions
user content","",0,*,"","","","Extension {[]} {[]}
","Additional content defined by implementations","May be used to represent additional information that is not part of the basic definition of the element. To make the use of extensions safe and manageable, there is a strict set of governance  applied to the definition and use of extensions. Though any implementer can define an extension, there is a set of requirements that SHALL be met as part of the definition of the extension.","There can be no stigma associated with the use of extensions by any application, project, or standard - regardless of the institution or jurisdiction that uses or defines the extensions.  The use of extensions is what allows the FHIR specification to retain a core level of simplicity for everyone.","","","","","","","","",,,,,"","value:url}
","Extensions are always sliced by (at least) url",,"open","Element.extension",0,*,"ele-1
","ele-1:All FHIR elements must have a @value or children {hasValue() or (children().count() > id.count())}
ext-1:Must have either extensions or value[x], not both {extension.exists() != value.exists()}"
"Observation.component:inner-start-end.modifierExtension","Observation.component.modifierExtension","","extensions
user contentmodifiers","",0,*,"","Y","Y","Extension {[]} {[]}
","Extensions that cannot be ignored even if unrecognized","May be used to represent additional information that is not part of the basic definition of the element and that modifies the understanding of the element in which it is contained and/or the understanding of the containing element's descendants. Usually modifier elements provide negation or qualification. To make the use of extensions safe and manageable, there is a strict set of governance applied to the definition and use of extensions. Though any implementer can define an extension, there is a set of requirements that SHALL be met as part of the definition of the extension. Applications processing a resource are required to check for modifier extensions.

Modifier extensions SHALL NOT change the meaning of any elements on Resource or DomainResource (including cannot change the meaning of modifierExtension itself).","There can be no stigma associated with the use of extensions by any application, project, or standard - regardless of the institution or jurisdiction that uses or defines the extensions.  The use of extensions is what allows the FHIR specification to retain a core level of simplicity for everyone.","Modifier extensions allow for extensions that *cannot* be safely ignored to be clearly distinguished from the vast majority of extensions which can be safely ignored.  This promotes interoperability by eliminating the need for implementers to prohibit the presence of extensions. For further information, see the [definition of modifier extensions](http://hl7.org/fhir/R4/extensibility.html#modifierExtension).","","","","","","","",,,,,"",,,,"BackboneElement.modifierExtension",0,*,"ele-1
","ele-1:All FHIR elements must have a @value or children {hasValue() or (children().count() > id.count())}
ext-1:Must have either extensions or value[x], not both {extension.exists() != value.exists()}"
"Observation.component:inner-start-end.code","Observation.component.code","","","",1,1,"","","Y","CodeableConcept {[]} {[]}
","81302-2","Describes what was observed. Sometimes this is called the observation ""code"".","*All* code-value and  component.code-component.value pairs need to be taken into account to correctly understand the meaning of the observation.","Knowing what kind of observation is being made is essential to understanding the observation.","","","","<valueCodeableConcept xmlns=""http://hl7.org/fhir"">
  <coding>
    <system value=""http://loinc.org""/>
    <code value=""81302-2""/>
  </coding>
</valueCodeableConcept>","","","",,"example","Codes identifying names of simple observations.","http://hl7.org/fhir/ValueSet/observation-codes","",,,,"Observation.component.code",1,1,"ele-1
","ele-1:All FHIR elements must have a @value or children {hasValue() or (children().count() > id.count())}
"
"Observation.component:inner-start-end.value[x]","Observation.component.value[x]","","","",0,1,"","","Y","Range {[]} {[]}
","Imprecise variant inner-bounding range","The information determined as a result of making the observation, if the information has a simple value.","Used when observation has a set of component observations. An observation may have both a value (e.g. an  Apgar score)  and component observations (the observations from which the Apgar score was derived). If a value is present, the datatype for this element should be determined by Observation.code. A CodeableConcept with just a text would be used instead of a string if the field was usually coded, or if the type associated with the Observation.code defines a coded value.  For additional guidance, see the [Notes section](http://hl7.org/fhir/R4/observation.html#notes) below.","An observation exists to have a value, though it might not if it is in error, or if it represents a group of observations.","","","","","","","",,,,,"",,,,"Observation.component.value[x]",0,1,"ele-1
","ele-1:All FHIR elements must have a @value or children {hasValue() or (children().count() > id.count())}
"
"Observation.component:inner-start-end.dataAbsentReason","Observation.component.dataAbsentReason","","","",0,1,"","","","CodeableConcept {[]} {[]}
","Why the component result is missing","Provides a reason why the expected value in the element Observation.component.value[x] is missing.","""Null"" or exceptional values can be represented two ways in FHIR Observations.  One way is to simply include them in the value set and represent the exceptions in the value.  For example, measurement values for a serology test could be  ""detected"", ""not detected"", ""inconclusive"", or  ""test not done"". 

The alternate way is to use the value element for actual observations and use the explicit dataAbsentReason element to record exceptional values.  For example, the dataAbsentReason code ""error"" could be used when the measurement was not completed.  Because of these options, use-case agreements are required to interpret general observations for exceptional values.","For many results it is necessary to handle exceptional values in measurements.","","","","","","","",,"extensible","Codes specifying why the result (`Observation.value[x]`) is missing.","http://hl7.org/fhir/ValueSet/data-absent-reason","",,,,"Observation.component.dataAbsentReason",0,1,"ele-1
obs-6","ele-1:All FHIR elements must have a @value or children {hasValue() or (children().count() > id.count())}
"
"Observation.component:inner-start-end.interpretation","Observation.component.interpretation","","Abnormal Flag
","",0,*,"","","","CodeableConcept {[]} {[]}
","High, low, normal, etc.","A categorical assessment of an observation value.  For example, high, low, normal.","Historically used for laboratory results (known as 'abnormal flag' ),  its use extends to other use cases where coded interpretations  are relevant.  Often reported as one or more simple compact codes this element is often placed adjacent to the result value in reports and flow sheets to signal the meaning/normalcy status of the result.","For some results, particularly numeric results, an interpretation is necessary to fully understand the significance of a result.","","","","","","","",,"extensible","Codes identifying interpretations of observations.","http://hl7.org/fhir/ValueSet/observation-interpretation","",,,,"Observation.component.interpretation",0,*,"ele-1
","ele-1:All FHIR elements must have a @value or children {hasValue() or (children().count() > id.count())}
"
"Observation.component:inner-start-end.referenceRange","Observation.component.referenceRange","","","",0,*,"","","","null {[]} {[]}
","Provides guide for interpretation of component result","Guidance on how to interpret the value by comparison to a normal or recommended range.","Most observations only have one generic reference range. Systems MAY choose to restrict to only supplying the relevant reference range based on knowledge about the patient (e.g., specific to the patient's age, gender, weight and other factors), but this might not be possible or appropriate. Whenever more than one reference range is supplied, the differences between them SHOULD be provided in the reference range and/or age properties.","Knowing what values are considered ""normal"" can help evaluate the significance of a particular result. Need to be able to provide multiple reference ranges for different contexts.","","","","","","","",,,,,"",,,,"Observation.component.referenceRange",0,*,"",""
"Observation.component:outer-start-end","Observation.component","outer-start-end","","",0,1,"Y","","Y","BackboneElement {[]} {[]}
","Äußere Start-End-Position","Der äußere Bereich bei strukturellen Varianten","For a discussion on the ways Observations can be assembled in groups together see [Notes](http://hl7.org/fhir/R4/observation.html#notes) below.","Component observations share the same attributes in the Observation resource as the primary observation and are always treated a part of a single observation (they are not separable).   However, the reference range for the primary observation value is not inherited by the component values and is required when appropriate for each component observation.","","","","","","","",,,,,"",,,,"Observation.component",0,*,"ele-1
","ele-1:All FHIR elements must have a @value or children {hasValue() or (children().count() > id.count())}
"
"Observation.component:outer-start-end.id","Observation.component.id","","","",0,1,"","","","string {[]} {[]}
","Unique id for inter-element referencing","Unique id for the element within a resource (for internal references). This may be any string value that does not contain spaces.","","","","","","","","","",,,,,"",,,,"Element.id",0,1,"",""
"Observation.component:outer-start-end.extension","Observation.component.extension","","extensions
user content","",0,*,"","","","Extension {[]} {[]}
","Additional content defined by implementations","May be used to represent additional information that is not part of the basic definition of the element. To make the use of extensions safe and manageable, there is a strict set of governance  applied to the definition and use of extensions. Though any implementer can define an extension, there is a set of requirements that SHALL be met as part of the definition of the extension.","There can be no stigma associated with the use of extensions by any application, project, or standard - regardless of the institution or jurisdiction that uses or defines the extensions.  The use of extensions is what allows the FHIR specification to retain a core level of simplicity for everyone.","","","","","","","","",,,,,"","value:url}
","Extensions are always sliced by (at least) url",,"open","Element.extension",0,*,"ele-1
","ele-1:All FHIR elements must have a @value or children {hasValue() or (children().count() > id.count())}
ext-1:Must have either extensions or value[x], not both {extension.exists() != value.exists()}"
"Observation.component:outer-start-end.modifierExtension","Observation.component.modifierExtension","","extensions
user contentmodifiers","",0,*,"","Y","Y","Extension {[]} {[]}
","Extensions that cannot be ignored even if unrecognized","May be used to represent additional information that is not part of the basic definition of the element and that modifies the understanding of the element in which it is contained and/or the understanding of the containing element's descendants. Usually modifier elements provide negation or qualification. To make the use of extensions safe and manageable, there is a strict set of governance applied to the definition and use of extensions. Though any implementer can define an extension, there is a set of requirements that SHALL be met as part of the definition of the extension. Applications processing a resource are required to check for modifier extensions.

Modifier extensions SHALL NOT change the meaning of any elements on Resource or DomainResource (including cannot change the meaning of modifierExtension itself).","There can be no stigma associated with the use of extensions by any application, project, or standard - regardless of the institution or jurisdiction that uses or defines the extensions.  The use of extensions is what allows the FHIR specification to retain a core level of simplicity for everyone.","Modifier extensions allow for extensions that *cannot* be safely ignored to be clearly distinguished from the vast majority of extensions which can be safely ignored.  This promotes interoperability by eliminating the need for implementers to prohibit the presence of extensions. For further information, see the [definition of modifier extensions](http://hl7.org/fhir/R4/extensibility.html#modifierExtension).","","","","","","","",,,,,"",,,,"BackboneElement.modifierExtension",0,*,"ele-1
","ele-1:All FHIR elements must have a @value or children {hasValue() or (children().count() > id.count())}
ext-1:Must have either extensions or value[x], not both {extension.exists() != value.exists()}"
"Observation.component:outer-start-end.code","Observation.component.code","","","",1,1,"","","Y","CodeableConcept {[]} {[]}
","81301-4","Describes what was observed. Sometimes this is called the observation ""code"".","*All* code-value and  component.code-component.value pairs need to be taken into account to correctly understand the meaning of the observation.","Knowing what kind of observation is being made is essential to understanding the observation.","","","","<valueCodeableConcept xmlns=""http://hl7.org/fhir"">
  <coding>
    <system value=""http://loinc.org""/>
    <code value=""81301-4""/>
  </coding>
</valueCodeableConcept>","","","",,"example","Codes identifying names of simple observations.","http://hl7.org/fhir/ValueSet/observation-codes","",,,,"Observation.component.code",1,1,"ele-1
","ele-1:All FHIR elements must have a @value or children {hasValue() or (children().count() > id.count())}
"
"Observation.component:outer-start-end.value[x]","Observation.component.value[x]","","","",0,1,"","","Y","Range {[]} {[]}
","Imprecise variant outer-bounding range","The information determined as a result of making the observation, if the information has a simple value.","Used when observation has a set of component observations. An observation may have both a value (e.g. an  Apgar score)  and component observations (the observations from which the Apgar score was derived). If a value is present, the datatype for this element should be determined by Observation.code. A CodeableConcept with just a text would be used instead of a string if the field was usually coded, or if the type associated with the Observation.code defines a coded value.  For additional guidance, see the [Notes section](http://hl7.org/fhir/R4/observation.html#notes) below.","An observation exists to have a value, though it might not if it is in error, or if it represents a group of observations.","","","","","","","",,,,,"",,,,"Observation.component.value[x]",0,1,"ele-1
","ele-1:All FHIR elements must have a @value or children {hasValue() or (children().count() > id.count())}
"
"Observation.component:outer-start-end.dataAbsentReason","Observation.component.dataAbsentReason","","","",0,1,"","","","CodeableConcept {[]} {[]}
","Why the component result is missing","Provides a reason why the expected value in the element Observation.component.value[x] is missing.","""Null"" or exceptional values can be represented two ways in FHIR Observations.  One way is to simply include them in the value set and represent the exceptions in the value.  For example, measurement values for a serology test could be  ""detected"", ""not detected"", ""inconclusive"", or  ""test not done"". 

The alternate way is to use the value element for actual observations and use the explicit dataAbsentReason element to record exceptional values.  For example, the dataAbsentReason code ""error"" could be used when the measurement was not completed.  Because of these options, use-case agreements are required to interpret general observations for exceptional values.","For many results it is necessary to handle exceptional values in measurements.","","","","","","","",,"extensible","Codes specifying why the result (`Observation.value[x]`) is missing.","http://hl7.org/fhir/ValueSet/data-absent-reason","",,,,"Observation.component.dataAbsentReason",0,1,"ele-1
obs-6","ele-1:All FHIR elements must have a @value or children {hasValue() or (children().count() > id.count())}
"
"Observation.component:outer-start-end.interpretation","Observation.component.interpretation","","Abnormal Flag
","",0,*,"","","","CodeableConcept {[]} {[]}
","High, low, normal, etc.","A categorical assessment of an observation value.  For example, high, low, normal.","Historically used for laboratory results (known as 'abnormal flag' ),  its use extends to other use cases where coded interpretations  are relevant.  Often reported as one or more simple compact codes this element is often placed adjacent to the result value in reports and flow sheets to signal the meaning/normalcy status of the result.","For some results, particularly numeric results, an interpretation is necessary to fully understand the significance of a result.","","","","","","","",,"extensible","Codes identifying interpretations of observations.","http://hl7.org/fhir/ValueSet/observation-interpretation","",,,,"Observation.component.interpretation",0,*,"ele-1
","ele-1:All FHIR elements must have a @value or children {hasValue() or (children().count() > id.count())}
"
"Observation.component:outer-start-end.referenceRange","Observation.component.referenceRange","","","",0,*,"","","","null {[]} {[]}
","Provides guide for interpretation of component result","Guidance on how to interpret the value by comparison to a normal or recommended range.","Most observations only have one generic reference range. Systems MAY choose to restrict to only supplying the relevant reference range based on knowledge about the patient (e.g., specific to the patient's age, gender, weight and other factors), but this might not be possible or appropriate. Whenever more than one reference range is supplied, the differences between them SHOULD be provided in the reference range and/or age properties.","Knowing what values are considered ""normal"" can help evaluate the significance of a particular result. Need to be able to provide multiple reference ranges for different contexts.","","","","","","","",,,,,"",,,,"Observation.component.referenceRange",0,*,"",""
"Observation.component:coordinate-system","Observation.component","coordinate-system","","",0,1,"","","Y","BackboneElement {[]} {[]}
","Coordinate System","These are different ways of identifying nucleotides or amino acids within a sequence. In the 1-based system, the first unit of the polymer (e.g. the first nucleotide) is counted as number 1. In the 0-based system, the number 0 designates the location before the first nucleotide. Different databases and file types may use different systems.","For a discussion on the ways Observations can be assembled in groups together see [Notes](http://hl7.org/fhir/R4/observation.html#notes) below.","Component observations share the same attributes in the Observation resource as the primary observation and are always treated a part of a single observation (they are not separable).   However, the reference range for the primary observation value is not inherited by the component values and is required when appropriate for each component observation.","","","","","","","",,,,,"",,,,"Observation.component",0,*,"ele-1
","ele-1:All FHIR elements must have a @value or children {hasValue() or (children().count() > id.count())}
"
"Observation.component:coordinate-system.id","Observation.component.id","","","",0,1,"","","","string {[]} {[]}
","Unique id for inter-element referencing","Unique id for the element within a resource (for internal references). This may be any string value that does not contain spaces.","","","","","","","","","",,,,,"",,,,"Element.id",0,1,"",""
"Observation.component:coordinate-system.extension","Observation.component.extension","","extensions
user content","",0,*,"","","","Extension {[]} {[]}
","Additional content defined by implementations","May be used to represent additional information that is not part of the basic definition of the element. To make the use of extensions safe and manageable, there is a strict set of governance  applied to the definition and use of extensions. Though any implementer can define an extension, there is a set of requirements that SHALL be met as part of the definition of the extension.","There can be no stigma associated with the use of extensions by any application, project, or standard - regardless of the institution or jurisdiction that uses or defines the extensions.  The use of extensions is what allows the FHIR specification to retain a core level of simplicity for everyone.","","","","","","","","",,,,,"","value:url}
","Extensions are always sliced by (at least) url",,"open","Element.extension",0,*,"ele-1
","ele-1:All FHIR elements must have a @value or children {hasValue() or (children().count() > id.count())}
ext-1:Must have either extensions or value[x], not both {extension.exists() != value.exists()}"
"Observation.component:coordinate-system.modifierExtension","Observation.component.modifierExtension","","extensions
user contentmodifiers","",0,*,"","Y","Y","Extension {[]} {[]}
","Extensions that cannot be ignored even if unrecognized","May be used to represent additional information that is not part of the basic definition of the element and that modifies the understanding of the element in which it is contained and/or the understanding of the containing element's descendants. Usually modifier elements provide negation or qualification. To make the use of extensions safe and manageable, there is a strict set of governance applied to the definition and use of extensions. Though any implementer can define an extension, there is a set of requirements that SHALL be met as part of the definition of the extension. Applications processing a resource are required to check for modifier extensions.

Modifier extensions SHALL NOT change the meaning of any elements on Resource or DomainResource (including cannot change the meaning of modifierExtension itself).","There can be no stigma associated with the use of extensions by any application, project, or standard - regardless of the institution or jurisdiction that uses or defines the extensions.  The use of extensions is what allows the FHIR specification to retain a core level of simplicity for everyone.","Modifier extensions allow for extensions that *cannot* be safely ignored to be clearly distinguished from the vast majority of extensions which can be safely ignored.  This promotes interoperability by eliminating the need for implementers to prohibit the presence of extensions. For further information, see the [definition of modifier extensions](http://hl7.org/fhir/R4/extensibility.html#modifierExtension).","","","","","","","",,,,,"",,,,"BackboneElement.modifierExtension",0,*,"ele-1
","ele-1:All FHIR elements must have a @value or children {hasValue() or (children().count() > id.count())}
ext-1:Must have either extensions or value[x], not both {extension.exists() != value.exists()}"
"Observation.component:coordinate-system.code","Observation.component.code","","","",1,1,"","","Y","CodeableConcept {[]} {[]}
","92822-6","Describes what was observed. Sometimes this is called the observation ""code"".","*All* code-value and  component.code-component.value pairs need to be taken into account to correctly understand the meaning of the observation.","Knowing what kind of observation is being made is essential to understanding the observation.","","","","<valueCodeableConcept xmlns=""http://hl7.org/fhir"">
  <coding>
    <system value=""http://loinc.org""/>
    <code value=""92822-6""/>
  </coding>
</valueCodeableConcept>","","","",,"example","Codes identifying names of simple observations.","http://hl7.org/fhir/ValueSet/observation-codes","",,,,"Observation.component.code",1,1,"ele-1
","ele-1:All FHIR elements must have a @value or children {hasValue() or (children().count() > id.count())}
"
"Observation.component:coordinate-system.value[x]","Observation.component.value[x]","","","",1,1,"","","Y","CodeableConcept {[]} {[]}
","0-based interval counting | 0-based character counting | 1-based character counting","The information determined as a result of making the observation, if the information has a simple value.","Used when observation has a set of component observations. An observation may have both a value (e.g. an  Apgar score)  and component observations (the observations from which the Apgar score was derived). If a value is present, the datatype for this element should be determined by Observation.code. A CodeableConcept with just a text would be used instead of a string if the field was usually coded, or if the type associated with the Observation.code defines a coded value.  For additional guidance, see the [Notes section](http://hl7.org/fhir/R4/observation.html#notes) below.","An observation exists to have a value, though it might not if it is in error, or if it represents a group of observations.","","","","","","","",,"extensible","","http://loinc.org/vs/LL5323-2","",,,,"Observation.component.value[x]",0,1,"ele-1
","ele-1:All FHIR elements must have a @value or children {hasValue() or (children().count() > id.count())}
"
"Observation.component:coordinate-system.dataAbsentReason","Observation.component.dataAbsentReason","","","",0,1,"","","","CodeableConcept {[]} {[]}
","Why the component result is missing","Provides a reason why the expected value in the element Observation.component.value[x] is missing.","""Null"" or exceptional values can be represented two ways in FHIR Observations.  One way is to simply include them in the value set and represent the exceptions in the value.  For example, measurement values for a serology test could be  ""detected"", ""not detected"", ""inconclusive"", or  ""test not done"". 

The alternate way is to use the value element for actual observations and use the explicit dataAbsentReason element to record exceptional values.  For example, the dataAbsentReason code ""error"" could be used when the measurement was not completed.  Because of these options, use-case agreements are required to interpret general observations for exceptional values.","For many results it is necessary to handle exceptional values in measurements.","","","","","","","",,"extensible","Codes specifying why the result (`Observation.value[x]`) is missing.","http://hl7.org/fhir/ValueSet/data-absent-reason","",,,,"Observation.component.dataAbsentReason",0,1,"ele-1
obs-6","ele-1:All FHIR elements must have a @value or children {hasValue() or (children().count() > id.count())}
"
"Observation.component:coordinate-system.interpretation","Observation.component.interpretation","","Abnormal Flag
","",0,*,"","","","CodeableConcept {[]} {[]}
","High, low, normal, etc.","A categorical assessment of an observation value.  For example, high, low, normal.","Historically used for laboratory results (known as 'abnormal flag' ),  its use extends to other use cases where coded interpretations  are relevant.  Often reported as one or more simple compact codes this element is often placed adjacent to the result value in reports and flow sheets to signal the meaning/normalcy status of the result.","For some results, particularly numeric results, an interpretation is necessary to fully understand the significance of a result.","","","","","","","",,"extensible","Codes identifying interpretations of observations.","http://hl7.org/fhir/ValueSet/observation-interpretation","",,,,"Observation.component.interpretation",0,*,"ele-1
","ele-1:All FHIR elements must have a @value or children {hasValue() or (children().count() > id.count())}
"
"Observation.component:coordinate-system.referenceRange","Observation.component.referenceRange","","","",0,*,"","","","null {[]} {[]}
","Provides guide for interpretation of component result","Guidance on how to interpret the value by comparison to a normal or recommended range.","Most observations only have one generic reference range. Systems MAY choose to restrict to only supplying the relevant reference range based on knowledge about the patient (e.g., specific to the patient's age, gender, weight and other factors), but this might not be possible or appropriate. Whenever more than one reference range is supplied, the differences between them SHOULD be provided in the reference range and/or age properties.","Knowing what values are considered ""normal"" can help evaluate the significance of a particular result. Need to be able to provide multiple reference ranges for different contexts.","","","","","","","",,,,,"",,,,"Observation.component.referenceRange",0,*,"",""
"Observation.component:ref-allele","Observation.component","ref-allele","","",0,1,"Y","","Y","BackboneElement {[]} {[]}
","Referenz-Allel","Die Nukleotidsequenz des Referenz-Allels","For a discussion on the ways Observations can be assembled in groups together see [Notes](http://hl7.org/fhir/R4/observation.html#notes) below.","Component observations share the same attributes in the Observation resource as the primary observation and are always treated a part of a single observation (they are not separable).   However, the reference range for the primary observation value is not inherited by the component values and is required when appropriate for each component observation.","","","","","","","",,,,,"",,,,"Observation.component",0,*,"ele-1
","ele-1:All FHIR elements must have a @value or children {hasValue() or (children().count() > id.count())}
"
"Observation.component:ref-allele.id","Observation.component.id","","","",0,1,"","","","string {[]} {[]}
","Unique id for inter-element referencing","Unique id for the element within a resource (for internal references). This may be any string value that does not contain spaces.","","","","","","","","","",,,,,"",,,,"Element.id",0,1,"",""
"Observation.component:ref-allele.extension","Observation.component.extension","","extensions
user content","",0,*,"","","","Extension {[]} {[]}
","Additional content defined by implementations","May be used to represent additional information that is not part of the basic definition of the element. To make the use of extensions safe and manageable, there is a strict set of governance  applied to the definition and use of extensions. Though any implementer can define an extension, there is a set of requirements that SHALL be met as part of the definition of the extension.","There can be no stigma associated with the use of extensions by any application, project, or standard - regardless of the institution or jurisdiction that uses or defines the extensions.  The use of extensions is what allows the FHIR specification to retain a core level of simplicity for everyone.","","","","","","","","",,,,,"","value:url}
","Extensions are always sliced by (at least) url",,"open","Element.extension",0,*,"ele-1
","ele-1:All FHIR elements must have a @value or children {hasValue() or (children().count() > id.count())}
ext-1:Must have either extensions or value[x], not both {extension.exists() != value.exists()}"
"Observation.component:ref-allele.modifierExtension","Observation.component.modifierExtension","","extensions
user contentmodifiers","",0,*,"","Y","Y","Extension {[]} {[]}
","Extensions that cannot be ignored even if unrecognized","May be used to represent additional information that is not part of the basic definition of the element and that modifies the understanding of the element in which it is contained and/or the understanding of the containing element's descendants. Usually modifier elements provide negation or qualification. To make the use of extensions safe and manageable, there is a strict set of governance applied to the definition and use of extensions. Though any implementer can define an extension, there is a set of requirements that SHALL be met as part of the definition of the extension. Applications processing a resource are required to check for modifier extensions.

Modifier extensions SHALL NOT change the meaning of any elements on Resource or DomainResource (including cannot change the meaning of modifierExtension itself).","There can be no stigma associated with the use of extensions by any application, project, or standard - regardless of the institution or jurisdiction that uses or defines the extensions.  The use of extensions is what allows the FHIR specification to retain a core level of simplicity for everyone.","Modifier extensions allow for extensions that *cannot* be safely ignored to be clearly distinguished from the vast majority of extensions which can be safely ignored.  This promotes interoperability by eliminating the need for implementers to prohibit the presence of extensions. For further information, see the [definition of modifier extensions](http://hl7.org/fhir/R4/extensibility.html#modifierExtension).","","","","","","","",,,,,"",,,,"BackboneElement.modifierExtension",0,*,"ele-1
","ele-1:All FHIR elements must have a @value or children {hasValue() or (children().count() > id.count())}
ext-1:Must have either extensions or value[x], not both {extension.exists() != value.exists()}"
"Observation.component:ref-allele.code","Observation.component.code","","","",1,1,"","","Y","CodeableConcept {[]} {[]}
","69547-8","Describes what was observed. Sometimes this is called the observation ""code"".","*All* code-value and  component.code-component.value pairs need to be taken into account to correctly understand the meaning of the observation.","Knowing what kind of observation is being made is essential to understanding the observation.","","","","<valueCodeableConcept xmlns=""http://hl7.org/fhir"">
  <coding>
    <system value=""http://loinc.org""/>
    <code value=""69547-8""/>
  </coding>
</valueCodeableConcept>","","","",,"example","Codes identifying names of simple observations.","http://hl7.org/fhir/ValueSet/observation-codes","",,,,"Observation.component.code",1,1,"ele-1
","ele-1:All FHIR elements must have a @value or children {hasValue() or (children().count() > id.count())}
"
"Observation.component:ref-allele.value[x]","Observation.component.value[x]","","","",0,1,"","","Y","string {[]} {[]}
","Normalized string per the VCF format.","The information determined as a result of making the observation, if the information has a simple value.","Used when observation has a set of component observations. An observation may have both a value (e.g. an  Apgar score)  and component observations (the observations from which the Apgar score was derived). If a value is present, the datatype for this element should be determined by Observation.code. A CodeableConcept with just a text would be used instead of a string if the field was usually coded, or if the type associated with the Observation.code defines a coded value.  For additional guidance, see the [Notes section](http://hl7.org/fhir/R4/observation.html#notes) below.","An observation exists to have a value, though it might not if it is in error, or if it represents a group of observations.","","","","","","","",,,,,"",,,,"Observation.component.value[x]",0,1,"ele-1
","ele-1:All FHIR elements must have a @value or children {hasValue() or (children().count() > id.count())}
"
"Observation.component:ref-allele.dataAbsentReason","Observation.component.dataAbsentReason","","","",0,1,"","","","CodeableConcept {[]} {[]}
","Why the component result is missing","Provides a reason why the expected value in the element Observation.component.value[x] is missing.","""Null"" or exceptional values can be represented two ways in FHIR Observations.  One way is to simply include them in the value set and represent the exceptions in the value.  For example, measurement values for a serology test could be  ""detected"", ""not detected"", ""inconclusive"", or  ""test not done"". 

The alternate way is to use the value element for actual observations and use the explicit dataAbsentReason element to record exceptional values.  For example, the dataAbsentReason code ""error"" could be used when the measurement was not completed.  Because of these options, use-case agreements are required to interpret general observations for exceptional values.","For many results it is necessary to handle exceptional values in measurements.","","","","","","","",,"extensible","Codes specifying why the result (`Observation.value[x]`) is missing.","http://hl7.org/fhir/ValueSet/data-absent-reason","",,,,"Observation.component.dataAbsentReason",0,1,"ele-1
obs-6","ele-1:All FHIR elements must have a @value or children {hasValue() or (children().count() > id.count())}
"
"Observation.component:ref-allele.interpretation","Observation.component.interpretation","","Abnormal Flag
","",0,*,"","","","CodeableConcept {[]} {[]}
","High, low, normal, etc.","A categorical assessment of an observation value.  For example, high, low, normal.","Historically used for laboratory results (known as 'abnormal flag' ),  its use extends to other use cases where coded interpretations  are relevant.  Often reported as one or more simple compact codes this element is often placed adjacent to the result value in reports and flow sheets to signal the meaning/normalcy status of the result.","For some results, particularly numeric results, an interpretation is necessary to fully understand the significance of a result.","","","","","","","",,"extensible","Codes identifying interpretations of observations.","http://hl7.org/fhir/ValueSet/observation-interpretation","",,,,"Observation.component.interpretation",0,*,"ele-1
","ele-1:All FHIR elements must have a @value or children {hasValue() or (children().count() > id.count())}
"
"Observation.component:ref-allele.referenceRange","Observation.component.referenceRange","","","",0,*,"","","","null {[]} {[]}
","Provides guide for interpretation of component result","Guidance on how to interpret the value by comparison to a normal or recommended range.","Most observations only have one generic reference range. Systems MAY choose to restrict to only supplying the relevant reference range based on knowledge about the patient (e.g., specific to the patient's age, gender, weight and other factors), but this might not be possible or appropriate. Whenever more than one reference range is supplied, the differences between them SHOULD be provided in the reference range and/or age properties.","Knowing what values are considered ""normal"" can help evaluate the significance of a particular result. Need to be able to provide multiple reference ranges for different contexts.","","","","","","","",,,,,"",,,,"Observation.component.referenceRange",0,*,"",""
"Observation.component:alt-allele","Observation.component","alt-allele","","",0,1,"Y","","Y","BackboneElement {[]} {[]}
","Alternatives Allel","Die Nukleotidsequenz des alternativen - mutierten - Allels","For a discussion on the ways Observations can be assembled in groups together see [Notes](http://hl7.org/fhir/R4/observation.html#notes) below.","Component observations share the same attributes in the Observation resource as the primary observation and are always treated a part of a single observation (they are not separable).   However, the reference range for the primary observation value is not inherited by the component values and is required when appropriate for each component observation.","","","","","","","",,,,,"",,,,"Observation.component",0,*,"ele-1
","ele-1:All FHIR elements must have a @value or children {hasValue() or (children().count() > id.count())}
"
"Observation.component:alt-allele.id","Observation.component.id","","","",0,1,"","","","string {[]} {[]}
","Unique id for inter-element referencing","Unique id for the element within a resource (for internal references). This may be any string value that does not contain spaces.","","","","","","","","","",,,,,"",,,,"Element.id",0,1,"",""
"Observation.component:alt-allele.extension","Observation.component.extension","","extensions
user content","",0,*,"","","","Extension {[]} {[]}
","Additional content defined by implementations","May be used to represent additional information that is not part of the basic definition of the element. To make the use of extensions safe and manageable, there is a strict set of governance  applied to the definition and use of extensions. Though any implementer can define an extension, there is a set of requirements that SHALL be met as part of the definition of the extension.","There can be no stigma associated with the use of extensions by any application, project, or standard - regardless of the institution or jurisdiction that uses or defines the extensions.  The use of extensions is what allows the FHIR specification to retain a core level of simplicity for everyone.","","","","","","","","",,,,,"","value:url}
","Extensions are always sliced by (at least) url",,"open","Element.extension",0,*,"ele-1
","ele-1:All FHIR elements must have a @value or children {hasValue() or (children().count() > id.count())}
ext-1:Must have either extensions or value[x], not both {extension.exists() != value.exists()}"
"Observation.component:alt-allele.modifierExtension","Observation.component.modifierExtension","","extensions
user contentmodifiers","",0,*,"","Y","Y","Extension {[]} {[]}
","Extensions that cannot be ignored even if unrecognized","May be used to represent additional information that is not part of the basic definition of the element and that modifies the understanding of the element in which it is contained and/or the understanding of the containing element's descendants. Usually modifier elements provide negation or qualification. To make the use of extensions safe and manageable, there is a strict set of governance applied to the definition and use of extensions. Though any implementer can define an extension, there is a set of requirements that SHALL be met as part of the definition of the extension. Applications processing a resource are required to check for modifier extensions.

Modifier extensions SHALL NOT change the meaning of any elements on Resource or DomainResource (including cannot change the meaning of modifierExtension itself).","There can be no stigma associated with the use of extensions by any application, project, or standard - regardless of the institution or jurisdiction that uses or defines the extensions.  The use of extensions is what allows the FHIR specification to retain a core level of simplicity for everyone.","Modifier extensions allow for extensions that *cannot* be safely ignored to be clearly distinguished from the vast majority of extensions which can be safely ignored.  This promotes interoperability by eliminating the need for implementers to prohibit the presence of extensions. For further information, see the [definition of modifier extensions](http://hl7.org/fhir/R4/extensibility.html#modifierExtension).","","","","","","","",,,,,"",,,,"BackboneElement.modifierExtension",0,*,"ele-1
","ele-1:All FHIR elements must have a @value or children {hasValue() or (children().count() > id.count())}
ext-1:Must have either extensions or value[x], not both {extension.exists() != value.exists()}"
"Observation.component:alt-allele.code","Observation.component.code","","","",1,1,"","","Y","CodeableConcept {[]} {[]}
","69551-0","Describes what was observed. Sometimes this is called the observation ""code"".","*All* code-value and  component.code-component.value pairs need to be taken into account to correctly understand the meaning of the observation.","Knowing what kind of observation is being made is essential to understanding the observation.","","","","<valueCodeableConcept xmlns=""http://hl7.org/fhir"">
  <coding>
    <system value=""http://loinc.org""/>
    <code value=""69551-0""/>
  </coding>
</valueCodeableConcept>","","","",,"example","Codes identifying names of simple observations.","http://hl7.org/fhir/ValueSet/observation-codes","",,,,"Observation.component.code",1,1,"ele-1
","ele-1:All FHIR elements must have a @value or children {hasValue() or (children().count() > id.count())}
"
"Observation.component:alt-allele.value[x]","Observation.component.value[x]","","","",0,1,"","","Y","string {[]} {[]}
","Normalized string per the VCF format.","The information determined as a result of making the observation, if the information has a simple value.","Used when observation has a set of component observations. An observation may have both a value (e.g. an  Apgar score)  and component observations (the observations from which the Apgar score was derived). If a value is present, the datatype for this element should be determined by Observation.code. A CodeableConcept with just a text would be used instead of a string if the field was usually coded, or if the type associated with the Observation.code defines a coded value.  For additional guidance, see the [Notes section](http://hl7.org/fhir/R4/observation.html#notes) below.","An observation exists to have a value, though it might not if it is in error, or if it represents a group of observations.","","","","","","","",,,,,"",,,,"Observation.component.value[x]",0,1,"ele-1
","ele-1:All FHIR elements must have a @value or children {hasValue() or (children().count() > id.count())}
"
"Observation.component:alt-allele.dataAbsentReason","Observation.component.dataAbsentReason","","","",0,1,"","","","CodeableConcept {[]} {[]}
","Why the component result is missing","Provides a reason why the expected value in the element Observation.component.value[x] is missing.","""Null"" or exceptional values can be represented two ways in FHIR Observations.  One way is to simply include them in the value set and represent the exceptions in the value.  For example, measurement values for a serology test could be  ""detected"", ""not detected"", ""inconclusive"", or  ""test not done"". 

The alternate way is to use the value element for actual observations and use the explicit dataAbsentReason element to record exceptional values.  For example, the dataAbsentReason code ""error"" could be used when the measurement was not completed.  Because of these options, use-case agreements are required to interpret general observations for exceptional values.","For many results it is necessary to handle exceptional values in measurements.","","","","","","","",,"extensible","Codes specifying why the result (`Observation.value[x]`) is missing.","http://hl7.org/fhir/ValueSet/data-absent-reason","",,,,"Observation.component.dataAbsentReason",0,1,"ele-1
obs-6","ele-1:All FHIR elements must have a @value or children {hasValue() or (children().count() > id.count())}
"
"Observation.component:alt-allele.interpretation","Observation.component.interpretation","","Abnormal Flag
","",0,*,"","","","CodeableConcept {[]} {[]}
","High, low, normal, etc.","A categorical assessment of an observation value.  For example, high, low, normal.","Historically used for laboratory results (known as 'abnormal flag' ),  its use extends to other use cases where coded interpretations  are relevant.  Often reported as one or more simple compact codes this element is often placed adjacent to the result value in reports and flow sheets to signal the meaning/normalcy status of the result.","For some results, particularly numeric results, an interpretation is necessary to fully understand the significance of a result.","","","","","","","",,"extensible","Codes identifying interpretations of observations.","http://hl7.org/fhir/ValueSet/observation-interpretation","",,,,"Observation.component.interpretation",0,*,"ele-1
","ele-1:All FHIR elements must have a @value or children {hasValue() or (children().count() > id.count())}
"
"Observation.component:alt-allele.referenceRange","Observation.component.referenceRange","","","",0,*,"","","","null {[]} {[]}
","Provides guide for interpretation of component result","Guidance on how to interpret the value by comparison to a normal or recommended range.","Most observations only have one generic reference range. Systems MAY choose to restrict to only supplying the relevant reference range based on knowledge about the patient (e.g., specific to the patient's age, gender, weight and other factors), but this might not be possible or appropriate. Whenever more than one reference range is supplied, the differences between them SHOULD be provided in the reference range and/or age properties.","Knowing what values are considered ""normal"" can help evaluate the significance of a particular result. Need to be able to provide multiple reference ranges for different contexts.","","","","","","","",,,,,"",,,,"Observation.component.referenceRange",0,*,"",""
"Observation.component:coding-change-type","Observation.component","coding-change-type","","",0,1,"Y","","Y","BackboneElement {[]} {[]}
","DNA-Änderungstyp","Der Typ der DNA-Änderung wie z.B. Substitution oder Deletion","For a discussion on the ways Observations can be assembled in groups together see [Notes](http://hl7.org/fhir/R4/observation.html#notes) below.","Component observations share the same attributes in the Observation resource as the primary observation and are always treated a part of a single observation (they are not separable).   However, the reference range for the primary observation value is not inherited by the component values and is required when appropriate for each component observation.","","","","","","","",,,,,"",,,,"Observation.component",0,*,"ele-1
","ele-1:All FHIR elements must have a @value or children {hasValue() or (children().count() > id.count())}
"
"Observation.component:coding-change-type.id","Observation.component.id","","","",0,1,"","","","string {[]} {[]}
","Unique id for inter-element referencing","Unique id for the element within a resource (for internal references). This may be any string value that does not contain spaces.","","","","","","","","","",,,,,"",,,,"Element.id",0,1,"",""
"Observation.component:coding-change-type.extension","Observation.component.extension","","extensions
user content","",0,*,"","","","Extension {[]} {[]}
","Additional content defined by implementations","May be used to represent additional information that is not part of the basic definition of the element. To make the use of extensions safe and manageable, there is a strict set of governance  applied to the definition and use of extensions. Though any implementer can define an extension, there is a set of requirements that SHALL be met as part of the definition of the extension.","There can be no stigma associated with the use of extensions by any application, project, or standard - regardless of the institution or jurisdiction that uses or defines the extensions.  The use of extensions is what allows the FHIR specification to retain a core level of simplicity for everyone.","","","","","","","","",,,,,"","value:url}
","Extensions are always sliced by (at least) url",,"open","Element.extension",0,*,"ele-1
","ele-1:All FHIR elements must have a @value or children {hasValue() or (children().count() > id.count())}
ext-1:Must have either extensions or value[x], not both {extension.exists() != value.exists()}"
"Observation.component:coding-change-type.modifierExtension","Observation.component.modifierExtension","","extensions
user contentmodifiers","",0,*,"","Y","Y","Extension {[]} {[]}
","Extensions that cannot be ignored even if unrecognized","May be used to represent additional information that is not part of the basic definition of the element and that modifies the understanding of the element in which it is contained and/or the understanding of the containing element's descendants. Usually modifier elements provide negation or qualification. To make the use of extensions safe and manageable, there is a strict set of governance applied to the definition and use of extensions. Though any implementer can define an extension, there is a set of requirements that SHALL be met as part of the definition of the extension. Applications processing a resource are required to check for modifier extensions.

Modifier extensions SHALL NOT change the meaning of any elements on Resource or DomainResource (including cannot change the meaning of modifierExtension itself).","There can be no stigma associated with the use of extensions by any application, project, or standard - regardless of the institution or jurisdiction that uses or defines the extensions.  The use of extensions is what allows the FHIR specification to retain a core level of simplicity for everyone.","Modifier extensions allow for extensions that *cannot* be safely ignored to be clearly distinguished from the vast majority of extensions which can be safely ignored.  This promotes interoperability by eliminating the need for implementers to prohibit the presence of extensions. For further information, see the [definition of modifier extensions](http://hl7.org/fhir/R4/extensibility.html#modifierExtension).","","","","","","","",,,,,"",,,,"BackboneElement.modifierExtension",0,*,"ele-1
","ele-1:All FHIR elements must have a @value or children {hasValue() or (children().count() > id.count())}
ext-1:Must have either extensions or value[x], not both {extension.exists() != value.exists()}"
"Observation.component:coding-change-type.code","Observation.component.code","","","",1,1,"","","Y","CodeableConcept {[]} {[]}
","48019-4","Describes what was observed. Sometimes this is called the observation ""code"".","*All* code-value and  component.code-component.value pairs need to be taken into account to correctly understand the meaning of the observation.","Knowing what kind of observation is being made is essential to understanding the observation.","","","","<valueCodeableConcept xmlns=""http://hl7.org/fhir"">
  <coding>
    <system value=""http://loinc.org""/>
    <code value=""48019-4""/>
  </coding>
</valueCodeableConcept>","","","",,"example","Codes identifying names of simple observations.","http://hl7.org/fhir/ValueSet/observation-codes","",,,,"Observation.component.code",1,1,"ele-1
","ele-1:All FHIR elements must have a @value or children {hasValue() or (children().count() > id.count())}
"
"Observation.component:coding-change-type.value[x]","Observation.component.value[x]","","","",1,1,"","","Y","CodeableConcept {[]} {[]}
","deletion | insertion | delins | SNV | copy_number_gain | copy_number_loss | ... (many)","The information determined as a result of making the observation, if the information has a simple value.","Used when observation has a set of component observations. An observation may have both a value (e.g. an  Apgar score)  and component observations (the observations from which the Apgar score was derived). If a value is present, the datatype for this element should be determined by Observation.code. A CodeableConcept with just a text would be used instead of a string if the field was usually coded, or if the type associated with the Observation.code defines a coded value.  For additional guidance, see the [Notes section](http://hl7.org/fhir/R4/observation.html#notes) below.","An observation exists to have a value, though it might not if it is in error, or if it represents a group of observations.","","","","","","","",,"extensible","Concepts in sequence ontology under SO:0002072","http://hl7.org/fhir/uv/genomics-reporting/ValueSet/dna-change-type-vs","",,,,"Observation.component.value[x]",0,1,"ele-1
","ele-1:All FHIR elements must have a @value or children {hasValue() or (children().count() > id.count())}
"
"Observation.component:coding-change-type.dataAbsentReason","Observation.component.dataAbsentReason","","","",0,1,"","","","CodeableConcept {[]} {[]}
","Why the component result is missing","Provides a reason why the expected value in the element Observation.component.value[x] is missing.","""Null"" or exceptional values can be represented two ways in FHIR Observations.  One way is to simply include them in the value set and represent the exceptions in the value.  For example, measurement values for a serology test could be  ""detected"", ""not detected"", ""inconclusive"", or  ""test not done"". 

The alternate way is to use the value element for actual observations and use the explicit dataAbsentReason element to record exceptional values.  For example, the dataAbsentReason code ""error"" could be used when the measurement was not completed.  Because of these options, use-case agreements are required to interpret general observations for exceptional values.","For many results it is necessary to handle exceptional values in measurements.","","","","","","","",,"extensible","Codes specifying why the result (`Observation.value[x]`) is missing.","http://hl7.org/fhir/ValueSet/data-absent-reason","",,,,"Observation.component.dataAbsentReason",0,1,"ele-1
obs-6","ele-1:All FHIR elements must have a @value or children {hasValue() or (children().count() > id.count())}
"
"Observation.component:coding-change-type.interpretation","Observation.component.interpretation","","Abnormal Flag
","",0,*,"","","","CodeableConcept {[]} {[]}
","High, low, normal, etc.","A categorical assessment of an observation value.  For example, high, low, normal.","Historically used for laboratory results (known as 'abnormal flag' ),  its use extends to other use cases where coded interpretations  are relevant.  Often reported as one or more simple compact codes this element is often placed adjacent to the result value in reports and flow sheets to signal the meaning/normalcy status of the result.","For some results, particularly numeric results, an interpretation is necessary to fully understand the significance of a result.","","","","","","","",,"extensible","Codes identifying interpretations of observations.","http://hl7.org/fhir/ValueSet/observation-interpretation","",,,,"Observation.component.interpretation",0,*,"ele-1
","ele-1:All FHIR elements must have a @value or children {hasValue() or (children().count() > id.count())}
"
"Observation.component:coding-change-type.referenceRange","Observation.component.referenceRange","","","",0,*,"","","","null {[]} {[]}
","Provides guide for interpretation of component result","Guidance on how to interpret the value by comparison to a normal or recommended range.","Most observations only have one generic reference range. Systems MAY choose to restrict to only supplying the relevant reference range based on knowledge about the patient (e.g., specific to the patient's age, gender, weight and other factors), but this might not be possible or appropriate. Whenever more than one reference range is supplied, the differences between them SHOULD be provided in the reference range and/or age properties.","Knowing what values are considered ""normal"" can help evaluate the significance of a particular result. Need to be able to provide multiple reference ranges for different contexts.","","","","","","","",,,,,"",,,,"Observation.component.referenceRange",0,*,"",""
"Observation.component:genomic-source-class","Observation.component","genomic-source-class","","",0,1,"Y","","Y","BackboneElement {[]} {[]}
","Genomische Herkunftsklasse","Die Herkunft der Variante wie z.B. somatisch oder Keimbahn","For a discussion on the ways Observations can be assembled in groups together see [Notes](http://hl7.org/fhir/R4/observation.html#notes) below.","Component observations share the same attributes in the Observation resource as the primary observation and are always treated a part of a single observation (they are not separable).   However, the reference range for the primary observation value is not inherited by the component values and is required when appropriate for each component observation.","","","","","","","",,,,,"",,,,"Observation.component",0,*,"ele-1
","ele-1:All FHIR elements must have a @value or children {hasValue() or (children().count() > id.count())}
"
"Observation.component:genomic-source-class.id","Observation.component.id","","","",0,1,"","","","string {[]} {[]}
","Unique id for inter-element referencing","Unique id for the element within a resource (for internal references). This may be any string value that does not contain spaces.","","","","","","","","","",,,,,"",,,,"Element.id",0,1,"",""
"Observation.component:genomic-source-class.extension","Observation.component.extension","","extensions
user content","",0,*,"","","","Extension {[]} {[]}
","Additional content defined by implementations","May be used to represent additional information that is not part of the basic definition of the element. To make the use of extensions safe and manageable, there is a strict set of governance  applied to the definition and use of extensions. Though any implementer can define an extension, there is a set of requirements that SHALL be met as part of the definition of the extension.","There can be no stigma associated with the use of extensions by any application, project, or standard - regardless of the institution or jurisdiction that uses or defines the extensions.  The use of extensions is what allows the FHIR specification to retain a core level of simplicity for everyone.","","","","","","","","",,,,,"","value:url}
","Extensions are always sliced by (at least) url",,"open","Element.extension",0,*,"ele-1
","ele-1:All FHIR elements must have a @value or children {hasValue() or (children().count() > id.count())}
ext-1:Must have either extensions or value[x], not both {extension.exists() != value.exists()}"
"Observation.component:genomic-source-class.modifierExtension","Observation.component.modifierExtension","","extensions
user contentmodifiers","",0,*,"","Y","Y","Extension {[]} {[]}
","Extensions that cannot be ignored even if unrecognized","May be used to represent additional information that is not part of the basic definition of the element and that modifies the understanding of the element in which it is contained and/or the understanding of the containing element's descendants. Usually modifier elements provide negation or qualification. To make the use of extensions safe and manageable, there is a strict set of governance applied to the definition and use of extensions. Though any implementer can define an extension, there is a set of requirements that SHALL be met as part of the definition of the extension. Applications processing a resource are required to check for modifier extensions.

Modifier extensions SHALL NOT change the meaning of any elements on Resource or DomainResource (including cannot change the meaning of modifierExtension itself).","There can be no stigma associated with the use of extensions by any application, project, or standard - regardless of the institution or jurisdiction that uses or defines the extensions.  The use of extensions is what allows the FHIR specification to retain a core level of simplicity for everyone.","Modifier extensions allow for extensions that *cannot* be safely ignored to be clearly distinguished from the vast majority of extensions which can be safely ignored.  This promotes interoperability by eliminating the need for implementers to prohibit the presence of extensions. For further information, see the [definition of modifier extensions](http://hl7.org/fhir/R4/extensibility.html#modifierExtension).","","","","","","","",,,,,"",,,,"BackboneElement.modifierExtension",0,*,"ele-1
","ele-1:All FHIR elements must have a @value or children {hasValue() or (children().count() > id.count())}
ext-1:Must have either extensions or value[x], not both {extension.exists() != value.exists()}"
"Observation.component:genomic-source-class.code","Observation.component.code","","","",1,1,"","","Y","CodeableConcept {[]} {[]}
","48002-0","Describes what was observed. Sometimes this is called the observation ""code"".","*All* code-value and  component.code-component.value pairs need to be taken into account to correctly understand the meaning of the observation.","Knowing what kind of observation is being made is essential to understanding the observation.","","","","<valueCodeableConcept xmlns=""http://hl7.org/fhir"">
  <coding>
    <system value=""http://loinc.org""/>
    <code value=""48002-0""/>
  </coding>
</valueCodeableConcept>","","","",,"example","Codes identifying names of simple observations.","http://hl7.org/fhir/ValueSet/observation-codes","",,,,"Observation.component.code",1,1,"ele-1
","ele-1:All FHIR elements must have a @value or children {hasValue() or (children().count() > id.count())}
"
"Observation.component:genomic-source-class.value[x]","Observation.component.value[x]","","","",1,1,"","","Y","CodeableConcept {[]} {[]}
","Germline | Somatic | Fetal | Likely germline | Likely somatic | Likely fetal | Unknown genomic origin | De novo","The information determined as a result of making the observation, if the information has a simple value.","Used when observation has a set of component observations. An observation may have both a value (e.g. an  Apgar score)  and component observations (the observations from which the Apgar score was derived). If a value is present, the datatype for this element should be determined by Observation.code. A CodeableConcept with just a text would be used instead of a string if the field was usually coded, or if the type associated with the Observation.code defines a coded value.  For additional guidance, see the [Notes section](http://hl7.org/fhir/R4/observation.html#notes) below.","An observation exists to have a value, though it might not if it is in error, or if it represents a group of observations.","","","","","","","",,"extensible","","http://loinc.org/vs/LL378-1","",,,,"Observation.component.value[x]",0,1,"ele-1
","ele-1:All FHIR elements must have a @value or children {hasValue() or (children().count() > id.count())}
"
"Observation.component:genomic-source-class.dataAbsentReason","Observation.component.dataAbsentReason","","","",0,1,"","","","CodeableConcept {[]} {[]}
","Why the component result is missing","Provides a reason why the expected value in the element Observation.component.value[x] is missing.","""Null"" or exceptional values can be represented two ways in FHIR Observations.  One way is to simply include them in the value set and represent the exceptions in the value.  For example, measurement values for a serology test could be  ""detected"", ""not detected"", ""inconclusive"", or  ""test not done"". 

The alternate way is to use the value element for actual observations and use the explicit dataAbsentReason element to record exceptional values.  For example, the dataAbsentReason code ""error"" could be used when the measurement was not completed.  Because of these options, use-case agreements are required to interpret general observations for exceptional values.","For many results it is necessary to handle exceptional values in measurements.","","","","","","","",,"extensible","Codes specifying why the result (`Observation.value[x]`) is missing.","http://hl7.org/fhir/ValueSet/data-absent-reason","",,,,"Observation.component.dataAbsentReason",0,1,"ele-1
obs-6","ele-1:All FHIR elements must have a @value or children {hasValue() or (children().count() > id.count())}
"
"Observation.component:genomic-source-class.interpretation","Observation.component.interpretation","","Abnormal Flag
","",0,*,"","","","CodeableConcept {[]} {[]}
","High, low, normal, etc.","A categorical assessment of an observation value.  For example, high, low, normal.","Historically used for laboratory results (known as 'abnormal flag' ),  its use extends to other use cases where coded interpretations  are relevant.  Often reported as one or more simple compact codes this element is often placed adjacent to the result value in reports and flow sheets to signal the meaning/normalcy status of the result.","For some results, particularly numeric results, an interpretation is necessary to fully understand the significance of a result.","","","","","","","",,"extensible","Codes identifying interpretations of observations.","http://hl7.org/fhir/ValueSet/observation-interpretation","",,,,"Observation.component.interpretation",0,*,"ele-1
","ele-1:All FHIR elements must have a @value or children {hasValue() or (children().count() > id.count())}
"
"Observation.component:genomic-source-class.referenceRange","Observation.component.referenceRange","","","",0,*,"","","","null {[]} {[]}
","Provides guide for interpretation of component result","Guidance on how to interpret the value by comparison to a normal or recommended range.","Most observations only have one generic reference range. Systems MAY choose to restrict to only supplying the relevant reference range based on knowledge about the patient (e.g., specific to the patient's age, gender, weight and other factors), but this might not be possible or appropriate. Whenever more than one reference range is supplied, the differences between them SHOULD be provided in the reference range and/or age properties.","Knowing what values are considered ""normal"" can help evaluate the significance of a particular result. Need to be able to provide multiple reference ranges for different contexts.","","","","","","","",,,,,"",,,,"Observation.component.referenceRange",0,*,"",""
"Observation.component:sample-allelic-frequency","Observation.component","sample-allelic-frequency","","",0,1,"Y","","Y","BackboneElement {[]} {[]}
","Allelfrequenz in der Probe","Die Häufigkeit des varianten Allels in der untersuchten Probe","For a discussion on the ways Observations can be assembled in groups together see [Notes](http://hl7.org/fhir/R4/observation.html#notes) below.","Component observations share the same attributes in the Observation resource as the primary observation and are always treated a part of a single observation (they are not separable).   However, the reference range for the primary observation value is not inherited by the component values and is required when appropriate for each component observation.","","","","","","","",,,,,"",,,,"Observation.component",0,*,"ele-1
","ele-1:All FHIR elements must have a @value or children {hasValue() or (children().count() > id.count())}
"
"Observation.component:sample-allelic-frequency.id","Observation.component.id","","","",0,1,"","","","string {[]} {[]}
","Unique id for inter-element referencing","Unique id for the element within a resource (for internal references). This may be any string value that does not contain spaces.","","","","","","","","","",,,,,"",,,,"Element.id",0,1,"",""
"Observation.component:sample-allelic-frequency.extension","Observation.component.extension","","extensions
user content","",0,*,"","","","Extension {[]} {[]}
","Additional content defined by implementations","May be used to represent additional information that is not part of the basic definition of the element. To make the use of extensions safe and manageable, there is a strict set of governance  applied to the definition and use of extensions. Though any implementer can define an extension, there is a set of requirements that SHALL be met as part of the definition of the extension.","There can be no stigma associated with the use of extensions by any application, project, or standard - regardless of the institution or jurisdiction that uses or defines the extensions.  The use of extensions is what allows the FHIR specification to retain a core level of simplicity for everyone.","","","","","","","","",,,,,"","value:url}
","Extensions are always sliced by (at least) url",,"open","Element.extension",0,*,"ele-1
","ele-1:All FHIR elements must have a @value or children {hasValue() or (children().count() > id.count())}
ext-1:Must have either extensions or value[x], not both {extension.exists() != value.exists()}"
"Observation.component:sample-allelic-frequency.modifierExtension","Observation.component.modifierExtension","","extensions
user contentmodifiers","",0,*,"","Y","Y","Extension {[]} {[]}
","Extensions that cannot be ignored even if unrecognized","May be used to represent additional information that is not part of the basic definition of the element and that modifies the understanding of the element in which it is contained and/or the understanding of the containing element's descendants. Usually modifier elements provide negation or qualification. To make the use of extensions safe and manageable, there is a strict set of governance applied to the definition and use of extensions. Though any implementer can define an extension, there is a set of requirements that SHALL be met as part of the definition of the extension. Applications processing a resource are required to check for modifier extensions.

Modifier extensions SHALL NOT change the meaning of any elements on Resource or DomainResource (including cannot change the meaning of modifierExtension itself).","There can be no stigma associated with the use of extensions by any application, project, or standard - regardless of the institution or jurisdiction that uses or defines the extensions.  The use of extensions is what allows the FHIR specification to retain a core level of simplicity for everyone.","Modifier extensions allow for extensions that *cannot* be safely ignored to be clearly distinguished from the vast majority of extensions which can be safely ignored.  This promotes interoperability by eliminating the need for implementers to prohibit the presence of extensions. For further information, see the [definition of modifier extensions](http://hl7.org/fhir/R4/extensibility.html#modifierExtension).","","","","","","","",,,,,"",,,,"BackboneElement.modifierExtension",0,*,"ele-1
","ele-1:All FHIR elements must have a @value or children {hasValue() or (children().count() > id.count())}
ext-1:Must have either extensions or value[x], not both {extension.exists() != value.exists()}"
"Observation.component:sample-allelic-frequency.code","Observation.component.code","","","",1,1,"","","Y","CodeableConcept {[]} {[]}
","81258-6","Describes what was observed. Sometimes this is called the observation ""code"".","*All* code-value and  component.code-component.value pairs need to be taken into account to correctly understand the meaning of the observation.","Knowing what kind of observation is being made is essential to understanding the observation.","","","","<valueCodeableConcept xmlns=""http://hl7.org/fhir"">
  <coding>
    <system value=""http://loinc.org""/>
    <code value=""81258-6""/>
  </coding>
</valueCodeableConcept>","","","",,"example","Codes identifying names of simple observations.","http://hl7.org/fhir/ValueSet/observation-codes","",,,,"Observation.component.code",1,1,"ele-1
","ele-1:All FHIR elements must have a @value or children {hasValue() or (children().count() > id.count())}
"
"Observation.component:sample-allelic-frequency.value[x]","Observation.component.value[x]","","","",0,1,"","","Y","Quantity {[]} {[]}
","Relative frequency in the sample","The information determined as a result of making the observation, if the information has a simple value.","Used when observation has a set of component observations. An observation may have both a value (e.g. an  Apgar score)  and component observations (the observations from which the Apgar score was derived). If a value is present, the datatype for this element should be determined by Observation.code. A CodeableConcept with just a text would be used instead of a string if the field was usually coded, or if the type associated with the Observation.code defines a coded value.  For additional guidance, see the [Notes section](http://hl7.org/fhir/R4/observation.html#notes) below.","An observation exists to have a value, though it might not if it is in error, or if it represents a group of observations.","","","","","","","",,,,,"",,,,"Observation.component.value[x]",0,1,"ele-1
","ele-1:All FHIR elements must have a @value or children {hasValue() or (children().count() > id.count())}
"
"Observation.component:sample-allelic-frequency.value[x].id","Observation.component.value[x].id","","","",0,1,"","","","string {[]} {[]}
","Unique id for inter-element referencing","Unique id for the element within a resource (for internal references). This may be any string value that does not contain spaces.","","","","","","","","","",,,,,"",,,,"Element.id",0,1,"",""
"Observation.component:sample-allelic-frequency.value[x].extension","Observation.component.value[x].extension","","extensions
user content","",0,*,"","","","Extension {[]} {[]}
","Additional content defined by implementations","May be used to represent additional information that is not part of the basic definition of the element. To make the use of extensions safe and manageable, there is a strict set of governance  applied to the definition and use of extensions. Though any implementer can define an extension, there is a set of requirements that SHALL be met as part of the definition of the extension.","There can be no stigma associated with the use of extensions by any application, project, or standard - regardless of the institution or jurisdiction that uses or defines the extensions.  The use of extensions is what allows the FHIR specification to retain a core level of simplicity for everyone.","","","","","","","","",,,,,"","value:url}
","Extensions are always sliced by (at least) url",,"open","Element.extension",0,*,"ele-1
","ele-1:All FHIR elements must have a @value or children {hasValue() or (children().count() > id.count())}
ext-1:Must have either extensions or value[x], not both {extension.exists() != value.exists()}"
"Observation.component:sample-allelic-frequency.value[x].value","Observation.component.value[x].value","","","",0,1,"","","Y","decimal {[]} {[]}
","Numerical value (with implicit precision)","The value of the measured amount. The value includes an implicit precision in the presentation of the value.","The implicit precision in the value should always be honored. Monetary values have their own rules for handling precision (refer to standard accounting text books).","Precision is handled implicitly in almost all cases of measurement.","","","","","","","",,,,,"",,,,"Quantity.value",0,1,"ele-1
","ele-1:All FHIR elements must have a @value or children {hasValue() or (children().count() > id.count())}
"
"Observation.component:sample-allelic-frequency.value[x].comparator","Observation.component.value[x].comparator","","","",0,1,"","Y","Y","code {[]} {[]}
","< | <= | >= | > - how to understand the value","How the value should be understood and represented - whether the actual value is greater or less than the stated value due to measurement issues; e.g. if the comparator is ""<"" , then the real value is < stated value.","Note that FHIR strings SHALL NOT exceed 1MB in size","Need a framework for handling measures where the value is <5ug/L or >400mg/L due to the limitations of measuring methodology.","","If there is no comparator, then there is no modification of the value","","","","","",,"required","How the Quantity should be understood and represented.","http://hl7.org/fhir/ValueSet/quantity-comparator|4.0.1","",,,,"Quantity.comparator",0,1,"ele-1
","ele-1:All FHIR elements must have a @value or children {hasValue() or (children().count() > id.count())}
"
"Observation.component:sample-allelic-frequency.value[x].unit","Observation.component.value[x].unit","","","",0,1,"","","Y","string {[]} {[]}
","Unit representation","A human-readable form of the unit.","Note that FHIR strings SHALL NOT exceed 1MB in size","There are many representations for units of measure and in many contexts, particular representations are fixed and required. I.e. mcg for micrograms.","","","","","","","",,,,,"",,,,"Quantity.unit",0,1,"ele-1
","ele-1:All FHIR elements must have a @value or children {hasValue() or (children().count() > id.count())}
"
"Observation.component:sample-allelic-frequency.value[x].system","Observation.component.value[x].system","","","",0,1,"","","Y","uri {[]} {[]}
","System that defines coded unit form","The identification of the system that provides the coded form of the unit.","see http://en.wikipedia.org/wiki/Uniform_resource_identifier","Need to know the system that defines the coded form of the unit.","","","","<valueUri xmlns=""http://hl7.org/fhir"" value=""http://unitsofmeasure.org""/>","","","",,,,,"",,,,"Quantity.system",0,1,"ele-1
qty-3","ele-1:All FHIR elements must have a @value or children {hasValue() or (children().count() > id.count())}
"
"Observation.component:sample-allelic-frequency.value[x].code","Observation.component.value[x].code","","","",0,1,"","","Y","code {[]} {[]}
","Coded form of the unit","A computer processable form of the unit in some unit representation system.","The preferred system is UCUM, but SNOMED CT can also be used (for customary units) or ISO 4217 for currency.  The context of use may additionally require a code from a particular system.","Need a computable form of the unit that is fixed across all forms. UCUM provides this for quantities, but SNOMED CT provides many units of interest.","","","","","","","",,,,,"",,,,"Quantity.code",0,1,"ele-1
","ele-1:All FHIR elements must have a @value or children {hasValue() or (children().count() > id.count())}
"
"Observation.component:sample-allelic-frequency.dataAbsentReason","Observation.component.dataAbsentReason","","","",0,1,"","","","CodeableConcept {[]} {[]}
","Why the component result is missing","Provides a reason why the expected value in the element Observation.component.value[x] is missing.","""Null"" or exceptional values can be represented two ways in FHIR Observations.  One way is to simply include them in the value set and represent the exceptions in the value.  For example, measurement values for a serology test could be  ""detected"", ""not detected"", ""inconclusive"", or  ""test not done"". 

The alternate way is to use the value element for actual observations and use the explicit dataAbsentReason element to record exceptional values.  For example, the dataAbsentReason code ""error"" could be used when the measurement was not completed.  Because of these options, use-case agreements are required to interpret general observations for exceptional values.","For many results it is necessary to handle exceptional values in measurements.","","","","","","","",,"extensible","Codes specifying why the result (`Observation.value[x]`) is missing.","http://hl7.org/fhir/ValueSet/data-absent-reason","",,,,"Observation.component.dataAbsentReason",0,1,"ele-1
obs-6","ele-1:All FHIR elements must have a @value or children {hasValue() or (children().count() > id.count())}
"
"Observation.component:sample-allelic-frequency.interpretation","Observation.component.interpretation","","Abnormal Flag
","",0,*,"","","","CodeableConcept {[]} {[]}
","High, low, normal, etc.","A categorical assessment of an observation value.  For example, high, low, normal.","Historically used for laboratory results (known as 'abnormal flag' ),  its use extends to other use cases where coded interpretations  are relevant.  Often reported as one or more simple compact codes this element is often placed adjacent to the result value in reports and flow sheets to signal the meaning/normalcy status of the result.","For some results, particularly numeric results, an interpretation is necessary to fully understand the significance of a result.","","","","","","","",,"extensible","Codes identifying interpretations of observations.","http://hl7.org/fhir/ValueSet/observation-interpretation","",,,,"Observation.component.interpretation",0,*,"ele-1
","ele-1:All FHIR elements must have a @value or children {hasValue() or (children().count() > id.count())}
"
"Observation.component:sample-allelic-frequency.referenceRange","Observation.component.referenceRange","","","",0,*,"","","","null {[]} {[]}
","Provides guide for interpretation of component result","Guidance on how to interpret the value by comparison to a normal or recommended range.","Most observations only have one generic reference range. Systems MAY choose to restrict to only supplying the relevant reference range based on knowledge about the patient (e.g., specific to the patient's age, gender, weight and other factors), but this might not be possible or appropriate. Whenever more than one reference range is supplied, the differences between them SHOULD be provided in the reference range and/or age properties.","Knowing what values are considered ""normal"" can help evaluate the significance of a particular result. Need to be able to provide multiple reference ranges for different contexts.","","","","","","","",,,,,"",,,,"Observation.component.referenceRange",0,*,"",""
"Observation.component:allelic-read-depth","Observation.component","allelic-read-depth","","",0,1,"Y","","Y","BackboneElement {[]} {[]}
","Allelische Lesetiefe","Die Anzahl der Reads die das Allel unterstützen","See [here](sequencing.html#variant-assessment) for usage guidance.","Component observations share the same attributes in the Observation resource as the primary observation and are always treated a part of a single observation (they are not separable).   However, the reference range for the primary observation value is not inherited by the component values and is required when appropriate for each component observation.","","","","","","","",,,,,"",,,,"Observation.component",0,*,"ele-1
","ele-1:All FHIR elements must have a @value or children {hasValue() or (children().count() > id.count())}
"
"Observation.component:allelic-read-depth.id","Observation.component.id","","","",0,1,"","","","string {[]} {[]}
","Unique id for inter-element referencing","Unique id for the element within a resource (for internal references). This may be any string value that does not contain spaces.","","","","","","","","","",,,,,"",,,,"Element.id",0,1,"",""
"Observation.component:allelic-read-depth.extension","Observation.component.extension","","extensions
user content","",0,*,"","","","Extension {[]} {[]}
","Additional content defined by implementations","May be used to represent additional information that is not part of the basic definition of the element. To make the use of extensions safe and manageable, there is a strict set of governance  applied to the definition and use of extensions. Though any implementer can define an extension, there is a set of requirements that SHALL be met as part of the definition of the extension.","There can be no stigma associated with the use of extensions by any application, project, or standard - regardless of the institution or jurisdiction that uses or defines the extensions.  The use of extensions is what allows the FHIR specification to retain a core level of simplicity for everyone.","","","","","","","","",,,,,"","value:url}
","Extensions are always sliced by (at least) url",,"open","Element.extension",0,*,"ele-1
","ele-1:All FHIR elements must have a @value or children {hasValue() or (children().count() > id.count())}
ext-1:Must have either extensions or value[x], not both {extension.exists() != value.exists()}"
"Observation.component:allelic-read-depth.modifierExtension","Observation.component.modifierExtension","","extensions
user contentmodifiers","",0,*,"","Y","Y","Extension {[]} {[]}
","Extensions that cannot be ignored even if unrecognized","May be used to represent additional information that is not part of the basic definition of the element and that modifies the understanding of the element in which it is contained and/or the understanding of the containing element's descendants. Usually modifier elements provide negation or qualification. To make the use of extensions safe and manageable, there is a strict set of governance applied to the definition and use of extensions. Though any implementer can define an extension, there is a set of requirements that SHALL be met as part of the definition of the extension. Applications processing a resource are required to check for modifier extensions.

Modifier extensions SHALL NOT change the meaning of any elements on Resource or DomainResource (including cannot change the meaning of modifierExtension itself).","There can be no stigma associated with the use of extensions by any application, project, or standard - regardless of the institution or jurisdiction that uses or defines the extensions.  The use of extensions is what allows the FHIR specification to retain a core level of simplicity for everyone.","Modifier extensions allow for extensions that *cannot* be safely ignored to be clearly distinguished from the vast majority of extensions which can be safely ignored.  This promotes interoperability by eliminating the need for implementers to prohibit the presence of extensions. For further information, see the [definition of modifier extensions](http://hl7.org/fhir/R4/extensibility.html#modifierExtension).","","","","","","","",,,,,"",,,,"BackboneElement.modifierExtension",0,*,"ele-1
","ele-1:All FHIR elements must have a @value or children {hasValue() or (children().count() > id.count())}
ext-1:Must have either extensions or value[x], not both {extension.exists() != value.exists()}"
"Observation.component:allelic-read-depth.code","Observation.component.code","","","",1,1,"","","Y","CodeableConcept {[]} {[]}
","82121-5","Describes what was observed. Sometimes this is called the observation ""code"".","*All* code-value and  component.code-component.value pairs need to be taken into account to correctly understand the meaning of the observation.","Knowing what kind of observation is being made is essential to understanding the observation.","","","","<valueCodeableConcept xmlns=""http://hl7.org/fhir"">
  <coding>
    <system value=""http://loinc.org""/>
    <code value=""82121-5""/>
  </coding>
</valueCodeableConcept>","","","",,"example","Codes identifying names of simple observations.","http://hl7.org/fhir/ValueSet/observation-codes","",,,,"Observation.component.code",1,1,"ele-1
","ele-1:All FHIR elements must have a @value or children {hasValue() or (children().count() > id.count())}
"
"Observation.component:allelic-read-depth.value[x]","Observation.component.value[x]","","","",0,1,"","","Y","Quantity {[]} {[]}
","Unfiltered count of supporting reads","The information determined as a result of making the observation, if the information has a simple value.","Used when observation has a set of component observations. An observation may have both a value (e.g. an  Apgar score)  and component observations (the observations from which the Apgar score was derived). If a value is present, the datatype for this element should be determined by Observation.code. A CodeableConcept with just a text would be used instead of a string if the field was usually coded, or if the type associated with the Observation.code defines a coded value.  For additional guidance, see the [Notes section](http://hl7.org/fhir/R4/observation.html#notes) below.","An observation exists to have a value, though it might not if it is in error, or if it represents a group of observations.","","","","","","","",,,,,"",,,,"Observation.component.value[x]",0,1,"ele-1
","ele-1:All FHIR elements must have a @value or children {hasValue() or (children().count() > id.count())}
"
"Observation.component:allelic-read-depth.dataAbsentReason","Observation.component.dataAbsentReason","","","",0,1,"","","","CodeableConcept {[]} {[]}
","Why the component result is missing","Provides a reason why the expected value in the element Observation.component.value[x] is missing.","""Null"" or exceptional values can be represented two ways in FHIR Observations.  One way is to simply include them in the value set and represent the exceptions in the value.  For example, measurement values for a serology test could be  ""detected"", ""not detected"", ""inconclusive"", or  ""test not done"". 

The alternate way is to use the value element for actual observations and use the explicit dataAbsentReason element to record exceptional values.  For example, the dataAbsentReason code ""error"" could be used when the measurement was not completed.  Because of these options, use-case agreements are required to interpret general observations for exceptional values.","For many results it is necessary to handle exceptional values in measurements.","","","","","","","",,"extensible","Codes specifying why the result (`Observation.value[x]`) is missing.","http://hl7.org/fhir/ValueSet/data-absent-reason","",,,,"Observation.component.dataAbsentReason",0,1,"ele-1
obs-6","ele-1:All FHIR elements must have a @value or children {hasValue() or (children().count() > id.count())}
"
"Observation.component:allelic-read-depth.interpretation","Observation.component.interpretation","","Abnormal Flag
","",0,*,"","","","CodeableConcept {[]} {[]}
","High, low, normal, etc.","A categorical assessment of an observation value.  For example, high, low, normal.","Historically used for laboratory results (known as 'abnormal flag' ),  its use extends to other use cases where coded interpretations  are relevant.  Often reported as one or more simple compact codes this element is often placed adjacent to the result value in reports and flow sheets to signal the meaning/normalcy status of the result.","For some results, particularly numeric results, an interpretation is necessary to fully understand the significance of a result.","","","","","","","",,"extensible","Codes identifying interpretations of observations.","http://hl7.org/fhir/ValueSet/observation-interpretation","",,,,"Observation.component.interpretation",0,*,"ele-1
","ele-1:All FHIR elements must have a @value or children {hasValue() or (children().count() > id.count())}
"
"Observation.component:allelic-read-depth.referenceRange","Observation.component.referenceRange","","","",0,*,"","","","null {[]} {[]}
","Provides guide for interpretation of component result","Guidance on how to interpret the value by comparison to a normal or recommended range.","Most observations only have one generic reference range. Systems MAY choose to restrict to only supplying the relevant reference range based on knowledge about the patient (e.g., specific to the patient's age, gender, weight and other factors), but this might not be possible or appropriate. Whenever more than one reference range is supplied, the differences between them SHOULD be provided in the reference range and/or age properties.","Knowing what values are considered ""normal"" can help evaluate the significance of a particular result. Need to be able to provide multiple reference ranges for different contexts.","","","","","","","",,,,,"",,,,"Observation.component.referenceRange",0,*,"",""
"Observation.component:allelic-state","Observation.component","allelic-state","","",0,1,"Y","","Y","BackboneElement {[]} {[]}
","Allelstatus","Der Allelstatus wie z.B. heterozygot oder homozygot","For a discussion on the ways Observations can be assembled in groups together see [Notes](http://hl7.org/fhir/R4/observation.html#notes) below.","Component observations share the same attributes in the Observation resource as the primary observation and are always treated a part of a single observation (they are not separable).   However, the reference range for the primary observation value is not inherited by the component values and is required when appropriate for each component observation.","","","","","","","",,,,,"",,,,"Observation.component",0,*,"ele-1
","ele-1:All FHIR elements must have a @value or children {hasValue() or (children().count() > id.count())}
"
"Observation.component:allelic-state.id","Observation.component.id","","","",0,1,"","","","string {[]} {[]}
","Unique id for inter-element referencing","Unique id for the element within a resource (for internal references). This may be any string value that does not contain spaces.","","","","","","","","","",,,,,"",,,,"Element.id",0,1,"",""
"Observation.component:allelic-state.extension","Observation.component.extension","","extensions
user content","",0,*,"","","","Extension {[]} {[]}
","Additional content defined by implementations","May be used to represent additional information that is not part of the basic definition of the element. To make the use of extensions safe and manageable, there is a strict set of governance  applied to the definition and use of extensions. Though any implementer can define an extension, there is a set of requirements that SHALL be met as part of the definition of the extension.","There can be no stigma associated with the use of extensions by any application, project, or standard - regardless of the institution or jurisdiction that uses or defines the extensions.  The use of extensions is what allows the FHIR specification to retain a core level of simplicity for everyone.","","","","","","","","",,,,,"","value:url}
","Extensions are always sliced by (at least) url",,"open","Element.extension",0,*,"ele-1
","ele-1:All FHIR elements must have a @value or children {hasValue() or (children().count() > id.count())}
ext-1:Must have either extensions or value[x], not both {extension.exists() != value.exists()}"
"Observation.component:allelic-state.modifierExtension","Observation.component.modifierExtension","","extensions
user contentmodifiers","",0,*,"","Y","Y","Extension {[]} {[]}
","Extensions that cannot be ignored even if unrecognized","May be used to represent additional information that is not part of the basic definition of the element and that modifies the understanding of the element in which it is contained and/or the understanding of the containing element's descendants. Usually modifier elements provide negation or qualification. To make the use of extensions safe and manageable, there is a strict set of governance applied to the definition and use of extensions. Though any implementer can define an extension, there is a set of requirements that SHALL be met as part of the definition of the extension. Applications processing a resource are required to check for modifier extensions.

Modifier extensions SHALL NOT change the meaning of any elements on Resource or DomainResource (including cannot change the meaning of modifierExtension itself).","There can be no stigma associated with the use of extensions by any application, project, or standard - regardless of the institution or jurisdiction that uses or defines the extensions.  The use of extensions is what allows the FHIR specification to retain a core level of simplicity for everyone.","Modifier extensions allow for extensions that *cannot* be safely ignored to be clearly distinguished from the vast majority of extensions which can be safely ignored.  This promotes interoperability by eliminating the need for implementers to prohibit the presence of extensions. For further information, see the [definition of modifier extensions](http://hl7.org/fhir/R4/extensibility.html#modifierExtension).","","","","","","","",,,,,"",,,,"BackboneElement.modifierExtension",0,*,"ele-1
","ele-1:All FHIR elements must have a @value or children {hasValue() or (children().count() > id.count())}
ext-1:Must have either extensions or value[x], not both {extension.exists() != value.exists()}"
"Observation.component:allelic-state.code","Observation.component.code","","","",1,1,"","","Y","CodeableConcept {[]} {[]}
","53034-5","Describes what was observed. Sometimes this is called the observation ""code"".","*All* code-value and  component.code-component.value pairs need to be taken into account to correctly understand the meaning of the observation.","Knowing what kind of observation is being made is essential to understanding the observation.","","","","<valueCodeableConcept xmlns=""http://hl7.org/fhir"">
  <coding>
    <system value=""http://loinc.org""/>
    <code value=""53034-5""/>
  </coding>
</valueCodeableConcept>","","","",,"example","Codes identifying names of simple observations.","http://hl7.org/fhir/ValueSet/observation-codes","",,,,"Observation.component.code",1,1,"ele-1
","ele-1:All FHIR elements must have a @value or children {hasValue() or (children().count() > id.count())}
"
"Observation.component:allelic-state.value[x]","Observation.component.value[x]","","","",1,1,"","","Y","CodeableConcept {[]} {[]}
","Heteroplasmic | Homoplasmic | Homozygous | Heterozygous | Hemizygous","The information determined as a result of making the observation, if the information has a simple value.","Used when observation has a set of component observations. An observation may have both a value (e.g. an  Apgar score)  and component observations (the observations from which the Apgar score was derived). If a value is present, the datatype for this element should be determined by Observation.code. A CodeableConcept with just a text would be used instead of a string if the field was usually coded, or if the type associated with the Observation.code defines a coded value.  For additional guidance, see the [Notes section](http://hl7.org/fhir/R4/observation.html#notes) below.","An observation exists to have a value, though it might not if it is in error, or if it represents a group of observations.","","","","","","","",,"extensible","","http://loinc.org/vs/LL381-5","",,,,"Observation.component.value[x]",0,1,"ele-1
","ele-1:All FHIR elements must have a @value or children {hasValue() or (children().count() > id.count())}
"
"Observation.component:allelic-state.dataAbsentReason","Observation.component.dataAbsentReason","","","",0,1,"","","","CodeableConcept {[]} {[]}
","Why the component result is missing","Provides a reason why the expected value in the element Observation.component.value[x] is missing.","""Null"" or exceptional values can be represented two ways in FHIR Observations.  One way is to simply include them in the value set and represent the exceptions in the value.  For example, measurement values for a serology test could be  ""detected"", ""not detected"", ""inconclusive"", or  ""test not done"". 

The alternate way is to use the value element for actual observations and use the explicit dataAbsentReason element to record exceptional values.  For example, the dataAbsentReason code ""error"" could be used when the measurement was not completed.  Because of these options, use-case agreements are required to interpret general observations for exceptional values.","For many results it is necessary to handle exceptional values in measurements.","","","","","","","",,"extensible","Codes specifying why the result (`Observation.value[x]`) is missing.","http://hl7.org/fhir/ValueSet/data-absent-reason","",,,,"Observation.component.dataAbsentReason",0,1,"ele-1
obs-6","ele-1:All FHIR elements must have a @value or children {hasValue() or (children().count() > id.count())}
"
"Observation.component:allelic-state.interpretation","Observation.component.interpretation","","Abnormal Flag
","",0,*,"","","","CodeableConcept {[]} {[]}
","High, low, normal, etc.","A categorical assessment of an observation value.  For example, high, low, normal.","Historically used for laboratory results (known as 'abnormal flag' ),  its use extends to other use cases where coded interpretations  are relevant.  Often reported as one or more simple compact codes this element is often placed adjacent to the result value in reports and flow sheets to signal the meaning/normalcy status of the result.","For some results, particularly numeric results, an interpretation is necessary to fully understand the significance of a result.","","","","","","","",,"extensible","Codes identifying interpretations of observations.","http://hl7.org/fhir/ValueSet/observation-interpretation","",,,,"Observation.component.interpretation",0,*,"ele-1
","ele-1:All FHIR elements must have a @value or children {hasValue() or (children().count() > id.count())}
"
"Observation.component:allelic-state.referenceRange","Observation.component.referenceRange","","","",0,*,"","","","null {[]} {[]}
","Provides guide for interpretation of component result","Guidance on how to interpret the value by comparison to a normal or recommended range.","Most observations only have one generic reference range. Systems MAY choose to restrict to only supplying the relevant reference range based on knowledge about the patient (e.g., specific to the patient's age, gender, weight and other factors), but this might not be possible or appropriate. Whenever more than one reference range is supplied, the differences between them SHOULD be provided in the reference range and/or age properties.","Knowing what values are considered ""normal"" can help evaluate the significance of a particular result. Need to be able to provide multiple reference ranges for different contexts.","","","","","","","",,,,,"",,,,"Observation.component.referenceRange",0,*,"",""
"Observation.component:variant-inheritance","Observation.component","variant-inheritance","","",0,1,"Y","","Y","BackboneElement {[]} {[]}
","Varianten-Vererbung","Die Vererbungsart der Variante wie z.B. maternal oder paternal","For a discussion on the ways Observations can be assembled in groups together see [Notes](http://hl7.org/fhir/R4/observation.html#notes) below.","Component observations share the same attributes in the Observation resource as the primary observation and are always treated a part of a single observation (they are not separable).   However, the reference range for the primary observation value is not inherited by the component values and is required when appropriate for each component observation.","","","","","","","",,,,,"",,,,"Observation.component",0,*,"ele-1
","ele-1:All FHIR elements must have a @value or children {hasValue() or (children().count() > id.count())}
"
"Observation.component:variant-inheritance.id","Observation.component.id","","","",0,1,"","","","string {[]} {[]}
","Unique id for inter-element referencing","Unique id for the element within a resource (for internal references). This may be any string value that does not contain spaces.","","","","","","","","","",,,,,"",,,,"Element.id",0,1,"",""
"Observation.component:variant-inheritance.extension","Observation.component.extension","","extensions
user content","",0,*,"","","","Extension {[]} {[]}
","Additional content defined by implementations","May be used to represent additional information that is not part of the basic definition of the element. To make the use of extensions safe and manageable, there is a strict set of governance  applied to the definition and use of extensions. Though any implementer can define an extension, there is a set of requirements that SHALL be met as part of the definition of the extension.","There can be no stigma associated with the use of extensions by any application, project, or standard - regardless of the institution or jurisdiction that uses or defines the extensions.  The use of extensions is what allows the FHIR specification to retain a core level of simplicity for everyone.","","","","","","","","",,,,,"","value:url}
","Extensions are always sliced by (at least) url",,"open","Element.extension",0,*,"ele-1
","ele-1:All FHIR elements must have a @value or children {hasValue() or (children().count() > id.count())}
ext-1:Must have either extensions or value[x], not both {extension.exists() != value.exists()}"
"Observation.component:variant-inheritance.modifierExtension","Observation.component.modifierExtension","","extensions
user contentmodifiers","",0,*,"","Y","Y","Extension {[]} {[]}
","Extensions that cannot be ignored even if unrecognized","May be used to represent additional information that is not part of the basic definition of the element and that modifies the understanding of the element in which it is contained and/or the understanding of the containing element's descendants. Usually modifier elements provide negation or qualification. To make the use of extensions safe and manageable, there is a strict set of governance applied to the definition and use of extensions. Though any implementer can define an extension, there is a set of requirements that SHALL be met as part of the definition of the extension. Applications processing a resource are required to check for modifier extensions.

Modifier extensions SHALL NOT change the meaning of any elements on Resource or DomainResource (including cannot change the meaning of modifierExtension itself).","There can be no stigma associated with the use of extensions by any application, project, or standard - regardless of the institution or jurisdiction that uses or defines the extensions.  The use of extensions is what allows the FHIR specification to retain a core level of simplicity for everyone.","Modifier extensions allow for extensions that *cannot* be safely ignored to be clearly distinguished from the vast majority of extensions which can be safely ignored.  This promotes interoperability by eliminating the need for implementers to prohibit the presence of extensions. For further information, see the [definition of modifier extensions](http://hl7.org/fhir/R4/extensibility.html#modifierExtension).","","","","","","","",,,,,"",,,,"BackboneElement.modifierExtension",0,*,"ele-1
","ele-1:All FHIR elements must have a @value or children {hasValue() or (children().count() > id.count())}
ext-1:Must have either extensions or value[x], not both {extension.exists() != value.exists()}"
"Observation.component:variant-inheritance.code","Observation.component.code","","","",1,1,"","","Y","CodeableConcept {[]} {[]}
","94186-4","Describes what was observed. Sometimes this is called the observation ""code"".","*All* code-value and  component.code-component.value pairs need to be taken into account to correctly understand the meaning of the observation.","Knowing what kind of observation is being made is essential to understanding the observation.","","","","<valueCodeableConcept xmlns=""http://hl7.org/fhir"">
  <coding>
    <system value=""http://loinc.org""/>
    <code value=""94186-4""/>
  </coding>
</valueCodeableConcept>","","","",,"example","Codes identifying names of simple observations.","http://hl7.org/fhir/ValueSet/observation-codes","",,,,"Observation.component.code",1,1,"ele-1
","ele-1:All FHIR elements must have a @value or children {hasValue() or (children().count() > id.count())}
"
"Observation.component:variant-inheritance.value[x]","Observation.component.value[x]","","","",1,1,"","","Y","CodeableConcept {[]} {[]}
","Maternal | Paternal | Unknown","The information determined as a result of making the observation, if the information has a simple value.","Used when observation has a set of component observations. An observation may have both a value (e.g. an  Apgar score)  and component observations (the observations from which the Apgar score was derived). If a value is present, the datatype for this element should be determined by Observation.code. A CodeableConcept with just a text would be used instead of a string if the field was usually coded, or if the type associated with the Observation.code defines a coded value.  For additional guidance, see the [Notes section](http://hl7.org/fhir/R4/observation.html#notes) below.","An observation exists to have a value, though it might not if it is in error, or if it represents a group of observations.","","","","","","","",,"extensible","","http://loinc.org/vs/LL5489-1","",,,,"Observation.component.value[x]",0,1,"ele-1
","ele-1:All FHIR elements must have a @value or children {hasValue() or (children().count() > id.count())}
"
"Observation.component:variant-inheritance.dataAbsentReason","Observation.component.dataAbsentReason","","","",0,1,"","","","CodeableConcept {[]} {[]}
","Why the component result is missing","Provides a reason why the expected value in the element Observation.component.value[x] is missing.","""Null"" or exceptional values can be represented two ways in FHIR Observations.  One way is to simply include them in the value set and represent the exceptions in the value.  For example, measurement values for a serology test could be  ""detected"", ""not detected"", ""inconclusive"", or  ""test not done"". 

The alternate way is to use the value element for actual observations and use the explicit dataAbsentReason element to record exceptional values.  For example, the dataAbsentReason code ""error"" could be used when the measurement was not completed.  Because of these options, use-case agreements are required to interpret general observations for exceptional values.","For many results it is necessary to handle exceptional values in measurements.","","","","","","","",,"extensible","Codes specifying why the result (`Observation.value[x]`) is missing.","http://hl7.org/fhir/ValueSet/data-absent-reason","",,,,"Observation.component.dataAbsentReason",0,1,"ele-1
obs-6","ele-1:All FHIR elements must have a @value or children {hasValue() or (children().count() > id.count())}
"
"Observation.component:variant-inheritance.interpretation","Observation.component.interpretation","","Abnormal Flag
","",0,*,"","","","CodeableConcept {[]} {[]}
","High, low, normal, etc.","A categorical assessment of an observation value.  For example, high, low, normal.","Historically used for laboratory results (known as 'abnormal flag' ),  its use extends to other use cases where coded interpretations  are relevant.  Often reported as one or more simple compact codes this element is often placed adjacent to the result value in reports and flow sheets to signal the meaning/normalcy status of the result.","For some results, particularly numeric results, an interpretation is necessary to fully understand the significance of a result.","","","","","","","",,"extensible","Codes identifying interpretations of observations.","http://hl7.org/fhir/ValueSet/observation-interpretation","",,,,"Observation.component.interpretation",0,*,"ele-1
","ele-1:All FHIR elements must have a @value or children {hasValue() or (children().count() > id.count())}
"
"Observation.component:variant-inheritance.referenceRange","Observation.component.referenceRange","","","",0,*,"","","","null {[]} {[]}
","Provides guide for interpretation of component result","Guidance on how to interpret the value by comparison to a normal or recommended range.","Most observations only have one generic reference range. Systems MAY choose to restrict to only supplying the relevant reference range based on knowledge about the patient (e.g., specific to the patient's age, gender, weight and other factors), but this might not be possible or appropriate. Whenever more than one reference range is supplied, the differences between them SHOULD be provided in the reference range and/or age properties.","Knowing what values are considered ""normal"" can help evaluate the significance of a particular result. Need to be able to provide multiple reference ranges for different contexts.","","","","","","","",,,,,"",,,,"Observation.component.referenceRange",0,*,"",""
"Observation.component:variant-inheritance-basis","Observation.component","variant-inheritance-basis","","",0,1,"","","Y","BackboneElement {[]} {[]}
","Evidential basis for variant inheritance","The method by which the variant inheritance is determined.","For a discussion on the ways Observations can be assembled in groups together see [Notes](http://hl7.org/fhir/R4/observation.html#notes) below.","Component observations share the same attributes in the Observation resource as the primary observation and are always treated a part of a single observation (they are not separable).   However, the reference range for the primary observation value is not inherited by the component values and is required when appropriate for each component observation.","","","","","","","",,,,,"",,,,"Observation.component",0,*,"ele-1
","ele-1:All FHIR elements must have a @value or children {hasValue() or (children().count() > id.count())}
"
"Observation.component:variant-inheritance-basis.id","Observation.component.id","","","",0,1,"","","","string {[]} {[]}
","Unique id for inter-element referencing","Unique id for the element within a resource (for internal references). This may be any string value that does not contain spaces.","","","","","","","","","",,,,,"",,,,"Element.id",0,1,"",""
"Observation.component:variant-inheritance-basis.extension","Observation.component.extension","","extensions
user content","",0,*,"","","","Extension {[]} {[]}
","Additional content defined by implementations","May be used to represent additional information that is not part of the basic definition of the element. To make the use of extensions safe and manageable, there is a strict set of governance  applied to the definition and use of extensions. Though any implementer can define an extension, there is a set of requirements that SHALL be met as part of the definition of the extension.","There can be no stigma associated with the use of extensions by any application, project, or standard - regardless of the institution or jurisdiction that uses or defines the extensions.  The use of extensions is what allows the FHIR specification to retain a core level of simplicity for everyone.","","","","","","","","",,,,,"","value:url}
","Extensions are always sliced by (at least) url",,"open","Element.extension",0,*,"ele-1
","ele-1:All FHIR elements must have a @value or children {hasValue() or (children().count() > id.count())}
ext-1:Must have either extensions or value[x], not both {extension.exists() != value.exists()}"
"Observation.component:variant-inheritance-basis.modifierExtension","Observation.component.modifierExtension","","extensions
user contentmodifiers","",0,*,"","Y","Y","Extension {[]} {[]}
","Extensions that cannot be ignored even if unrecognized","May be used to represent additional information that is not part of the basic definition of the element and that modifies the understanding of the element in which it is contained and/or the understanding of the containing element's descendants. Usually modifier elements provide negation or qualification. To make the use of extensions safe and manageable, there is a strict set of governance applied to the definition and use of extensions. Though any implementer can define an extension, there is a set of requirements that SHALL be met as part of the definition of the extension. Applications processing a resource are required to check for modifier extensions.

Modifier extensions SHALL NOT change the meaning of any elements on Resource or DomainResource (including cannot change the meaning of modifierExtension itself).","There can be no stigma associated with the use of extensions by any application, project, or standard - regardless of the institution or jurisdiction that uses or defines the extensions.  The use of extensions is what allows the FHIR specification to retain a core level of simplicity for everyone.","Modifier extensions allow for extensions that *cannot* be safely ignored to be clearly distinguished from the vast majority of extensions which can be safely ignored.  This promotes interoperability by eliminating the need for implementers to prohibit the presence of extensions. For further information, see the [definition of modifier extensions](http://hl7.org/fhir/R4/extensibility.html#modifierExtension).","","","","","","","",,,,,"",,,,"BackboneElement.modifierExtension",0,*,"ele-1
","ele-1:All FHIR elements must have a @value or children {hasValue() or (children().count() > id.count())}
ext-1:Must have either extensions or value[x], not both {extension.exists() != value.exists()}"
"Observation.component:variant-inheritance-basis.code","Observation.component.code","","","",1,1,"","","Y","CodeableConcept {[]} {[]}
","Basis for allelic phase","Describes what was observed. Sometimes this is called the observation ""code"".","*All* code-value and  component.code-component.value pairs need to be taken into account to correctly understand the meaning of the observation.","Knowing what kind of observation is being made is essential to understanding the observation.","","","","<valueCodeableConcept xmlns=""http://hl7.org/fhir"">
  <coding>
    <system value=""http://loinc.org""/>
    <code value=""82309-6""/>
  </coding>
</valueCodeableConcept>","","","",,"example","Codes identifying names of simple observations.","http://hl7.org/fhir/ValueSet/observation-codes","",,,,"Observation.component.code",1,1,"ele-1
","ele-1:All FHIR elements must have a @value or children {hasValue() or (children().count() > id.count())}
"
"Observation.component:variant-inheritance-basis.value[x]","Observation.component.value[x]","","","",1,1,"","","Y","CodeableConcept {[]} {[]}
","Directly measured | Family DNA | Family history | Inferred from population data","The information determined as a result of making the observation, if the information has a simple value.","Used when observation has a set of component observations. An observation may have both a value (e.g. an  Apgar score)  and component observations (the observations from which the Apgar score was derived). If a value is present, the datatype for this element should be determined by Observation.code. A CodeableConcept with just a text would be used instead of a string if the field was usually coded, or if the type associated with the Observation.code defines a coded value.  For additional guidance, see the [Notes section](http://hl7.org/fhir/R4/observation.html#notes) below.","An observation exists to have a value, though it might not if it is in error, or if it represents a group of observations.","","","","","","","",,"extensible","","http://loinc.org/vs/LL4050-2","",,,,"Observation.component.value[x]",0,1,"ele-1
","ele-1:All FHIR elements must have a @value or children {hasValue() or (children().count() > id.count())}
"
"Observation.component:variant-inheritance-basis.dataAbsentReason","Observation.component.dataAbsentReason","","","",0,1,"","","","CodeableConcept {[]} {[]}
","Why the component result is missing","Provides a reason why the expected value in the element Observation.component.value[x] is missing.","""Null"" or exceptional values can be represented two ways in FHIR Observations.  One way is to simply include them in the value set and represent the exceptions in the value.  For example, measurement values for a serology test could be  ""detected"", ""not detected"", ""inconclusive"", or  ""test not done"". 

The alternate way is to use the value element for actual observations and use the explicit dataAbsentReason element to record exceptional values.  For example, the dataAbsentReason code ""error"" could be used when the measurement was not completed.  Because of these options, use-case agreements are required to interpret general observations for exceptional values.","For many results it is necessary to handle exceptional values in measurements.","","","","","","","",,"extensible","Codes specifying why the result (`Observation.value[x]`) is missing.","http://hl7.org/fhir/ValueSet/data-absent-reason","",,,,"Observation.component.dataAbsentReason",0,1,"ele-1
obs-6","ele-1:All FHIR elements must have a @value or children {hasValue() or (children().count() > id.count())}
"
"Observation.component:variant-inheritance-basis.interpretation","Observation.component.interpretation","","Abnormal Flag
","",0,*,"","","","CodeableConcept {[]} {[]}
","High, low, normal, etc.","A categorical assessment of an observation value.  For example, high, low, normal.","Historically used for laboratory results (known as 'abnormal flag' ),  its use extends to other use cases where coded interpretations  are relevant.  Often reported as one or more simple compact codes this element is often placed adjacent to the result value in reports and flow sheets to signal the meaning/normalcy status of the result.","For some results, particularly numeric results, an interpretation is necessary to fully understand the significance of a result.","","","","","","","",,"extensible","Codes identifying interpretations of observations.","http://hl7.org/fhir/ValueSet/observation-interpretation","",,,,"Observation.component.interpretation",0,*,"ele-1
","ele-1:All FHIR elements must have a @value or children {hasValue() or (children().count() > id.count())}
"
"Observation.component:variant-inheritance-basis.referenceRange","Observation.component.referenceRange","","","",0,*,"","","","null {[]} {[]}
","Provides guide for interpretation of component result","Guidance on how to interpret the value by comparison to a normal or recommended range.","Most observations only have one generic reference range. Systems MAY choose to restrict to only supplying the relevant reference range based on knowledge about the patient (e.g., specific to the patient's age, gender, weight and other factors), but this might not be possible or appropriate. Whenever more than one reference range is supplied, the differences between them SHOULD be provided in the reference range and/or age properties.","Knowing what values are considered ""normal"" can help evaluate the significance of a particular result. Need to be able to provide multiple reference ranges for different contexts.","","","","","","","",,,,,"",,,,"Observation.component.referenceRange",0,*,"",""
"Observation.component:variation-code","Observation.component","variation-code","","",0,*,"Y","","Y","BackboneElement {[]} {[]}
","Varianten-Code","Eindeutiger Identifikator der Variante aus externen Datenbanken wie z.B. ClinVar oder dbSNP","For a discussion on the ways Observations can be assembled in groups together see [Notes](http://hl7.org/fhir/R4/observation.html#notes) below.","Component observations share the same attributes in the Observation resource as the primary observation and are always treated a part of a single observation (they are not separable).   However, the reference range for the primary observation value is not inherited by the component values and is required when appropriate for each component observation.","","","","","","","",,,,,"",,,,"Observation.component",0,*,"ele-1
","ele-1:All FHIR elements must have a @value or children {hasValue() or (children().count() > id.count())}
"
"Observation.component:variation-code.id","Observation.component.id","","","",0,1,"","","","string {[]} {[]}
","Unique id for inter-element referencing","Unique id for the element within a resource (for internal references). This may be any string value that does not contain spaces.","","","","","","","","","",,,,,"",,,,"Element.id",0,1,"",""
"Observation.component:variation-code.extension","Observation.component.extension","","extensions
user content","",0,*,"","","","Extension {[]} {[]}
","Additional content defined by implementations","May be used to represent additional information that is not part of the basic definition of the element. To make the use of extensions safe and manageable, there is a strict set of governance  applied to the definition and use of extensions. Though any implementer can define an extension, there is a set of requirements that SHALL be met as part of the definition of the extension.","There can be no stigma associated with the use of extensions by any application, project, or standard - regardless of the institution or jurisdiction that uses or defines the extensions.  The use of extensions is what allows the FHIR specification to retain a core level of simplicity for everyone.","","","","","","","","",,,,,"","value:url}
","Extensions are always sliced by (at least) url",,"open","Element.extension",0,*,"ele-1
","ele-1:All FHIR elements must have a @value or children {hasValue() or (children().count() > id.count())}
ext-1:Must have either extensions or value[x], not both {extension.exists() != value.exists()}"
"Observation.component:variation-code.modifierExtension","Observation.component.modifierExtension","","extensions
user contentmodifiers","",0,*,"","Y","Y","Extension {[]} {[]}
","Extensions that cannot be ignored even if unrecognized","May be used to represent additional information that is not part of the basic definition of the element and that modifies the understanding of the element in which it is contained and/or the understanding of the containing element's descendants. Usually modifier elements provide negation or qualification. To make the use of extensions safe and manageable, there is a strict set of governance applied to the definition and use of extensions. Though any implementer can define an extension, there is a set of requirements that SHALL be met as part of the definition of the extension. Applications processing a resource are required to check for modifier extensions.

Modifier extensions SHALL NOT change the meaning of any elements on Resource or DomainResource (including cannot change the meaning of modifierExtension itself).","There can be no stigma associated with the use of extensions by any application, project, or standard - regardless of the institution or jurisdiction that uses or defines the extensions.  The use of extensions is what allows the FHIR specification to retain a core level of simplicity for everyone.","Modifier extensions allow for extensions that *cannot* be safely ignored to be clearly distinguished from the vast majority of extensions which can be safely ignored.  This promotes interoperability by eliminating the need for implementers to prohibit the presence of extensions. For further information, see the [definition of modifier extensions](http://hl7.org/fhir/R4/extensibility.html#modifierExtension).","","","","","","","",,,,,"",,,,"BackboneElement.modifierExtension",0,*,"ele-1
","ele-1:All FHIR elements must have a @value or children {hasValue() or (children().count() > id.count())}
ext-1:Must have either extensions or value[x], not both {extension.exists() != value.exists()}"
"Observation.component:variation-code.code","Observation.component.code","","","",1,1,"","","Y","CodeableConcept {[]} {[]}
","81252-9","Describes what was observed. Sometimes this is called the observation ""code"".","*All* code-value and  component.code-component.value pairs need to be taken into account to correctly understand the meaning of the observation.","Knowing what kind of observation is being made is essential to understanding the observation.","","","","<valueCodeableConcept xmlns=""http://hl7.org/fhir"">
  <coding>
    <system value=""http://loinc.org""/>
    <code value=""81252-9""/>
  </coding>
</valueCodeableConcept>","","","",,"example","Codes identifying names of simple observations.","http://hl7.org/fhir/ValueSet/observation-codes","",,,,"Observation.component.code",1,1,"ele-1
","ele-1:All FHIR elements must have a @value or children {hasValue() or (children().count() > id.count())}
"
"Observation.component:variation-code.value[x]","Observation.component.value[x]","","","",1,1,"","","Y","CodeableConcept {[]} {[]}
","ClinVar ID or similar","The information determined as a result of making the observation, if the information has a simple value.","Used when observation has a set of component observations. An observation may have both a value (e.g. an  Apgar score)  and component observations (the observations from which the Apgar score was derived). If a value is present, the datatype for this element should be determined by Observation.code. A CodeableConcept with just a text would be used instead of a string if the field was usually coded, or if the type associated with the Observation.code defines a coded value.  For additional guidance, see the [Notes section](http://hl7.org/fhir/R4/observation.html#notes) below.","An observation exists to have a value, though it might not if it is in error, or if it represents a group of observations.","","","","","","","",,"example","Multiple bindings acceptable","","",,,,"Observation.component.value[x]",0,1,"ele-1
","ele-1:All FHIR elements must have a @value or children {hasValue() or (children().count() > id.count())}
"
"Observation.component:variation-code.dataAbsentReason","Observation.component.dataAbsentReason","","","",0,1,"","","","CodeableConcept {[]} {[]}
","Why the component result is missing","Provides a reason why the expected value in the element Observation.component.value[x] is missing.","""Null"" or exceptional values can be represented two ways in FHIR Observations.  One way is to simply include them in the value set and represent the exceptions in the value.  For example, measurement values for a serology test could be  ""detected"", ""not detected"", ""inconclusive"", or  ""test not done"". 

The alternate way is to use the value element for actual observations and use the explicit dataAbsentReason element to record exceptional values.  For example, the dataAbsentReason code ""error"" could be used when the measurement was not completed.  Because of these options, use-case agreements are required to interpret general observations for exceptional values.","For many results it is necessary to handle exceptional values in measurements.","","","","","","","",,"extensible","Codes specifying why the result (`Observation.value[x]`) is missing.","http://hl7.org/fhir/ValueSet/data-absent-reason","",,,,"Observation.component.dataAbsentReason",0,1,"ele-1
obs-6","ele-1:All FHIR elements must have a @value or children {hasValue() or (children().count() > id.count())}
"
"Observation.component:variation-code.interpretation","Observation.component.interpretation","","Abnormal Flag
","",0,*,"","","","CodeableConcept {[]} {[]}
","High, low, normal, etc.","A categorical assessment of an observation value.  For example, high, low, normal.","Historically used for laboratory results (known as 'abnormal flag' ),  its use extends to other use cases where coded interpretations  are relevant.  Often reported as one or more simple compact codes this element is often placed adjacent to the result value in reports and flow sheets to signal the meaning/normalcy status of the result.","For some results, particularly numeric results, an interpretation is necessary to fully understand the significance of a result.","","","","","","","",,"extensible","Codes identifying interpretations of observations.","http://hl7.org/fhir/ValueSet/observation-interpretation","",,,,"Observation.component.interpretation",0,*,"ele-1
","ele-1:All FHIR elements must have a @value or children {hasValue() or (children().count() > id.count())}
"
"Observation.component:variation-code.referenceRange","Observation.component.referenceRange","","","",0,*,"","","","null {[]} {[]}
","Provides guide for interpretation of component result","Guidance on how to interpret the value by comparison to a normal or recommended range.","Most observations only have one generic reference range. Systems MAY choose to restrict to only supplying the relevant reference range based on knowledge about the patient (e.g., specific to the patient's age, gender, weight and other factors), but this might not be possible or appropriate. Whenever more than one reference range is supplied, the differences between them SHOULD be provided in the reference range and/or age properties.","Knowing what values are considered ""normal"" can help evaluate the significance of a particular result. Need to be able to provide multiple reference ranges for different contexts.","","","","","","","",,,,,"",,,,"Observation.component.referenceRange",0,*,"",""
"Observation.component:representative-protein-hgvs","Observation.component","representative-protein-hgvs","","",0,1,"Y","","Y","BackboneElement {[]} {[]}
","Aminosäure-Änderung p.HGVS","Die Aminosäure-Änderung in HGVS-Nomenklatur auf Proteinebene","For a discussion on the ways Observations can be assembled in groups together see [Notes](http://hl7.org/fhir/R4/observation.html#notes) below.","Component observations share the same attributes in the Observation resource as the primary observation and are always treated a part of a single observation (they are not separable).   However, the reference range for the primary observation value is not inherited by the component values and is required when appropriate for each component observation.","","","","","","","",,,,,"",,,,"Observation.component",0,*,"ele-1
","ele-1:All FHIR elements must have a @value or children {hasValue() or (children().count() > id.count())}
"
"Observation.component:representative-protein-hgvs.id","Observation.component.id","","","",0,1,"","","","string {[]} {[]}
","Unique id for inter-element referencing","Unique id for the element within a resource (for internal references). This may be any string value that does not contain spaces.","","","","","","","","","",,,,,"",,,,"Element.id",0,1,"",""
"Observation.component:representative-protein-hgvs.extension","Observation.component.extension","","extensions
user content","",0,*,"","","","Extension {[]} {[]}
","Additional content defined by implementations","May be used to represent additional information that is not part of the basic definition of the element. To make the use of extensions safe and manageable, there is a strict set of governance  applied to the definition and use of extensions. Though any implementer can define an extension, there is a set of requirements that SHALL be met as part of the definition of the extension.","There can be no stigma associated with the use of extensions by any application, project, or standard - regardless of the institution or jurisdiction that uses or defines the extensions.  The use of extensions is what allows the FHIR specification to retain a core level of simplicity for everyone.","","","","","","","","",,,,,"","value:url}
","Extensions are always sliced by (at least) url",,"open","Element.extension",0,*,"ele-1
","ele-1:All FHIR elements must have a @value or children {hasValue() or (children().count() > id.count())}
ext-1:Must have either extensions or value[x], not both {extension.exists() != value.exists()}"
"Observation.component:representative-protein-hgvs.modifierExtension","Observation.component.modifierExtension","","extensions
user contentmodifiers","",0,*,"","Y","Y","Extension {[]} {[]}
","Extensions that cannot be ignored even if unrecognized","May be used to represent additional information that is not part of the basic definition of the element and that modifies the understanding of the element in which it is contained and/or the understanding of the containing element's descendants. Usually modifier elements provide negation or qualification. To make the use of extensions safe and manageable, there is a strict set of governance applied to the definition and use of extensions. Though any implementer can define an extension, there is a set of requirements that SHALL be met as part of the definition of the extension. Applications processing a resource are required to check for modifier extensions.

Modifier extensions SHALL NOT change the meaning of any elements on Resource or DomainResource (including cannot change the meaning of modifierExtension itself).","There can be no stigma associated with the use of extensions by any application, project, or standard - regardless of the institution or jurisdiction that uses or defines the extensions.  The use of extensions is what allows the FHIR specification to retain a core level of simplicity for everyone.","Modifier extensions allow for extensions that *cannot* be safely ignored to be clearly distinguished from the vast majority of extensions which can be safely ignored.  This promotes interoperability by eliminating the need for implementers to prohibit the presence of extensions. For further information, see the [definition of modifier extensions](http://hl7.org/fhir/R4/extensibility.html#modifierExtension).","","","","","","","",,,,,"",,,,"BackboneElement.modifierExtension",0,*,"ele-1
","ele-1:All FHIR elements must have a @value or children {hasValue() or (children().count() > id.count())}
ext-1:Must have either extensions or value[x], not both {extension.exists() != value.exists()}"
"Observation.component:representative-protein-hgvs.code","Observation.component.code","","","",1,1,"","","Y","CodeableConcept {[]} {[]}
","48005-3","Describes what was observed. Sometimes this is called the observation ""code"".","*All* code-value and  component.code-component.value pairs need to be taken into account to correctly understand the meaning of the observation.","Knowing what kind of observation is being made is essential to understanding the observation.","","","","<valueCodeableConcept xmlns=""http://hl7.org/fhir"">
  <coding>
    <system value=""http://loinc.org""/>
    <code value=""48005-3""/>
  </coding>
</valueCodeableConcept>","","","",,"example","Codes identifying names of simple observations.","http://hl7.org/fhir/ValueSet/observation-codes","",,,,"Observation.component.code",1,1,"ele-1
","ele-1:All FHIR elements must have a @value or children {hasValue() or (children().count() > id.count())}
"
"Observation.component:representative-protein-hgvs.value[x]","Observation.component.value[x]","","","",1,1,"","","Y","CodeableConcept {[]} {[]}
","A valid HGVS-formatted 'p.' string, e.g. NP_000050.2:p.(Asn1836Lys)","The information determined as a result of making the observation, if the information has a simple value.","Used when observation has a set of component observations. An observation may have both a value (e.g. an  Apgar score)  and component observations (the observations from which the Apgar score was derived). If a value is present, the datatype for this element should be determined by Observation.code. A CodeableConcept with just a text would be used instead of a string if the field was usually coded, or if the type associated with the Observation.code defines a coded value.  For additional guidance, see the [Notes section](http://hl7.org/fhir/R4/observation.html#notes) below.","An observation exists to have a value, though it might not if it is in error, or if it represents a group of observations.","","","","","","","",,"required","","http://hl7.org/fhir/uv/genomics-reporting/ValueSet/hgvs-vs","",,,,"Observation.component.value[x]",0,1,"ele-1
","ele-1:All FHIR elements must have a @value or children {hasValue() or (children().count() > id.count())}
"
"Observation.component:representative-protein-hgvs.dataAbsentReason","Observation.component.dataAbsentReason","","","",0,1,"","","","CodeableConcept {[]} {[]}
","Why the component result is missing","Provides a reason why the expected value in the element Observation.component.value[x] is missing.","""Null"" or exceptional values can be represented two ways in FHIR Observations.  One way is to simply include them in the value set and represent the exceptions in the value.  For example, measurement values for a serology test could be  ""detected"", ""not detected"", ""inconclusive"", or  ""test not done"". 

The alternate way is to use the value element for actual observations and use the explicit dataAbsentReason element to record exceptional values.  For example, the dataAbsentReason code ""error"" could be used when the measurement was not completed.  Because of these options, use-case agreements are required to interpret general observations for exceptional values.","For many results it is necessary to handle exceptional values in measurements.","","","","","","","",,"extensible","Codes specifying why the result (`Observation.value[x]`) is missing.","http://hl7.org/fhir/ValueSet/data-absent-reason","",,,,"Observation.component.dataAbsentReason",0,1,"ele-1
obs-6","ele-1:All FHIR elements must have a @value or children {hasValue() or (children().count() > id.count())}
"
"Observation.component:representative-protein-hgvs.interpretation","Observation.component.interpretation","","Abnormal Flag
","",0,*,"","","","CodeableConcept {[]} {[]}
","High, low, normal, etc.","A categorical assessment of an observation value.  For example, high, low, normal.","Historically used for laboratory results (known as 'abnormal flag' ),  its use extends to other use cases where coded interpretations  are relevant.  Often reported as one or more simple compact codes this element is often placed adjacent to the result value in reports and flow sheets to signal the meaning/normalcy status of the result.","For some results, particularly numeric results, an interpretation is necessary to fully understand the significance of a result.","","","","","","","",,"extensible","Codes identifying interpretations of observations.","http://hl7.org/fhir/ValueSet/observation-interpretation","",,,,"Observation.component.interpretation",0,*,"ele-1
","ele-1:All FHIR elements must have a @value or children {hasValue() or (children().count() > id.count())}
"
"Observation.component:representative-protein-hgvs.referenceRange","Observation.component.referenceRange","","","",0,*,"","","","null {[]} {[]}
","Provides guide for interpretation of component result","Guidance on how to interpret the value by comparison to a normal or recommended range.","Most observations only have one generic reference range. Systems MAY choose to restrict to only supplying the relevant reference range based on knowledge about the patient (e.g., specific to the patient's age, gender, weight and other factors), but this might not be possible or appropriate. Whenever more than one reference range is supplied, the differences between them SHOULD be provided in the reference range and/or age properties.","Knowing what values are considered ""normal"" can help evaluate the significance of a particular result. Need to be able to provide multiple reference ranges for different contexts.","","","","","","","",,,,,"",,,,"Observation.component.referenceRange",0,*,"",""
"Observation.component:copy-number","Observation.component","copy-number","","",0,1,"Y","","Y","BackboneElement {[]} {[]}
","Kopienzahl","Die Anzahl der Kopien eines genomischen Abschnitts","Copy number variants are often described with a single copy number value. However, due to the nature of assays, such as qPCR and microarray, it can be difficult to assign an exact copy number. Therefore, labs sometimes report a range instead of an exact copy number. They may alternatively choose to report decimal numbers, even if whole numbers are biologically correct.

In general, it can be difficult to estimate a copy number from measurements taken on a heterogenous population of cells, such as a tumor. As indicated in the ISCN 2020 specifications, it is appropriate to express the measurements using a range. Furthermore, regardless of cell population, many assays use fluorescent probes to detect copy number. These testing methodologies do not always provide an exact, discrete value for this data point.","There SHALL be a code with a value of '1' if there is a value. If system is present, it SHALL be UCUM.","","","","","","","",,,,,"",,,,"Observation.component",0,*,"ele-1
","ele-1:All FHIR elements must have a @value or children {hasValue() or (children().count() > id.count())}
"
"Observation.component:copy-number.id","Observation.component.id","","","",0,1,"","","","string {[]} {[]}
","Unique id for inter-element referencing","Unique id for the element within a resource (for internal references). This may be any string value that does not contain spaces.","","","","","","","","","",,,,,"",,,,"Element.id",0,1,"",""
"Observation.component:copy-number.extension","Observation.component.extension","","extensions
user content","",0,*,"","","","Extension {[]} {[]}
","Additional content defined by implementations","May be used to represent additional information that is not part of the basic definition of the element. To make the use of extensions safe and manageable, there is a strict set of governance  applied to the definition and use of extensions. Though any implementer can define an extension, there is a set of requirements that SHALL be met as part of the definition of the extension.","There can be no stigma associated with the use of extensions by any application, project, or standard - regardless of the institution or jurisdiction that uses or defines the extensions.  The use of extensions is what allows the FHIR specification to retain a core level of simplicity for everyone.","","","","","","","","",,,,,"","value:url}
","Extensions are always sliced by (at least) url",,"open","Element.extension",0,*,"ele-1
","ele-1:All FHIR elements must have a @value or children {hasValue() or (children().count() > id.count())}
ext-1:Must have either extensions or value[x], not both {extension.exists() != value.exists()}"
"Observation.component:copy-number.modifierExtension","Observation.component.modifierExtension","","extensions
user contentmodifiers","",0,*,"","Y","Y","Extension {[]} {[]}
","Extensions that cannot be ignored even if unrecognized","May be used to represent additional information that is not part of the basic definition of the element and that modifies the understanding of the element in which it is contained and/or the understanding of the containing element's descendants. Usually modifier elements provide negation or qualification. To make the use of extensions safe and manageable, there is a strict set of governance applied to the definition and use of extensions. Though any implementer can define an extension, there is a set of requirements that SHALL be met as part of the definition of the extension. Applications processing a resource are required to check for modifier extensions.

Modifier extensions SHALL NOT change the meaning of any elements on Resource or DomainResource (including cannot change the meaning of modifierExtension itself).","There can be no stigma associated with the use of extensions by any application, project, or standard - regardless of the institution or jurisdiction that uses or defines the extensions.  The use of extensions is what allows the FHIR specification to retain a core level of simplicity for everyone.","Modifier extensions allow for extensions that *cannot* be safely ignored to be clearly distinguished from the vast majority of extensions which can be safely ignored.  This promotes interoperability by eliminating the need for implementers to prohibit the presence of extensions. For further information, see the [definition of modifier extensions](http://hl7.org/fhir/R4/extensibility.html#modifierExtension).","","","","","","","",,,,,"",,,,"BackboneElement.modifierExtension",0,*,"ele-1
","ele-1:All FHIR elements must have a @value or children {hasValue() or (children().count() > id.count())}
ext-1:Must have either extensions or value[x], not both {extension.exists() != value.exists()}"
"Observation.component:copy-number.code","Observation.component.code","","","",1,1,"","","Y","CodeableConcept {[]} {[]}
","82155-3","Describes what was observed. Sometimes this is called the observation ""code"".","*All* code-value and  component.code-component.value pairs need to be taken into account to correctly understand the meaning of the observation.","Knowing what kind of observation is being made is essential to understanding the observation.","","","","<valueCodeableConcept xmlns=""http://hl7.org/fhir"">
  <coding>
    <system value=""http://loinc.org""/>
    <code value=""82155-3""/>
  </coding>
</valueCodeableConcept>","","","",,"example","Codes identifying names of simple observations.","http://hl7.org/fhir/ValueSet/observation-codes","",,,,"Observation.component.code",1,1,"ele-1
","ele-1:All FHIR elements must have a @value or children {hasValue() or (children().count() > id.count())}
"
"Observation.component:copy-number.value[x]","Observation.component.value[x]","","","",0,1,"","","Y","Quantity {[]} {[]}
Range {[]} {[]}","Actual component result","The information determined as a result of making the observation, if the information has a simple value.","Used when observation has a set of component observations. An observation may have both a value (e.g. an  Apgar score)  and component observations (the observations from which the Apgar score was derived). If a value is present, the datatype for this element should be determined by Observation.code. A CodeableConcept with just a text would be used instead of a string if the field was usually coded, or if the type associated with the Observation.code defines a coded value.  For additional guidance, see the [Notes section](http://hl7.org/fhir/R4/observation.html#notes) below.","An observation exists to have a value, though it might not if it is in error, or if it represents a group of observations.","","","","","","","",,,,,"",,,,"Observation.component.value[x]",0,1,"ele-1
","ele-1:All FHIR elements must have a @value or children {hasValue() or (children().count() > id.count())}
"
"Observation.component:copy-number.dataAbsentReason","Observation.component.dataAbsentReason","","","",0,1,"","","","CodeableConcept {[]} {[]}
","Why the component result is missing","Provides a reason why the expected value in the element Observation.component.value[x] is missing.","""Null"" or exceptional values can be represented two ways in FHIR Observations.  One way is to simply include them in the value set and represent the exceptions in the value.  For example, measurement values for a serology test could be  ""detected"", ""not detected"", ""inconclusive"", or  ""test not done"". 

The alternate way is to use the value element for actual observations and use the explicit dataAbsentReason element to record exceptional values.  For example, the dataAbsentReason code ""error"" could be used when the measurement was not completed.  Because of these options, use-case agreements are required to interpret general observations for exceptional values.","For many results it is necessary to handle exceptional values in measurements.","","","","","","","",,"extensible","Codes specifying why the result (`Observation.value[x]`) is missing.","http://hl7.org/fhir/ValueSet/data-absent-reason","",,,,"Observation.component.dataAbsentReason",0,1,"ele-1
obs-6","ele-1:All FHIR elements must have a @value or children {hasValue() or (children().count() > id.count())}
"
"Observation.component:copy-number.interpretation","Observation.component.interpretation","","Abnormal Flag
","",0,*,"","","","CodeableConcept {[]} {[]}
","High, low, normal, etc.","A categorical assessment of an observation value.  For example, high, low, normal.","Historically used for laboratory results (known as 'abnormal flag' ),  its use extends to other use cases where coded interpretations  are relevant.  Often reported as one or more simple compact codes this element is often placed adjacent to the result value in reports and flow sheets to signal the meaning/normalcy status of the result.","For some results, particularly numeric results, an interpretation is necessary to fully understand the significance of a result.","","","","","","","",,"extensible","Codes identifying interpretations of observations.","http://hl7.org/fhir/ValueSet/observation-interpretation","",,,,"Observation.component.interpretation",0,*,"ele-1
","ele-1:All FHIR elements must have a @value or children {hasValue() or (children().count() > id.count())}
"
"Observation.component:copy-number.referenceRange","Observation.component.referenceRange","","","",0,*,"","","","null {[]} {[]}
","Provides guide for interpretation of component result","Guidance on how to interpret the value by comparison to a normal or recommended range.","Most observations only have one generic reference range. Systems MAY choose to restrict to only supplying the relevant reference range based on knowledge about the patient (e.g., specific to the patient's age, gender, weight and other factors), but this might not be possible or appropriate. Whenever more than one reference range is supplied, the differences between them SHOULD be provided in the reference range and/or age properties.","Knowing what values are considered ""normal"" can help evaluate the significance of a particular result. Need to be able to provide multiple reference ranges for different contexts.","","","","","","","",,,,,"",,,,"Observation.component.referenceRange",0,*,"",""
"Observation.component:variant-confidence-status","Observation.component","variant-confidence-status","","",0,1,"Y","","Y","BackboneElement {[]} {[]}
","Konfidenzstatus der Variante","Der Vertrauensstatus der Variantendetektion","See [here](sequencing.html#variant-assessment) for usage guidance.","Component observations share the same attributes in the Observation resource as the primary observation and are always treated a part of a single observation (they are not separable).   However, the reference range for the primary observation value is not inherited by the component values and is required when appropriate for each component observation.","","","","","","","",,,,,"",,,,"Observation.component",0,*,"ele-1
","ele-1:All FHIR elements must have a @value or children {hasValue() or (children().count() > id.count())}
"
"Observation.component:variant-confidence-status.id","Observation.component.id","","","",0,1,"","","","string {[]} {[]}
","Unique id for inter-element referencing","Unique id for the element within a resource (for internal references). This may be any string value that does not contain spaces.","","","","","","","","","",,,,,"",,,,"Element.id",0,1,"",""
"Observation.component:variant-confidence-status.extension","Observation.component.extension","","extensions
user content","",0,*,"","","","Extension {[]} {[]}
","Additional content defined by implementations","May be used to represent additional information that is not part of the basic definition of the element. To make the use of extensions safe and manageable, there is a strict set of governance  applied to the definition and use of extensions. Though any implementer can define an extension, there is a set of requirements that SHALL be met as part of the definition of the extension.","There can be no stigma associated with the use of extensions by any application, project, or standard - regardless of the institution or jurisdiction that uses or defines the extensions.  The use of extensions is what allows the FHIR specification to retain a core level of simplicity for everyone.","","","","","","","","",,,,,"","value:url}
","Extensions are always sliced by (at least) url",,"open","Element.extension",0,*,"ele-1
","ele-1:All FHIR elements must have a @value or children {hasValue() or (children().count() > id.count())}
ext-1:Must have either extensions or value[x], not both {extension.exists() != value.exists()}"
"Observation.component:variant-confidence-status.modifierExtension","Observation.component.modifierExtension","","extensions
user contentmodifiers","",0,*,"","Y","Y","Extension {[]} {[]}
","Extensions that cannot be ignored even if unrecognized","May be used to represent additional information that is not part of the basic definition of the element and that modifies the understanding of the element in which it is contained and/or the understanding of the containing element's descendants. Usually modifier elements provide negation or qualification. To make the use of extensions safe and manageable, there is a strict set of governance applied to the definition and use of extensions. Though any implementer can define an extension, there is a set of requirements that SHALL be met as part of the definition of the extension. Applications processing a resource are required to check for modifier extensions.

Modifier extensions SHALL NOT change the meaning of any elements on Resource or DomainResource (including cannot change the meaning of modifierExtension itself).","There can be no stigma associated with the use of extensions by any application, project, or standard - regardless of the institution or jurisdiction that uses or defines the extensions.  The use of extensions is what allows the FHIR specification to retain a core level of simplicity for everyone.","Modifier extensions allow for extensions that *cannot* be safely ignored to be clearly distinguished from the vast majority of extensions which can be safely ignored.  This promotes interoperability by eliminating the need for implementers to prohibit the presence of extensions. For further information, see the [definition of modifier extensions](http://hl7.org/fhir/R4/extensibility.html#modifierExtension).","","","","","","","",,,,,"",,,,"BackboneElement.modifierExtension",0,*,"ele-1
","ele-1:All FHIR elements must have a @value or children {hasValue() or (children().count() > id.count())}
ext-1:Must have either extensions or value[x], not both {extension.exists() != value.exists()}"
"Observation.component:variant-confidence-status.code","Observation.component.code","","","",1,1,"","","Y","CodeableConcept {[]} {[]}
","variant-confidence-status","Describes what was observed. Sometimes this is called the observation ""code"".","*All* code-value and  component.code-component.value pairs need to be taken into account to correctly understand the meaning of the observation.","Knowing what kind of observation is being made is essential to understanding the observation.","","","","<valueCodeableConcept xmlns=""http://hl7.org/fhir"">
  <coding>
    <system value=""http://hl7.org/fhir/uv/genomics-reporting/CodeSystem/tbd-codes-cs""/>
    <code value=""variant-confidence-status""/>
  </coding>
</valueCodeableConcept>","","","",,"example","Codes identifying names of simple observations.","http://hl7.org/fhir/ValueSet/observation-codes","",,,,"Observation.component.code",1,1,"ele-1
","ele-1:All FHIR elements must have a @value or children {hasValue() or (children().count() > id.count())}
"
"Observation.component:variant-confidence-status.value[x]","Observation.component.value[x]","","","",1,1,"","","Y","CodeableConcept {[]} {[]}
","High | Intermediate | Low","The information determined as a result of making the observation, if the information has a simple value.","Used when observation has a set of component observations. An observation may have both a value (e.g. an  Apgar score)  and component observations (the observations from which the Apgar score was derived). If a value is present, the datatype for this element should be determined by Observation.code. A CodeableConcept with just a text would be used instead of a string if the field was usually coded, or if the type associated with the Observation.code defines a coded value.  For additional guidance, see the [Notes section](http://hl7.org/fhir/R4/observation.html#notes) below.","An observation exists to have a value, though it might not if it is in error, or if it represents a group of observations.","","","","","","","",,"required","","http://hl7.org/fhir/uv/genomics-reporting/ValueSet/variant-confidence-status-vs","",,,,"Observation.component.value[x]",0,1,"ele-1
","ele-1:All FHIR elements must have a @value or children {hasValue() or (children().count() > id.count())}
"
"Observation.component:variant-confidence-status.dataAbsentReason","Observation.component.dataAbsentReason","","","",0,1,"","","","CodeableConcept {[]} {[]}
","Why the component result is missing","Provides a reason why the expected value in the element Observation.component.value[x] is missing.","""Null"" or exceptional values can be represented two ways in FHIR Observations.  One way is to simply include them in the value set and represent the exceptions in the value.  For example, measurement values for a serology test could be  ""detected"", ""not detected"", ""inconclusive"", or  ""test not done"". 

The alternate way is to use the value element for actual observations and use the explicit dataAbsentReason element to record exceptional values.  For example, the dataAbsentReason code ""error"" could be used when the measurement was not completed.  Because of these options, use-case agreements are required to interpret general observations for exceptional values.","For many results it is necessary to handle exceptional values in measurements.","","","","","","","",,"extensible","Codes specifying why the result (`Observation.value[x]`) is missing.","http://hl7.org/fhir/ValueSet/data-absent-reason","",,,,"Observation.component.dataAbsentReason",0,1,"ele-1
obs-6","ele-1:All FHIR elements must have a @value or children {hasValue() or (children().count() > id.count())}
"
"Observation.component:variant-confidence-status.interpretation","Observation.component.interpretation","","Abnormal Flag
","",0,*,"","","","CodeableConcept {[]} {[]}
","High, low, normal, etc.","A categorical assessment of an observation value.  For example, high, low, normal.","Historically used for laboratory results (known as 'abnormal flag' ),  its use extends to other use cases where coded interpretations  are relevant.  Often reported as one or more simple compact codes this element is often placed adjacent to the result value in reports and flow sheets to signal the meaning/normalcy status of the result.","For some results, particularly numeric results, an interpretation is necessary to fully understand the significance of a result.","","","","","","","",,"extensible","Codes identifying interpretations of observations.","http://hl7.org/fhir/ValueSet/observation-interpretation","",,,,"Observation.component.interpretation",0,*,"ele-1
","ele-1:All FHIR elements must have a @value or children {hasValue() or (children().count() > id.count())}
"
"Observation.component:variant-confidence-status.referenceRange","Observation.component.referenceRange","","","",0,*,"","","","null {[]} {[]}
","Provides guide for interpretation of component result","Guidance on how to interpret the value by comparison to a normal or recommended range.","Most observations only have one generic reference range. Systems MAY choose to restrict to only supplying the relevant reference range based on knowledge about the patient (e.g., specific to the patient's age, gender, weight and other factors), but this might not be possible or appropriate. Whenever more than one reference range is supplied, the differences between them SHOULD be provided in the reference range and/or age properties.","Knowing what values are considered ""normal"" can help evaluate the significance of a particular result. Need to be able to provide multiple reference ranges for different contexts.","","","","","","","",,,,,"",,,,"Observation.component.referenceRange",0,*,"",""
"Observation.component:repeat-motif","Observation.component","repeat-motif","","",0,*,"","","Y","BackboneElement {[]} {[]}
","Repeat Motif","Nucleotides of a repeat expansion motif.","For a discussion on the ways Observations can be assembled in groups together see [Notes](http://hl7.org/fhir/R4/observation.html#notes) below.","Component observations share the same attributes in the Observation resource as the primary observation and are always treated a part of a single observation (they are not separable).   However, the reference range for the primary observation value is not inherited by the component values and is required when appropriate for each component observation.","","","","","","","",,,,,"",,,,"Observation.component",0,*,"ele-1
","ele-1:All FHIR elements must have a @value or children {hasValue() or (children().count() > id.count())}
"
"Observation.component:repeat-motif.id","Observation.component.id","","","",0,1,"","","","string {[]} {[]}
","Unique id for inter-element referencing","Unique id for the element within a resource (for internal references). This may be any string value that does not contain spaces.","","","","","","","","","",,,,,"",,,,"Element.id",0,1,"",""
"Observation.component:repeat-motif.extension","Observation.component.extension","","extensions
user content","",0,*,"","","","Extension {[]} {[]}
","Additional content defined by implementations","May be used to represent additional information that is not part of the basic definition of the element. To make the use of extensions safe and manageable, there is a strict set of governance  applied to the definition and use of extensions. Though any implementer can define an extension, there is a set of requirements that SHALL be met as part of the definition of the extension.","There can be no stigma associated with the use of extensions by any application, project, or standard - regardless of the institution or jurisdiction that uses or defines the extensions.  The use of extensions is what allows the FHIR specification to retain a core level of simplicity for everyone.","","","","","","","","",,,,,"","value:url}
","Extensions are always sliced by (at least) url",,"open","Element.extension",0,*,"ele-1
","ele-1:All FHIR elements must have a @value or children {hasValue() or (children().count() > id.count())}
ext-1:Must have either extensions or value[x], not both {extension.exists() != value.exists()}"
"Observation.component:repeat-motif.extension:repeat-motif-order","Observation.component.extension","repeat-motif-order","extensions
user content","",0,1,"","","","Extension {[CanonicalType[http://hl7.org/fhir/uv/genomics-reporting/StructureDefinition/repeat-motif-order]]} {[]}
","Repeat Motif Order","Use to group and order repeat expansion motifs.","If there are multiple repeat expansion pairs, this must be used both to indicate the sequence position of a given repeat-motif and repeat-number pair and to group the related components together. Components with the same extension value describe the same motif.","The value must be a natural number starting from 1 and increasing sequentially","","","","","","","",,,,,"",,,,"Element.extension",0,*,"ele-1
","ele-1:All FHIR elements must have a @value or children {hasValue() or (children().count() > id.count())}
ext-1:Must have either extensions or value[x], not both {extension.exists() != value.exists()}"
"Observation.component:repeat-motif.modifierExtension","Observation.component.modifierExtension","","extensions
user contentmodifiers","",0,*,"","Y","Y","Extension {[]} {[]}
","Extensions that cannot be ignored even if unrecognized","May be used to represent additional information that is not part of the basic definition of the element and that modifies the understanding of the element in which it is contained and/or the understanding of the containing element's descendants. Usually modifier elements provide negation or qualification. To make the use of extensions safe and manageable, there is a strict set of governance applied to the definition and use of extensions. Though any implementer can define an extension, there is a set of requirements that SHALL be met as part of the definition of the extension. Applications processing a resource are required to check for modifier extensions.

Modifier extensions SHALL NOT change the meaning of any elements on Resource or DomainResource (including cannot change the meaning of modifierExtension itself).","There can be no stigma associated with the use of extensions by any application, project, or standard - regardless of the institution or jurisdiction that uses or defines the extensions.  The use of extensions is what allows the FHIR specification to retain a core level of simplicity for everyone.","Modifier extensions allow for extensions that *cannot* be safely ignored to be clearly distinguished from the vast majority of extensions which can be safely ignored.  This promotes interoperability by eliminating the need for implementers to prohibit the presence of extensions. For further information, see the [definition of modifier extensions](http://hl7.org/fhir/R4/extensibility.html#modifierExtension).","","","","","","","",,,,,"",,,,"BackboneElement.modifierExtension",0,*,"ele-1
","ele-1:All FHIR elements must have a @value or children {hasValue() or (children().count() > id.count())}
ext-1:Must have either extensions or value[x], not both {extension.exists() != value.exists()}"
"Observation.component:repeat-motif.code","Observation.component.code","","","",1,1,"","","Y","CodeableConcept {[]} {[]}
","repeat-motif","Describes what was observed. Sometimes this is called the observation ""code"".","*All* code-value and  component.code-component.value pairs need to be taken into account to correctly understand the meaning of the observation.","Knowing what kind of observation is being made is essential to understanding the observation.","","","","<valueCodeableConcept xmlns=""http://hl7.org/fhir"">
  <coding>
    <system value=""http://hl7.org/fhir/uv/genomics-reporting/CodeSystem/tbd-codes-cs""/>
    <code value=""repeat-motif""/>
  </coding>
</valueCodeableConcept>","","","",,"example","Codes identifying names of simple observations.","http://hl7.org/fhir/ValueSet/observation-codes","",,,,"Observation.component.code",1,1,"ele-1
","ele-1:All FHIR elements must have a @value or children {hasValue() or (children().count() > id.count())}
"
"Observation.component:repeat-motif.value[x]","Observation.component.value[x]","","","",1,1,"","","Y","string {[]} {[]}
","CAG","The information determined as a result of making the observation, if the information has a simple value.","Used when observation has a set of component observations. An observation may have both a value (e.g. an  Apgar score)  and component observations (the observations from which the Apgar score was derived). If a value is present, the datatype for this element should be determined by Observation.code. A CodeableConcept with just a text would be used instead of a string if the field was usually coded, or if the type associated with the Observation.code defines a coded value.  For additional guidance, see the [Notes section](http://hl7.org/fhir/R4/observation.html#notes) below.","An observation exists to have a value, though it might not if it is in error, or if it represents a group of observations.","","","","","","","",,,,,"",,,,"Observation.component.value[x]",0,1,"ele-1
","ele-1:All FHIR elements must have a @value or children {hasValue() or (children().count() > id.count())}
"
"Observation.component:repeat-motif.dataAbsentReason","Observation.component.dataAbsentReason","","","",0,1,"","","","CodeableConcept {[]} {[]}
","Why the component result is missing","Provides a reason why the expected value in the element Observation.component.value[x] is missing.","""Null"" or exceptional values can be represented two ways in FHIR Observations.  One way is to simply include them in the value set and represent the exceptions in the value.  For example, measurement values for a serology test could be  ""detected"", ""not detected"", ""inconclusive"", or  ""test not done"". 

The alternate way is to use the value element for actual observations and use the explicit dataAbsentReason element to record exceptional values.  For example, the dataAbsentReason code ""error"" could be used when the measurement was not completed.  Because of these options, use-case agreements are required to interpret general observations for exceptional values.","For many results it is necessary to handle exceptional values in measurements.","","","","","","","",,"extensible","Codes specifying why the result (`Observation.value[x]`) is missing.","http://hl7.org/fhir/ValueSet/data-absent-reason","",,,,"Observation.component.dataAbsentReason",0,1,"ele-1
obs-6","ele-1:All FHIR elements must have a @value or children {hasValue() or (children().count() > id.count())}
"
"Observation.component:repeat-motif.interpretation","Observation.component.interpretation","","Abnormal Flag
","",0,*,"","","","CodeableConcept {[]} {[]}
","High, low, normal, etc.","A categorical assessment of an observation value.  For example, high, low, normal.","Historically used for laboratory results (known as 'abnormal flag' ),  its use extends to other use cases where coded interpretations  are relevant.  Often reported as one or more simple compact codes this element is often placed adjacent to the result value in reports and flow sheets to signal the meaning/normalcy status of the result.","For some results, particularly numeric results, an interpretation is necessary to fully understand the significance of a result.","","","","","","","",,"extensible","Codes identifying interpretations of observations.","http://hl7.org/fhir/ValueSet/observation-interpretation","",,,,"Observation.component.interpretation",0,*,"ele-1
","ele-1:All FHIR elements must have a @value or children {hasValue() or (children().count() > id.count())}
"
"Observation.component:repeat-motif.referenceRange","Observation.component.referenceRange","","","",0,*,"","","","null {[]} {[]}
","Provides guide for interpretation of component result","Guidance on how to interpret the value by comparison to a normal or recommended range.","Most observations only have one generic reference range. Systems MAY choose to restrict to only supplying the relevant reference range based on knowledge about the patient (e.g., specific to the patient's age, gender, weight and other factors), but this might not be possible or appropriate. Whenever more than one reference range is supplied, the differences between them SHOULD be provided in the reference range and/or age properties.","Knowing what values are considered ""normal"" can help evaluate the significance of a particular result. Need to be able to provide multiple reference ranges for different contexts.","","","","","","","",,,,,"",,,,"Observation.component.referenceRange",0,*,"",""
"Observation.component:repeat-number","Observation.component","repeat-number","","",0,*,"","","Y","BackboneElement {[]} {[]}
","Repeat Number","Number of repeats of a repeat expansion.","For a discussion on the ways Observations can be assembled in groups together see [Notes](http://hl7.org/fhir/R4/observation.html#notes) below.","Component observations share the same attributes in the Observation resource as the primary observation and are always treated a part of a single observation (they are not separable).   However, the reference range for the primary observation value is not inherited by the component values and is required when appropriate for each component observation.","","","","","","","",,,,,"",,,,"Observation.component",0,*,"ele-1
","ele-1:All FHIR elements must have a @value or children {hasValue() or (children().count() > id.count())}
"
"Observation.component:repeat-number.id","Observation.component.id","","","",0,1,"","","","string {[]} {[]}
","Unique id for inter-element referencing","Unique id for the element within a resource (for internal references). This may be any string value that does not contain spaces.","","","","","","","","","",,,,,"",,,,"Element.id",0,1,"",""
"Observation.component:repeat-number.extension","Observation.component.extension","","extensions
user content","",0,*,"","","","Extension {[]} {[]}
","Additional content defined by implementations","May be used to represent additional information that is not part of the basic definition of the element. To make the use of extensions safe and manageable, there is a strict set of governance  applied to the definition and use of extensions. Though any implementer can define an extension, there is a set of requirements that SHALL be met as part of the definition of the extension.","There can be no stigma associated with the use of extensions by any application, project, or standard - regardless of the institution or jurisdiction that uses or defines the extensions.  The use of extensions is what allows the FHIR specification to retain a core level of simplicity for everyone.","","","","","","","","",,,,,"","value:url}
","Extensions are always sliced by (at least) url",,"open","Element.extension",0,*,"ele-1
","ele-1:All FHIR elements must have a @value or children {hasValue() or (children().count() > id.count())}
ext-1:Must have either extensions or value[x], not both {extension.exists() != value.exists()}"
"Observation.component:repeat-number.extension:repeat-motif-order","Observation.component.extension","repeat-motif-order","extensions
user content","",0,1,"","","","Extension {[CanonicalType[http://hl7.org/fhir/uv/genomics-reporting/StructureDefinition/repeat-motif-order]]} {[]}
","Repeat Motif Order","Use to group and order repeat expansion motifs.","If there are multiple repeat expansion pairs, this must be used both to indicate the sequence position of a given repeat-motif and repeat-number pair and to group the related components together. Components with the same extension value describe the same motif.","The value must be a natural number starting from 1 and increasing sequentially","","","","","","","",,,,,"",,,,"Element.extension",0,*,"ele-1
","ele-1:All FHIR elements must have a @value or children {hasValue() or (children().count() > id.count())}
ext-1:Must have either extensions or value[x], not both {extension.exists() != value.exists()}"
"Observation.component:repeat-number.modifierExtension","Observation.component.modifierExtension","","extensions
user contentmodifiers","",0,*,"","Y","Y","Extension {[]} {[]}
","Extensions that cannot be ignored even if unrecognized","May be used to represent additional information that is not part of the basic definition of the element and that modifies the understanding of the element in which it is contained and/or the understanding of the containing element's descendants. Usually modifier elements provide negation or qualification. To make the use of extensions safe and manageable, there is a strict set of governance applied to the definition and use of extensions. Though any implementer can define an extension, there is a set of requirements that SHALL be met as part of the definition of the extension. Applications processing a resource are required to check for modifier extensions.

Modifier extensions SHALL NOT change the meaning of any elements on Resource or DomainResource (including cannot change the meaning of modifierExtension itself).","There can be no stigma associated with the use of extensions by any application, project, or standard - regardless of the institution or jurisdiction that uses or defines the extensions.  The use of extensions is what allows the FHIR specification to retain a core level of simplicity for everyone.","Modifier extensions allow for extensions that *cannot* be safely ignored to be clearly distinguished from the vast majority of extensions which can be safely ignored.  This promotes interoperability by eliminating the need for implementers to prohibit the presence of extensions. For further information, see the [definition of modifier extensions](http://hl7.org/fhir/R4/extensibility.html#modifierExtension).","","","","","","","",,,,,"",,,,"BackboneElement.modifierExtension",0,*,"ele-1
","ele-1:All FHIR elements must have a @value or children {hasValue() or (children().count() > id.count())}
ext-1:Must have either extensions or value[x], not both {extension.exists() != value.exists()}"
"Observation.component:repeat-number.code","Observation.component.code","","","",1,1,"","","Y","CodeableConcept {[]} {[]}
","repeat-number","Describes what was observed. Sometimes this is called the observation ""code"".","*All* code-value and  component.code-component.value pairs need to be taken into account to correctly understand the meaning of the observation.","Knowing what kind of observation is being made is essential to understanding the observation.","","","","<valueCodeableConcept xmlns=""http://hl7.org/fhir"">
  <coding>
    <system value=""http://hl7.org/fhir/uv/genomics-reporting/CodeSystem/tbd-codes-cs""/>
    <code value=""repeat-number""/>
  </coding>
</valueCodeableConcept>","","","",,"example","Codes identifying names of simple observations.","http://hl7.org/fhir/ValueSet/observation-codes","",,,,"Observation.component.code",1,1,"ele-1
","ele-1:All FHIR elements must have a @value or children {hasValue() or (children().count() > id.count())}
"
"Observation.component:repeat-number.value[x]","Observation.component.value[x]","","","",1,1,"","","Y","Quantity {[]} {[]}
","40","The information determined as a result of making the observation, if the information has a simple value.","Used when observation has a set of component observations. An observation may have both a value (e.g. an  Apgar score)  and component observations (the observations from which the Apgar score was derived). If a value is present, the datatype for this element should be determined by Observation.code. A CodeableConcept with just a text would be used instead of a string if the field was usually coded, or if the type associated with the Observation.code defines a coded value.  For additional guidance, see the [Notes section](http://hl7.org/fhir/R4/observation.html#notes) below.","An observation exists to have a value, though it might not if it is in error, or if it represents a group of observations.","","","","","","","",,,,,"",,,,"Observation.component.value[x]",0,1,"ele-1
","ele-1:All FHIR elements must have a @value or children {hasValue() or (children().count() > id.count())}
"
"Observation.component:repeat-number.dataAbsentReason","Observation.component.dataAbsentReason","","","",0,1,"","","","CodeableConcept {[]} {[]}
","Why the component result is missing","Provides a reason why the expected value in the element Observation.component.value[x] is missing.","""Null"" or exceptional values can be represented two ways in FHIR Observations.  One way is to simply include them in the value set and represent the exceptions in the value.  For example, measurement values for a serology test could be  ""detected"", ""not detected"", ""inconclusive"", or  ""test not done"". 

The alternate way is to use the value element for actual observations and use the explicit dataAbsentReason element to record exceptional values.  For example, the dataAbsentReason code ""error"" could be used when the measurement was not completed.  Because of these options, use-case agreements are required to interpret general observations for exceptional values.","For many results it is necessary to handle exceptional values in measurements.","","","","","","","",,"extensible","Codes specifying why the result (`Observation.value[x]`) is missing.","http://hl7.org/fhir/ValueSet/data-absent-reason","",,,,"Observation.component.dataAbsentReason",0,1,"ele-1
obs-6","ele-1:All FHIR elements must have a @value or children {hasValue() or (children().count() > id.count())}
"
"Observation.component:repeat-number.interpretation","Observation.component.interpretation","","Abnormal Flag
","",0,*,"","","","CodeableConcept {[]} {[]}
","High, low, normal, etc.","A categorical assessment of an observation value.  For example, high, low, normal.","Historically used for laboratory results (known as 'abnormal flag' ),  its use extends to other use cases where coded interpretations  are relevant.  Often reported as one or more simple compact codes this element is often placed adjacent to the result value in reports and flow sheets to signal the meaning/normalcy status of the result.","For some results, particularly numeric results, an interpretation is necessary to fully understand the significance of a result.","","","","","","","",,"extensible","Codes identifying interpretations of observations.","http://hl7.org/fhir/ValueSet/observation-interpretation","",,,,"Observation.component.interpretation",0,*,"ele-1
","ele-1:All FHIR elements must have a @value or children {hasValue() or (children().count() > id.count())}
"
"Observation.component:repeat-number.referenceRange","Observation.component.referenceRange","","","",0,*,"","","","null {[]} {[]}
","Provides guide for interpretation of component result","Guidance on how to interpret the value by comparison to a normal or recommended range.","Most observations only have one generic reference range. Systems MAY choose to restrict to only supplying the relevant reference range based on knowledge about the patient (e.g., specific to the patient's age, gender, weight and other factors), but this might not be possible or appropriate. Whenever more than one reference range is supplied, the differences between them SHOULD be provided in the reference range and/or age properties.","Knowing what values are considered ""normal"" can help evaluate the significance of a particular result. Need to be able to provide multiple reference ranges for different contexts.","","","","","","","",,,,,"",,,,"Observation.component.referenceRange",0,*,"",""
"Observation.component:dna-region","Observation.component","dna-region","","",0,*,"Y","","Y","BackboneElement {[]} {[]}
","DNA-Regionsname","Ein lesbarer Name für die untersuchte Region. Typischerweise Exon # oder Intron # oder andere.","For a discussion on the ways Observations can be assembled in groups together see [Notes](http://hl7.org/fhir/R4/observation.html#notes) below.","Component observations share the same attributes in the Observation resource as the primary observation and are always treated a part of a single observation (they are not separable).   However, the reference range for the primary observation value is not inherited by the component values and is required when appropriate for each component observation.","","","","","","","",,,,,"",,,,"Observation.component",0,*,"ele-1
","ele-1:All FHIR elements must have a @value or children {hasValue() or (children().count() > id.count())}
"
"Observation.component:dna-region.id","Observation.component.id","","","",0,1,"","","","string {[]} {[]}
","Unique id for inter-element referencing","Unique id for the element within a resource (for internal references). This may be any string value that does not contain spaces.","","","","","","","","","",,,,,"",,,,"Element.id",0,1,"",""
"Observation.component:dna-region.extension","Observation.component.extension","","extensions
user content","",0,*,"","","","Extension {[]} {[]}
","Additional content defined by implementations","May be used to represent additional information that is not part of the basic definition of the element. To make the use of extensions safe and manageable, there is a strict set of governance  applied to the definition and use of extensions. Though any implementer can define an extension, there is a set of requirements that SHALL be met as part of the definition of the extension.","There can be no stigma associated with the use of extensions by any application, project, or standard - regardless of the institution or jurisdiction that uses or defines the extensions.  The use of extensions is what allows the FHIR specification to retain a core level of simplicity for everyone.","","","","","","","","",,,,,"","value:url}
","Extensions are always sliced by (at least) url",,"open","Element.extension",0,*,"ele-1
","ele-1:All FHIR elements must have a @value or children {hasValue() or (children().count() > id.count())}
ext-1:Must have either extensions or value[x], not both {extension.exists() != value.exists()}"
"Observation.component:dna-region.modifierExtension","Observation.component.modifierExtension","","extensions
user contentmodifiers","",0,*,"","Y","Y","Extension {[]} {[]}
","Extensions that cannot be ignored even if unrecognized","May be used to represent additional information that is not part of the basic definition of the element and that modifies the understanding of the element in which it is contained and/or the understanding of the containing element's descendants. Usually modifier elements provide negation or qualification. To make the use of extensions safe and manageable, there is a strict set of governance applied to the definition and use of extensions. Though any implementer can define an extension, there is a set of requirements that SHALL be met as part of the definition of the extension. Applications processing a resource are required to check for modifier extensions.

Modifier extensions SHALL NOT change the meaning of any elements on Resource or DomainResource (including cannot change the meaning of modifierExtension itself).","There can be no stigma associated with the use of extensions by any application, project, or standard - regardless of the institution or jurisdiction that uses or defines the extensions.  The use of extensions is what allows the FHIR specification to retain a core level of simplicity for everyone.","Modifier extensions allow for extensions that *cannot* be safely ignored to be clearly distinguished from the vast majority of extensions which can be safely ignored.  This promotes interoperability by eliminating the need for implementers to prohibit the presence of extensions. For further information, see the [definition of modifier extensions](http://hl7.org/fhir/R4/extensibility.html#modifierExtension).","","","","","","","",,,,,"",,,,"BackboneElement.modifierExtension",0,*,"ele-1
","ele-1:All FHIR elements must have a @value or children {hasValue() or (children().count() > id.count())}
ext-1:Must have either extensions or value[x], not both {extension.exists() != value.exists()}"
"Observation.component:dna-region.code","Observation.component.code","","","",1,1,"","","Y","CodeableConcept {[]} {[]}
","47999-8","Describes what was observed. Sometimes this is called the observation ""code"".","*All* code-value and  component.code-component.value pairs need to be taken into account to correctly understand the meaning of the observation.","Knowing what kind of observation is being made is essential to understanding the observation.","","","","<valueCodeableConcept xmlns=""http://hl7.org/fhir"">
  <coding>
    <system value=""http://loinc.org""/>
    <code value=""47999-8""/>
  </coding>
</valueCodeableConcept>","","","",,"example","Codes identifying names of simple observations.","http://hl7.org/fhir/ValueSet/observation-codes","",,,,"Observation.component.code",1,1,"ele-1
","ele-1:All FHIR elements must have a @value or children {hasValue() or (children().count() > id.count())}
"
"Observation.component:dna-region.value[x]","Observation.component.value[x]","","","",1,1,"","","Y","string {[]} {[]}
","Actual component result","The information determined as a result of making the observation, if the information has a simple value.","Used when observation has a set of component observations. An observation may have both a value (e.g. an  Apgar score)  and component observations (the observations from which the Apgar score was derived). If a value is present, the datatype for this element should be determined by Observation.code. A CodeableConcept with just a text would be used instead of a string if the field was usually coded, or if the type associated with the Observation.code defines a coded value.  For additional guidance, see the [Notes section](http://hl7.org/fhir/R4/observation.html#notes) below.","An observation exists to have a value, though it might not if it is in error, or if it represents a group of observations.","","","","","","","",,,,,"",,,,"Observation.component.value[x]",0,1,"ele-1
","ele-1:All FHIR elements must have a @value or children {hasValue() or (children().count() > id.count())}
"
"Observation.component:dna-region.dataAbsentReason","Observation.component.dataAbsentReason","","","",0,1,"","","","CodeableConcept {[]} {[]}
","Why the component result is missing","Provides a reason why the expected value in the element Observation.component.value[x] is missing.","""Null"" or exceptional values can be represented two ways in FHIR Observations.  One way is to simply include them in the value set and represent the exceptions in the value.  For example, measurement values for a serology test could be  ""detected"", ""not detected"", ""inconclusive"", or  ""test not done"". 

The alternate way is to use the value element for actual observations and use the explicit dataAbsentReason element to record exceptional values.  For example, the dataAbsentReason code ""error"" could be used when the measurement was not completed.  Because of these options, use-case agreements are required to interpret general observations for exceptional values.","For many results it is necessary to handle exceptional values in measurements.","","","","","","","",,"extensible","Codes specifying why the result (`Observation.value[x]`) is missing.","http://hl7.org/fhir/ValueSet/data-absent-reason","",,,,"Observation.component.dataAbsentReason",0,1,"ele-1
obs-6","ele-1:All FHIR elements must have a @value or children {hasValue() or (children().count() > id.count())}
"
"Observation.component:dna-region.interpretation","Observation.component.interpretation","","Abnormal Flag
","",0,*,"","","","CodeableConcept {[]} {[]}
","High, low, normal, etc.","A categorical assessment of an observation value.  For example, high, low, normal.","Historically used for laboratory results (known as 'abnormal flag' ),  its use extends to other use cases where coded interpretations  are relevant.  Often reported as one or more simple compact codes this element is often placed adjacent to the result value in reports and flow sheets to signal the meaning/normalcy status of the result.","For some results, particularly numeric results, an interpretation is necessary to fully understand the significance of a result.","","","","","","","",,"extensible","Codes identifying interpretations of observations.","http://hl7.org/fhir/ValueSet/observation-interpretation","",,,,"Observation.component.interpretation",0,*,"ele-1
","ele-1:All FHIR elements must have a @value or children {hasValue() or (children().count() > id.count())}
"
"Observation.component:dna-region.referenceRange","Observation.component.referenceRange","","","",0,*,"","","","null {[]} {[]}
","Provides guide for interpretation of component result","Guidance on how to interpret the value by comparison to a normal or recommended range.","Most observations only have one generic reference range. Systems MAY choose to restrict to only supplying the relevant reference range based on knowledge about the patient (e.g., specific to the patient's age, gender, weight and other factors), but this might not be possible or appropriate. Whenever more than one reference range is supplied, the differences between them SHOULD be provided in the reference range and/or age properties.","Knowing what values are considered ""normal"" can help evaluate the significance of a particular result. Need to be able to provide multiple reference ranges for different contexts.","","","","","","","",,,,,"",,,,"Observation.component.referenceRange",0,*,"",""
"Observation.component:gene-fusion","Observation.component","gene-fusion","","",0,1,"Y","","Y","BackboneElement {[]} {[]}
","Genfusion","Details zur Genfusion in Blut oder Gewebe mittels molekulargenetischer Methode","For a discussion on the ways Observations can be assembled in groups together see [Notes](http://hl7.org/fhir/R4/observation.html#notes) below.","Component observations share the same attributes in the Observation resource as the primary observation and are always treated a part of a single observation (they are not separable).   However, the reference range for the primary observation value is not inherited by the component values and is required when appropriate for each component observation.","","","","","","","",,,,,"",,,,"Observation.component",0,*,"ele-1
","ele-1:All FHIR elements must have a @value or children {hasValue() or (children().count() > id.count())}
"
"Observation.component:gene-fusion.id","Observation.component.id","","","",0,1,"","","","string {[]} {[]}
","Unique id for inter-element referencing","Unique id for the element within a resource (for internal references). This may be any string value that does not contain spaces.","","","","","","","","","",,,,,"",,,,"Element.id",0,1,"",""
"Observation.component:gene-fusion.extension","Observation.component.extension","","extensions
user content","",0,*,"","","","Extension {[]} {[]}
","Additional content defined by implementations","May be used to represent additional information that is not part of the basic definition of the element. To make the use of extensions safe and manageable, there is a strict set of governance  applied to the definition and use of extensions. Though any implementer can define an extension, there is a set of requirements that SHALL be met as part of the definition of the extension.","There can be no stigma associated with the use of extensions by any application, project, or standard - regardless of the institution or jurisdiction that uses or defines the extensions.  The use of extensions is what allows the FHIR specification to retain a core level of simplicity for everyone.","","","","","","","","",,,,,"","value:url}
","Extensions are always sliced by (at least) url",,"open","Element.extension",0,*,"ele-1
","ele-1:All FHIR elements must have a @value or children {hasValue() or (children().count() > id.count())}
ext-1:Must have either extensions or value[x], not both {extension.exists() != value.exists()}"
"Observation.component:gene-fusion.modifierExtension","Observation.component.modifierExtension","","extensions
user contentmodifiers","",0,*,"","Y","Y","Extension {[]} {[]}
","Extensions that cannot be ignored even if unrecognized","May be used to represent additional information that is not part of the basic definition of the element and that modifies the understanding of the element in which it is contained and/or the understanding of the containing element's descendants. Usually modifier elements provide negation or qualification. To make the use of extensions safe and manageable, there is a strict set of governance applied to the definition and use of extensions. Though any implementer can define an extension, there is a set of requirements that SHALL be met as part of the definition of the extension. Applications processing a resource are required to check for modifier extensions.

Modifier extensions SHALL NOT change the meaning of any elements on Resource or DomainResource (including cannot change the meaning of modifierExtension itself).","There can be no stigma associated with the use of extensions by any application, project, or standard - regardless of the institution or jurisdiction that uses or defines the extensions.  The use of extensions is what allows the FHIR specification to retain a core level of simplicity for everyone.","Modifier extensions allow for extensions that *cannot* be safely ignored to be clearly distinguished from the vast majority of extensions which can be safely ignored.  This promotes interoperability by eliminating the need for implementers to prohibit the presence of extensions. For further information, see the [definition of modifier extensions](http://hl7.org/fhir/R4/extensibility.html#modifierExtension).","","","","","","","",,,,,"",,,,"BackboneElement.modifierExtension",0,*,"ele-1
","ele-1:All FHIR elements must have a @value or children {hasValue() or (children().count() > id.count())}
ext-1:Must have either extensions or value[x], not both {extension.exists() != value.exists()}"
"Observation.component:gene-fusion.code","Observation.component.code","","","",1,1,"","","Y","CodeableConcept {[]} {[]}
","Type of component observation (code / type)","Describes what was observed. Sometimes this is called the observation ""code"".","*All* code-value and  component.code-component.value pairs need to be taken into account to correctly understand the meaning of the observation.","Knowing what kind of observation is being made is essential to understanding the observation.","","","","<valueCodeableConcept xmlns=""http://hl7.org/fhir"">
  <coding>
    <system value=""http://loinc.org""/>
    <code value=""95123-6""/>
  </coding>
</valueCodeableConcept>","","","",,"example","Codes identifying names of simple observations.","http://hl7.org/fhir/ValueSet/observation-codes","",,,,"Observation.component.code",1,1,"ele-1
","ele-1:All FHIR elements must have a @value or children {hasValue() or (children().count() > id.count())}
"
"Observation.component:gene-fusion.value[x]","Observation.component.value[x]","","","",1,1,"","","Y","CodeableConcept {[]} {[]}
","HGNC-Format für Genfusionen GENESYMBOL1::GENESYMBOL2 und Readthrough-Transkripte GENESYMBOL1-GENESYMBOL2","The information determined as a result of making the observation, if the information has a simple value.","Used when observation has a set of component observations. An observation may have both a value (e.g. an  Apgar score)  and component observations (the observations from which the Apgar score was derived). If a value is present, the datatype for this element should be determined by Observation.code. A CodeableConcept with just a text would be used instead of a string if the field was usually coded, or if the type associated with the Observation.code defines a coded value.  For additional guidance, see the [Notes section](http://hl7.org/fhir/R4/observation.html#notes) below.","An observation exists to have a value, though it might not if it is in error, or if it represents a group of observations.","","","","","","","",,"extensible","","http://hl7.org/fhir/uv/genomics-reporting/ValueSet/hgnc-vs","",,,,"Observation.component.value[x]",0,1,"ele-1
","ele-1:All FHIR elements must have a @value or children {hasValue() or (children().count() > id.count())}
"
"Observation.component:gene-fusion.dataAbsentReason","Observation.component.dataAbsentReason","","","",0,1,"","","","CodeableConcept {[]} {[]}
","Why the component result is missing","Provides a reason why the expected value in the element Observation.component.value[x] is missing.","""Null"" or exceptional values can be represented two ways in FHIR Observations.  One way is to simply include them in the value set and represent the exceptions in the value.  For example, measurement values for a serology test could be  ""detected"", ""not detected"", ""inconclusive"", or  ""test not done"". 

The alternate way is to use the value element for actual observations and use the explicit dataAbsentReason element to record exceptional values.  For example, the dataAbsentReason code ""error"" could be used when the measurement was not completed.  Because of these options, use-case agreements are required to interpret general observations for exceptional values.","For many results it is necessary to handle exceptional values in measurements.","","","","","","","",,"extensible","Codes specifying why the result (`Observation.value[x]`) is missing.","http://hl7.org/fhir/ValueSet/data-absent-reason","",,,,"Observation.component.dataAbsentReason",0,1,"ele-1
obs-6","ele-1:All FHIR elements must have a @value or children {hasValue() or (children().count() > id.count())}
"
"Observation.component:gene-fusion.interpretation","Observation.component.interpretation","","Abnormal Flag
","",0,*,"","","","CodeableConcept {[]} {[]}
","High, low, normal, etc.","A categorical assessment of an observation value.  For example, high, low, normal.","Historically used for laboratory results (known as 'abnormal flag' ),  its use extends to other use cases where coded interpretations  are relevant.  Often reported as one or more simple compact codes this element is often placed adjacent to the result value in reports and flow sheets to signal the meaning/normalcy status of the result.","For some results, particularly numeric results, an interpretation is necessary to fully understand the significance of a result.","","","","","","","",,"extensible","Codes identifying interpretations of observations.","http://hl7.org/fhir/ValueSet/observation-interpretation","",,,,"Observation.component.interpretation",0,*,"ele-1
","ele-1:All FHIR elements must have a @value or children {hasValue() or (children().count() > id.count())}
"
"Observation.component:gene-fusion.referenceRange","Observation.component.referenceRange","","","",0,*,"","","","null {[]} {[]}
","Provides guide for interpretation of component result","Guidance on how to interpret the value by comparison to a normal or recommended range.","Most observations only have one generic reference range. Systems MAY choose to restrict to only supplying the relevant reference range based on knowledge about the patient (e.g., specific to the patient's age, gender, weight and other factors), but this might not be possible or appropriate. Whenever more than one reference range is supplied, the differences between them SHOULD be provided in the reference range and/or age properties.","Knowing what values are considered ""normal"" can help evaluate the significance of a particular result. Need to be able to provide multiple reference ranges for different contexts.","","","","","","","",,,,,"",,,,"Observation.component.referenceRange",0,*,"",""
"Observation.component:detection-limit","Observation.component","detection-limit","","",0,1,"Y","","Y","BackboneElement {[]} {[]}
","Nachweisgrenze","Die Nachweisgrenze des Laborgeräts","For a discussion on the ways Observations can be assembled in groups together see [Notes](http://hl7.org/fhir/R4/observation.html#notes) below.","Component observations share the same attributes in the Observation resource as the primary observation and are always treated a part of a single observation (they are not separable).   However, the reference range for the primary observation value is not inherited by the component values and is required when appropriate for each component observation.","","","","","","","",,,,,"",,,,"Observation.component",0,*,"ele-1
","ele-1:All FHIR elements must have a @value or children {hasValue() or (children().count() > id.count())}
"
"Observation.component:detection-limit.id","Observation.component.id","","","",0,1,"","","","string {[]} {[]}
","Unique id for inter-element referencing","Unique id for the element within a resource (for internal references). This may be any string value that does not contain spaces.","","","","","","","","","",,,,,"",,,,"Element.id",0,1,"",""
"Observation.component:detection-limit.extension","Observation.component.extension","","extensions
user content","",0,*,"","","","Extension {[]} {[]}
","Additional content defined by implementations","May be used to represent additional information that is not part of the basic definition of the element. To make the use of extensions safe and manageable, there is a strict set of governance  applied to the definition and use of extensions. Though any implementer can define an extension, there is a set of requirements that SHALL be met as part of the definition of the extension.","There can be no stigma associated with the use of extensions by any application, project, or standard - regardless of the institution or jurisdiction that uses or defines the extensions.  The use of extensions is what allows the FHIR specification to retain a core level of simplicity for everyone.","","","","","","","","",,,,,"","value:url}
","Extensions are always sliced by (at least) url",,"open","Element.extension",0,*,"ele-1
","ele-1:All FHIR elements must have a @value or children {hasValue() or (children().count() > id.count())}
ext-1:Must have either extensions or value[x], not both {extension.exists() != value.exists()}"
"Observation.component:detection-limit.modifierExtension","Observation.component.modifierExtension","","extensions
user contentmodifiers","",0,*,"","Y","Y","Extension {[]} {[]}
","Extensions that cannot be ignored even if unrecognized","May be used to represent additional information that is not part of the basic definition of the element and that modifies the understanding of the element in which it is contained and/or the understanding of the containing element's descendants. Usually modifier elements provide negation or qualification. To make the use of extensions safe and manageable, there is a strict set of governance applied to the definition and use of extensions. Though any implementer can define an extension, there is a set of requirements that SHALL be met as part of the definition of the extension. Applications processing a resource are required to check for modifier extensions.

Modifier extensions SHALL NOT change the meaning of any elements on Resource or DomainResource (including cannot change the meaning of modifierExtension itself).","There can be no stigma associated with the use of extensions by any application, project, or standard - regardless of the institution or jurisdiction that uses or defines the extensions.  The use of extensions is what allows the FHIR specification to retain a core level of simplicity for everyone.","Modifier extensions allow for extensions that *cannot* be safely ignored to be clearly distinguished from the vast majority of extensions which can be safely ignored.  This promotes interoperability by eliminating the need for implementers to prohibit the presence of extensions. For further information, see the [definition of modifier extensions](http://hl7.org/fhir/R4/extensibility.html#modifierExtension).","","","","","","","",,,,,"",,,,"BackboneElement.modifierExtension",0,*,"ele-1
","ele-1:All FHIR elements must have a @value or children {hasValue() or (children().count() > id.count())}
ext-1:Must have either extensions or value[x], not both {extension.exists() != value.exists()}"
"Observation.component:detection-limit.code","Observation.component.code","","","",1,1,"","","Y","CodeableConcept {[]} {[]}
","Type of component observation (code / type)","Describes what was observed. Sometimes this is called the observation ""code"".","*All* code-value and  component.code-component.value pairs need to be taken into account to correctly understand the meaning of the observation.","Knowing what kind of observation is being made is essential to understanding the observation.","","","","<valueCodeableConcept xmlns=""http://hl7.org/fhir"">
  <coding>
    <system value=""http://loinc.org""/>
    <code value=""87706-8""/>
  </coding>
</valueCodeableConcept>","","","",,"example","Codes identifying names of simple observations.","http://hl7.org/fhir/ValueSet/observation-codes","",,,,"Observation.component.code",1,1,"ele-1
","ele-1:All FHIR elements must have a @value or children {hasValue() or (children().count() > id.count())}
"
"Observation.component:detection-limit.value[x]","Observation.component.value[x]","","","",0,1,"","","Y","Quantity {[]} {[]}
","Wird üblicherweise als Prozentsatz angegeben","The information determined as a result of making the observation, if the information has a simple value.","Used when observation has a set of component observations. An observation may have both a value (e.g. an  Apgar score)  and component observations (the observations from which the Apgar score was derived). If a value is present, the datatype for this element should be determined by Observation.code. A CodeableConcept with just a text would be used instead of a string if the field was usually coded, or if the type associated with the Observation.code defines a coded value.  For additional guidance, see the [Notes section](http://hl7.org/fhir/R4/observation.html#notes) below.","An observation exists to have a value, though it might not if it is in error, or if it represents a group of observations.","","","","","","","",,,,,"",,,,"Observation.component.value[x]",0,1,"ele-1
","ele-1:All FHIR elements must have a @value or children {hasValue() or (children().count() > id.count())}
"
"Observation.component:detection-limit.dataAbsentReason","Observation.component.dataAbsentReason","","","",0,1,"","","","CodeableConcept {[]} {[]}
","Why the component result is missing","Provides a reason why the expected value in the element Observation.component.value[x] is missing.","""Null"" or exceptional values can be represented two ways in FHIR Observations.  One way is to simply include them in the value set and represent the exceptions in the value.  For example, measurement values for a serology test could be  ""detected"", ""not detected"", ""inconclusive"", or  ""test not done"". 

The alternate way is to use the value element for actual observations and use the explicit dataAbsentReason element to record exceptional values.  For example, the dataAbsentReason code ""error"" could be used when the measurement was not completed.  Because of these options, use-case agreements are required to interpret general observations for exceptional values.","For many results it is necessary to handle exceptional values in measurements.","","","","","","","",,"extensible","Codes specifying why the result (`Observation.value[x]`) is missing.","http://hl7.org/fhir/ValueSet/data-absent-reason","",,,,"Observation.component.dataAbsentReason",0,1,"ele-1
obs-6","ele-1:All FHIR elements must have a @value or children {hasValue() or (children().count() > id.count())}
"
"Observation.component:detection-limit.interpretation","Observation.component.interpretation","","Abnormal Flag
","",0,*,"","","","CodeableConcept {[]} {[]}
","High, low, normal, etc.","A categorical assessment of an observation value.  For example, high, low, normal.","Historically used for laboratory results (known as 'abnormal flag' ),  its use extends to other use cases where coded interpretations  are relevant.  Often reported as one or more simple compact codes this element is often placed adjacent to the result value in reports and flow sheets to signal the meaning/normalcy status of the result.","For some results, particularly numeric results, an interpretation is necessary to fully understand the significance of a result.","","","","","","","",,"extensible","Codes identifying interpretations of observations.","http://hl7.org/fhir/ValueSet/observation-interpretation","",,,,"Observation.component.interpretation",0,*,"ele-1
","ele-1:All FHIR elements must have a @value or children {hasValue() or (children().count() > id.count())}
"
"Observation.component:detection-limit.referenceRange","Observation.component.referenceRange","","","",0,*,"","","","null {[]} {[]}
","Provides guide for interpretation of component result","Guidance on how to interpret the value by comparison to a normal or recommended range.","Most observations only have one generic reference range. Systems MAY choose to restrict to only supplying the relevant reference range based on knowledge about the patient (e.g., specific to the patient's age, gender, weight and other factors), but this might not be possible or appropriate. Whenever more than one reference range is supplied, the differences between them SHOULD be provided in the reference range and/or age properties.","Knowing what values are considered ""normal"" can help evaluate the significance of a particular result. Need to be able to provide multiple reference ranges for different contexts.","","","","","","","",,,,,"",,,,"Observation.component.referenceRange",0,*,"",""
