"Id","Path","Slice Name","Alias(s)","Label","Min","Max","Must Support?","Is Modifier?","Is Summary?","Type(s)","Short","Definition","Comments","Requirements","Default Value","Meaning When Missing","Fixed Value","Pattern","Example","Minimum Value","Maximum Value","Maximum Length","Binding Strength","Binding Description","Binding Value Set","Code","Slicing Discriminator","Slicing Description","Slicing Ordered","Slicing Rules","Base Path","Base Min","Base Max","Condition(s)","Constraint(s)","Mapping: Onkologie LogicalModel MII Onkologie Mapping","Mapping: Mapping FHIR zu oBDS","Mapping: FHIR-Profil zu LogicalModel Mapping","Mapping: Workflow Pattern","Mapping: SNOMED CT Concept Domain Binding","Mapping: HL7 v2 Mapping","Mapping: FiveWs Pattern Mapping","Mapping: SNOMED CT Attribute Binding"
"Condition","Condition","","","",0,*,"","","","null {[]} {[]}
","Detailed information about conditions, problems or diagnoses","A clinical condition, problem, diagnosis, or other event, situation, issue, or clinical concept that has risen to a level of concern.","","","","","","","","","",,,,,"",,,,"Condition",0,*,"","con-3:Condition.clinicalStatus SHALL be present if verificationStatus is not entered-in-error and category is problem-list-item {clinicalStatus.exists() or verificationStatus.coding.where(system='http://terminology.hl7.org/CodeSystem/condition-ver-status' and code = 'entered-in-error').exists() or category.select($this='problem-list-item').empty()}
con-4:If condition is abated, then clinicalStatus must be either inactive, resolved, or remission {abatement.empty() or clinicalStatus.coding.where(system='http://terminology.hl7.org/CodeSystem/condition-clinical' and (code='resolved' or code='remission' or code='inactive')).exists()}con-5:Condition.clinicalStatus SHALL NOT be present if verification Status is entered-in-error {verificationStatus.coding.where(system='http://terminology.hl7.org/CodeSystem/condition-ver-status' and code='entered-in-error').empty() or clinicalStatus.empty()}dom-2:If the resource is contained in another resource, it SHALL NOT contain nested Resources {contained.contained.empty()}dom-3:If the resource is contained in another resource, it SHALL be referred to from elsewhere in the resource or SHALL refer to the containing resource {contained.where((('#'+id in (%resource.descendants().reference | %resource.descendants().as(canonical) | %resource.descendants().as(uri) | %resource.descendants().as(url))) or descendants().where(reference = '#').exists() or descendants().where(as(canonical) = '#').exists() or descendants().where(as(canonical) = '#').exists()).not()).trace('unmatched', id).empty()}dom-4:If a resource is contained in another resource, it SHALL NOT have a meta.versionId or a meta.lastUpdated {contained.meta.versionId.empty() and contained.meta.lastUpdated.empty()}dom-5:If a resource is contained in another resource, it SHALL NOT have a security label {contained.meta.security.empty()}dom-6:A resource should have narrative for robust management {text.`div`.exists()}","OnkologieFall.Diagnose","5","Event","< 243796009 |Situation with explicit context| : 246090004 |Associated finding| = ( ( < 404684003 |Clinical finding| MINUS ( << 420134006 |Propensity to adverse reactions| OR << 473010000 |Hypersensitivity condition| OR << 79899007 |Drug interaction| OR << 69449002 |Drug action| OR << 441742003 |Evaluation finding| OR << 307824009 |Administrative status| OR << 385356007 |Tumor stage finding|)) OR < 272379006 |Event|)","PPR message"
"Condition.id","Condition.id","","","",0,1,"Y","","Y","id {[]} {[]}
","Logical id of this artifact","The logical id of the resource, as used in the URL for the resource. Once assigned, this value never changes.","The only time that a resource does not have an id is when it is being submitted to the server using a create operation.","","","","","","","","",,,,,"",,,,"Resource.id",0,1,"",""
"Condition.meta","Condition.meta","","","",0,1,"Y","","Y","Meta {[]} {[]}
","Metadata about the resource","The metadata about the resource. This is content that is maintained by the infrastructure. Changes to the content might not always be associated with version changes to the resource.","","","","","","","","","",,,,,"",,,,"Resource.meta",0,1,"","ele-1:All FHIR elements must have a @value or children {hasValue() or (children().count() > id.count())}
"
"Condition.meta.id","Condition.meta.id","","","",0,1,"","","","string {[]} {[]}
","Unique id for inter-element referencing","Unique id for the element within a resource (for internal references). This may be any string value that does not contain spaces.","","","","","","","","","",,,,,"",,,,"Element.id",0,1,"",""
"Condition.meta.extension","Condition.meta.extension","","extensions
user content","",0,*,"","","","Extension {[]} {[]}
","Additional content defined by implementations","May be used to represent additional information that is not part of the basic definition of the element. To make the use of extensions safe and manageable, there is a strict set of governance  applied to the definition and use of extensions. Though any implementer can define an extension, there is a set of requirements that SHALL be met as part of the definition of the extension.","There can be no stigma associated with the use of extensions by any application, project, or standard - regardless of the institution or jurisdiction that uses or defines the extensions.  The use of extensions is what allows the FHIR specification to retain a core level of simplicity for everyone.","","","","","","","","",,,,,"","value:url}
","Extensions are always sliced by (at least) url",,"open","Element.extension",0,*,"","ele-1:All FHIR elements must have a @value or children {hasValue() or (children().count() > id.count())}
ext-1:Must have either extensions or value[x], not both {extension.exists() != value.exists()}"
"Condition.meta.versionId","Condition.meta.versionId","","","",0,1,"","","Y","id {[]} {[]}
","Version specific identifier","The version specific identifier, as it appears in the version portion of the URL. This value changes when the resource is created, updated, or deleted.","The server assigns this value, and ignores what the client specifies, except in the case that the server is imposing version integrity on updates/deletes.","","","","","","","","",,,,,"",,,,"Meta.versionId",0,1,"","ele-1:All FHIR elements must have a @value or children {hasValue() or (children().count() > id.count())}
"
"Condition.meta.lastUpdated","Condition.meta.lastUpdated","","","",0,1,"","","Y","instant {[]} {[]}
","When the resource version last changed","When the resource last changed - e.g. when the version changed.","This value is always populated except when the resource is first being created. The server / resource manager sets this value; what a client provides is irrelevant. This is equivalent to the HTTP Last-Modified and SHOULD have the same value on a [read](http://hl7.org/fhir/R4/http.html#read) interaction.","","","","","","","","",,,,,"",,,,"Meta.lastUpdated",0,1,"","ele-1:All FHIR elements must have a @value or children {hasValue() or (children().count() > id.count())}
"
"Condition.meta.source","Condition.meta.source","","","",0,1,"Y","","Y","uri {[]} {[]}
","Identifies where the resource comes from","A uri that identifies the source system of the resource. This provides a minimal amount of [Provenance](http://hl7.org/fhir/R4/provenance.html#) information that can be used to track or differentiate the source of information in the resource. The source may identify another FHIR server, document, message, database, etc.","In the provenance resource, this corresponds to Provenance.entity.what[x]. The exact use of the source (and the implied Provenance.entity.role) is left to implementer discretion. Only one nominated source is allowed; for additional provenance details, a full Provenance resource should be used. 

This element can be used to indicate where the current master source of a resource that has a canonical URL if the resource is no longer hosted at the canonical URL.","","","","","","","","",,,,,"",,,,"Meta.source",0,1,"","ele-1:All FHIR elements must have a @value or children {hasValue() or (children().count() > id.count())}
"
"Condition.meta.profile","Condition.meta.profile","","","",0,*,"Y","","Y","canonical {[]} {[CanonicalType[http://hl7.org/fhir/StructureDefinition/StructureDefinition|4.0.1]]}
","Profiles this resource claims to conform to","A list of profiles (references to [StructureDefinition](http://hl7.org/fhir/R4/structuredefinition.html#) resources) that this resource claims to conform to. The URL is a reference to [StructureDefinition.url](http://hl7.org/fhir/R4/structuredefinition-definitions.html#StructureDefinition.url).","It is up to the server and/or other infrastructure of policy to determine whether/how these claims are verified and/or updated over time.  The list of profile URLs is a set.","","","","","","","","",,,,,"",,,,"Meta.profile",0,*,"","ele-1:All FHIR elements must have a @value or children {hasValue() or (children().count() > id.count())}
"
"Condition.meta.security","Condition.meta.security","","","",0,*,"","","Y","Coding {[]} {[]}
","Security Labels applied to this resource","Security labels applied to this resource. These tags connect specific resources to the overall security policy and infrastructure.","The security labels can be updated without changing the stated version of the resource. The list of security labels is a set. Uniqueness is based the system/code, and version and display are ignored.","","","","","","","","",,"extensible","Security Labels from the Healthcare Privacy and Security Classification System.","http://hl7.org/fhir/ValueSet/security-labels|4.0.1","",,,,"Meta.security",0,*,"","ele-1:All FHIR elements must have a @value or children {hasValue() or (children().count() > id.count())}
"
"Condition.meta.tag","Condition.meta.tag","","","",0,*,"","","Y","Coding {[]} {[]}
","Tags applied to this resource","Tags applied to this resource. Tags are intended to be used to identify and relate resources to process and workflow, and applications are not required to consider the tags when interpreting the meaning of a resource.","The tags can be updated without changing the stated version of the resource. The list of tags is a set. Uniqueness is based the system/code, and version and display are ignored.","","","","","","","","",,"example","Codes that represent various types of tags, commonly workflow-related; e.g. ""Needs review by Dr. Jones"".","http://hl7.org/fhir/ValueSet/common-tags|4.0.1","",,,,"Meta.tag",0,*,"","ele-1:All FHIR elements must have a @value or children {hasValue() or (children().count() > id.count())}
"
"Condition.implicitRules","Condition.implicitRules","","","",0,1,"","Y","Y","uri {[]} {[]}
","A set of rules under which this content was created","A reference to a set of rules that were followed when the resource was constructed, and which must be understood when processing the content. Often, this is a reference to an implementation guide that defines the special rules along with other profiles etc.","Asserting this rule set restricts the content to be only understood by a limited set of trading partners. This inherently limits the usefulness of the data in the long term. However, the existing health eco-system is highly fractured, and not yet ready to define, collect, and exchange data in a generally computable sense. Wherever possible, implementers and/or specification writers should avoid using this element. Often, when used, the URL is a reference to an implementation guide that defines these special rules as part of it's narrative along with other profiles, value sets, etc.","","","","","","","","",,,,,"",,,,"Resource.implicitRules",0,1,"","ele-1:All FHIR elements must have a @value or children {hasValue() or (children().count() > id.count())}
"
"Condition.language","Condition.language","","","",0,1,"","","","code {[]} {[]}
","Language of the resource content","The base language in which the resource is written.","Language is provided to support indexing and accessibility (typically, services such as text to speech use the language tag). The html language tag in the narrative applies  to the narrative. The language tag on the resource may be used to specify the language of other presentations generated from the data in the resource. Not all the content has to be in the base language. The Resource.language should not be assumed to apply to the narrative automatically. If a language is specified, it should it also be specified on the div element in the html (see rules in HTML5 for information about the relationship between xml:lang and the html lang attribute).","","","","","","","","",,"preferred","A human language.","http://hl7.org/fhir/ValueSet/languages|4.0.1","",,,,"Resource.language",0,1,"","ele-1:All FHIR elements must have a @value or children {hasValue() or (children().count() > id.count())}
"
"Condition.text","Condition.text","","narrative
htmlxhtmldisplay","",0,1,"","","","Narrative {[]} {[]}
","Text summary of the resource, for human interpretation","A human-readable narrative that contains a summary of the resource and can be used to represent the content of the resource to a human. The narrative need not encode all the structured data, but is required to contain sufficient detail to make it ""clinically safe"" for a human to just read the narrative. Resource definitions may define what content should be represented in the narrative to ensure clinical safety.","Contained resources do not have narrative. Resources that are not contained SHOULD have a narrative. In some cases, a resource may only have text with little or no additional discrete data (as long as all minOccurs=1 elements are satisfied).  This may be necessary for data from legacy systems where information is captured as a ""text blob"" or where text is additionally entered raw or narrated and encoded information is added later.","","","","","","","","",,,,,"",,,,"DomainResource.text",0,1,"","ele-1:All FHIR elements must have a @value or children {hasValue() or (children().count() > id.count())}
"
"Condition.contained","Condition.contained","","inline resources
anonymous resourcescontained resources","",0,*,"","","","Resource {[]} {[]}
","Contained, inline Resources","These resources do not have an independent existence apart from the resource that contains them - they cannot be identified independently, and nor can they have their own independent transaction scope.","This should never be done when the content can be identified properly, as once identification is lost, it is extremely difficult (and context dependent) to restore it again. Contained resources may have profiles and tags In their meta elements, but SHALL NOT have security labels.","","","","","","","","",,,,,"",,,,"DomainResource.contained",0,*,"",""
"Condition.extension","Condition.extension","","","",1,*,"Y","","","Extension {[]} {[]}
","Extension","An Extension","","","","","","","","","",,,,,"","value:url}
","",,"open","DomainResource.extension",0,*,"","ele-1:All FHIR elements must have a @value or children {hasValue() or (children().count() > id.count())}
ext-1:Must have either extensions or value[x], not both {extension.exists() != value.exists()}"
"Condition.extension:ReferenzPrimaerdiagnose","Condition.extension","ReferenzPrimaerdiagnose","","",0,1,"Y","","","Extension {[CanonicalType[http://hl7.org/fhir/StructureDefinition/condition-related]]} {[]}
","Conditions associated with this condition","This condition has an unspecified relationship with another condition.","When the relationship is specified, use the more specific extension, such as condition-dueTo, condition-occurredFollowing, or condition-part of.","","","","","","","","",,,,,"",,,,"DomainResource.extension",0,*,"ele-1
","ele-1:All FHIR elements must have a @value or children {hasValue() or (children().count() > id.count())}
ext-1:Must have either extensions or value[x], not both {extension.exists() != value.exists()}"
"Condition.extension:ReferenzPrimaerdiagnose.id","Condition.extension.id","","","",0,1,"","","","string {[]} {[]}
","Unique id for inter-element referencing","Unique id for the element within a resource (for internal references). This may be any string value that does not contain spaces.","","","","","","","","","",,,,,"",,,,"Element.id",0,1,"",""
"Condition.extension:ReferenzPrimaerdiagnose.extension","Condition.extension.extension","","","",0,0,"","","","Extension {[]} {[]}
","Extension","An Extension","","","","","","","","","",,,,,"","value:url}
","Extensions are always sliced by (at least) url",,"open","Element.extension",0,*,"","ele-1:All FHIR elements must have a @value or children {hasValue() or (children().count() > id.count())}
ext-1:Must have either extensions or value[x], not both {extension.exists() != value.exists()}"
"Condition.extension:ReferenzPrimaerdiagnose.url","Condition.extension.url","","","",1,1,"Y","","","uri {[]} {[]}
","identifies the meaning of the extension","Source of the definition for the extension code - a logical name or a URL.","The definition may point directly to a computable or human-readable definition of the extensibility codes, or it may be a logical URI as declared in some other specification. The definition SHALL be a URI for the Structure Definition defining the extension.","","","","<valueUri xmlns=""http://hl7.org/fhir"" value=""http://hl7.org/fhir/StructureDefinition/condition-related""/>","","","","",,,,,"",,,,"Extension.url",1,1,"",""
"Condition.extension:ReferenzPrimaerdiagnose.value[x]","Condition.extension.value[x]","","","",1,1,"Y","","","Reference {[]} {[CanonicalType[http://hl7.org/fhir/StructureDefinition/Condition]]}
","Value of extension","Value of extension - must be one of a constrained set of the data types (see [Extensibility](http://hl7.org/fhir/R4/extensibility.html) for a list).","","","","","","","","","",,,,,"",,,,"Extension.value[x]",0,1,"","ele-1:All FHIR elements must have a @value or children {hasValue() or (children().count() > id.count())}
"
"Condition.extension:Feststellungsdatum","Condition.extension","Feststellungsdatum","","",1,1,"Y","","","Extension {[CanonicalType[http://hl7.org/fhir/StructureDefinition/condition-assertedDate]]} {[]}
","Date the condition was first asserted","The date on which the existence of the Condition was first asserted or acknowledged.","The assertedDate is in the context of the recording practitioner and might not be the same as the recordedDate.","","","","","","","","",,,,,"",,,,"DomainResource.extension",0,*,"ele-1
","ele-1:All FHIR elements must have a @value or children {hasValue() or (children().count() > id.count())}
ext-1:Must have either extensions or value[x], not both {extension.exists() != value.exists()}","5.6"
"Condition.extension:Feststellungsdatum.id","Condition.extension.id","","","",0,1,"","","","string {[]} {[]}
","Unique id for inter-element referencing","Unique id for the element within a resource (for internal references). This may be any string value that does not contain spaces.","","","","","","","","","",,,,,"",,,,"Element.id",0,1,"",""
"Condition.extension:Feststellungsdatum.extension","Condition.extension.extension","","","",0,0,"","","","Extension {[]} {[]}
","Extension","An Extension","","","","","","","","","",,,,,"","value:url}
","Extensions are always sliced by (at least) url",,"open","Element.extension",0,*,"","ele-1:All FHIR elements must have a @value or children {hasValue() or (children().count() > id.count())}
ext-1:Must have either extensions or value[x], not both {extension.exists() != value.exists()}"
"Condition.extension:Feststellungsdatum.url","Condition.extension.url","","","",1,1,"Y","","","uri {[]} {[]}
","identifies the meaning of the extension","Source of the definition for the extension code - a logical name or a URL.","The definition may point directly to a computable or human-readable definition of the extensibility codes, or it may be a logical URI as declared in some other specification. The definition SHALL be a URI for the Structure Definition defining the extension.","","","","<valueUri xmlns=""http://hl7.org/fhir"" value=""http://hl7.org/fhir/StructureDefinition/condition-assertedDate""/>","","","","",,,,,"",,,,"Extension.url",1,1,"",""
"Condition.extension:Feststellungsdatum.value[x]","Condition.extension.value[x]","","","",1,1,"Y","","","dateTime {[]} {[]}
","Value of extension","Value of extension - must be one of a constrained set of the data types (see [Extensibility](http://hl7.org/fhir/R4/extensibility.html) for a list).","","","","","","","","","",,,,,"",,,,"Extension.value[x]",0,1,"","ele-1:All FHIR elements must have a @value or children {hasValue() or (children().count() > id.count())}
"
"Condition.extension:morphology-behavior-icdo3","Condition.extension","morphology-behavior-icdo3","","",0,*,"Y","","","Extension {[CanonicalType[https://www.medizininformatik-initiative.de/fhir/ext/modul-onko/StructureDefinition/mii-ex-onko-histology-morphology-behavior-icdo3]]} {[]}
","ICD-O-Morphologie","Morphologie des Primärtumors nach ICD-O-3 nach 6.3 oBDS","An der Diagnose können mehrere Morphologie-Angaben stehen (0..*) — etwa bei gemischter Histologie oder Re-Klassifikation im Krankheitsverlauf. Befundbezogen wird jede Morphologie zusätzlich als Histologie-Observation (mii-pr-onko-histologie-icdo3) dokumentiert: dort genau eine Morphologie je Befund, mit Specimen- und Datumsbezug.","","","","","","","","",,,,,"",,,,"DomainResource.extension",0,*,"","ele-1:All FHIR elements must have a @value or children {hasValue() or (children().count() > id.count())}
ext-1:Must have either extensions or value[x], not both {extension.exists() != value.exists()}"
"Condition.extension:morphology-behavior-icdo3.id","Condition.extension.id","","","",0,1,"","","","string {[]} {[]}
","Unique id for inter-element referencing","Unique id for the element within a resource (for internal references). This may be any string value that does not contain spaces.","","","","","","","","","",,,,,"",,,,"Element.id",0,1,"",""
"Condition.extension:morphology-behavior-icdo3.extension","Condition.extension.extension","","","",0,0,"","","","Extension {[]} {[]}
","Extension","An Extension","","","","","","","","","",,,,,"","value:url}
","Extensions are always sliced by (at least) url",,"open","Element.extension",0,*,"","ele-1:All FHIR elements must have a @value or children {hasValue() or (children().count() > id.count())}
ext-1:Must have either extensions or value[x], not both {extension.exists() != value.exists()}"
"Condition.extension:morphology-behavior-icdo3.url","Condition.extension.url","","","",1,1,"","","","uri {[]} {[]}
","identifies the meaning of the extension","Source of the definition for the extension code - a logical name or a URL.","The definition may point directly to a computable or human-readable definition of the extensibility codes, or it may be a logical URI as declared in some other specification. The definition SHALL be a URI for the Structure Definition defining the extension.","","","","<valueUri xmlns=""http://hl7.org/fhir"" value=""https://www.medizininformatik-initiative.de/fhir/ext/modul-onko/StructureDefinition/mii-ex-onko-histology-morphology-behavior-icdo3""/>","","","","",,,,,"",,,,"Extension.url",1,1,"",""
"Condition.extension:morphology-behavior-icdo3.value[x]","Condition.extension.value[x]","","","",1,1,"","","","CodeableConcept {[]} {[]}
","Value of extension","Value of extension - must be one of a constrained set of the data types (see [Extensibility](http://hl7.org/fhir/R4/extensibility.html) for a list).","","","","","","","","","",,"required","","https://www.medizininformatik-initiative.de/fhir/ext/modul-onko/ValueSet/mii-vs-onko-icdo3-morphologie","",,,,"Extension.value[x]",0,1,"","ele-1:All FHIR elements must have a @value or children {hasValue() or (children().count() > id.count())}
"
"Condition.extension:morphology-behavior-icdo3.value[x].id","Condition.extension.value[x].id","","","",0,1,"","","","string {[]} {[]}
","Unique id for inter-element referencing","Unique id for the element within a resource (for internal references). This may be any string value that does not contain spaces.","","","","","","","","","",,,,,"",,,,"Element.id",0,1,"",""
"Condition.extension:morphology-behavior-icdo3.value[x].extension","Condition.extension.value[x].extension","","extensions
user content","",0,*,"","","","Extension {[]} {[]}
","Additional content defined by implementations","May be used to represent additional information that is not part of the basic definition of the element. To make the use of extensions safe and manageable, there is a strict set of governance  applied to the definition and use of extensions. Though any implementer can define an extension, there is a set of requirements that SHALL be met as part of the definition of the extension.","There can be no stigma associated with the use of extensions by any application, project, or standard - regardless of the institution or jurisdiction that uses or defines the extensions.  The use of extensions is what allows the FHIR specification to retain a core level of simplicity for everyone.","","","","","","","","",,,,,"","value:url}
","Extensions are always sliced by (at least) url",,"open","Element.extension",0,*,"","ele-1:All FHIR elements must have a @value or children {hasValue() or (children().count() > id.count())}
ext-1:Must have either extensions or value[x], not both {extension.exists() != value.exists()}"
"Condition.extension:morphology-behavior-icdo3.value[x].coding","Condition.extension.value[x].coding","","","",0,*,"","","Y","Coding {[]} {[]}
","Code defined by a terminology system","A reference to a code defined by a terminology system.","Codes may be defined very casually in enumerations, or code lists, up to very formal definitions such as SNOMED CT - see the HL7 v3 Core Principles for more information.  Ordering of codings is undefined and SHALL NOT be used to infer meaning. Generally, at most only one of the coding values will be labeled as UserSelected = true.","Allows for alternative encodings within a code system, and translations to other code systems.","","","","","","","",,,,,"",,,,"CodeableConcept.coding",0,*,"","ele-1:All FHIR elements must have a @value or children {hasValue() or (children().count() > id.count())}
","C*E.1-8, C*E.10-22"
"Condition.extension:morphology-behavior-icdo3.value[x].coding.id","Condition.extension.value[x].coding.id","","","",0,1,"","","","string {[]} {[]}
","Unique id for inter-element referencing","Unique id for the element within a resource (for internal references). This may be any string value that does not contain spaces.","","","","","","","","","",,,,,"",,,,"Element.id",0,1,"",""
"Condition.extension:morphology-behavior-icdo3.value[x].coding.extension","Condition.extension.value[x].coding.extension","","extensions
user content","",0,*,"","","","Extension {[]} {[]}
","Additional content defined by implementations","May be used to represent additional information that is not part of the basic definition of the element. To make the use of extensions safe and manageable, there is a strict set of governance  applied to the definition and use of extensions. Though any implementer can define an extension, there is a set of requirements that SHALL be met as part of the definition of the extension.","There can be no stigma associated with the use of extensions by any application, project, or standard - regardless of the institution or jurisdiction that uses or defines the extensions.  The use of extensions is what allows the FHIR specification to retain a core level of simplicity for everyone.","","","","","","","","",,,,,"","value:url}
","Extensions are always sliced by (at least) url",,"open","Element.extension",0,*,"","ele-1:All FHIR elements must have a @value or children {hasValue() or (children().count() > id.count())}
ext-1:Must have either extensions or value[x], not both {extension.exists() != value.exists()}"
"Condition.extension:morphology-behavior-icdo3.value[x].coding.system","Condition.extension.value[x].coding.system","","","",1,1,"","","Y","uri {[]} {[]}
","Identity of the terminology system","The identification of the code system that defines the meaning of the symbol in the code.","The URI may be an OID (urn:oid:...) or a UUID (urn:uuid:...).  OIDs and UUIDs SHALL be references to the HL7 OID registry. Otherwise, the URI should come from HL7's list of FHIR defined special URIs or it should reference to some definition that establishes the system clearly and unambiguously.","Need to be unambiguous about the source of the definition of the symbol.","","","<valueUri xmlns=""http://hl7.org/fhir"" value=""http://terminology.hl7.org/CodeSystem/icd-o-3""/>","","","","",,,,,"",,,,"Coding.system",0,1,"","ele-1:All FHIR elements must have a @value or children {hasValue() or (children().count() > id.count())}
","C*E.3"
"Condition.extension:morphology-behavior-icdo3.value[x].coding.version","Condition.extension.value[x].coding.version","","","",0,1,"","","Y","string {[]} {[]}
","Version of the system - if relevant","The version of the code system which was used when choosing this code. Note that a well-maintained code system does not need the version reported, because the meaning of codes is consistent across versions. However this cannot consistently be assured, and when the meaning is not guaranteed to be consistent, the version SHOULD be exchanged.","Where the terminology does not clearly define what string should be used to identify code system versions, the recommendation is to use the date (expressed in FHIR date format) on which that version was officially published as the version date.","","","","","","","","",,,,,"",,,,"Coding.version",0,1,"","ele-1:All FHIR elements must have a @value or children {hasValue() or (children().count() > id.count())}
","6.4","C*E.7"
"Condition.extension:morphology-behavior-icdo3.value[x].coding.code","Condition.extension.value[x].coding.code","","","",1,1,"","","Y","code {[]} {[]}
","Symbol in syntax defined by the system","A symbol in syntax defined by the system. The symbol may be a predefined code or an expression in a syntax defined by the coding system (e.g. post-coordination).","","Need to refer to a particular code in the system.","","","","","","","",,,,,"",,,,"Coding.code",0,1,"","ele-1:All FHIR elements must have a @value or children {hasValue() or (children().count() > id.count())}
","6.3","C*E.1"
"Condition.extension:morphology-behavior-icdo3.value[x].coding.display","Condition.extension.value[x].coding.display","","","",0,1,"","","Y","string {[]} {[]}
","Representation defined by the system","A representation of the meaning of the code in the system, following the rules of the system.","","Need to be able to carry a human-readable meaning of the code for readers that do not know  the system.","","","","","","","",,,,,"",,,,"Coding.display",0,1,"","ele-1:All FHIR elements must have a @value or children {hasValue() or (children().count() > id.count())}
","C*E.2 - but note this is not well followed"
"Condition.extension:morphology-behavior-icdo3.value[x].coding.userSelected","Condition.extension.value[x].coding.userSelected","","","",0,1,"","","Y","boolean {[]} {[]}
","If this coding was chosen directly by the user","Indicates that this coding was chosen by a user directly - e.g. off a pick list of available items (codes or displays).","Amongst a set of alternatives, a directly chosen code is the most appropriate starting point for new translations. There is some ambiguity about what exactly 'directly chosen' implies, and trading partner agreement may be needed to clarify the use of this element and its consequences more completely.","This has been identified as a clinical safety criterium - that this exact system/code pair was chosen explicitly, rather than inferred by the system based on some rules or language processing.","","","","","","","",,,,,"",,,,"Coding.userSelected",0,1,"","ele-1:All FHIR elements must have a @value or children {hasValue() or (children().count() > id.count())}
","Sometimes implied by being first"
"Condition.extension:morphology-behavior-icdo3.value[x].text","Condition.extension.value[x].text","","","",0,1,"Y","","Y","string {[]} {[]}
","Plain text representation of the concept","A human language representation of the concept as seen/selected/uttered by the user who entered the data and/or which represents the intended meaning of the user.","Very often the text is the same as a displayName of one of the codings.","The codes from the terminologies do not always capture the correct meaning with all the nuances of the human using them, or sometimes there is no appropriate code at all. In these cases, the text is used to capture the full meaning of the source.","","","","","","","",,,,,"",,,,"CodeableConcept.text",0,1,"","ele-1:All FHIR elements must have a @value or children {hasValue() or (children().count() > id.count())}
","6.5","C*E.9. But note many systems use C*E.2 for this"
"Condition.extension:occurredFollowing","Condition.extension","occurredFollowing","","",0,*,"Y","","","Extension {[CanonicalType[http://hl7.org/fhir/StructureDefinition/condition-occurredFollowing]]} {[]}
","Frühere Tumorerkrankungen (zeitliche Abfolge)","Verweis auf frühere Tumorerkrankungen, nach denen die aktuelle Diagnose aufgetreten ist — als registrierte onkologische Diagnose oder als nur anamnestisch bekannte frühere Tumorerkrankung. Rein zeitliche Abfolge; für Transformationen derselben Tumor-Linie ist die Extension transformationVon zu verwenden.","","","","","","","","","",,,,,"",,,,"DomainResource.extension",0,*,"","ele-1:All FHIR elements must have a @value or children {hasValue() or (children().count() > id.count())}
ext-1:Must have either extensions or value[x], not both {extension.exists() != value.exists()}"
"Condition.extension:occurredFollowing.id","Condition.extension.id","","","",0,1,"","","","string {[]} {[]}
","Unique id for inter-element referencing","Unique id for the element within a resource (for internal references). This may be any string value that does not contain spaces.","","","","","","","","","",,,,,"",,,,"Element.id",0,1,"",""
"Condition.extension:occurredFollowing.extension","Condition.extension.extension","","","",0,0,"","","","Extension {[]} {[]}
","Extension","An Extension","","","","","","","","","",,,,,"","value:url}
","Extensions are always sliced by (at least) url",,"open","Element.extension",0,*,"","ele-1:All FHIR elements must have a @value or children {hasValue() or (children().count() > id.count())}
ext-1:Must have either extensions or value[x], not both {extension.exists() != value.exists()}"
"Condition.extension:occurredFollowing.url","Condition.extension.url","","","",1,1,"","","","uri {[]} {[]}
","identifies the meaning of the extension","Source of the definition for the extension code - a logical name or a URL.","The definition may point directly to a computable or human-readable definition of the extensibility codes, or it may be a logical URI as declared in some other specification. The definition SHALL be a URI for the Structure Definition defining the extension.","","","","<valueUri xmlns=""http://hl7.org/fhir"" value=""http://hl7.org/fhir/StructureDefinition/condition-occurredFollowing""/>","","","","",,,,,"",,,,"Extension.url",1,1,"",""
"Condition.extension:occurredFollowing.value[x]","Condition.extension.value[x]","","","",1,1,"","","","CodeableConcept {[]} {[]}
Reference {[]} {[CanonicalType[http://hl7.org/fhir/StructureDefinition/Condition], CanonicalType[http://hl7.org/fhir/StructureDefinition/Procedure], CanonicalType[http://hl7.org/fhir/StructureDefinition/MedicationAdministration], CanonicalType[http://hl7.org/fhir/StructureDefinition/Immunization], CanonicalType[http://hl7.org/fhir/StructureDefinition/MedicationStatement]]}","Value of extension","Value of extension - must be one of a constrained set of the data types (see [Extensibility](http://hl7.org/fhir/R4/extensibility.html) for a list).","","","","","","","","","",,"example","Codes that describe activities or observations that occurred prior to the condition.","http://hl7.org/fhir/ValueSet/condition-predecessor","","type:$this}
","",,"open","Extension.value[x]",0,1,"","ele-1:All FHIR elements must have a @value or children {hasValue() or (children().count() > id.count())}
"
"Condition.extension:occurredFollowing.value[x]:valueReference","Condition.extension.value[x]","valueReference","","",0,1,"","","","Reference {[]} {[CanonicalType[https://www.medizininformatik-initiative.de/fhir/ext/modul-onko/StructureDefinition/mii-pr-onko-diagnose-primaertumor], CanonicalType[https://www.medizininformatik-initiative.de/fhir/ext/modul-onko/StructureDefinition/mii-pr-onko-fruehere-tumorerkrankung]]}
","Value of extension","Value of extension - must be one of a constrained set of the data types (see [Extensibility](http://hl7.org/fhir/R4/extensibility.html) for a list).","","","","","","","","","",,,,,"",,,,"Extension.value[x]",0,1,"","ele-1:All FHIR elements must have a @value or children {hasValue() or (children().count() > id.count())}
","5.9"
"Condition.extension:dueTo","Condition.extension","dueTo","","",0,*,"Y","","","Extension {[CanonicalType[http://hl7.org/fhir/StructureDefinition/condition-dueTo]]} {[]}
","Verursacht durch (therapieassoziierte Sekundärmalignome)","Verursachung dieser Diagnose durch eine frühere Erkrankung oder Therapie (HL7-Standardextension condition-dueTo) — z. B. therapiebedingte myeloische Neoplasie (9920/3) nach Chemotherapie (Verweis auf MedicationStatement) oder radiogenes Sarkom nach Strahlentherapie (Verweis auf Procedure). Nicht Teil des oBDS; Abgrenzung zu transformationVon (Linien-Kontinuität) siehe IG-Seite.","Although a condition may be caused by a substance, this is not intended to be used to record allergies/adverse reactions to substances.","","","","","","","","",,,,,"",,,,"DomainResource.extension",0,*,"","ele-1:All FHIR elements must have a @value or children {hasValue() or (children().count() > id.count())}
ext-1:Must have either extensions or value[x], not both {extension.exists() != value.exists()}"
"Condition.extension:dueTo.id","Condition.extension.id","","","",0,1,"","","","string {[]} {[]}
","Unique id for inter-element referencing","Unique id for the element within a resource (for internal references). This may be any string value that does not contain spaces.","","","","","","","","","",,,,,"",,,,"Element.id",0,1,"",""
"Condition.extension:dueTo.extension","Condition.extension.extension","","","",0,0,"","","","Extension {[]} {[]}
","Extension","An Extension","","","","","","","","","",,,,,"","value:url}
","Extensions are always sliced by (at least) url",,"open","Element.extension",0,*,"","ele-1:All FHIR elements must have a @value or children {hasValue() or (children().count() > id.count())}
ext-1:Must have either extensions or value[x], not both {extension.exists() != value.exists()}"
"Condition.extension:dueTo.url","Condition.extension.url","","","",1,1,"","","","uri {[]} {[]}
","identifies the meaning of the extension","Source of the definition for the extension code - a logical name or a URL.","The definition may point directly to a computable or human-readable definition of the extensibility codes, or it may be a logical URI as declared in some other specification. The definition SHALL be a URI for the Structure Definition defining the extension.","","","","<valueUri xmlns=""http://hl7.org/fhir"" value=""http://hl7.org/fhir/StructureDefinition/condition-dueTo""/>","","","","",,,,,"",,,,"Extension.url",1,1,"",""
"Condition.extension:dueTo.value[x]","Condition.extension.value[x]","","","",1,1,"","","","CodeableConcept {[]} {[]}
Reference {[]} {[CanonicalType[http://hl7.org/fhir/StructureDefinition/Condition], CanonicalType[http://hl7.org/fhir/StructureDefinition/Procedure], CanonicalType[http://hl7.org/fhir/StructureDefinition/MedicationAdministration], CanonicalType[http://hl7.org/fhir/StructureDefinition/Immunization], CanonicalType[http://hl7.org/fhir/StructureDefinition/MedicationStatement]]}","Value of extension","Value of extension - must be one of a constrained set of the data types (see [Extensibility](http://hl7.org/fhir/R4/extensibility.html) for a list).","","","","","","","","","",,"example","Codes that describe causes of patient conditions; e.g. Surgical mishap, escalation of a previous condition, etc.","http://hl7.org/fhir/ValueSet/condition-cause","","type:$this}
","",,"open","Extension.value[x]",0,1,"","ele-1:All FHIR elements must have a @value or children {hasValue() or (children().count() > id.count())}
"
"Condition.extension:dueTo.value[x]:valueReference","Condition.extension.value[x]","valueReference","","",0,1,"","","","Reference {[]} {[CanonicalType[https://www.medizininformatik-initiative.de/fhir/ext/modul-onko/StructureDefinition/mii-pr-onko-strahlentherapie], CanonicalType[https://www.medizininformatik-initiative.de/fhir/ext/modul-onko/StructureDefinition/mii-pr-onko-systemische-therapie], CanonicalType[https://www.medizininformatik-initiative.de/fhir/ext/modul-onko/StructureDefinition/mii-pr-onko-systemische-therapie-medikation], CanonicalType[https://www.medizininformatik-initiative.de/fhir/ext/modul-onko/StructureDefinition/mii-pr-onko-diagnose-primaertumor], CanonicalType[https://www.medizininformatik-initiative.de/fhir/ext/modul-onko/StructureDefinition/mii-pr-onko-fruehere-tumorerkrankung]]}
","Value of extension","Value of extension - must be one of a constrained set of the data types (see [Extensibility](http://hl7.org/fhir/R4/extensibility.html) for a list).","","","","","","","","","",,,,,"",,,,"Extension.value[x]",0,1,"","ele-1:All FHIR elements must have a @value or children {hasValue() or (children().count() > id.count())}
"
"Condition.extension:transformationVon","Condition.extension","transformationVon","","",0,*,"Y","","","Extension {[CanonicalType[https://www.medizininformatik-initiative.de/fhir/ext/modul-onko/StructureDefinition/mii-ex-onko-transformation-von]]} {[]}
","Transformation aus registriertem Primärtumor","Kennzeichnet diese Diagnose als Transformation aus einem bereits registrierten Primärtumor derselben Tumor-Linie — für Konstellationen, in denen das Krebsregister-Regelwerk eine neue Tumor-Entität führt (z. B. MDS → sekundäre AML, ZNS-Tumor /0 → /3). Die CUP-Auflösung nach der Best-Of-Regel (Manual Kap. 6.2) ist davon abzugrenzen: Dort wird dieselbe Entität aktualisiert (Tumor-ID und Diagnosedatum bleiben erhalten), es entsteht keine zweite Diagnose-Ressource.","","","","","","","","","",,,,,"",,,,"DomainResource.extension",0,*,"","ele-1:All FHIR elements must have a @value or children {hasValue() or (children().count() > id.count())}
ext-1:Must have either extensions or value[x], not both {extension.exists() != value.exists()}"
"Condition.modifierExtension","Condition.modifierExtension","","extensions
user content","",0,*,"","Y","","Extension {[]} {[]}
","Extensions that cannot be ignored","May be used to represent additional information that is not part of the basic definition of the resource and that modifies the understanding of the element that contains it and/or the understanding of the containing element's descendants. Usually modifier elements provide negation or qualification. To make the use of extensions safe and manageable, there is a strict set of governance applied to the definition and use of extensions. Though any implementer is allowed to define an extension, there is a set of requirements that SHALL be met as part of the definition of the extension. Applications processing a resource are required to check for modifier extensions.

Modifier extensions SHALL NOT change the meaning of any elements on Resource or DomainResource (including cannot change the meaning of modifierExtension itself).","There can be no stigma associated with the use of extensions by any application, project, or standard - regardless of the institution or jurisdiction that uses or defines the extensions.  The use of extensions is what allows the FHIR specification to retain a core level of simplicity for everyone.","Modifier extensions allow for extensions that *cannot* be safely ignored to be clearly distinguished from the vast majority of extensions which can be safely ignored.  This promotes interoperability by eliminating the need for implementers to prohibit the presence of extensions. For further information, see the [definition of modifier extensions](http://hl7.org/fhir/R4/extensibility.html#modifierExtension).","","","","","","","",,,,,"",,,,"DomainResource.modifierExtension",0,*,"","ele-1:All FHIR elements must have a @value or children {hasValue() or (children().count() > id.count())}
ext-1:Must have either extensions or value[x], not both {extension.exists() != value.exists()}"
"Condition.identifier","Condition.identifier","","","",0,*,"Y","","Y","Identifier {[]} {[]}
","Tumor-ID (Tumoridentität)","Lokale Tumor-Identität zur Bündelung aller Ressourcen eines Tumors (Therapie/Verlauf via reasonReference/focus) und zur Unterscheidung bei Mehrfachtumoren. In Primärsystemen als Klartext-ID nutzbar; für die MII-Nutzung MUSS dieser Identifier ebenfalls pseudonymisiert werden (analog zur Patienten-Pseudonymisierung, MII Base). Der Wert ist NICHT bundesweit eindeutig — 'system' ist standort-/quellspezifisch zu vergeben.","This is a business identifier, not a resource identifier (see [discussion](http://hl7.org/fhir/R4/resource.html#identifiers)).  It is best practice for the identifier to only appear on a single resource instance, however business practices may occasionally dictate that multiple resource instances with the same identifier can exist - possibly even with different resource types.  For example, multiple Patient and a Person resource instance might share the same social insurance number.","Allows identification of the condition as it is known by various participating systems and in a way that remains consistent across servers.","","","","","","","",,,,,"",,,,"Condition.identifier",0,*,"","ele-1:All FHIR elements must have a @value or children {hasValue() or (children().count() > id.count())}
","Event.identifier","FiveWs.identifier"
"Condition.identifier.id","Condition.identifier.id","","","",0,1,"","","","string {[]} {[]}
","Unique id for inter-element referencing","Unique id for the element within a resource (for internal references). This may be any string value that does not contain spaces.","","","","","","","","","",,,,,"",,,,"Element.id",0,1,"",""
"Condition.identifier.extension","Condition.identifier.extension","","extensions
user content","",0,*,"","","","Extension {[]} {[]}
","Additional content defined by implementations","May be used to represent additional information that is not part of the basic definition of the element. To make the use of extensions safe and manageable, there is a strict set of governance  applied to the definition and use of extensions. Though any implementer can define an extension, there is a set of requirements that SHALL be met as part of the definition of the extension.","There can be no stigma associated with the use of extensions by any application, project, or standard - regardless of the institution or jurisdiction that uses or defines the extensions.  The use of extensions is what allows the FHIR specification to retain a core level of simplicity for everyone.","","","","","","","","",,,,,"","value:url}
","Extensions are always sliced by (at least) url",,"open","Element.extension",0,*,"","ele-1:All FHIR elements must have a @value or children {hasValue() or (children().count() > id.count())}
ext-1:Must have either extensions or value[x], not both {extension.exists() != value.exists()}"
"Condition.identifier.use","Condition.identifier.use","","","",0,1,"","Y","Y","code {[]} {[]}
","usual | official | temp | secondary | old (If known)","The purpose of this identifier.","Applications can assume that an identifier is permanent unless it explicitly says that it is temporary.","Allows the appropriate identifier for a particular context of use to be selected from among a set of identifiers.","","","","","","","",,"required","Identifies the purpose for this identifier, if known .","http://hl7.org/fhir/ValueSet/identifier-use|4.0.1","",,,,"Identifier.use",0,1,"","ele-1:All FHIR elements must have a @value or children {hasValue() or (children().count() > id.count())}
","N/A"
"Condition.identifier.type","Condition.identifier.type","","","",0,1,"","","Y","CodeableConcept {[]} {[]}
","Description of identifier","A coded type for the identifier that can be used to determine which identifier to use for a specific purpose.","This element deals only with general categories of identifiers.  It SHOULD not be used for codes that correspond 1..1 with the Identifier.system. Some identifiers may fall into multiple categories due to common usage.   Where the system is known, a type is unnecessary because the type is always part of the system definition. However systems often need to handle identifiers where the system is not known. There is not a 1:1 relationship between type and system, since many different systems have the same type.","Allows users to make use of identifiers when the identifier system is not known.","","","","","","","",,"extensible","A coded type for an identifier that can be used to determine which identifier to use for a specific purpose.","http://hl7.org/fhir/ValueSet/identifier-type|4.0.1","",,,,"Identifier.type",0,1,"","ele-1:All FHIR elements must have a @value or children {hasValue() or (children().count() > id.count())}
","CX.5"
"Condition.identifier.system","Condition.identifier.system","","","",0,1,"Y","","Y","uri {[]} {[]}
","The namespace for the identifier value","Establishes the namespace for the value - that is, a URL that describes a set values that are unique.","Identifier.system is always case sensitive.","There are many sets  of identifiers.  To perform matching of two identifiers, we need to know what set we're dealing with. The system identifies a particular set of unique identifiers.","","","","","<valueUri xmlns=""http://hl7.org/fhir"" value=""http://www.acme.com/identifiers/patient""/>","","",,,,,"",,,,"Identifier.system",0,1,"","ele-1:All FHIR elements must have a @value or children {hasValue() or (children().count() > id.count())}
","CX.4 / EI-2-4"
"Condition.identifier.value","Condition.identifier.value","","","",0,1,"Y","","Y","string {[]} {[]}
","The value that is unique","The portion of the identifier typically relevant to the user and which is unique within the context of the system.","If the value is a full URI, then the system SHALL be urn:ietf:rfc:3986.  The value's primary purpose is computational mapping.  As a result, it may be normalized for comparison purposes (e.g. removing non-significant whitespace, dashes, etc.)  A value formatted for human display can be conveyed using the [Rendered Value extension](http://hl7.org/fhir/R4/extension-rendered-value.html). Identifier.value is to be treated as case sensitive unless knowledge of the Identifier.system allows the processer to be confident that non-case-sensitive processing is safe.","","","","","","<valueString xmlns=""http://hl7.org/fhir"" value=""123456""/>","","",,,,,"",,,,"Identifier.value",0,1,"","ele-1:All FHIR elements must have a @value or children {hasValue() or (children().count() > id.count())}
","CX.1 / EI.1"
"Condition.identifier.period","Condition.identifier.period","","","",0,1,"","","Y","Period {[]} {[]}
","Time period when id is/was valid for use","Time period during which identifier is/was valid for use.","","","","","","","","","",,,,,"",,,,"Identifier.period",0,1,"","ele-1:All FHIR elements must have a @value or children {hasValue() or (children().count() > id.count())}
","CX.7 + CX.8"
"Condition.identifier.assigner","Condition.identifier.assigner","","","",0,1,"","","Y","Reference {[]} {[CanonicalType[http://hl7.org/fhir/StructureDefinition/Organization|4.0.1]]}
","Organization that issued id (may be just text)","Organization that issued/manages the identifier.","The Identifier.assigner may omit the .reference element and only contain a .display element reflecting the name or other textual information about the assigning organization.","","","","","","","","",,,,,"",,,,"Identifier.assigner",0,1,"","ele-1:All FHIR elements must have a @value or children {hasValue() or (children().count() > id.count())}
","CX.4 / (CX.4,CX.9,CX.10)"
"Condition.clinicalStatus","Condition.clinicalStatus","","","",0,1,"Y","Y","Y","CodeableConcept {[]} {[]}
","Klinischer Status","aktiv | Rezidiv | Rückfall | inaktiv | Remission | abgeklungen","The data type is CodeableConcept because clinicalStatus has some clinical judgment involved, such that there might need to be more specificity than the required FHIR value set allows. For example, a SNOMED coding might allow for additional specificity.","","","","","","","","",,"required","The clinical status of the condition or diagnosis.","http://hl7.org/fhir/ValueSet/condition-clinical|4.0.1","",,,,"Condition.clinicalStatus",0,1,"con-3
con-4con-5","ele-1:All FHIR elements must have a @value or children {hasValue() or (children().count() > id.count())}
","KlinischerStatus","Event.status","< 303105007 |Disease phases|","PRB-14","FiveWs.status"
"Condition.clinicalStatus.id","Condition.clinicalStatus.id","","","",0,1,"","","","string {[]} {[]}
","Unique id for inter-element referencing","Unique id for the element within a resource (for internal references). This may be any string value that does not contain spaces.","","","","","","","","","",,,,,"",,,,"Element.id",0,1,"",""
"Condition.clinicalStatus.extension","Condition.clinicalStatus.extension","","extensions
user content","",0,*,"","","","Extension {[]} {[]}
","Additional content defined by implementations","May be used to represent additional information that is not part of the basic definition of the element. To make the use of extensions safe and manageable, there is a strict set of governance  applied to the definition and use of extensions. Though any implementer can define an extension, there is a set of requirements that SHALL be met as part of the definition of the extension.","There can be no stigma associated with the use of extensions by any application, project, or standard - regardless of the institution or jurisdiction that uses or defines the extensions.  The use of extensions is what allows the FHIR specification to retain a core level of simplicity for everyone.","","","","","","","","",,,,,"","value:url}
","Extensions are always sliced by (at least) url",,"open","Element.extension",0,*,"","ele-1:All FHIR elements must have a @value or children {hasValue() or (children().count() > id.count())}
ext-1:Must have either extensions or value[x], not both {extension.exists() != value.exists()}"
"Condition.clinicalStatus.coding","Condition.clinicalStatus.coding","","","",0,*,"Y","","Y","Coding {[]} {[]}
","Code defined by a terminology system","A reference to a code defined by a terminology system.","Codes may be defined very casually in enumerations, or code lists, up to very formal definitions such as SNOMED CT - see the HL7 v3 Core Principles for more information.  Ordering of codings is undefined and SHALL NOT be used to infer meaning. Generally, at most only one of the coding values will be labeled as UserSelected = true.","Allows for alternative encodings within a code system, and translations to other code systems.","","","","","","","",,,,,"",,,,"CodeableConcept.coding",0,*,"","ele-1:All FHIR elements must have a @value or children {hasValue() or (children().count() > id.count())}
","C*E.1-8, C*E.10-22"
"Condition.clinicalStatus.coding.id","Condition.clinicalStatus.coding.id","","","",0,1,"","","","string {[]} {[]}
","Unique id for inter-element referencing","Unique id for the element within a resource (for internal references). This may be any string value that does not contain spaces.","","","","","","","","","",,,,,"",,,,"Element.id",0,1,"",""
"Condition.clinicalStatus.coding.extension","Condition.clinicalStatus.coding.extension","","extensions
user content","",0,*,"","","","Extension {[]} {[]}
","Additional content defined by implementations","May be used to represent additional information that is not part of the basic definition of the element. To make the use of extensions safe and manageable, there is a strict set of governance  applied to the definition and use of extensions. Though any implementer can define an extension, there is a set of requirements that SHALL be met as part of the definition of the extension.","There can be no stigma associated with the use of extensions by any application, project, or standard - regardless of the institution or jurisdiction that uses or defines the extensions.  The use of extensions is what allows the FHIR specification to retain a core level of simplicity for everyone.","","","","","","","","",,,,,"","value:url}
","Extensions are always sliced by (at least) url",,"open","Element.extension",0,*,"","ele-1:All FHIR elements must have a @value or children {hasValue() or (children().count() > id.count())}
ext-1:Must have either extensions or value[x], not both {extension.exists() != value.exists()}"
"Condition.clinicalStatus.coding.system","Condition.clinicalStatus.coding.system","","","",0,1,"Y","","Y","uri {[]} {[]}
","Identity of the terminology system","The identification of the code system that defines the meaning of the symbol in the code.","The URI may be an OID (urn:oid:...) or a UUID (urn:uuid:...).  OIDs and UUIDs SHALL be references to the HL7 OID registry. Otherwise, the URI should come from HL7's list of FHIR defined special URIs or it should reference to some definition that establishes the system clearly and unambiguously.","Need to be unambiguous about the source of the definition of the symbol.","","","","","","","",,,,,"",,,,"Coding.system",0,1,"","ele-1:All FHIR elements must have a @value or children {hasValue() or (children().count() > id.count())}
","C*E.3"
"Condition.clinicalStatus.coding.version","Condition.clinicalStatus.coding.version","","","",0,1,"","","Y","string {[]} {[]}
","Version of the system - if relevant","The version of the code system which was used when choosing this code. Note that a well-maintained code system does not need the version reported, because the meaning of codes is consistent across versions. However this cannot consistently be assured, and when the meaning is not guaranteed to be consistent, the version SHOULD be exchanged.","Where the terminology does not clearly define what string should be used to identify code system versions, the recommendation is to use the date (expressed in FHIR date format) on which that version was officially published as the version date.","","","","","","","","",,,,,"",,,,"Coding.version",0,1,"","ele-1:All FHIR elements must have a @value or children {hasValue() or (children().count() > id.count())}
","C*E.7"
"Condition.clinicalStatus.coding.code","Condition.clinicalStatus.coding.code","","","",0,1,"Y","","Y","code {[]} {[]}
","Symbol in syntax defined by the system","A symbol in syntax defined by the system. The symbol may be a predefined code or an expression in a syntax defined by the coding system (e.g. post-coordination).","","Need to refer to a particular code in the system.","","","","","","","",,,,,"",,,,"Coding.code",0,1,"","ele-1:All FHIR elements must have a @value or children {hasValue() or (children().count() > id.count())}
","C*E.1"
"Condition.clinicalStatus.coding.display","Condition.clinicalStatus.coding.display","","","",0,1,"","","Y","string {[]} {[]}
","Representation defined by the system","A representation of the meaning of the code in the system, following the rules of the system.","","Need to be able to carry a human-readable meaning of the code for readers that do not know  the system.","","","","","","","",,,,,"",,,,"Coding.display",0,1,"","ele-1:All FHIR elements must have a @value or children {hasValue() or (children().count() > id.count())}
","C*E.2 - but note this is not well followed"
"Condition.clinicalStatus.coding.userSelected","Condition.clinicalStatus.coding.userSelected","","","",0,1,"","","Y","boolean {[]} {[]}
","If this coding was chosen directly by the user","Indicates that this coding was chosen by a user directly - e.g. off a pick list of available items (codes or displays).","Amongst a set of alternatives, a directly chosen code is the most appropriate starting point for new translations. There is some ambiguity about what exactly 'directly chosen' implies, and trading partner agreement may be needed to clarify the use of this element and its consequences more completely.","This has been identified as a clinical safety criterium - that this exact system/code pair was chosen explicitly, rather than inferred by the system based on some rules or language processing.","","","","","","","",,,,,"",,,,"Coding.userSelected",0,1,"","ele-1:All FHIR elements must have a @value or children {hasValue() or (children().count() > id.count())}
","Sometimes implied by being first"
"Condition.clinicalStatus.text","Condition.clinicalStatus.text","","","",0,1,"","","Y","string {[]} {[]}
","Plain text representation of the concept","A human language representation of the concept as seen/selected/uttered by the user who entered the data and/or which represents the intended meaning of the user.","Very often the text is the same as a displayName of one of the codings.","The codes from the terminologies do not always capture the correct meaning with all the nuances of the human using them, or sometimes there is no appropriate code at all. In these cases, the text is used to capture the full meaning of the source.","","","","","","","",,,,,"",,,,"CodeableConcept.text",0,1,"","ele-1:All FHIR elements must have a @value or children {hasValue() or (children().count() > id.count())}
","C*E.9. But note many systems use C*E.2 for this"
"Condition.verificationStatus","Condition.verificationStatus","","","",0,1,"Y","Y","Y","CodeableConcept {[]} {[]}
","Verifizierungsstatus","unbestätigt | vorläufig | differential | bestätigt | widerlegt | fehlerhafte Eingabe","verificationStatus is not required.  For example, when a patient has abdominal pain in the ED, there is not likely going to be a verification status.
The data type is CodeableConcept because verificationStatus has some clinical judgment involved, such that there might need to be more specificity than the required FHIR value set allows. For example, a SNOMED coding might allow for additional specificity.","","","","","","","","",,"required","The verification status to support or decline the clinical status of the condition or diagnosis.","http://hl7.org/fhir/ValueSet/condition-ver-status|4.0.1","",,,,"Condition.verificationStatus",0,1,"con-3
con-5","ele-1:All FHIR elements must have a @value or children {hasValue() or (children().count() > id.count())}
","Event.status","< 410514004 |Finding context value|","PRB-13","FiveWs.status","408729009"
"Condition.verificationStatus.id","Condition.verificationStatus.id","","","",0,1,"","","","string {[]} {[]}
","Unique id for inter-element referencing","Unique id for the element within a resource (for internal references). This may be any string value that does not contain spaces.","","","","","","","","","",,,,,"",,,,"Element.id",0,1,"",""
"Condition.verificationStatus.extension","Condition.verificationStatus.extension","","extensions
user content","",0,*,"","","","Extension {[]} {[]}
","Additional content defined by implementations","May be used to represent additional information that is not part of the basic definition of the element. To make the use of extensions safe and manageable, there is a strict set of governance  applied to the definition and use of extensions. Though any implementer can define an extension, there is a set of requirements that SHALL be met as part of the definition of the extension.","There can be no stigma associated with the use of extensions by any application, project, or standard - regardless of the institution or jurisdiction that uses or defines the extensions.  The use of extensions is what allows the FHIR specification to retain a core level of simplicity for everyone.","","","","","","","","",,,,,"","value:url}
","Extensions are always sliced by (at least) url",,"open","Element.extension",0,*,"","ele-1:All FHIR elements must have a @value or children {hasValue() or (children().count() > id.count())}
ext-1:Must have either extensions or value[x], not both {extension.exists() != value.exists()}"
"Condition.verificationStatus.coding","Condition.verificationStatus.coding","","","",0,*,"Y","","Y","Coding {[]} {[]}
","Code defined by a terminology system","A reference to a code defined by a terminology system.","Codes may be defined very casually in enumerations, or code lists, up to very formal definitions such as SNOMED CT - see the HL7 v3 Core Principles for more information.  Ordering of codings is undefined and SHALL NOT be used to infer meaning. Generally, at most only one of the coding values will be labeled as UserSelected = true.","Allows for alternative encodings within a code system, and translations to other code systems.","","","","","","","",,,,,"","pattern:$this}
","",,"open","CodeableConcept.coding",0,*,"","ele-1:All FHIR elements must have a @value or children {hasValue() or (children().count() > id.count())}
","C*E.1-8, C*E.10-22"
"Condition.verificationStatus.coding.id","Condition.verificationStatus.coding.id","","","",0,1,"","","","string {[]} {[]}
","Unique id for inter-element referencing","Unique id for the element within a resource (for internal references). This may be any string value that does not contain spaces.","","","","","","","","","",,,,,"",,,,"Element.id",0,1,"",""
"Condition.verificationStatus.coding.extension","Condition.verificationStatus.coding.extension","","extensions
user content","",0,*,"","","","Extension {[]} {[]}
","Additional content defined by implementations","May be used to represent additional information that is not part of the basic definition of the element. To make the use of extensions safe and manageable, there is a strict set of governance  applied to the definition and use of extensions. Though any implementer can define an extension, there is a set of requirements that SHALL be met as part of the definition of the extension.","There can be no stigma associated with the use of extensions by any application, project, or standard - regardless of the institution or jurisdiction that uses or defines the extensions.  The use of extensions is what allows the FHIR specification to retain a core level of simplicity for everyone.","","","","","","","","",,,,,"","value:url}
","Extensions are always sliced by (at least) url",,"open","Element.extension",0,*,"","ele-1:All FHIR elements must have a @value or children {hasValue() or (children().count() > id.count())}
ext-1:Must have either extensions or value[x], not both {extension.exists() != value.exists()}"
"Condition.verificationStatus.coding.system","Condition.verificationStatus.coding.system","","","",0,1,"Y","","Y","uri {[]} {[]}
","Identity of the terminology system","The identification of the code system that defines the meaning of the symbol in the code.","The URI may be an OID (urn:oid:...) or a UUID (urn:uuid:...).  OIDs and UUIDs SHALL be references to the HL7 OID registry. Otherwise, the URI should come from HL7's list of FHIR defined special URIs or it should reference to some definition that establishes the system clearly and unambiguously.","Need to be unambiguous about the source of the definition of the symbol.","","","","","","","",,,,,"",,,,"Coding.system",0,1,"","ele-1:All FHIR elements must have a @value or children {hasValue() or (children().count() > id.count())}
","C*E.3"
"Condition.verificationStatus.coding.version","Condition.verificationStatus.coding.version","","","",0,1,"","","Y","string {[]} {[]}
","Version of the system - if relevant","The version of the code system which was used when choosing this code. Note that a well-maintained code system does not need the version reported, because the meaning of codes is consistent across versions. However this cannot consistently be assured, and when the meaning is not guaranteed to be consistent, the version SHOULD be exchanged.","Where the terminology does not clearly define what string should be used to identify code system versions, the recommendation is to use the date (expressed in FHIR date format) on which that version was officially published as the version date.","","","","","","","","",,,,,"",,,,"Coding.version",0,1,"","ele-1:All FHIR elements must have a @value or children {hasValue() or (children().count() > id.count())}
","C*E.7"
"Condition.verificationStatus.coding.code","Condition.verificationStatus.coding.code","","","",0,1,"Y","","Y","code {[]} {[]}
","Symbol in syntax defined by the system","A symbol in syntax defined by the system. The symbol may be a predefined code or an expression in a syntax defined by the coding system (e.g. post-coordination).","","Need to refer to a particular code in the system.","","","","","","","",,,,,"",,,,"Coding.code",0,1,"","ele-1:All FHIR elements must have a @value or children {hasValue() or (children().count() > id.count())}
","C*E.1"
"Condition.verificationStatus.coding.display","Condition.verificationStatus.coding.display","","","",0,1,"","","Y","string {[]} {[]}
","Representation defined by the system","A representation of the meaning of the code in the system, following the rules of the system.","","Need to be able to carry a human-readable meaning of the code for readers that do not know  the system.","","","","","","","",,,,,"",,,,"Coding.display",0,1,"","ele-1:All FHIR elements must have a @value or children {hasValue() or (children().count() > id.count())}
","C*E.2 - but note this is not well followed"
"Condition.verificationStatus.coding.userSelected","Condition.verificationStatus.coding.userSelected","","","",0,1,"","","Y","boolean {[]} {[]}
","If this coding was chosen directly by the user","Indicates that this coding was chosen by a user directly - e.g. off a pick list of available items (codes or displays).","Amongst a set of alternatives, a directly chosen code is the most appropriate starting point for new translations. There is some ambiguity about what exactly 'directly chosen' implies, and trading partner agreement may be needed to clarify the use of this element and its consequences more completely.","This has been identified as a clinical safety criterium - that this exact system/code pair was chosen explicitly, rather than inferred by the system based on some rules or language processing.","","","","","","","",,,,,"",,,,"Coding.userSelected",0,1,"","ele-1:All FHIR elements must have a @value or children {hasValue() or (children().count() > id.count())}
","Sometimes implied by being first"
"Condition.verificationStatus.coding:condition-ver-status","Condition.verificationStatus.coding","condition-ver-status","","",0,1,"Y","","Y","Coding {[]} {[]}
","Code defined by a terminology system","A reference to a code defined by a terminology system.","Codes may be defined very casually in enumerations, or code lists, up to very formal definitions such as SNOMED CT - see the HL7 v3 Core Principles for more information.  Ordering of codings is undefined and SHALL NOT be used to infer meaning. Generally, at most only one of the coding values will be labeled as UserSelected = true.","Allows for alternative encodings within a code system, and translations to other code systems.","","","","<valueCoding xmlns=""http://hl7.org/fhir"">
  <system value=""http://terminology.hl7.org/CodeSystem/condition-ver-status""/>
</valueCoding>","","","",,"required","","http://hl7.org/fhir/ValueSet/condition-ver-status","",,,,"CodeableConcept.coding",0,*,"","ele-1:All FHIR elements must have a @value or children {hasValue() or (children().count() > id.count())}
","C*E.1-8, C*E.10-22"
"Condition.verificationStatus.coding:condition-ver-status.id","Condition.verificationStatus.coding.id","","","",0,1,"","","","string {[]} {[]}
","Unique id for inter-element referencing","Unique id for the element within a resource (for internal references). This may be any string value that does not contain spaces.","","","","","","","","","",,,,,"",,,,"Element.id",0,1,"",""
"Condition.verificationStatus.coding:condition-ver-status.extension","Condition.verificationStatus.coding.extension","","extensions
user content","",0,*,"","","","Extension {[]} {[]}
","Additional content defined by implementations","May be used to represent additional information that is not part of the basic definition of the element. To make the use of extensions safe and manageable, there is a strict set of governance  applied to the definition and use of extensions. Though any implementer can define an extension, there is a set of requirements that SHALL be met as part of the definition of the extension.","There can be no stigma associated with the use of extensions by any application, project, or standard - regardless of the institution or jurisdiction that uses or defines the extensions.  The use of extensions is what allows the FHIR specification to retain a core level of simplicity for everyone.","","","","","","","","",,,,,"","value:url}
","Extensions are always sliced by (at least) url",,"open","Element.extension",0,*,"","ele-1:All FHIR elements must have a @value or children {hasValue() or (children().count() > id.count())}
ext-1:Must have either extensions or value[x], not both {extension.exists() != value.exists()}"
"Condition.verificationStatus.coding:condition-ver-status.system","Condition.verificationStatus.coding.system","","","",0,1,"Y","","Y","uri {[]} {[]}
","Identity of the terminology system","The identification of the code system that defines the meaning of the symbol in the code.","The URI may be an OID (urn:oid:...) or a UUID (urn:uuid:...).  OIDs and UUIDs SHALL be references to the HL7 OID registry. Otherwise, the URI should come from HL7's list of FHIR defined special URIs or it should reference to some definition that establishes the system clearly and unambiguously.","Need to be unambiguous about the source of the definition of the symbol.","","","","","","","",,,,,"",,,,"Coding.system",0,1,"","ele-1:All FHIR elements must have a @value or children {hasValue() or (children().count() > id.count())}
","C*E.3"
"Condition.verificationStatus.coding:condition-ver-status.version","Condition.verificationStatus.coding.version","","","",0,1,"","","Y","string {[]} {[]}
","Version of the system - if relevant","The version of the code system which was used when choosing this code. Note that a well-maintained code system does not need the version reported, because the meaning of codes is consistent across versions. However this cannot consistently be assured, and when the meaning is not guaranteed to be consistent, the version SHOULD be exchanged.","Where the terminology does not clearly define what string should be used to identify code system versions, the recommendation is to use the date (expressed in FHIR date format) on which that version was officially published as the version date.","","","","","","","","",,,,,"",,,,"Coding.version",0,1,"","ele-1:All FHIR elements must have a @value or children {hasValue() or (children().count() > id.count())}
","C*E.7"
"Condition.verificationStatus.coding:condition-ver-status.code","Condition.verificationStatus.coding.code","","","",0,1,"Y","","Y","code {[]} {[]}
","Symbol in syntax defined by the system","A symbol in syntax defined by the system. The symbol may be a predefined code or an expression in a syntax defined by the coding system (e.g. post-coordination).","","Need to refer to a particular code in the system.","","","","","","","",,,,,"",,,,"Coding.code",0,1,"","ele-1:All FHIR elements must have a @value or children {hasValue() or (children().count() > id.count())}
","C*E.1"
"Condition.verificationStatus.coding:condition-ver-status.display","Condition.verificationStatus.coding.display","","","",0,1,"","","Y","string {[]} {[]}
","Representation defined by the system","A representation of the meaning of the code in the system, following the rules of the system.","","Need to be able to carry a human-readable meaning of the code for readers that do not know  the system.","","","","","","","",,,,,"",,,,"Coding.display",0,1,"","ele-1:All FHIR elements must have a @value or children {hasValue() or (children().count() > id.count())}
","C*E.2 - but note this is not well followed"
"Condition.verificationStatus.coding:condition-ver-status.userSelected","Condition.verificationStatus.coding.userSelected","","","",0,1,"","","Y","boolean {[]} {[]}
","If this coding was chosen directly by the user","Indicates that this coding was chosen by a user directly - e.g. off a pick list of available items (codes or displays).","Amongst a set of alternatives, a directly chosen code is the most appropriate starting point for new translations. There is some ambiguity about what exactly 'directly chosen' implies, and trading partner agreement may be needed to clarify the use of this element and its consequences more completely.","This has been identified as a clinical safety criterium - that this exact system/code pair was chosen explicitly, rather than inferred by the system based on some rules or language processing.","","","","","","","",,,,,"",,,,"Coding.userSelected",0,1,"","ele-1:All FHIR elements must have a @value or children {hasValue() or (children().count() > id.count())}
","Sometimes implied by being first"
"Condition.verificationStatus.coding:primaertumorDiagnosesicherung","Condition.verificationStatus.coding","primaertumorDiagnosesicherung","","",0,1,"Y","","Y","Coding {[]} {[]}
","Diagnosesicherung gemäß oBDS","Art der Diagnosesicherung nach 5.7 oBDS 2021","Codes may be defined very casually in enumerations, or code lists, up to very formal definitions such as SNOMED CT - see the HL7 v3 Core Principles for more information.  Ordering of codings is undefined and SHALL NOT be used to infer meaning. Generally, at most only one of the coding values will be labeled as UserSelected = true.","Allows for alternative encodings within a code system, and translations to other code systems.","","","","<valueCoding xmlns=""http://hl7.org/fhir"">
  <system value=""https://www.medizininformatik-initiative.de/fhir/ext/modul-onko/CodeSystem/mii-cs-onko-primaertumor-diagnosesicherung""/>
</valueCoding>","","","",,"required","","https://www.medizininformatik-initiative.de/fhir/ext/modul-onko/ValueSet/mii-vs-onko-primaertumor-diagnosesicherung","",,,,"CodeableConcept.coding",0,*,"","ele-1:All FHIR elements must have a @value or children {hasValue() or (children().count() > id.count())}
","C*E.1-8, C*E.10-22"
"Condition.verificationStatus.coding:primaertumorDiagnosesicherung.id","Condition.verificationStatus.coding.id","","","",0,1,"","","","string {[]} {[]}
","Unique id for inter-element referencing","Unique id for the element within a resource (for internal references). This may be any string value that does not contain spaces.","","","","","","","","","",,,,,"",,,,"Element.id",0,1,"",""
"Condition.verificationStatus.coding:primaertumorDiagnosesicherung.extension","Condition.verificationStatus.coding.extension","","extensions
user content","",0,*,"","","","Extension {[]} {[]}
","Additional content defined by implementations","May be used to represent additional information that is not part of the basic definition of the element. To make the use of extensions safe and manageable, there is a strict set of governance  applied to the definition and use of extensions. Though any implementer can define an extension, there is a set of requirements that SHALL be met as part of the definition of the extension.","There can be no stigma associated with the use of extensions by any application, project, or standard - regardless of the institution or jurisdiction that uses or defines the extensions.  The use of extensions is what allows the FHIR specification to retain a core level of simplicity for everyone.","","","","","","","","",,,,,"","value:url}
","Extensions are always sliced by (at least) url",,"open","Element.extension",0,*,"","ele-1:All FHIR elements must have a @value or children {hasValue() or (children().count() > id.count())}
ext-1:Must have either extensions or value[x], not both {extension.exists() != value.exists()}"
"Condition.verificationStatus.coding:primaertumorDiagnosesicherung.system","Condition.verificationStatus.coding.system","","","",1,1,"Y","","Y","uri {[]} {[]}
","Identity of the terminology system","The identification of the code system that defines the meaning of the symbol in the code.","The URI may be an OID (urn:oid:...) or a UUID (urn:uuid:...).  OIDs and UUIDs SHALL be references to the HL7 OID registry. Otherwise, the URI should come from HL7's list of FHIR defined special URIs or it should reference to some definition that establishes the system clearly and unambiguously.","Need to be unambiguous about the source of the definition of the symbol.","","","","","","","",,,,,"",,,,"Coding.system",0,1,"","ele-1:All FHIR elements must have a @value or children {hasValue() or (children().count() > id.count())}
","C*E.3"
"Condition.verificationStatus.coding:primaertumorDiagnosesicherung.version","Condition.verificationStatus.coding.version","","","",0,1,"","","Y","string {[]} {[]}
","Version of the system - if relevant","The version of the code system which was used when choosing this code. Note that a well-maintained code system does not need the version reported, because the meaning of codes is consistent across versions. However this cannot consistently be assured, and when the meaning is not guaranteed to be consistent, the version SHOULD be exchanged.","Where the terminology does not clearly define what string should be used to identify code system versions, the recommendation is to use the date (expressed in FHIR date format) on which that version was officially published as the version date.","","","","","","","","",,,,,"",,,,"Coding.version",0,1,"","ele-1:All FHIR elements must have a @value or children {hasValue() or (children().count() > id.count())}
","C*E.7"
"Condition.verificationStatus.coding:primaertumorDiagnosesicherung.code","Condition.verificationStatus.coding.code","","","",1,1,"Y","","Y","code {[]} {[]}
","Symbol in syntax defined by the system","A symbol in syntax defined by the system. The symbol may be a predefined code or an expression in a syntax defined by the coding system (e.g. post-coordination).","","Need to refer to a particular code in the system.","","","","","","","",,,,,"",,,,"Coding.code",0,1,"","ele-1:All FHIR elements must have a @value or children {hasValue() or (children().count() > id.count())}
","5.7","C*E.1"
"Condition.verificationStatus.coding:primaertumorDiagnosesicherung.display","Condition.verificationStatus.coding.display","","","",0,1,"","","Y","string {[]} {[]}
","Representation defined by the system","A representation of the meaning of the code in the system, following the rules of the system.","","Need to be able to carry a human-readable meaning of the code for readers that do not know  the system.","","","","","","","",,,,,"",,,,"Coding.display",0,1,"","ele-1:All FHIR elements must have a @value or children {hasValue() or (children().count() > id.count())}
","C*E.2 - but note this is not well followed"
"Condition.verificationStatus.coding:primaertumorDiagnosesicherung.userSelected","Condition.verificationStatus.coding.userSelected","","","",0,1,"","","Y","boolean {[]} {[]}
","If this coding was chosen directly by the user","Indicates that this coding was chosen by a user directly - e.g. off a pick list of available items (codes or displays).","Amongst a set of alternatives, a directly chosen code is the most appropriate starting point for new translations. There is some ambiguity about what exactly 'directly chosen' implies, and trading partner agreement may be needed to clarify the use of this element and its consequences more completely.","This has been identified as a clinical safety criterium - that this exact system/code pair was chosen explicitly, rather than inferred by the system based on some rules or language processing.","","","","","","","",,,,,"",,,,"Coding.userSelected",0,1,"","ele-1:All FHIR elements must have a @value or children {hasValue() or (children().count() > id.count())}
","Sometimes implied by being first"
"Condition.verificationStatus.text","Condition.verificationStatus.text","","","",0,1,"","","Y","string {[]} {[]}
","Plain text representation of the concept","A human language representation of the concept as seen/selected/uttered by the user who entered the data and/or which represents the intended meaning of the user.","Very often the text is the same as a displayName of one of the codings.","The codes from the terminologies do not always capture the correct meaning with all the nuances of the human using them, or sometimes there is no appropriate code at all. In these cases, the text is used to capture the full meaning of the source.","","","","","","","",,,,,"",,,,"CodeableConcept.text",0,1,"","ele-1:All FHIR elements must have a @value or children {hasValue() or (children().count() > id.count())}
","C*E.9. But note many systems use C*E.2 for this"
"Condition.category","Condition.category","","","",1,*,"","","","CodeableConcept {[]} {[]}
","problem-list-item | encounter-diagnosis","A category assigned to the condition.","The categorization is often highly contextual and may appear poorly differentiated or not very useful in other contexts.","","","","","","","","",,"extensible","A category assigned to the condition.","http://hl7.org/fhir/ValueSet/condition-category|4.0.1","","pattern:$this}
","",,"open","Condition.category",0,*,"","ele-1:All FHIR elements must have a @value or children {hasValue() or (children().count() > id.count())}
","< 404684003 |Clinical finding|","'problem' if from PRB-3. 'diagnosis' if from DG1 segment in PV1 message","FiveWs.class"
"Condition.category:onkologie","Condition.category","onkologie","","",1,1,"Y","","","CodeableConcept {[]} {[]}
","Onkologie-Kennzeichnung","Kennzeichnet die Diagnose als onkologische Diagnose des KDS-Moduls Onkologie und macht sie über die category-Suche auffindbar","The categorization is often highly contextual and may appear poorly differentiated or not very useful in other contexts.","","","","","<valueCodeableConcept xmlns=""http://hl7.org/fhir"">
  <coding>
    <system value=""http://snomed.info/sct""/>
    <code value=""55342001""/>
    <display value=""Neoplastic disease""/>
  </coding>
</valueCodeableConcept>","","","",,"extensible","A category assigned to the condition.","http://hl7.org/fhir/ValueSet/condition-category|4.0.1","",,,,"Condition.category",0,*,"","ele-1:All FHIR elements must have a @value or children {hasValue() or (children().count() > id.count())}
","< 404684003 |Clinical finding|","'problem' if from PRB-3. 'diagnosis' if from DG1 segment in PV1 message","FiveWs.class"
"Condition.severity","Condition.severity","","","",0,1,"","","","CodeableConcept {[]} {[]}
","Subjective severity of condition","A subjective assessment of the severity of the condition as evaluated by the clinician.","Coding of the severity with a terminology is preferred, where possible.","","","","","","","","",,"preferred","A subjective assessment of the severity of the condition as evaluated by the clinician.","http://hl7.org/fhir/ValueSet/condition-severity|4.0.1","",,,,"Condition.severity",0,1,"","ele-1:All FHIR elements must have a @value or children {hasValue() or (children().count() > id.count())}
","< 272141005 |Severities|","PRB-26 / ABS-3","FiveWs.grade","246112005"
"Condition.code","Condition.code","","type
","",1,1,"Y","","Y","CodeableConcept {[]} {[]}
","Code","Ein ICD-10-, Alpha-ID-, SNOMED-, Orpha- oder anderer Code, der die Diagnose identifiziert.","","0..1 to account for primarily narrative only resources.","","","","","","","",,"example","Identification of the condition or diagnosis.","http://hl7.org/fhir/ValueSet/condition-code|4.0.1","",,,,"Condition.code",0,1,"","ele-1:All FHIR elements must have a @value or children {hasValue() or (children().count() > id.count())}
","Event.code","code 246090004 |Associated finding| (< 404684003 |Clinical finding| MINUS
<< 420134006 |Propensity to adverse reactions| MINUS 
<< 473010000 |Hypersensitivity condition| MINUS 
<< 79899007 |Drug interaction| MINUS
<< 69449002 |Drug action| MINUS 
<< 441742003 |Evaluation finding| MINUS 
<< 307824009 |Administrative status| MINUS 
<< 385356007 |Tumor stage finding|) 
OR < 413350009 |Finding with explicit context|
OR < 272379006 |Event|","PRB-3","FiveWs.what[x]","246090004"
"Condition.code.id","Condition.code.id","","","",0,1,"","","","string {[]} {[]}
","Unique id for inter-element referencing","Unique id for the element within a resource (for internal references). This may be any string value that does not contain spaces.","","","","","","","","","",,,,,"",,,,"Element.id",0,1,"",""
"Condition.code.extension","Condition.code.extension","","extensions
user content","",0,*,"","","","Extension {[]} {[]}
","Additional content defined by implementations","May be used to represent additional information that is not part of the basic definition of the element. To make the use of extensions safe and manageable, there is a strict set of governance  applied to the definition and use of extensions. Though any implementer can define an extension, there is a set of requirements that SHALL be met as part of the definition of the extension.","There can be no stigma associated with the use of extensions by any application, project, or standard - regardless of the institution or jurisdiction that uses or defines the extensions.  The use of extensions is what allows the FHIR specification to retain a core level of simplicity for everyone.","","","","","","","","",,,,,"","value:url}
","Extensions are always sliced by (at least) url",,"open","Element.extension",0,*,"","ele-1:All FHIR elements must have a @value or children {hasValue() or (children().count() > id.count())}
ext-1:Must have either extensions or value[x], not both {extension.exists() != value.exists()}"
"Condition.code.coding","Condition.code.coding","","","",1,*,"Y","","Y","Coding {[]} {[]}
","Code defined by a terminology system","A reference to a code defined by a terminology system.","Codes may be defined very casually in enumerations, or code lists, up to very formal definitions such as SNOMED CT - see the HL7 v3 Core Principles for more information.  Ordering of codings is undefined and SHALL NOT be used to infer meaning. Generally, at most only one of the coding values will be labeled as UserSelected = true.","Allows for alternative encodings within a code system, and translations to other code systems.","","","","","","","",,,,,"","pattern:$this}
","",,"open","CodeableConcept.coding",0,*,"","ele-1:All FHIR elements must have a @value or children {hasValue() or (children().count() > id.count())}
","WeitereKodiersysteme","C*E.1-8, C*E.10-22"
"Condition.code.coding:icd10-gm","Condition.code.coding","icd10-gm","","",0,1,"Y","","Y","Coding {[CanonicalType[http://fhir.de/StructureDefinition/CodingICD10GM]]} {[]}
","ICD-10-GM Code","Ein Verweis auf einen von der ICD-10-GM definierten Code","Codes may be defined very casually in enumerations, or code lists, up to very formal definitions such as SNOMED CT - see the HL7 v3 Core Principles for more information.  Ordering of codings is undefined and SHALL NOT be used to infer meaning. Generally, at most only one of the coding values will be labeled as UserSelected = true.","Allows for alternative encodings within a code system, and translations to other code systems.","","","","<valueCoding xmlns=""http://hl7.org/fhir"">
  <system value=""http://fhir.de/CodeSystem/bfarm/icd-10-gm""/>
</valueCoding>","","","",,"required","","https://www.medizininformatik-initiative.de/fhir/core/modul-diagnose/ValueSet/mii-vs-diagnose-icd10gm","",,,,"CodeableConcept.coding",0,*,"","ele-1:All FHIR elements must have a @value or children {hasValue() or (children().count() > id.count())}
onko-icd-meldepflicht:Der ICD-10-GM-Code sollte aus der Menge der krebsregister-meldepflichtigen Neubildungen stammen (C00-C97, D00-D09, D32-D33, D35.2-D35.4, D37-D48). Andere Codes sind zulässig, aber untypisch für eine onkologische Primärdiagnose. {$this.memberOf('https://www.medizininformatik-initiative.de/fhir/ext/modul-onko/ValueSet/mii-vs-onko-icd10-meldepflichtige-tumoren')}","ICD10GMDiagnoseKodiert","C*E.1-8, C*E.10-22"
"Condition.code.coding:icd10-gm.id","Condition.code.coding.id","","","",0,1,"","","","string {[]} {[]}
","Unique id for inter-element referencing","Unique id for the element within a resource (for internal references). This may be any string value that does not contain spaces.","","","","","","","","","",,,,,"",,,,"Element.id",0,1,"",""
"Condition.code.coding:icd10-gm.extension","Condition.code.coding.extension","","extensions
user content","",0,*,"","","","Extension {[]} {[]}
","Additional content defined by implementations","May be used to represent additional information that is not part of the basic definition of the element. To make the use of extensions safe and manageable, there is a strict set of governance  applied to the definition and use of extensions. Though any implementer can define an extension, there is a set of requirements that SHALL be met as part of the definition of the extension.","There can be no stigma associated with the use of extensions by any application, project, or standard - regardless of the institution or jurisdiction that uses or defines the extensions.  The use of extensions is what allows the FHIR specification to retain a core level of simplicity for everyone.","","","","","","","","",,,,,"","value:url}
","Extensions are always sliced by (at least) url",,"open","Element.extension",0,*,"","ele-1:All FHIR elements must have a @value or children {hasValue() or (children().count() > id.count())}
ext-1:Must have either extensions or value[x], not both {extension.exists() != value.exists()}"
"Condition.code.coding:icd10-gm.extension:Mehrfachcodierungs-Kennzeichen","Condition.code.coding.extension","Mehrfachcodierungs-Kennzeichen","","",0,1,"Y","","","Extension {[CanonicalType[http://fhir.de/StructureDefinition/icd-10-gm-mehrfachcodierungs-kennzeichen]]} {[]}
","Optional Extensions Element","Optional Extension Element - found in all resources.","","","","","","","","","",,,,,"",,,,"Element.extension",0,*,"ele-1
","ele-1:All FHIR elements must have a @value or children {hasValue() or (children().count() > id.count())}
ext-1:Must have either extensions or value[x], not both {extension.exists() != value.exists()}"
"Condition.code.coding:icd10-gm.extension:Mehrfachcodierungs-Kennzeichen.id","Condition.code.coding.extension.id","","","",0,1,"","","","string {[]} {[]}
","Unique id for inter-element referencing","Unique id for the element within a resource (for internal references). This may be any string value that does not contain spaces.","","","","","","","","","",,,,,"",,,,"Element.id",0,1,"",""
"Condition.code.coding:icd10-gm.extension:Mehrfachcodierungs-Kennzeichen.extension","Condition.code.coding.extension.extension","","extensions
user content","",0,0,"","","","Extension {[]} {[]}
","Additional content defined by implementations","May be used to represent additional information that is not part of the basic definition of the element. To make the use of extensions safe and manageable, there is a strict set of governance  applied to the definition and use of extensions. Though any implementer can define an extension, there is a set of requirements that SHALL be met as part of the definition of the extension.","There can be no stigma associated with the use of extensions by any application, project, or standard - regardless of the institution or jurisdiction that uses or defines the extensions.  The use of extensions is what allows the FHIR specification to retain a core level of simplicity for everyone.","","","","","","","","",,,,,"","value:url}
","Extensions are always sliced by (at least) url",,"open","Element.extension",0,*,"","ele-1:All FHIR elements must have a @value or children {hasValue() or (children().count() > id.count())}
ext-1:Must have either extensions or value[x], not both {extension.exists() != value.exists()}"
"Condition.code.coding:icd10-gm.extension:Mehrfachcodierungs-Kennzeichen.url","Condition.code.coding.extension.url","","","",1,1,"Y","","","uri {[]} {[]}
","identifies the meaning of the extension","Source of the definition for the extension code - a logical name or a URL.","The definition may point directly to a computable or human-readable definition of the extensibility codes, or it may be a logical URI as declared in some other specification. The definition SHALL be a URI for the Structure Definition defining the extension.","","","","<valueUri xmlns=""http://hl7.org/fhir"" value=""http://fhir.de/StructureDefinition/icd-10-gm-mehrfachcodierungs-kennzeichen""/>","","","","",,,,,"",,,,"Extension.url",1,1,"",""
"Condition.code.coding:icd10-gm.extension:Mehrfachcodierungs-Kennzeichen.value[x]","Condition.code.coding.extension.value[x]","","","",1,1,"Y","","","Coding {[]} {[]}
","Value of extension","Value of extension - must be one of a constrained set of the data types (see [Extensibility](http://hl7.org/fhir/R4/extensibility.html) for a list).","","","","","","","","","",,"required","","http://fhir.de/ValueSet/icd-10-gm-mehrfachcodierungs-kennzeichen","",,,,"Extension.value[x]",0,1,"","ele-1:All FHIR elements must have a @value or children {hasValue() or (children().count() > id.count())}
"
"Condition.code.coding:icd10-gm.extension:Mehrfachcodierungs-Kennzeichen.value[x].id","Condition.code.coding.extension.value[x].id","","","",0,1,"","","","string {[]} {[]}
","Unique id for inter-element referencing","Unique id for the element within a resource (for internal references). This may be any string value that does not contain spaces.","","","","","","","","","",,,,,"",,,,"Element.id",0,1,"",""
"Condition.code.coding:icd10-gm.extension:Mehrfachcodierungs-Kennzeichen.value[x].extension","Condition.code.coding.extension.value[x].extension","","extensions
user content","",0,*,"","","","Extension {[]} {[]}
","Additional content defined by implementations","May be used to represent additional information that is not part of the basic definition of the element. To make the use of extensions safe and manageable, there is a strict set of governance  applied to the definition and use of extensions. Though any implementer can define an extension, there is a set of requirements that SHALL be met as part of the definition of the extension.","There can be no stigma associated with the use of extensions by any application, project, or standard - regardless of the institution or jurisdiction that uses or defines the extensions.  The use of extensions is what allows the FHIR specification to retain a core level of simplicity for everyone.","","","","","","","","",,,,,"","value:url}
","Extensions are always sliced by (at least) url",,"open","Element.extension",0,*,"","ele-1:All FHIR elements must have a @value or children {hasValue() or (children().count() > id.count())}
ext-1:Must have either extensions or value[x], not both {extension.exists() != value.exists()}"
"Condition.code.coding:icd10-gm.extension:Mehrfachcodierungs-Kennzeichen.value[x].system","Condition.code.coding.extension.value[x].system","","","",1,1,"Y","","Y","uri {[]} {[]}
","Identity of the terminology system","The identification of the code system that defines the meaning of the symbol in the code.","The URI may be an OID (urn:oid:...) or a UUID (urn:uuid:...).  OIDs and UUIDs SHALL be references to the HL7 OID registry. Otherwise, the URI should come from HL7's list of FHIR defined special URIs or it should reference to some definition that establishes the system clearly and unambiguously.","Need to be unambiguous about the source of the definition of the symbol.","","","","","","","",,,,,"",,,,"Coding.system",0,1,"","ele-1:All FHIR elements must have a @value or children {hasValue() or (children().count() > id.count())}
","C*E.3"
"Condition.code.coding:icd10-gm.extension:Mehrfachcodierungs-Kennzeichen.value[x].version","Condition.code.coding.extension.value[x].version","","","",0,1,"","","Y","string {[]} {[]}
","Version of the system - if relevant","The version of the code system which was used when choosing this code. Note that a well-maintained code system does not need the version reported, because the meaning of codes is consistent across versions. However this cannot consistently be assured, and when the meaning is not guaranteed to be consistent, the version SHOULD be exchanged.","Where the terminology does not clearly define what string should be used to identify code system versions, the recommendation is to use the date (expressed in FHIR date format) on which that version was officially published as the version date.","","","","","","","","",,,,,"",,,,"Coding.version",0,1,"","ele-1:All FHIR elements must have a @value or children {hasValue() or (children().count() > id.count())}
","C*E.7"
"Condition.code.coding:icd10-gm.extension:Mehrfachcodierungs-Kennzeichen.value[x].code","Condition.code.coding.extension.value[x].code","","","",1,1,"Y","","Y","code {[]} {[]}
","Symbol in syntax defined by the system","A symbol in syntax defined by the system. The symbol may be a predefined code or an expression in a syntax defined by the coding system (e.g. post-coordination).","","Need to refer to a particular code in the system.","","","","","","","",,,,,"",,,,"Coding.code",0,1,"","ele-1:All FHIR elements must have a @value or children {hasValue() or (children().count() > id.count())}
","C*E.1"
"Condition.code.coding:icd10-gm.extension:Mehrfachcodierungs-Kennzeichen.value[x].display","Condition.code.coding.extension.value[x].display","","","",0,1,"","","Y","string {[]} {[]}
","Representation defined by the system","A representation of the meaning of the code in the system, following the rules of the system.","","Need to be able to carry a human-readable meaning of the code for readers that do not know  the system.","","","","","","","",,,,,"",,,,"Coding.display",0,1,"","ele-1:All FHIR elements must have a @value or children {hasValue() or (children().count() > id.count())}
","C*E.2 - but note this is not well followed"
"Condition.code.coding:icd10-gm.extension:Mehrfachcodierungs-Kennzeichen.value[x].userSelected","Condition.code.coding.extension.value[x].userSelected","","","",0,1,"","","Y","boolean {[]} {[]}
","If this coding was chosen directly by the user","Indicates that this coding was chosen by a user directly - e.g. off a pick list of available items (codes or displays).","Amongst a set of alternatives, a directly chosen code is the most appropriate starting point for new translations. There is some ambiguity about what exactly 'directly chosen' implies, and trading partner agreement may be needed to clarify the use of this element and its consequences more completely.","This has been identified as a clinical safety criterium - that this exact system/code pair was chosen explicitly, rather than inferred by the system based on some rules or language processing.","","","","","","","",,,,,"",,,,"Coding.userSelected",0,1,"","ele-1:All FHIR elements must have a @value or children {hasValue() or (children().count() > id.count())}
","Sometimes implied by being first"
"Condition.code.coding:icd10-gm.extension:Seitenlokalisation","Condition.code.coding.extension","Seitenlokalisation","","",0,1,"Y","","","Extension {[CanonicalType[http://fhir.de/StructureDefinition/seitenlokalisation]]} {[]}
","Optional Extensions Element","Optional Extension Element - found in all resources.","","","","","","","","","",,,,,"",,,,"Element.extension",0,*,"ele-1
","ele-1:All FHIR elements must have a @value or children {hasValue() or (children().count() > id.count())}
ext-1:Must have either extensions or value[x], not both {extension.exists() != value.exists()}"
"Condition.code.coding:icd10-gm.extension:Seitenlokalisation.id","Condition.code.coding.extension.id","","","",0,1,"","","","string {[]} {[]}
","Unique id for inter-element referencing","Unique id for the element within a resource (for internal references). This may be any string value that does not contain spaces.","","","","","","","","","",,,,,"",,,,"Element.id",0,1,"",""
"Condition.code.coding:icd10-gm.extension:Seitenlokalisation.extension","Condition.code.coding.extension.extension","","extensions
user content","",0,0,"","","","Extension {[]} {[]}
","Additional content defined by implementations","May be used to represent additional information that is not part of the basic definition of the element. To make the use of extensions safe and manageable, there is a strict set of governance  applied to the definition and use of extensions. Though any implementer can define an extension, there is a set of requirements that SHALL be met as part of the definition of the extension.","There can be no stigma associated with the use of extensions by any application, project, or standard - regardless of the institution or jurisdiction that uses or defines the extensions.  The use of extensions is what allows the FHIR specification to retain a core level of simplicity for everyone.","","","","","","","","",,,,,"","value:url}
","Extensions are always sliced by (at least) url",,"open","Element.extension",0,*,"","ele-1:All FHIR elements must have a @value or children {hasValue() or (children().count() > id.count())}
ext-1:Must have either extensions or value[x], not both {extension.exists() != value.exists()}"
"Condition.code.coding:icd10-gm.extension:Seitenlokalisation.url","Condition.code.coding.extension.url","","","",1,1,"Y","","","uri {[]} {[]}
","identifies the meaning of the extension","Source of the definition for the extension code - a logical name or a URL.","The definition may point directly to a computable or human-readable definition of the extensibility codes, or it may be a logical URI as declared in some other specification. The definition SHALL be a URI for the Structure Definition defining the extension.","","","","<valueUri xmlns=""http://hl7.org/fhir"" value=""http://fhir.de/StructureDefinition/seitenlokalisation""/>","","","","",,,,,"",,,,"Extension.url",1,1,"",""
"Condition.code.coding:icd10-gm.extension:Seitenlokalisation.value[x]","Condition.code.coding.extension.value[x]","","","",1,1,"Y","","","Coding {[]} {[]}
","Value of extension","Value of extension - must be one of a constrained set of the data types (see [Extensibility](http://hl7.org/fhir/R4/extensibility.html) for a list).","","","","","","","","","",,"required","","https://fhir.kbv.de/ValueSet/KBV_VS_SFHIR_ICD_SEITENLOKALISATION","",,,,"Extension.value[x]",0,1,"","ele-1:All FHIR elements must have a @value or children {hasValue() or (children().count() > id.count())}
"
"Condition.code.coding:icd10-gm.extension:Seitenlokalisation.value[x].id","Condition.code.coding.extension.value[x].id","","","",0,1,"","","","string {[]} {[]}
","Unique id for inter-element referencing","Unique id for the element within a resource (for internal references). This may be any string value that does not contain spaces.","","","","","","","","","",,,,,"",,,,"Element.id",0,1,"",""
"Condition.code.coding:icd10-gm.extension:Seitenlokalisation.value[x].extension","Condition.code.coding.extension.value[x].extension","","extensions
user content","",0,*,"","","","Extension {[]} {[]}
","Additional content defined by implementations","May be used to represent additional information that is not part of the basic definition of the element. To make the use of extensions safe and manageable, there is a strict set of governance  applied to the definition and use of extensions. Though any implementer can define an extension, there is a set of requirements that SHALL be met as part of the definition of the extension.","There can be no stigma associated with the use of extensions by any application, project, or standard - regardless of the institution or jurisdiction that uses or defines the extensions.  The use of extensions is what allows the FHIR specification to retain a core level of simplicity for everyone.","","","","","","","","",,,,,"","value:url}
","Extensions are always sliced by (at least) url",,"open","Element.extension",0,*,"","ele-1:All FHIR elements must have a @value or children {hasValue() or (children().count() > id.count())}
ext-1:Must have either extensions or value[x], not both {extension.exists() != value.exists()}"
"Condition.code.coding:icd10-gm.extension:Seitenlokalisation.value[x].system","Condition.code.coding.extension.value[x].system","","","",1,1,"Y","","Y","uri {[]} {[]}
","Identity of the terminology system","The identification of the code system that defines the meaning of the symbol in the code.","The URI may be an OID (urn:oid:...) or a UUID (urn:uuid:...).  OIDs and UUIDs SHALL be references to the HL7 OID registry. Otherwise, the URI should come from HL7's list of FHIR defined special URIs or it should reference to some definition that establishes the system clearly and unambiguously.","Need to be unambiguous about the source of the definition of the symbol.","","","","","","","",,,,,"",,,,"Coding.system",0,1,"","ele-1:All FHIR elements must have a @value or children {hasValue() or (children().count() > id.count())}
","C*E.3"
"Condition.code.coding:icd10-gm.extension:Seitenlokalisation.value[x].version","Condition.code.coding.extension.value[x].version","","","",0,1,"","","Y","string {[]} {[]}
","Version of the system - if relevant","The version of the code system which was used when choosing this code. Note that a well-maintained code system does not need the version reported, because the meaning of codes is consistent across versions. However this cannot consistently be assured, and when the meaning is not guaranteed to be consistent, the version SHOULD be exchanged.","Where the terminology does not clearly define what string should be used to identify code system versions, the recommendation is to use the date (expressed in FHIR date format) on which that version was officially published as the version date.","","","","","","","","",,,,,"",,,,"Coding.version",0,1,"","ele-1:All FHIR elements must have a @value or children {hasValue() or (children().count() > id.count())}
","C*E.7"
"Condition.code.coding:icd10-gm.extension:Seitenlokalisation.value[x].code","Condition.code.coding.extension.value[x].code","","","",1,1,"Y","","Y","code {[]} {[]}
","Symbol in syntax defined by the system","A symbol in syntax defined by the system. The symbol may be a predefined code or an expression in a syntax defined by the coding system (e.g. post-coordination).","","Need to refer to a particular code in the system.","","","","","","","",,,,,"",,,,"Coding.code",0,1,"","ele-1:All FHIR elements must have a @value or children {hasValue() or (children().count() > id.count())}
","C*E.1"
"Condition.code.coding:icd10-gm.extension:Seitenlokalisation.value[x].display","Condition.code.coding.extension.value[x].display","","","",0,1,"","","Y","string {[]} {[]}
","Representation defined by the system","A representation of the meaning of the code in the system, following the rules of the system.","","Need to be able to carry a human-readable meaning of the code for readers that do not know  the system.","","","","","","","",,,,,"",,,,"Coding.display",0,1,"","ele-1:All FHIR elements must have a @value or children {hasValue() or (children().count() > id.count())}
","C*E.2 - but note this is not well followed"
"Condition.code.coding:icd10-gm.extension:Seitenlokalisation.value[x].userSelected","Condition.code.coding.extension.value[x].userSelected","","","",0,1,"","","Y","boolean {[]} {[]}
","If this coding was chosen directly by the user","Indicates that this coding was chosen by a user directly - e.g. off a pick list of available items (codes or displays).","Amongst a set of alternatives, a directly chosen code is the most appropriate starting point for new translations. There is some ambiguity about what exactly 'directly chosen' implies, and trading partner agreement may be needed to clarify the use of this element and its consequences more completely.","This has been identified as a clinical safety criterium - that this exact system/code pair was chosen explicitly, rather than inferred by the system based on some rules or language processing.","","","","","","","",,,,,"",,,,"Coding.userSelected",0,1,"","ele-1:All FHIR elements must have a @value or children {hasValue() or (children().count() > id.count())}
","Sometimes implied by being first"
"Condition.code.coding:icd10-gm.extension:Diagnosesicherheit","Condition.code.coding.extension","Diagnosesicherheit","","",0,1,"Y","","","Extension {[CanonicalType[http://fhir.de/StructureDefinition/icd-10-gm-diagnosesicherheit]]} {[]}
","Optional Extensions Element","Optional Extension Element - found in all resources.","","","","","","","","","",,,,,"",,,,"Element.extension",0,*,"ele-1
","ele-1:All FHIR elements must have a @value or children {hasValue() or (children().count() > id.count())}
ext-1:Must have either extensions or value[x], not both {extension.exists() != value.exists()}"
"Condition.code.coding:icd10-gm.extension:Diagnosesicherheit.id","Condition.code.coding.extension.id","","","",0,1,"","","","string {[]} {[]}
","Unique id for inter-element referencing","Unique id for the element within a resource (for internal references). This may be any string value that does not contain spaces.","","","","","","","","","",,,,,"",,,,"Element.id",0,1,"",""
"Condition.code.coding:icd10-gm.extension:Diagnosesicherheit.extension","Condition.code.coding.extension.extension","","extensions
user content","",0,0,"","","","Extension {[]} {[]}
","Additional content defined by implementations","May be used to represent additional information that is not part of the basic definition of the element. To make the use of extensions safe and manageable, there is a strict set of governance  applied to the definition and use of extensions. Though any implementer can define an extension, there is a set of requirements that SHALL be met as part of the definition of the extension.","There can be no stigma associated with the use of extensions by any application, project, or standard - regardless of the institution or jurisdiction that uses or defines the extensions.  The use of extensions is what allows the FHIR specification to retain a core level of simplicity for everyone.","","","","","","","","",,,,,"","value:url}
","Extensions are always sliced by (at least) url",,"open","Element.extension",0,*,"","ele-1:All FHIR elements must have a @value or children {hasValue() or (children().count() > id.count())}
ext-1:Must have either extensions or value[x], not both {extension.exists() != value.exists()}"
"Condition.code.coding:icd10-gm.extension:Diagnosesicherheit.url","Condition.code.coding.extension.url","","","",1,1,"Y","","","uri {[]} {[]}
","identifies the meaning of the extension","Source of the definition for the extension code - a logical name or a URL.","The definition may point directly to a computable or human-readable definition of the extensibility codes, or it may be a logical URI as declared in some other specification. The definition SHALL be a URI for the Structure Definition defining the extension.","","","","<valueUri xmlns=""http://hl7.org/fhir"" value=""http://fhir.de/StructureDefinition/icd-10-gm-diagnosesicherheit""/>","","","","",,,,,"",,,,"Extension.url",1,1,"",""
"Condition.code.coding:icd10-gm.extension:Diagnosesicherheit.value[x]","Condition.code.coding.extension.value[x]","","","",1,1,"Y","","","Coding {[]} {[]}
","Value of extension","Value of extension - must be one of a constrained set of the data types (see [Extensibility](http://hl7.org/fhir/R4/extensibility.html) for a list).","","","","","","","","","",,"required","","https://fhir.kbv.de/ValueSet/KBV_VS_SFHIR_ICD_DIAGNOSESICHERHEIT","",,,,"Extension.value[x]",0,1,"","ele-1:All FHIR elements must have a @value or children {hasValue() or (children().count() > id.count())}
icd-4:Wenn die Diagnosesicherheit ""A (Ausschluss)"" verwendet wird, dann muss clinicalStatus leer bleiben und verificationStaus auf ""refuted"" gesetzt werden. {code!='A' or (%resource.verificationStatus.coding.where(code='refuted').exists() and %resource.clinicalStatus.empty())}icd-5:Wenn die Diagnosesicherheit ""G (Gesichert)"" verwendet wird, dann muss clinicalStatus auf ""active"" und verificationStatus auf ""confirmed"" gesetzt werden. {code!='G' or (%resource.clinicalStatus.coding.where(code='active').exists() and %resource.verificationStatus.coding.where(code='confirmed').exists())}icd-6:Wenn die Diagnosesicherheit ""V (Verdacht auf)"" verwendet wird, dann muss clinicalStatus auf ""active"" und verificationStatus auf ""provisional"" oder ""differential"" gesetzt werden. {code!='V' or (%resource.clinicalStatus.coding.where(code='active').exists() and (%resource.verificationStatus.coding.where(code='provisional').exists() or %resource.verificationStatus.coding.where(code='differential').exists()))}icd-7:Wenn die Diagnosesicherheit ""Z (Zustand nach)"" verwendet wird, dann muss clinicalStatus auf ""resolved"" und verificationStatus auf ""confirmed"" gesetzt werden. {code!='Z' or (%resource.clinicalStatus.coding.where(code='resolved').exists() and %resource.verificationStatus.coding.where(code='confirmed').exists())}"
"Condition.code.coding:icd10-gm.extension:Diagnosesicherheit.value[x].id","Condition.code.coding.extension.value[x].id","","","",0,1,"","","","string {[]} {[]}
","Unique id for inter-element referencing","Unique id for the element within a resource (for internal references). This may be any string value that does not contain spaces.","","","","","","","","","",,,,,"",,,,"Element.id",0,1,"",""
"Condition.code.coding:icd10-gm.extension:Diagnosesicherheit.value[x].extension","Condition.code.coding.extension.value[x].extension","","extensions
user content","",0,*,"","","","Extension {[]} {[]}
","Additional content defined by implementations","May be used to represent additional information that is not part of the basic definition of the element. To make the use of extensions safe and manageable, there is a strict set of governance  applied to the definition and use of extensions. Though any implementer can define an extension, there is a set of requirements that SHALL be met as part of the definition of the extension.","There can be no stigma associated with the use of extensions by any application, project, or standard - regardless of the institution or jurisdiction that uses or defines the extensions.  The use of extensions is what allows the FHIR specification to retain a core level of simplicity for everyone.","","","","","","","","",,,,,"","value:url}
","Extensions are always sliced by (at least) url",,"open","Element.extension",0,*,"","ele-1:All FHIR elements must have a @value or children {hasValue() or (children().count() > id.count())}
ext-1:Must have either extensions or value[x], not both {extension.exists() != value.exists()}"
"Condition.code.coding:icd10-gm.extension:Diagnosesicherheit.value[x].system","Condition.code.coding.extension.value[x].system","","","",0,1,"Y","","Y","uri {[]} {[]}
","Identity of the terminology system","The identification of the code system that defines the meaning of the symbol in the code.","The URI may be an OID (urn:oid:...) or a UUID (urn:uuid:...).  OIDs and UUIDs SHALL be references to the HL7 OID registry. Otherwise, the URI should come from HL7's list of FHIR defined special URIs or it should reference to some definition that establishes the system clearly and unambiguously.","Need to be unambiguous about the source of the definition of the symbol.","","","","","","","",,,,,"",,,,"Coding.system",0,1,"","ele-1:All FHIR elements must have a @value or children {hasValue() or (children().count() > id.count())}
","C*E.3"
"Condition.code.coding:icd10-gm.extension:Diagnosesicherheit.value[x].version","Condition.code.coding.extension.value[x].version","","","",0,1,"","","Y","string {[]} {[]}
","Version of the system - if relevant","The version of the code system which was used when choosing this code. Note that a well-maintained code system does not need the version reported, because the meaning of codes is consistent across versions. However this cannot consistently be assured, and when the meaning is not guaranteed to be consistent, the version SHOULD be exchanged.","Where the terminology does not clearly define what string should be used to identify code system versions, the recommendation is to use the date (expressed in FHIR date format) on which that version was officially published as the version date.","","","","","","","","",,,,,"",,,,"Coding.version",0,1,"","ele-1:All FHIR elements must have a @value or children {hasValue() or (children().count() > id.count())}
","C*E.7"
"Condition.code.coding:icd10-gm.extension:Diagnosesicherheit.value[x].code","Condition.code.coding.extension.value[x].code","","","",0,1,"Y","","Y","code {[]} {[]}
","Symbol in syntax defined by the system","A symbol in syntax defined by the system. The symbol may be a predefined code or an expression in a syntax defined by the coding system (e.g. post-coordination).","","Need to refer to a particular code in the system.","","","","","","","",,,,,"",,,,"Coding.code",0,1,"","ele-1:All FHIR elements must have a @value or children {hasValue() or (children().count() > id.count())}
","C*E.1"
"Condition.code.coding:icd10-gm.extension:Diagnosesicherheit.value[x].display","Condition.code.coding.extension.value[x].display","","","",0,1,"","","Y","string {[]} {[]}
","Representation defined by the system","A representation of the meaning of the code in the system, following the rules of the system.","","Need to be able to carry a human-readable meaning of the code for readers that do not know  the system.","","","","","","","",,,,,"",,,,"Coding.display",0,1,"","ele-1:All FHIR elements must have a @value or children {hasValue() or (children().count() > id.count())}
","C*E.2 - but note this is not well followed"
"Condition.code.coding:icd10-gm.extension:Diagnosesicherheit.value[x].userSelected","Condition.code.coding.extension.value[x].userSelected","","","",0,1,"","","Y","boolean {[]} {[]}
","If this coding was chosen directly by the user","Indicates that this coding was chosen by a user directly - e.g. off a pick list of available items (codes or displays).","Amongst a set of alternatives, a directly chosen code is the most appropriate starting point for new translations. There is some ambiguity about what exactly 'directly chosen' implies, and trading partner agreement may be needed to clarify the use of this element and its consequences more completely.","This has been identified as a clinical safety criterium - that this exact system/code pair was chosen explicitly, rather than inferred by the system based on some rules or language processing.","","","","","","","",,,,,"",,,,"Coding.userSelected",0,1,"","ele-1:All FHIR elements must have a @value or children {hasValue() or (children().count() > id.count())}
","Sometimes implied by being first"
"Condition.code.coding:icd10-gm.system","Condition.code.coding.system","","","",1,1,"Y","","Y","uri {[]} {[]}
","Canonische CodeSystem URL für ICD-10-GM","The identification of the code system that defines the meaning of the symbol in the code.","The URI may be an OID (urn:oid:...) or a UUID (urn:uuid:...).  OIDs and UUIDs SHALL be references to the HL7 OID registry. Otherwise, the URI should come from HL7's list of FHIR defined special URIs or it should reference to some definition that establishes the system clearly and unambiguously.","Need to be unambiguous about the source of the definition of the symbol.","","","<valueUri xmlns=""http://hl7.org/fhir"" value=""http://fhir.de/CodeSystem/bfarm/icd-10-gm""/>","","","","",,,,,"",,,,"Coding.system",0,1,"","ele-1:All FHIR elements must have a @value or children {hasValue() or (children().count() > id.count())}
","C*E.3"
"Condition.code.coding:icd10-gm.version","Condition.code.coding.version","","","",1,1,"Y","","Y","string {[]} {[]}
","Die Jahresversion von ICD-10-GM. Angegeben wird immer die vierstellige Jahreszahl (z.B. ""2017"")","Bie Verwendung von ICD-10-GM ist die Angabe der Version zwingend erforderlich.
Hierdurch wird der Tatsache Rechnung getragen, dass jede der jährlich neu erscheinenden Fassung von ICD-10-GM ein neues Codesystem darstellt.","Where the terminology does not clearly define what string should be used to identify code system versions, the recommendation is to use the date (expressed in FHIR date format) on which that version was officially published as the version date.","","","","","","","","",,,,,"",,,,"Coding.version",0,1,"","ele-1:All FHIR elements must have a @value or children {hasValue() or (children().count() > id.count())}
","5.2","C*E.7"
"Condition.code.coding:icd10-gm.code","Condition.code.coding.code","","","",1,1,"Y","","Y","code {[]} {[]}
","Der ICD-10-Code","A symbol in syntax defined by the system. The symbol may be a predefined code or an expression in a syntax defined by the coding system (e.g. post-coordination).","","Need to refer to a particular code in the system.","","","","","<valueCode xmlns=""http://hl7.org/fhir"" value=""F17.4""/>","","",,,,,"",,,,"Coding.code",0,1,"","ele-1:All FHIR elements must have a @value or children {hasValue() or (children().count() > id.count())}
icd-regex:In code sind nur gültige ICD-10-Codes ohne Zusätze erlaubt {matches('^[A-Z][0-9][A-Z0-9](\\.?[A-Z0-9]{0,4})?$')}","5.1","ICD10GMDiagnoseKodiert.Diagnosecode","C*E.1"
"Condition.code.coding:icd10-gm.display","Condition.code.coding.display","","","",0,1,"","","Y","string {[]} {[]}
","Representation defined by the system","A representation of the meaning of the code in the system, following the rules of the system.","","Need to be able to carry a human-readable meaning of the code for readers that do not know  the system.","","","","","","","",,,,,"",,,,"Coding.display",0,1,"","ele-1:All FHIR elements must have a @value or children {hasValue() or (children().count() > id.count())}
","C*E.2 - but note this is not well followed"
"Condition.code.coding:icd10-gm.userSelected","Condition.code.coding.userSelected","","","",0,1,"","","Y","boolean {[]} {[]}
","If this coding was chosen directly by the user","Indicates that this coding was chosen by a user directly - e.g. off a pick list of available items (codes or displays).","Amongst a set of alternatives, a directly chosen code is the most appropriate starting point for new translations. There is some ambiguity about what exactly 'directly chosen' implies, and trading partner agreement may be needed to clarify the use of this element and its consequences more completely.","This has been identified as a clinical safety criterium - that this exact system/code pair was chosen explicitly, rather than inferred by the system based on some rules or language processing.","","","","","","","",,,,,"",,,,"Coding.userSelected",0,1,"","ele-1:All FHIR elements must have a @value or children {hasValue() or (children().count() > id.count())}
","Sometimes implied by being first"
"Condition.code.coding:alpha-id","Condition.code.coding","alpha-id","","",0,1,"Y","","Y","Coding {[CanonicalType[http://fhir.de/StructureDefinition/CodingAlphaID]]} {[]}
","Alpha-ID Code","Ein Verweis auf einen von der Alpha-ID definierten Code","Codes may be defined very casually in enumerations, or code lists, up to very formal definitions such as SNOMED CT - see the HL7 v3 Core Principles for more information.  Ordering of codings is undefined and SHALL NOT be used to infer meaning. Generally, at most only one of the coding values will be labeled as UserSelected = true.","Allows for alternative encodings within a code system, and translations to other code systems.","","","","<valueCoding xmlns=""http://hl7.org/fhir"">
  <system value=""http://fhir.de/CodeSystem/bfarm/alpha-id""/>
</valueCoding>","","","",,"required","","https://www.medizininformatik-initiative.de/fhir/core/modul-diagnose/ValueSet/mii-vs-diagnose-alphaid","",,,,"CodeableConcept.coding",0,*,"","ele-1:All FHIR elements must have a @value or children {hasValue() or (children().count() > id.count())}
","ALPHAIDKodiert","C*E.1-8, C*E.10-22"
"Condition.code.coding:alpha-id.id","Condition.code.coding.id","","","",0,1,"","","","string {[]} {[]}
","Unique id for inter-element referencing","Unique id for the element within a resource (for internal references). This may be any string value that does not contain spaces.","","","","","","","","","",,,,,"",,,,"Element.id",0,1,"",""
"Condition.code.coding:alpha-id.extension","Condition.code.coding.extension","","extensions
user content","",0,*,"","","","Extension {[]} {[]}
","Additional content defined by implementations","May be used to represent additional information that is not part of the basic definition of the element. To make the use of extensions safe and manageable, there is a strict set of governance  applied to the definition and use of extensions. Though any implementer can define an extension, there is a set of requirements that SHALL be met as part of the definition of the extension.","There can be no stigma associated with the use of extensions by any application, project, or standard - regardless of the institution or jurisdiction that uses or defines the extensions.  The use of extensions is what allows the FHIR specification to retain a core level of simplicity for everyone.","","","","","","","","",,,,,"","value:url}
","Extensions are always sliced by (at least) url",,"open","Element.extension",0,*,"","ele-1:All FHIR elements must have a @value or children {hasValue() or (children().count() > id.count())}
ext-1:Must have either extensions or value[x], not both {extension.exists() != value.exists()}"
"Condition.code.coding:alpha-id.system","Condition.code.coding.system","","","",1,1,"Y","","Y","uri {[]} {[]}
","Canonische CodeSystem URL für Alpha-ID","The identification of the code system that defines the meaning of the symbol in the code.","The URI may be an OID (urn:oid:...) or a UUID (urn:uuid:...).  OIDs and UUIDs SHALL be references to the HL7 OID registry. Otherwise, the URI should come from HL7's list of FHIR defined special URIs or it should reference to some definition that establishes the system clearly and unambiguously.","Need to be unambiguous about the source of the definition of the symbol.","","","<valueUri xmlns=""http://hl7.org/fhir"" value=""http://fhir.de/CodeSystem/bfarm/alpha-id""/>","","","","",,,,,"",,,,"Coding.system",0,1,"","ele-1:All FHIR elements must have a @value or children {hasValue() or (children().count() > id.count())}
","C*E.3"
"Condition.code.coding:alpha-id.version","Condition.code.coding.version","","","",1,1,"Y","","Y","string {[]} {[]}
","Die Jahresversion von Alpha-ID. Angegeben wird immer die vierstellige Jahreszahl (z.B. ""2017"")","Bie Verwendung von Alpha-ID ist die Angabe der Version zwingend erforderlich.
Hierdurch wird der Tatsache Rechnung getragen, dass jede der jährlich neu erscheinenden Fassung von Alpha-ID ein neues Codesystem darstellt.","Where the terminology does not clearly define what string should be used to identify code system versions, the recommendation is to use the date (expressed in FHIR date format) on which that version was officially published as the version date.","","","","","","","","",,,,,"",,,,"Coding.version",0,1,"","ele-1:All FHIR elements must have a @value or children {hasValue() or (children().count() > id.count())}
","C*E.7"
"Condition.code.coding:alpha-id.code","Condition.code.coding.code","","","",1,1,"Y","","Y","code {[]} {[]}
","Der Alpha-ID-Code","A symbol in syntax defined by the system. The symbol may be a predefined code or an expression in a syntax defined by the coding system (e.g. post-coordination).","","Need to refer to a particular code in the system.","","","","","","","",,,,,"",,,,"Coding.code",0,1,"","ele-1:All FHIR elements must have a @value or children {hasValue() or (children().count() > id.count())}
","ALPHAIDKodiert.Diagnosecode","C*E.1"
"Condition.code.coding:alpha-id.display","Condition.code.coding.display","","","",0,1,"","","Y","string {[]} {[]}
","Representation defined by the system","A representation of the meaning of the code in the system, following the rules of the system.","","Need to be able to carry a human-readable meaning of the code for readers that do not know  the system.","","","","","","","",,,,,"",,,,"Coding.display",0,1,"","ele-1:All FHIR elements must have a @value or children {hasValue() or (children().count() > id.count())}
","C*E.2 - but note this is not well followed"
"Condition.code.coding:alpha-id.userSelected","Condition.code.coding.userSelected","","","",0,1,"","","Y","boolean {[]} {[]}
","If this coding was chosen directly by the user","Indicates that this coding was chosen by a user directly - e.g. off a pick list of available items (codes or displays).","Amongst a set of alternatives, a directly chosen code is the most appropriate starting point for new translations. There is some ambiguity about what exactly 'directly chosen' implies, and trading partner agreement may be needed to clarify the use of this element and its consequences more completely.","This has been identified as a clinical safety criterium - that this exact system/code pair was chosen explicitly, rather than inferred by the system based on some rules or language processing.","","","","","","","",,,,,"",,,,"Coding.userSelected",0,1,"","ele-1:All FHIR elements must have a @value or children {hasValue() or (children().count() > id.count())}
","Sometimes implied by being first"
"Condition.code.coding:sct","Condition.code.coding","sct","","",0,1,"Y","","Y","Coding {[]} {[]}
","SNOMED CT Code","Ein Verweis auf einen von SNOMED CT definierten Code","Codes may be defined very casually in enumerations, or code lists, up to very formal definitions such as SNOMED CT - see the HL7 v3 Core Principles for more information.  Ordering of codings is undefined and SHALL NOT be used to infer meaning. Generally, at most only one of the coding values will be labeled as UserSelected = true.","Allows for alternative encodings within a code system, and translations to other code systems.","","","","<valueCoding xmlns=""http://hl7.org/fhir"">
  <system value=""http://snomed.info/sct""/>
</valueCoding>","","","",,"required","","https://www.medizininformatik-initiative.de/fhir/core/modul-diagnose/ValueSet/diagnoses-sct","",,,,"CodeableConcept.coding",0,*,"","ele-1:All FHIR elements must have a @value or children {hasValue() or (children().count() > id.count())}
","SNOMEDDiagnoseKodiert","C*E.1-8, C*E.10-22"
"Condition.code.coding:sct.id","Condition.code.coding.id","","","",0,1,"","","","string {[]} {[]}
","Unique id for inter-element referencing","Unique id for the element within a resource (for internal references). This may be any string value that does not contain spaces.","","","","","","","","","",,,,,"",,,,"Element.id",0,1,"",""
"Condition.code.coding:sct.extension","Condition.code.coding.extension","","extensions
user content","",0,*,"","","","Extension {[]} {[]}
","Additional content defined by implementations","May be used to represent additional information that is not part of the basic definition of the element. To make the use of extensions safe and manageable, there is a strict set of governance  applied to the definition and use of extensions. Though any implementer can define an extension, there is a set of requirements that SHALL be met as part of the definition of the extension.","There can be no stigma associated with the use of extensions by any application, project, or standard - regardless of the institution or jurisdiction that uses or defines the extensions.  The use of extensions is what allows the FHIR specification to retain a core level of simplicity for everyone.","","","","","","","","",,,,,"","value:url}
","Extensions are always sliced by (at least) url",,"open","Element.extension",0,*,"","ele-1:All FHIR elements must have a @value or children {hasValue() or (children().count() > id.count())}
ext-1:Must have either extensions or value[x], not both {extension.exists() != value.exists()}"
"Condition.code.coding:sct.system","Condition.code.coding.system","","","",1,1,"Y","","Y","uri {[]} {[]}
","Identity of the terminology system","The identification of the code system that defines the meaning of the symbol in the code.","The URI may be an OID (urn:oid:...) or a UUID (urn:uuid:...).  OIDs and UUIDs SHALL be references to the HL7 OID registry. Otherwise, the URI should come from HL7's list of FHIR defined special URIs or it should reference to some definition that establishes the system clearly and unambiguously.","Need to be unambiguous about the source of the definition of the symbol.","","","","","","","",,,,,"",,,,"Coding.system",0,1,"","ele-1:All FHIR elements must have a @value or children {hasValue() or (children().count() > id.count())}
","C*E.3"
"Condition.code.coding:sct.version","Condition.code.coding.version","","","",0,1,"Y","","Y","string {[]} {[]}
","Version of the system - if relevant","The version of the code system which was used when choosing this code. Note that a well-maintained code system does not need the version reported, because the meaning of codes is consistent across versions. However this cannot consistently be assured, and when the meaning is not guaranteed to be consistent, the version SHOULD be exchanged.","Where the terminology does not clearly define what string should be used to identify code system versions, the recommendation is to use the date (expressed in FHIR date format) on which that version was officially published as the version date.","","","","","","","","",,,,,"",,,,"Coding.version",0,1,"","ele-1:All FHIR elements must have a @value or children {hasValue() or (children().count() > id.count())}
","C*E.7"
"Condition.code.coding:sct.code","Condition.code.coding.code","","","",1,1,"Y","","Y","code {[]} {[]}
","Symbol in syntax defined by the system","A symbol in syntax defined by the system. The symbol may be a predefined code or an expression in a syntax defined by the coding system (e.g. post-coordination).","","Need to refer to a particular code in the system.","","","","","","","",,,,,"",,,,"Coding.code",0,1,"","ele-1:All FHIR elements must have a @value or children {hasValue() or (children().count() > id.count())}
","SNOMEDDiagnoseKodiert.Diagnosecode","C*E.1"
"Condition.code.coding:sct.display","Condition.code.coding.display","","","",0,1,"","","Y","string {[]} {[]}
","Representation defined by the system","A representation of the meaning of the code in the system, following the rules of the system.","","Need to be able to carry a human-readable meaning of the code for readers that do not know  the system.","","","","","","","",,,,,"",,,,"Coding.display",0,1,"","ele-1:All FHIR elements must have a @value or children {hasValue() or (children().count() > id.count())}
","C*E.2 - but note this is not well followed"
"Condition.code.coding:sct.userSelected","Condition.code.coding.userSelected","","","",0,1,"","","Y","boolean {[]} {[]}
","If this coding was chosen directly by the user","Indicates that this coding was chosen by a user directly - e.g. off a pick list of available items (codes or displays).","Amongst a set of alternatives, a directly chosen code is the most appropriate starting point for new translations. There is some ambiguity about what exactly 'directly chosen' implies, and trading partner agreement may be needed to clarify the use of this element and its consequences more completely.","This has been identified as a clinical safety criterium - that this exact system/code pair was chosen explicitly, rather than inferred by the system based on some rules or language processing.","","","","","","","",,,,,"",,,,"Coding.userSelected",0,1,"","ele-1:All FHIR elements must have a @value or children {hasValue() or (children().count() > id.count())}
","Sometimes implied by being first"
"Condition.code.coding:orphanet","Condition.code.coding","orphanet","","",0,1,"Y","","Y","Coding {[]} {[]}
","ORPHAcode","Ein Verweis auf einen von der Orphanet Nomenklatur der Seltenen Krankheiten definierten Code","Codes may be defined very casually in enumerations, or code lists, up to very formal definitions such as SNOMED CT - see the HL7 v3 Core Principles for more information.  Ordering of codings is undefined and SHALL NOT be used to infer meaning. Generally, at most only one of the coding values will be labeled as UserSelected = true.","Allows for alternative encodings within a code system, and translations to other code systems.","","","","<valueCoding xmlns=""http://hl7.org/fhir"">
  <system value=""http://www.orpha.net""/>
</valueCoding>","","","",,"required","","https://www.medizininformatik-initiative.de/fhir/core/modul-diagnose/ValueSet/mii-vs-diagnose-orphanet","",,,,"CodeableConcept.coding",0,*,"","ele-1:All FHIR elements must have a @value or children {hasValue() or (children().count() > id.count())}
","ORPHANETDiagnoseKodiert","C*E.1-8, C*E.10-22"
"Condition.code.coding:orphanet.id","Condition.code.coding.id","","","",0,1,"","","","string {[]} {[]}
","Unique id for inter-element referencing","Unique id for the element within a resource (for internal references). This may be any string value that does not contain spaces.","","","","","","","","","",,,,,"",,,,"Element.id",0,1,"",""
"Condition.code.coding:orphanet.extension","Condition.code.coding.extension","","extensions
user content","",0,*,"","","","Extension {[]} {[]}
","Additional content defined by implementations","May be used to represent additional information that is not part of the basic definition of the element. To make the use of extensions safe and manageable, there is a strict set of governance  applied to the definition and use of extensions. Though any implementer can define an extension, there is a set of requirements that SHALL be met as part of the definition of the extension.","There can be no stigma associated with the use of extensions by any application, project, or standard - regardless of the institution or jurisdiction that uses or defines the extensions.  The use of extensions is what allows the FHIR specification to retain a core level of simplicity for everyone.","","","","","","","","",,,,,"","value:url}
","Extensions are always sliced by (at least) url",,"open","Element.extension",0,*,"","ele-1:All FHIR elements must have a @value or children {hasValue() or (children().count() > id.count())}
ext-1:Must have either extensions or value[x], not both {extension.exists() != value.exists()}"
"Condition.code.coding:orphanet.system","Condition.code.coding.system","","","",1,1,"Y","","Y","uri {[]} {[]}
","Identity of the terminology system","The identification of the code system that defines the meaning of the symbol in the code.","The URI may be an OID (urn:oid:...) or a UUID (urn:uuid:...).  OIDs and UUIDs SHALL be references to the HL7 OID registry. Otherwise, the URI should come from HL7's list of FHIR defined special URIs or it should reference to some definition that establishes the system clearly and unambiguously.","Need to be unambiguous about the source of the definition of the symbol.","","","","","","","",,,,,"",,,,"Coding.system",0,1,"","ele-1:All FHIR elements must have a @value or children {hasValue() or (children().count() > id.count())}
","C*E.3"
"Condition.code.coding:orphanet.version","Condition.code.coding.version","","","",0,1,"","","Y","string {[]} {[]}
","Version of the system - if relevant","The version of the code system which was used when choosing this code. Note that a well-maintained code system does not need the version reported, because the meaning of codes is consistent across versions. However this cannot consistently be assured, and when the meaning is not guaranteed to be consistent, the version SHOULD be exchanged.","Where the terminology does not clearly define what string should be used to identify code system versions, the recommendation is to use the date (expressed in FHIR date format) on which that version was officially published as the version date.","","","","","","","","",,,,,"",,,,"Coding.version",0,1,"","ele-1:All FHIR elements must have a @value or children {hasValue() or (children().count() > id.count())}
","C*E.7"
"Condition.code.coding:orphanet.code","Condition.code.coding.code","","","",1,1,"Y","","Y","code {[]} {[]}
","Symbol in syntax defined by the system","A symbol in syntax defined by the system. The symbol may be a predefined code or an expression in a syntax defined by the coding system (e.g. post-coordination).","","Need to refer to a particular code in the system.","","","","","","","",,,,,"",,,,"Coding.code",0,1,"","ele-1:All FHIR elements must have a @value or children {hasValue() or (children().count() > id.count())}
","ORPHANETDiagnoseKodiert.Diagnosecode","C*E.1"
"Condition.code.coding:orphanet.display","Condition.code.coding.display","","","",0,1,"","","Y","string {[]} {[]}
","Representation defined by the system","A representation of the meaning of the code in the system, following the rules of the system.","","Need to be able to carry a human-readable meaning of the code for readers that do not know  the system.","","","","","","","",,,,,"",,,,"Coding.display",0,1,"","ele-1:All FHIR elements must have a @value or children {hasValue() or (children().count() > id.count())}
","C*E.2 - but note this is not well followed"
"Condition.code.coding:orphanet.userSelected","Condition.code.coding.userSelected","","","",0,1,"","","Y","boolean {[]} {[]}
","If this coding was chosen directly by the user","Indicates that this coding was chosen by a user directly - e.g. off a pick list of available items (codes or displays).","Amongst a set of alternatives, a directly chosen code is the most appropriate starting point for new translations. There is some ambiguity about what exactly 'directly chosen' implies, and trading partner agreement may be needed to clarify the use of this element and its consequences more completely.","This has been identified as a clinical safety criterium - that this exact system/code pair was chosen explicitly, rather than inferred by the system based on some rules or language processing.","","","","","","","",,,,,"",,,,"Coding.userSelected",0,1,"","ele-1:All FHIR elements must have a @value or children {hasValue() or (children().count() > id.count())}
","Sometimes implied by being first"
"Condition.code.text","Condition.code.text","","","",0,1,"","","Y","string {[]} {[]}
","Plain text representation of the concept","A human language representation of the concept as seen/selected/uttered by the user who entered the data and/or which represents the intended meaning of the user.","Very often the text is the same as a displayName of one of the codings.","The codes from the terminologies do not always capture the correct meaning with all the nuances of the human using them, or sometimes there is no appropriate code at all. In these cases, the text is used to capture the full meaning of the source.","","","","","","","",,,,,"",,,,"CodeableConcept.text",0,1,"","ele-1:All FHIR elements must have a @value or children {hasValue() or (children().count() > id.count())}
","5.3","Freitextbeschreibung","C*E.9. But note many systems use C*E.2 for this"
"Condition.bodySite","Condition.bodySite","","","",0,*,"Y","","Y","CodeableConcept {[]} {[]}
","Körperstelle","Die Körperstelle der Diagnose mittels SNOMED oder anderem Code.","Only used if not implicit in code found in Condition.code. If the use case requires attributes from the BodySite resource (e.g. to identify and track separately) then use the standard extension [bodySite](http://hl7.org/fhir/R4/extension-bodysite.html).  May be a summary code, or a reference to a very precise definition of the location, or both.","","","","","","","","",,"example","Codes describing anatomical locations. May include laterality.","http://hl7.org/fhir/ValueSet/body-site|4.0.1","",,,,"Condition.bodySite",0,*,"","ele-1:All FHIR elements must have a @value or children {hasValue() or (children().count() > id.count())}
","Koerperstelle","< 442083009  |Anatomical or acquired body structure|","363698007"
"Condition.bodySite.id","Condition.bodySite.id","","","",0,1,"","","","string {[]} {[]}
","Unique id for inter-element referencing","Unique id for the element within a resource (for internal references). This may be any string value that does not contain spaces.","","","","","","","","","",,,,,"",,,,"Element.id",0,1,"",""
"Condition.bodySite.extension","Condition.bodySite.extension","","extensions
user content","",0,*,"","","","Extension {[]} {[]}
","Additional content defined by implementations","May be used to represent additional information that is not part of the basic definition of the element. To make the use of extensions safe and manageable, there is a strict set of governance  applied to the definition and use of extensions. Though any implementer can define an extension, there is a set of requirements that SHALL be met as part of the definition of the extension.","There can be no stigma associated with the use of extensions by any application, project, or standard - regardless of the institution or jurisdiction that uses or defines the extensions.  The use of extensions is what allows the FHIR specification to retain a core level of simplicity for everyone.","","","","","","","","",,,,,"","value:url}
","Extensions are always sliced by (at least) url",,"open","Element.extension",0,*,"","ele-1:All FHIR elements must have a @value or children {hasValue() or (children().count() > id.count())}
ext-1:Must have either extensions or value[x], not both {extension.exists() != value.exists()}"
"Condition.bodySite.coding","Condition.bodySite.coding","","","",0,*,"Y","","Y","Coding {[]} {[]}
","Code defined by a terminology system","A reference to a code defined by a terminology system.","Codes may be defined very casually in enumerations, or code lists, up to very formal definitions such as SNOMED CT - see the HL7 v3 Core Principles for more information.  Ordering of codings is undefined and SHALL NOT be used to infer meaning. Generally, at most only one of the coding values will be labeled as UserSelected = true.","Allows for alternative encodings within a code system, and translations to other code systems.","","","","","","","",,,,,"","pattern:system}
","",,"open","CodeableConcept.coding",0,*,"","ele-1:All FHIR elements must have a @value or children {hasValue() or (children().count() > id.count())}
","C*E.1-8, C*E.10-22"
"Condition.bodySite.coding:snomed-ct","Condition.bodySite.coding","snomed-ct","","",0,1,"Y","","Y","Coding {[]} {[]}
","SNOMED CT Code","Ein Verweis auf einen von SNOMED CT definierten Code","Codes may be defined very casually in enumerations, or code lists, up to very formal definitions such as SNOMED CT - see the HL7 v3 Core Principles for more information.  Ordering of codings is undefined and SHALL NOT be used to infer meaning. Generally, at most only one of the coding values will be labeled as UserSelected = true.","Allows for alternative encodings within a code system, and translations to other code systems.","","","","","","","",,"required","","https://www.medizininformatik-initiative.de/fhir/core/modul-diagnose/ValueSet/mii-vs-diagnose-bodystructure-snomed","",,,,"CodeableConcept.coding",0,*,"","ele-1:All FHIR elements must have a @value or children {hasValue() or (children().count() > id.count())}
","C*E.1-8, C*E.10-22"
"Condition.bodySite.coding:snomed-ct.id","Condition.bodySite.coding.id","","","",0,1,"","","","string {[]} {[]}
","Unique id for inter-element referencing","Unique id for the element within a resource (for internal references). This may be any string value that does not contain spaces.","","","","","","","","","",,,,,"",,,,"Element.id",0,1,"",""
"Condition.bodySite.coding:snomed-ct.extension","Condition.bodySite.coding.extension","","extensions
user content","",0,*,"","","","Extension {[]} {[]}
","Additional content defined by implementations","May be used to represent additional information that is not part of the basic definition of the element. To make the use of extensions safe and manageable, there is a strict set of governance  applied to the definition and use of extensions. Though any implementer can define an extension, there is a set of requirements that SHALL be met as part of the definition of the extension.","There can be no stigma associated with the use of extensions by any application, project, or standard - regardless of the institution or jurisdiction that uses or defines the extensions.  The use of extensions is what allows the FHIR specification to retain a core level of simplicity for everyone.","","","","","","","","",,,,,"","value:url}
","Extensions are always sliced by (at least) url",,"open","Element.extension",0,*,"","ele-1:All FHIR elements must have a @value or children {hasValue() or (children().count() > id.count())}
ext-1:Must have either extensions or value[x], not both {extension.exists() != value.exists()}"
"Condition.bodySite.coding:snomed-ct.system","Condition.bodySite.coding.system","","","",1,1,"Y","","Y","uri {[]} {[]}
","Identity of the terminology system","The identification of the code system that defines the meaning of the symbol in the code.","The URI may be an OID (urn:oid:...) or a UUID (urn:uuid:...).  OIDs and UUIDs SHALL be references to the HL7 OID registry. Otherwise, the URI should come from HL7's list of FHIR defined special URIs or it should reference to some definition that establishes the system clearly and unambiguously.","Need to be unambiguous about the source of the definition of the symbol.","","","","<valueUri xmlns=""http://hl7.org/fhir"" value=""http://snomed.info/sct""/>","","","",,,,,"",,,,"Coding.system",0,1,"","ele-1:All FHIR elements must have a @value or children {hasValue() or (children().count() > id.count())}
","C*E.3"
"Condition.bodySite.coding:snomed-ct.version","Condition.bodySite.coding.version","","","",0,1,"Y","","Y","string {[]} {[]}
","Version of the system - if relevant","The version of the code system which was used when choosing this code. Note that a well-maintained code system does not need the version reported, because the meaning of codes is consistent across versions. However this cannot consistently be assured, and when the meaning is not guaranteed to be consistent, the version SHOULD be exchanged.","Where the terminology does not clearly define what string should be used to identify code system versions, the recommendation is to use the date (expressed in FHIR date format) on which that version was officially published as the version date.","","","","","","","","",,,,,"",,,,"Coding.version",0,1,"","ele-1:All FHIR elements must have a @value or children {hasValue() or (children().count() > id.count())}
","C*E.7"
"Condition.bodySite.coding:snomed-ct.code","Condition.bodySite.coding.code","","","",1,1,"Y","","Y","code {[]} {[]}
","Symbol in syntax defined by the system","A symbol in syntax defined by the system. The symbol may be a predefined code or an expression in a syntax defined by the coding system (e.g. post-coordination).","","Need to refer to a particular code in the system.","","","","","","","",,,,,"",,,,"Coding.code",0,1,"","ele-1:All FHIR elements must have a @value or children {hasValue() or (children().count() > id.count())}
","C*E.1"
"Condition.bodySite.coding:snomed-ct.display","Condition.bodySite.coding.display","","","",0,1,"","","Y","string {[]} {[]}
","Representation defined by the system","A representation of the meaning of the code in the system, following the rules of the system.","","Need to be able to carry a human-readable meaning of the code for readers that do not know  the system.","","","","","","","",,,,,"",,,,"Coding.display",0,1,"","ele-1:All FHIR elements must have a @value or children {hasValue() or (children().count() > id.count())}
","C*E.2 - but note this is not well followed"
"Condition.bodySite.coding:snomed-ct.userSelected","Condition.bodySite.coding.userSelected","","","",0,1,"","","Y","boolean {[]} {[]}
","If this coding was chosen directly by the user","Indicates that this coding was chosen by a user directly - e.g. off a pick list of available items (codes or displays).","Amongst a set of alternatives, a directly chosen code is the most appropriate starting point for new translations. There is some ambiguity about what exactly 'directly chosen' implies, and trading partner agreement may be needed to clarify the use of this element and its consequences more completely.","This has been identified as a clinical safety criterium - that this exact system/code pair was chosen explicitly, rather than inferred by the system based on some rules or language processing.","","","","","","","",,,,,"",,,,"Coding.userSelected",0,1,"","ele-1:All FHIR elements must have a @value or children {hasValue() or (children().count() > id.count())}
","Sometimes implied by being first"
"Condition.bodySite.coding:primaertumorSeitenlokalisation","Condition.bodySite.coding","primaertumorSeitenlokalisation","","",0,1,"Y","","Y","Coding {[]} {[]}
","Seitenlokalisation des Primärtumors gemäß oBDS","Seitenlokalisation des Primärtumors nach 5.8 oBDS 2021","Codes may be defined very casually in enumerations, or code lists, up to very formal definitions such as SNOMED CT - see the HL7 v3 Core Principles for more information.  Ordering of codings is undefined and SHALL NOT be used to infer meaning. Generally, at most only one of the coding values will be labeled as UserSelected = true.","Allows for alternative encodings within a code system, and translations to other code systems.","","","","","","","",,"required","","https://www.medizininformatik-initiative.de/fhir/ext/modul-onko/ValueSet/mii-vs-onko-seitenlokalisation","",,,,"CodeableConcept.coding",0,*,"","ele-1:All FHIR elements must have a @value or children {hasValue() or (children().count() > id.count())}
","C*E.1-8, C*E.10-22"
"Condition.bodySite.coding:primaertumorSeitenlokalisation.id","Condition.bodySite.coding.id","","","",0,1,"","","","string {[]} {[]}
","Unique id for inter-element referencing","Unique id for the element within a resource (for internal references). This may be any string value that does not contain spaces.","","","","","","","","","",,,,,"",,,,"Element.id",0,1,"",""
"Condition.bodySite.coding:primaertumorSeitenlokalisation.extension","Condition.bodySite.coding.extension","","extensions
user content","",0,*,"","","","Extension {[]} {[]}
","Additional content defined by implementations","May be used to represent additional information that is not part of the basic definition of the element. To make the use of extensions safe and manageable, there is a strict set of governance  applied to the definition and use of extensions. Though any implementer can define an extension, there is a set of requirements that SHALL be met as part of the definition of the extension.","There can be no stigma associated with the use of extensions by any application, project, or standard - regardless of the institution or jurisdiction that uses or defines the extensions.  The use of extensions is what allows the FHIR specification to retain a core level of simplicity for everyone.","","","","","","","","",,,,,"","value:url}
","Extensions are always sliced by (at least) url",,"open","Element.extension",0,*,"","ele-1:All FHIR elements must have a @value or children {hasValue() or (children().count() > id.count())}
ext-1:Must have either extensions or value[x], not both {extension.exists() != value.exists()}"
"Condition.bodySite.coding:primaertumorSeitenlokalisation.system","Condition.bodySite.coding.system","","","",1,1,"Y","","Y","uri {[]} {[]}
","Identity of the terminology system","The identification of the code system that defines the meaning of the symbol in the code.","The URI may be an OID (urn:oid:...) or a UUID (urn:uuid:...).  OIDs and UUIDs SHALL be references to the HL7 OID registry. Otherwise, the URI should come from HL7's list of FHIR defined special URIs or it should reference to some definition that establishes the system clearly and unambiguously.","Need to be unambiguous about the source of the definition of the symbol.","","","","<valueUri xmlns=""http://hl7.org/fhir"" value=""https://www.medizininformatik-initiative.de/fhir/ext/modul-onko/CodeSystem/mii-cs-onko-seitenlokalisation""/>","","","",,,,,"",,,,"Coding.system",0,1,"","ele-1:All FHIR elements must have a @value or children {hasValue() or (children().count() > id.count())}
","C*E.3"
"Condition.bodySite.coding:primaertumorSeitenlokalisation.version","Condition.bodySite.coding.version","","","",0,1,"","","Y","string {[]} {[]}
","Version of the system - if relevant","The version of the code system which was used when choosing this code. Note that a well-maintained code system does not need the version reported, because the meaning of codes is consistent across versions. However this cannot consistently be assured, and when the meaning is not guaranteed to be consistent, the version SHOULD be exchanged.","Where the terminology does not clearly define what string should be used to identify code system versions, the recommendation is to use the date (expressed in FHIR date format) on which that version was officially published as the version date.","","","","","","","","",,,,,"",,,,"Coding.version",0,1,"","ele-1:All FHIR elements must have a @value or children {hasValue() or (children().count() > id.count())}
","C*E.7"
"Condition.bodySite.coding:primaertumorSeitenlokalisation.code","Condition.bodySite.coding.code","","","",1,1,"Y","","Y","code {[]} {[]}
","Symbol in syntax defined by the system","A symbol in syntax defined by the system. The symbol may be a predefined code or an expression in a syntax defined by the coding system (e.g. post-coordination).","","Need to refer to a particular code in the system.","","","","","","","",,,,,"",,,,"Coding.code",0,1,"","ele-1:All FHIR elements must have a @value or children {hasValue() or (children().count() > id.count())}
","5.8","C*E.1"
"Condition.bodySite.coding:primaertumorSeitenlokalisation.display","Condition.bodySite.coding.display","","","",0,1,"","","Y","string {[]} {[]}
","Representation defined by the system","A representation of the meaning of the code in the system, following the rules of the system.","","Need to be able to carry a human-readable meaning of the code for readers that do not know  the system.","","","","","","","",,,,,"",,,,"Coding.display",0,1,"","ele-1:All FHIR elements must have a @value or children {hasValue() or (children().count() > id.count())}
","C*E.2 - but note this is not well followed"
"Condition.bodySite.coding:primaertumorSeitenlokalisation.userSelected","Condition.bodySite.coding.userSelected","","","",0,1,"","","Y","boolean {[]} {[]}
","If this coding was chosen directly by the user","Indicates that this coding was chosen by a user directly - e.g. off a pick list of available items (codes or displays).","Amongst a set of alternatives, a directly chosen code is the most appropriate starting point for new translations. There is some ambiguity about what exactly 'directly chosen' implies, and trading partner agreement may be needed to clarify the use of this element and its consequences more completely.","This has been identified as a clinical safety criterium - that this exact system/code pair was chosen explicitly, rather than inferred by the system based on some rules or language processing.","","","","","","","",,,,,"",,,,"Coding.userSelected",0,1,"","ele-1:All FHIR elements must have a @value or children {hasValue() or (children().count() > id.count())}
","Sometimes implied by being first"
"Condition.bodySite.coding:icd-o-3","Condition.bodySite.coding","icd-o-3","","",0,1,"Y","","Y","Coding {[]} {[]}
","ICD-O-Topographie","Topographie des Primärtumors nach ICD-O-3 nach 5.4 oBDS 2021","Codes may be defined very casually in enumerations, or code lists, up to very formal definitions such as SNOMED CT - see the HL7 v3 Core Principles for more information.  Ordering of codings is undefined and SHALL NOT be used to infer meaning. Generally, at most only one of the coding values will be labeled as UserSelected = true.","Allows for alternative encodings within a code system, and translations to other code systems.","","","","","","","",,"required","","https://www.medizininformatik-initiative.de/fhir/ext/modul-onko/ValueSet/mii-vs-onko-icdo3-topographie","",,,,"CodeableConcept.coding",0,*,"","ele-1:All FHIR elements must have a @value or children {hasValue() or (children().count() > id.count())}
","C*E.1-8, C*E.10-22"
"Condition.bodySite.coding:icd-o-3.id","Condition.bodySite.coding.id","","","",0,1,"","","","string {[]} {[]}
","Unique id for inter-element referencing","Unique id for the element within a resource (for internal references). This may be any string value that does not contain spaces.","","","","","","","","","",,,,,"",,,,"Element.id",0,1,"",""
"Condition.bodySite.coding:icd-o-3.extension","Condition.bodySite.coding.extension","","extensions
user content","",0,*,"","","","Extension {[]} {[]}
","Additional content defined by implementations","May be used to represent additional information that is not part of the basic definition of the element. To make the use of extensions safe and manageable, there is a strict set of governance  applied to the definition and use of extensions. Though any implementer can define an extension, there is a set of requirements that SHALL be met as part of the definition of the extension.","There can be no stigma associated with the use of extensions by any application, project, or standard - regardless of the institution or jurisdiction that uses or defines the extensions.  The use of extensions is what allows the FHIR specification to retain a core level of simplicity for everyone.","","","","","","","","",,,,,"","value:url}
","Extensions are always sliced by (at least) url",,"open","Element.extension",0,*,"","ele-1:All FHIR elements must have a @value or children {hasValue() or (children().count() > id.count())}
ext-1:Must have either extensions or value[x], not both {extension.exists() != value.exists()}"
"Condition.bodySite.coding:icd-o-3.system","Condition.bodySite.coding.system","","","",1,1,"Y","","Y","uri {[]} {[]}
","Identity of the terminology system","The identification of the code system that defines the meaning of the symbol in the code.","The URI may be an OID (urn:oid:...) or a UUID (urn:uuid:...).  OIDs and UUIDs SHALL be references to the HL7 OID registry. Otherwise, the URI should come from HL7's list of FHIR defined special URIs or it should reference to some definition that establishes the system clearly and unambiguously.","Need to be unambiguous about the source of the definition of the symbol.","","","","<valueUri xmlns=""http://hl7.org/fhir"" value=""http://terminology.hl7.org/CodeSystem/icd-o-3""/>","","","",,,,,"",,,,"Coding.system",0,1,"","ele-1:All FHIR elements must have a @value or children {hasValue() or (children().count() > id.count())}
","C*E.3"
"Condition.bodySite.coding:icd-o-3.version","Condition.bodySite.coding.version","","","",0,1,"","","Y","string {[]} {[]}
","Version of the system - if relevant","The version of the code system which was used when choosing this code. Note that a well-maintained code system does not need the version reported, because the meaning of codes is consistent across versions. However this cannot consistently be assured, and when the meaning is not guaranteed to be consistent, the version SHOULD be exchanged.","Where the terminology does not clearly define what string should be used to identify code system versions, the recommendation is to use the date (expressed in FHIR date format) on which that version was officially published as the version date.","","","","","","","","",,,,,"",,,,"Coding.version",0,1,"","ele-1:All FHIR elements must have a @value or children {hasValue() or (children().count() > id.count())}
","5.5","C*E.7"
"Condition.bodySite.coding:icd-o-3.code","Condition.bodySite.coding.code","","","",1,1,"Y","","Y","code {[]} {[]}
","Symbol in syntax defined by the system","A symbol in syntax defined by the system. The symbol may be a predefined code or an expression in a syntax defined by the coding system (e.g. post-coordination).","","Need to refer to a particular code in the system.","","","","","","","",,,,,"",,,,"Coding.code",0,1,"","ele-1:All FHIR elements must have a @value or children {hasValue() or (children().count() > id.count())}
","5.4","C*E.1"
"Condition.bodySite.coding:icd-o-3.display","Condition.bodySite.coding.display","","","",0,1,"","","Y","string {[]} {[]}
","Representation defined by the system","A representation of the meaning of the code in the system, following the rules of the system.","","Need to be able to carry a human-readable meaning of the code for readers that do not know  the system.","","","","","","","",,,,,"",,,,"Coding.display",0,1,"","ele-1:All FHIR elements must have a @value or children {hasValue() or (children().count() > id.count())}
","C*E.2 - but note this is not well followed"
"Condition.bodySite.coding:icd-o-3.userSelected","Condition.bodySite.coding.userSelected","","","",0,1,"","","Y","boolean {[]} {[]}
","If this coding was chosen directly by the user","Indicates that this coding was chosen by a user directly - e.g. off a pick list of available items (codes or displays).","Amongst a set of alternatives, a directly chosen code is the most appropriate starting point for new translations. There is some ambiguity about what exactly 'directly chosen' implies, and trading partner agreement may be needed to clarify the use of this element and its consequences more completely.","This has been identified as a clinical safety criterium - that this exact system/code pair was chosen explicitly, rather than inferred by the system based on some rules or language processing.","","","","","","","",,,,,"",,,,"Coding.userSelected",0,1,"","ele-1:All FHIR elements must have a @value or children {hasValue() or (children().count() > id.count())}
","Sometimes implied by being first"
"Condition.bodySite.text","Condition.bodySite.text","","","",0,1,"","","Y","string {[]} {[]}
","Plain text representation of the concept","A human language representation of the concept as seen/selected/uttered by the user who entered the data and/or which represents the intended meaning of the user.","Very often the text is the same as a displayName of one of the codings.","The codes from the terminologies do not always capture the correct meaning with all the nuances of the human using them, or sometimes there is no appropriate code at all. In these cases, the text is used to capture the full meaning of the source.","","","","","","","",,,,,"",,,,"CodeableConcept.text",0,1,"","ele-1:All FHIR elements must have a @value or children {hasValue() or (children().count() > id.count())}
","C*E.9. But note many systems use C*E.2 for this"
"Condition.subject","Condition.subject","","patient
","",1,1,"Y","","Y","Reference {[]} {[CanonicalType[http://hl7.org/fhir/StructureDefinition/Patient]]}
","Who has the condition?","Indicates the patient or group who the condition record is associated with.","","Group is typically used for veterinary or public health use cases.","","","","","","","",,,,,"",,,,"Condition.subject",1,1,"","ele-1:All FHIR elements must have a @value or children {hasValue() or (children().count() > id.count())}
","Event.subject","PID-3","FiveWs.subject[x]","FiveWs.subject"
"Condition.subject.id","Condition.subject.id","","","",0,1,"","","","string {[]} {[]}
","Unique id for inter-element referencing","Unique id for the element within a resource (for internal references). This may be any string value that does not contain spaces.","","","","","","","","","",,,,,"",,,,"Element.id",0,1,"",""
"Condition.subject.extension","Condition.subject.extension","","extensions
user content","",0,*,"","","","Extension {[]} {[]}
","Additional content defined by implementations","May be used to represent additional information that is not part of the basic definition of the element. To make the use of extensions safe and manageable, there is a strict set of governance  applied to the definition and use of extensions. Though any implementer can define an extension, there is a set of requirements that SHALL be met as part of the definition of the extension.","There can be no stigma associated with the use of extensions by any application, project, or standard - regardless of the institution or jurisdiction that uses or defines the extensions.  The use of extensions is what allows the FHIR specification to retain a core level of simplicity for everyone.","","","","","","","","",,,,,"","value:url}
","Extensions are always sliced by (at least) url",,"open","Element.extension",0,*,"","ele-1:All FHIR elements must have a @value or children {hasValue() or (children().count() > id.count())}
ext-1:Must have either extensions or value[x], not both {extension.exists() != value.exists()}"
"Condition.subject.reference","Condition.subject.reference","","","",0,1,"Y","","Y","string {[]} {[]}
","Literal reference, Relative, internal or absolute URL","A reference to a location at which the other resource is found. The reference may be a relative reference, in which case it is relative to the service base URL, or an absolute URL that resolves to the location where the resource is found. The reference may be version specific or not. If the reference is not to a FHIR RESTful server, then it should be assumed to be version specific. Internal fragment references (start with '#') refer to contained resources.","Using absolute URLs provides a stable scalable approach suitable for a cloud/web context, while using relative/logical references provides a flexible approach suitable for use when trading across closed eco-system boundaries.   Absolute URLs do not need to point to a FHIR RESTful server, though this is the preferred approach. If the URL conforms to the structure ""/[type]/[id]"" then it should be assumed that the reference is to a FHIR RESTful server.","","","","","","","","",,,,,"",,,,"Reference.reference",0,1,"ref-1
","ele-1:All FHIR elements must have a @value or children {hasValue() or (children().count() > id.count())}
"
"Condition.subject.type","Condition.subject.type","","","",0,1,"","","Y","uri {[]} {[]}
","Type the reference refers to (e.g. ""Patient"")","The expected type of the target of the reference. If both Reference.type and Reference.reference are populated and Reference.reference is a FHIR URL, both SHALL be consistent.

The type is the Canonical URL of Resource Definition that is the type this reference refers to. References are URLs that are relative to http://hl7.org/fhir/StructureDefinition/ e.g. ""Patient"" is a reference to http://hl7.org/fhir/StructureDefinition/Patient. Absolute URLs are only allowed for logical models (and can only be used in references in logical models, not resources).","This element is used to indicate the type of  the target of the reference. This may be used which ever of the other elements are populated (or not). In some cases, the type of the target may be determined by inspection of the reference (e.g. a RESTful URL) or by resolving the target of the reference; if both the type and a reference is provided, the reference SHALL resolve to a resource of the same type as that specified.","","","","","","","","",,"extensible","Aa resource (or, for logical models, the URI of the logical model).","http://hl7.org/fhir/ValueSet/resource-types|4.0.1","",,,,"Reference.type",0,1,"","ele-1:All FHIR elements must have a @value or children {hasValue() or (children().count() > id.count())}
"
"Condition.subject.identifier","Condition.subject.identifier","","","",0,1,"","","Y","Identifier {[]} {[]}
","Logical reference, when literal reference is not known","An identifier for the target resource. This is used when there is no way to reference the other resource directly, either because the entity it represents is not available through a FHIR server, or because there is no way for the author of the resource to convert a known identifier to an actual location. There is no requirement that a Reference.identifier point to something that is actually exposed as a FHIR instance, but it SHALL point to a business concept that would be expected to be exposed as a FHIR instance, and that instance would need to be of a FHIR resource type allowed by the reference.","When an identifier is provided in place of a reference, any system processing the reference will only be able to resolve the identifier to a reference if it understands the business context in which the identifier is used. Sometimes this is global (e.g. a national identifier) but often it is not. For this reason, none of the useful mechanisms described for working with references (e.g. chaining, includes) are possible, nor should servers be expected to be able resolve the reference. Servers may accept an identifier based reference untouched, resolve it, and/or reject it - see CapabilityStatement.rest.resource.referencePolicy. 

When both an identifier and a literal reference are provided, the literal reference is preferred. Applications processing the resource are allowed - but not required - to check that the identifier matches the literal reference

Applications converting a logical reference to a literal reference may choose to leave the logical reference present, or remove it.

Reference is intended to point to a structure that can potentially be expressed as a FHIR resource, though there is no need for it to exist as an actual FHIR resource instance - except in as much as an application wishes to actual find the target of the reference. The content referred to be the identifier must meet the logical constraints implied by any limitations on what resource types are permitted for the reference.  For example, it would not be legitimate to send the identifier for a drug prescription if the type were Reference(Observation|DiagnosticReport).  One of the use-cases for Reference.identifier is the situation where no FHIR representation exists (where the type is Reference (Any).","","","","","","","","",,,,,"",,,,"Reference.identifier",0,1,"","ele-1:All FHIR elements must have a @value or children {hasValue() or (children().count() > id.count())}
"
"Condition.subject.display","Condition.subject.display","","","",0,1,"","","Y","string {[]} {[]}
","Text alternative for the resource","Plain text narrative that identifies the resource in addition to the resource reference.","This is generally not the same as the Resource.text of the referenced resource.  The purpose is to identify what's being referenced, not to fully describe it.","","","","","","","","",,,,,"",,,,"Reference.display",0,1,"","ele-1:All FHIR elements must have a @value or children {hasValue() or (children().count() > id.count())}
"
"Condition.encounter","Condition.encounter","","","",0,1,"Y","","Y","Reference {[]} {[CanonicalType[http://hl7.org/fhir/StructureDefinition/Encounter|4.0.1]]}
","Kontakt (Aufenthaltsbezug)","Kontakt, während dem die Diagnose erstellt wurde oder mit dem die Diagnose in Zusammenhang steht.","This will typically be the encounter the event occurred within, but some activities may be initiated prior to or after the official completion of an encounter but still be tied to the context of the encounter. This record indicates the encounter this particular record is associated with.  In the case of a ""new"" diagnosis reflecting ongoing/revised information about the condition, this might be distinct from the first encounter in which the underlying condition was first ""known"".","","","","","","","","",,,,,"",,,,"Condition.encounter",0,1,"","ele-1:All FHIR elements must have a @value or children {hasValue() or (children().count() > id.count())}
","Event.context","PV1-19 (+PV1-54)","FiveWs.context"
"Condition.encounter.id","Condition.encounter.id","","","",0,1,"","","","string {[]} {[]}
","Unique id for inter-element referencing","Unique id for the element within a resource (for internal references). This may be any string value that does not contain spaces.","","","","","","","","","",,,,,"",,,,"Element.id",0,1,"",""
"Condition.encounter.extension","Condition.encounter.extension","","extensions
user content","",0,*,"","","","Extension {[]} {[]}
","Additional content defined by implementations","May be used to represent additional information that is not part of the basic definition of the element. To make the use of extensions safe and manageable, there is a strict set of governance  applied to the definition and use of extensions. Though any implementer can define an extension, there is a set of requirements that SHALL be met as part of the definition of the extension.","There can be no stigma associated with the use of extensions by any application, project, or standard - regardless of the institution or jurisdiction that uses or defines the extensions.  The use of extensions is what allows the FHIR specification to retain a core level of simplicity for everyone.","","","","","","","","",,,,,"","value:url}
","Extensions are always sliced by (at least) url",,"open","Element.extension",0,*,"","ele-1:All FHIR elements must have a @value or children {hasValue() or (children().count() > id.count())}
ext-1:Must have either extensions or value[x], not both {extension.exists() != value.exists()}"
"Condition.encounter.reference","Condition.encounter.reference","","","",0,1,"Y","","Y","string {[]} {[]}
","Literal reference, Relative, internal or absolute URL","A reference to a location at which the other resource is found. The reference may be a relative reference, in which case it is relative to the service base URL, or an absolute URL that resolves to the location where the resource is found. The reference may be version specific or not. If the reference is not to a FHIR RESTful server, then it should be assumed to be version specific. Internal fragment references (start with '#') refer to contained resources.","Using absolute URLs provides a stable scalable approach suitable for a cloud/web context, while using relative/logical references provides a flexible approach suitable for use when trading across closed eco-system boundaries.   Absolute URLs do not need to point to a FHIR RESTful server, though this is the preferred approach. If the URL conforms to the structure ""/[type]/[id]"" then it should be assumed that the reference is to a FHIR RESTful server.","","","","","","","","",,,,,"",,,,"Reference.reference",0,1,"ref-1
","ele-1:All FHIR elements must have a @value or children {hasValue() or (children().count() > id.count())}
"
"Condition.encounter.type","Condition.encounter.type","","","",0,1,"","","Y","uri {[]} {[]}
","Type the reference refers to (e.g. ""Patient"")","The expected type of the target of the reference. If both Reference.type and Reference.reference are populated and Reference.reference is a FHIR URL, both SHALL be consistent.

The type is the Canonical URL of Resource Definition that is the type this reference refers to. References are URLs that are relative to http://hl7.org/fhir/StructureDefinition/ e.g. ""Patient"" is a reference to http://hl7.org/fhir/StructureDefinition/Patient. Absolute URLs are only allowed for logical models (and can only be used in references in logical models, not resources).","This element is used to indicate the type of  the target of the reference. This may be used which ever of the other elements are populated (or not). In some cases, the type of the target may be determined by inspection of the reference (e.g. a RESTful URL) or by resolving the target of the reference; if both the type and a reference is provided, the reference SHALL resolve to a resource of the same type as that specified.","","","","","","","","",,"extensible","Aa resource (or, for logical models, the URI of the logical model).","http://hl7.org/fhir/ValueSet/resource-types|4.0.1","",,,,"Reference.type",0,1,"","ele-1:All FHIR elements must have a @value or children {hasValue() or (children().count() > id.count())}
"
"Condition.encounter.identifier","Condition.encounter.identifier","","","",0,1,"","","Y","Identifier {[]} {[]}
","Logical reference, when literal reference is not known","An identifier for the target resource. This is used when there is no way to reference the other resource directly, either because the entity it represents is not available through a FHIR server, or because there is no way for the author of the resource to convert a known identifier to an actual location. There is no requirement that a Reference.identifier point to something that is actually exposed as a FHIR instance, but it SHALL point to a business concept that would be expected to be exposed as a FHIR instance, and that instance would need to be of a FHIR resource type allowed by the reference.","When an identifier is provided in place of a reference, any system processing the reference will only be able to resolve the identifier to a reference if it understands the business context in which the identifier is used. Sometimes this is global (e.g. a national identifier) but often it is not. For this reason, none of the useful mechanisms described for working with references (e.g. chaining, includes) are possible, nor should servers be expected to be able resolve the reference. Servers may accept an identifier based reference untouched, resolve it, and/or reject it - see CapabilityStatement.rest.resource.referencePolicy. 

When both an identifier and a literal reference are provided, the literal reference is preferred. Applications processing the resource are allowed - but not required - to check that the identifier matches the literal reference

Applications converting a logical reference to a literal reference may choose to leave the logical reference present, or remove it.

Reference is intended to point to a structure that can potentially be expressed as a FHIR resource, though there is no need for it to exist as an actual FHIR resource instance - except in as much as an application wishes to actual find the target of the reference. The content referred to be the identifier must meet the logical constraints implied by any limitations on what resource types are permitted for the reference.  For example, it would not be legitimate to send the identifier for a drug prescription if the type were Reference(Observation|DiagnosticReport).  One of the use-cases for Reference.identifier is the situation where no FHIR representation exists (where the type is Reference (Any).","","","","","","","","",,,,,"",,,,"Reference.identifier",0,1,"","ele-1:All FHIR elements must have a @value or children {hasValue() or (children().count() > id.count())}
"
"Condition.encounter.display","Condition.encounter.display","","","",0,1,"","","Y","string {[]} {[]}
","Text alternative for the resource","Plain text narrative that identifies the resource in addition to the resource reference.","This is generally not the same as the Resource.text of the referenced resource.  The purpose is to identify what's being referenced, not to fully describe it.","","","","","","","","",,,,,"",,,,"Reference.display",0,1,"","ele-1:All FHIR elements must have a @value or children {hasValue() or (children().count() > id.count())}
"
"Condition.onset[x]","Condition.onset[x]","","","",0,1,"Y","","Y","dateTime {[]} {[]}
Age {[]} {[]}Period {[]} {[]}","Beginn","Geschätztes oder tatsächliches Datum oder Zeitraum, an dem die Erkrankung begonnen hat, nach Meinung des Klinikers.","Age is generally used when the patient reports an age at which the Condition began to occur.","","","","","","","","",,,,,"","type:$this}
","",,"closed","Condition.onset[x]",0,1,"","ele-1:All FHIR elements must have a @value or children {hasValue() or (children().count() > id.count())}
","KlinischRelevanterZeitraum","Event.occurrence[x]","PRB-16","FiveWs.init"
"Condition.onset[x]:onsetPeriod","Condition.onset[x]","onsetPeriod","","",0,1,"Y","","Y","Period {[]} {[]}
","Beginn Zeitraum","Der Zeitraum, in dem die Erkrankung begonnen hat, nach Meinung des Klinikers.","Age is generally used when the patient reports an age at which the Condition began to occur.","","","","","","","","",,,,,"",,,,"Condition.onset[x]",0,1,"","ele-1:All FHIR elements must have a @value or children {hasValue() or (children().count() > id.count())}
","KlinischRelevanterZeitraum.Zeitraum","Event.occurrence[x]","PRB-16","FiveWs.init"
"Condition.onset[x]:onsetPeriod.id","Condition.onset[x].id","","","",0,1,"","","","string {[]} {[]}
","Unique id for inter-element referencing","Unique id for the element within a resource (for internal references). This may be any string value that does not contain spaces.","","","","","","","","","",,,,,"",,,,"Element.id",0,1,"",""
"Condition.onset[x]:onsetPeriod.extension","Condition.onset[x].extension","","extensions
user content","",0,*,"","","","Extension {[]} {[]}
","Additional content defined by implementations","May be used to represent additional information that is not part of the basic definition of the element. To make the use of extensions safe and manageable, there is a strict set of governance  applied to the definition and use of extensions. Though any implementer can define an extension, there is a set of requirements that SHALL be met as part of the definition of the extension.","There can be no stigma associated with the use of extensions by any application, project, or standard - regardless of the institution or jurisdiction that uses or defines the extensions.  The use of extensions is what allows the FHIR specification to retain a core level of simplicity for everyone.","","","","","","","","",,,,,"","value:url}
","Extensions are always sliced by (at least) url",,"open","Element.extension",0,*,"","ele-1:All FHIR elements must have a @value or children {hasValue() or (children().count() > id.count())}
ext-1:Must have either extensions or value[x], not both {extension.exists() != value.exists()}"
"Condition.onset[x]:onsetPeriod.start","Condition.onset[x].start","","","",0,1,"Y","","Y","dateTime {[]} {[]}
","Starting time with inclusive boundary","The start of the period. The boundary is inclusive.","If the low element is missing, the meaning is that the low boundary is not known.","","","","","","","","",,,,,"",,,,"Period.start",0,1,"per-1
","ele-1:All FHIR elements must have a @value or children {hasValue() or (children().count() > id.count())}
","KlinischRelevanterZeitraum.Zeitraum.von","DR.1"
"Condition.onset[x]:onsetPeriod.start.id","Condition.onset[x].start.id","","","",0,1,"","","","string {[]} {[]}
","xml:id (or equivalent in JSON)","unique id for the element within a resource (for internal references)","","","","","","","","","",,,,,"",,,,"Element.id",0,1,"",""
"Condition.onset[x]:onsetPeriod.start.extension","Condition.onset[x].start.extension","","","",0,*,"","","","Extension {[]} {[]}
","Extension","An Extension","","","","","","","","","",,,,,"","value:url}
","",,"open","Element.extension",0,*,"","ele-1:All FHIR elements must have a @value or children {hasValue() or (children().count() > id.count())}
ext-1:Must have either extensions or value[x], not both {extension.exists() != value.exists()}"
"Condition.onset[x]:onsetPeriod.start.extension:lebensphase-von","Condition.onset[x].start.extension","lebensphase-von","","",0,1,"Y","","","Extension {[CanonicalType[http://fhir.de/StructureDefinition/lebensphase]]} {[]}
","Optional Extensions Element","Optional Extension Element - found in all resources.","","","","","","","","","",,,,,"",,,,"Element.extension",0,*,"ele-1
","ele-1:All FHIR elements must have a @value or children {hasValue() or (children().count() > id.count())}
ext-1:Must have either extensions or value[x], not both {extension.exists() != value.exists()}"
"Condition.onset[x]:onsetPeriod.start.extension:lebensphase-von.id","Condition.onset[x].start.extension.id","","","",0,1,"","","","string {[]} {[]}
","Unique id for inter-element referencing","Unique id for the element within a resource (for internal references). This may be any string value that does not contain spaces.","","","","","","","","","",,,,,"",,,,"Element.id",0,1,"",""
"Condition.onset[x]:onsetPeriod.start.extension:lebensphase-von.extension","Condition.onset[x].start.extension.extension","","extensions
user content","",0,0,"","","","Extension {[]} {[]}
","Additional content defined by implementations","May be used to represent additional information that is not part of the basic definition of the element. To make the use of extensions safe and manageable, there is a strict set of governance  applied to the definition and use of extensions. Though any implementer can define an extension, there is a set of requirements that SHALL be met as part of the definition of the extension.","There can be no stigma associated with the use of extensions by any application, project, or standard - regardless of the institution or jurisdiction that uses or defines the extensions.  The use of extensions is what allows the FHIR specification to retain a core level of simplicity for everyone.","","","","","","","","",,,,,"","value:url}
","Extensions are always sliced by (at least) url",,"open","Element.extension",0,*,"","ele-1:All FHIR elements must have a @value or children {hasValue() or (children().count() > id.count())}
ext-1:Must have either extensions or value[x], not both {extension.exists() != value.exists()}"
"Condition.onset[x]:onsetPeriod.start.extension:lebensphase-von.url","Condition.onset[x].start.extension.url","","","",1,1,"Y","","","uri {[]} {[]}
","identifies the meaning of the extension","Source of the definition for the extension code - a logical name or a URL.","The definition may point directly to a computable or human-readable definition of the extensibility codes, or it may be a logical URI as declared in some other specification. The definition SHALL be a URI for the Structure Definition defining the extension.","","","","<valueUri xmlns=""http://hl7.org/fhir"" value=""http://fhir.de/StructureDefinition/lebensphase""/>","","","","",,,,,"",,,,"Extension.url",1,1,"",""
"Condition.onset[x]:onsetPeriod.start.extension:lebensphase-von.value[x]","Condition.onset[x].start.extension.value[x]","","","",1,1,"Y","","","CodeableConcept {[]} {[]}
","Value of extension","Value of extension - must be one of a constrained set of the data types (see [Extensibility](http://hl7.org/fhir/R4/extensibility.html) for a list).","","","","","","","","","",,,,,"",,,,"Extension.value[x]",0,1,"","ele-1:All FHIR elements must have a @value or children {hasValue() or (children().count() > id.count())}
","KlinischRelevanterZeitraum.Lebensphase.von"
"Condition.onset[x]:onsetPeriod.start.extension:lebensphase-von.value[x].id","Condition.onset[x].start.extension.value[x].id","","","",0,1,"","","","string {[]} {[]}
","Unique id for inter-element referencing","Unique id for the element within a resource (for internal references). This may be any string value that does not contain spaces.","","","","","","","","","",,,,,"",,,,"Element.id",0,1,"",""
"Condition.onset[x]:onsetPeriod.start.extension:lebensphase-von.value[x].extension","Condition.onset[x].start.extension.value[x].extension","","extensions
user content","",0,*,"","","","Extension {[]} {[]}
","Additional content defined by implementations","May be used to represent additional information that is not part of the basic definition of the element. To make the use of extensions safe and manageable, there is a strict set of governance  applied to the definition and use of extensions. Though any implementer can define an extension, there is a set of requirements that SHALL be met as part of the definition of the extension.","There can be no stigma associated with the use of extensions by any application, project, or standard - regardless of the institution or jurisdiction that uses or defines the extensions.  The use of extensions is what allows the FHIR specification to retain a core level of simplicity for everyone.","","","","","","","","",,,,,"","value:url}
","Extensions are always sliced by (at least) url",,"open","Element.extension",0,*,"","ele-1:All FHIR elements must have a @value or children {hasValue() or (children().count() > id.count())}
ext-1:Must have either extensions or value[x], not both {extension.exists() != value.exists()}"
"Condition.onset[x]:onsetPeriod.start.extension:lebensphase-von.value[x].coding","Condition.onset[x].start.extension.value[x].coding","","","",1,1,"Y","","Y","Coding {[]} {[]}
","Code defined by a terminology system","A reference to a code defined by a terminology system.","Codes may be defined very casually in enumerations, or code lists, up to very formal definitions such as SNOMED CT - see the HL7 v3 Core Principles for more information.  Ordering of codings is undefined and SHALL NOT be used to infer meaning. Generally, at most only one of the coding values will be labeled as UserSelected = true.","Allows for alternative encodings within a code system, and translations to other code systems.","","","","","","","",,"required","Lebensphase","http://fhir.de/ValueSet/lebensphase-de","",,,,"CodeableConcept.coding",0,*,"","ele-1:All FHIR elements must have a @value or children {hasValue() or (children().count() > id.count())}
","C*E.1-8, C*E.10-22"
"Condition.onset[x]:onsetPeriod.start.extension:lebensphase-von.value[x].coding.id","Condition.onset[x].start.extension.value[x].coding.id","","","",0,1,"","","","string {[]} {[]}
","Unique id for inter-element referencing","Unique id for the element within a resource (for internal references). This may be any string value that does not contain spaces.","","","","","","","","","",,,,,"",,,,"Element.id",0,1,"",""
"Condition.onset[x]:onsetPeriod.start.extension:lebensphase-von.value[x].coding.extension","Condition.onset[x].start.extension.value[x].coding.extension","","extensions
user content","",0,*,"","","","Extension {[]} {[]}
","Additional content defined by implementations","May be used to represent additional information that is not part of the basic definition of the element. To make the use of extensions safe and manageable, there is a strict set of governance  applied to the definition and use of extensions. Though any implementer can define an extension, there is a set of requirements that SHALL be met as part of the definition of the extension.","There can be no stigma associated with the use of extensions by any application, project, or standard - regardless of the institution or jurisdiction that uses or defines the extensions.  The use of extensions is what allows the FHIR specification to retain a core level of simplicity for everyone.","","","","","","","","",,,,,"","value:url}
","Extensions are always sliced by (at least) url",,"open","Element.extension",0,*,"","ele-1:All FHIR elements must have a @value or children {hasValue() or (children().count() > id.count())}
ext-1:Must have either extensions or value[x], not both {extension.exists() != value.exists()}"
"Condition.onset[x]:onsetPeriod.start.extension:lebensphase-von.value[x].coding.system","Condition.onset[x].start.extension.value[x].coding.system","","","",1,1,"Y","","Y","uri {[]} {[]}
","Identity of the terminology system","The identification of the code system that defines the meaning of the symbol in the code.","The URI may be an OID (urn:oid:...) or a UUID (urn:uuid:...).  OIDs and UUIDs SHALL be references to the HL7 OID registry. Otherwise, the URI should come from HL7's list of FHIR defined special URIs or it should reference to some definition that establishes the system clearly and unambiguously.","Need to be unambiguous about the source of the definition of the symbol.","","","","","","","",,,,,"",,,,"Coding.system",0,1,"","ele-1:All FHIR elements must have a @value or children {hasValue() or (children().count() > id.count())}
","C*E.3"
"Condition.onset[x]:onsetPeriod.start.extension:lebensphase-von.value[x].coding.version","Condition.onset[x].start.extension.value[x].coding.version","","","",0,1,"","","Y","string {[]} {[]}
","Version of the system - if relevant","The version of the code system which was used when choosing this code. Note that a well-maintained code system does not need the version reported, because the meaning of codes is consistent across versions. However this cannot consistently be assured, and when the meaning is not guaranteed to be consistent, the version SHOULD be exchanged.","Where the terminology does not clearly define what string should be used to identify code system versions, the recommendation is to use the date (expressed in FHIR date format) on which that version was officially published as the version date.","","","","","","","","",,,,,"",,,,"Coding.version",0,1,"","ele-1:All FHIR elements must have a @value or children {hasValue() or (children().count() > id.count())}
","C*E.7"
"Condition.onset[x]:onsetPeriod.start.extension:lebensphase-von.value[x].coding.code","Condition.onset[x].start.extension.value[x].coding.code","","","",1,1,"Y","","Y","code {[]} {[]}
","Symbol in syntax defined by the system","A symbol in syntax defined by the system. The symbol may be a predefined code or an expression in a syntax defined by the coding system (e.g. post-coordination).","","Need to refer to a particular code in the system.","","","","","","","",,,,,"",,,,"Coding.code",0,1,"","ele-1:All FHIR elements must have a @value or children {hasValue() or (children().count() > id.count())}
","C*E.1"
"Condition.onset[x]:onsetPeriod.start.extension:lebensphase-von.value[x].coding.display","Condition.onset[x].start.extension.value[x].coding.display","","","",0,1,"","","Y","string {[]} {[]}
","Representation defined by the system","A representation of the meaning of the code in the system, following the rules of the system.","","Need to be able to carry a human-readable meaning of the code for readers that do not know  the system.","","","","","","","",,,,,"",,,,"Coding.display",0,1,"","ele-1:All FHIR elements must have a @value or children {hasValue() or (children().count() > id.count())}
","C*E.2 - but note this is not well followed"
"Condition.onset[x]:onsetPeriod.start.extension:lebensphase-von.value[x].coding.userSelected","Condition.onset[x].start.extension.value[x].coding.userSelected","","","",0,1,"","","Y","boolean {[]} {[]}
","If this coding was chosen directly by the user","Indicates that this coding was chosen by a user directly - e.g. off a pick list of available items (codes or displays).","Amongst a set of alternatives, a directly chosen code is the most appropriate starting point for new translations. There is some ambiguity about what exactly 'directly chosen' implies, and trading partner agreement may be needed to clarify the use of this element and its consequences more completely.","This has been identified as a clinical safety criterium - that this exact system/code pair was chosen explicitly, rather than inferred by the system based on some rules or language processing.","","","","","","","",,,,,"",,,,"Coding.userSelected",0,1,"","ele-1:All FHIR elements must have a @value or children {hasValue() or (children().count() > id.count())}
","Sometimes implied by being first"
"Condition.onset[x]:onsetPeriod.start.extension:lebensphase-von.value[x].text","Condition.onset[x].start.extension.value[x].text","","","",0,1,"","","Y","string {[]} {[]}
","Plain text representation of the concept","A human language representation of the concept as seen/selected/uttered by the user who entered the data and/or which represents the intended meaning of the user.","Very often the text is the same as a displayName of one of the codings.","The codes from the terminologies do not always capture the correct meaning with all the nuances of the human using them, or sometimes there is no appropriate code at all. In these cases, the text is used to capture the full meaning of the source.","","","","","","","",,,,,"",,,,"CodeableConcept.text",0,1,"","ele-1:All FHIR elements must have a @value or children {hasValue() or (children().count() > id.count())}
","C*E.9. But note many systems use C*E.2 for this"
"Condition.onset[x]:onsetPeriod.start.value","Condition.onset[x].start.value","","","",0,1,"","","","dateTime {[]} {[]}
","Primitive value for dateTime","The actual value","","","","","","","","","",,,,,"",,,,"dateTime.value",0,1,"",""
"Condition.onset[x]:onsetPeriod.end","Condition.onset[x].end","","","",0,1,"Y","","Y","dateTime {[]} {[]}
","End time with inclusive boundary, if not ongoing","The end of the period. If the end of the period is missing, it means no end was known or planned at the time the instance was created. The start may be in the past, and the end date in the future, which means that period is expected/planned to end at that time.","The high value includes any matching date/time. i.e. 2012-02-03T10:00:00 is in a period that has an end value of 2012-02-03.","","","If the end of the period is missing, it means that the period is ongoing","","","","","",,,,,"",,,,"Period.end",0,1,"per-1
","ele-1:All FHIR elements must have a @value or children {hasValue() or (children().count() > id.count())}
","KlinischRelevanterZeitraum.Zeitraum.bis","DR.2"
"Condition.onset[x]:onsetPeriod.end.id","Condition.onset[x].end.id","","","",0,1,"","","","string {[]} {[]}
","xml:id (or equivalent in JSON)","unique id for the element within a resource (for internal references)","","","","","","","","","",,,,,"",,,,"Element.id",0,1,"",""
"Condition.onset[x]:onsetPeriod.end.extension","Condition.onset[x].end.extension","","","",0,*,"","","","Extension {[]} {[]}
","Extension","An Extension","","","","","","","","","",,,,,"","value:url}
","",,"open","Element.extension",0,*,"","ele-1:All FHIR elements must have a @value or children {hasValue() or (children().count() > id.count())}
ext-1:Must have either extensions or value[x], not both {extension.exists() != value.exists()}"
"Condition.onset[x]:onsetPeriod.end.extension:lebensphase-bis","Condition.onset[x].end.extension","lebensphase-bis","","",0,1,"Y","","","Extension {[CanonicalType[http://fhir.de/StructureDefinition/lebensphase]]} {[]}
","Optional Extensions Element","Optional Extension Element - found in all resources.","","","","","","","","","",,,,,"",,,,"Element.extension",0,*,"ele-1
","ele-1:All FHIR elements must have a @value or children {hasValue() or (children().count() > id.count())}
ext-1:Must have either extensions or value[x], not both {extension.exists() != value.exists()}"
"Condition.onset[x]:onsetPeriod.end.extension:lebensphase-bis.id","Condition.onset[x].end.extension.id","","","",0,1,"","","","string {[]} {[]}
","Unique id for inter-element referencing","Unique id for the element within a resource (for internal references). This may be any string value that does not contain spaces.","","","","","","","","","",,,,,"",,,,"Element.id",0,1,"",""
"Condition.onset[x]:onsetPeriod.end.extension:lebensphase-bis.extension","Condition.onset[x].end.extension.extension","","extensions
user content","",0,0,"","","","Extension {[]} {[]}
","Additional content defined by implementations","May be used to represent additional information that is not part of the basic definition of the element. To make the use of extensions safe and manageable, there is a strict set of governance  applied to the definition and use of extensions. Though any implementer can define an extension, there is a set of requirements that SHALL be met as part of the definition of the extension.","There can be no stigma associated with the use of extensions by any application, project, or standard - regardless of the institution or jurisdiction that uses or defines the extensions.  The use of extensions is what allows the FHIR specification to retain a core level of simplicity for everyone.","","","","","","","","",,,,,"","value:url}
","Extensions are always sliced by (at least) url",,"open","Element.extension",0,*,"","ele-1:All FHIR elements must have a @value or children {hasValue() or (children().count() > id.count())}
ext-1:Must have either extensions or value[x], not both {extension.exists() != value.exists()}"
"Condition.onset[x]:onsetPeriod.end.extension:lebensphase-bis.url","Condition.onset[x].end.extension.url","","","",1,1,"Y","","","uri {[]} {[]}
","identifies the meaning of the extension","Source of the definition for the extension code - a logical name or a URL.","The definition may point directly to a computable or human-readable definition of the extensibility codes, or it may be a logical URI as declared in some other specification. The definition SHALL be a URI for the Structure Definition defining the extension.","","","","<valueUri xmlns=""http://hl7.org/fhir"" value=""http://fhir.de/StructureDefinition/lebensphase""/>","","","","",,,,,"",,,,"Extension.url",1,1,"",""
"Condition.onset[x]:onsetPeriod.end.extension:lebensphase-bis.value[x]","Condition.onset[x].end.extension.value[x]","","","",1,1,"Y","","","CodeableConcept {[]} {[]}
","Value of extension","Value of extension - must be one of a constrained set of the data types (see [Extensibility](http://hl7.org/fhir/R4/extensibility.html) for a list).","","","","","","","","","",,,,,"",,,,"Extension.value[x]",0,1,"","ele-1:All FHIR elements must have a @value or children {hasValue() or (children().count() > id.count())}
","KlinischRelevanterZeitraum.Lebensphase.bis"
"Condition.onset[x]:onsetPeriod.end.extension:lebensphase-bis.value[x].id","Condition.onset[x].end.extension.value[x].id","","","",0,1,"","","","string {[]} {[]}
","Unique id for inter-element referencing","Unique id for the element within a resource (for internal references). This may be any string value that does not contain spaces.","","","","","","","","","",,,,,"",,,,"Element.id",0,1,"",""
"Condition.onset[x]:onsetPeriod.end.extension:lebensphase-bis.value[x].extension","Condition.onset[x].end.extension.value[x].extension","","extensions
user content","",0,*,"","","","Extension {[]} {[]}
","Additional content defined by implementations","May be used to represent additional information that is not part of the basic definition of the element. To make the use of extensions safe and manageable, there is a strict set of governance  applied to the definition and use of extensions. Though any implementer can define an extension, there is a set of requirements that SHALL be met as part of the definition of the extension.","There can be no stigma associated with the use of extensions by any application, project, or standard - regardless of the institution or jurisdiction that uses or defines the extensions.  The use of extensions is what allows the FHIR specification to retain a core level of simplicity for everyone.","","","","","","","","",,,,,"","value:url}
","Extensions are always sliced by (at least) url",,"open","Element.extension",0,*,"","ele-1:All FHIR elements must have a @value or children {hasValue() or (children().count() > id.count())}
ext-1:Must have either extensions or value[x], not both {extension.exists() != value.exists()}"
"Condition.onset[x]:onsetPeriod.end.extension:lebensphase-bis.value[x].coding","Condition.onset[x].end.extension.value[x].coding","","","",1,1,"Y","","Y","Coding {[]} {[]}
","Code defined by a terminology system","A reference to a code defined by a terminology system.","Codes may be defined very casually in enumerations, or code lists, up to very formal definitions such as SNOMED CT - see the HL7 v3 Core Principles for more information.  Ordering of codings is undefined and SHALL NOT be used to infer meaning. Generally, at most only one of the coding values will be labeled as UserSelected = true.","Allows for alternative encodings within a code system, and translations to other code systems.","","","","","","","",,"required","Lebensphase","http://fhir.de/ValueSet/lebensphase-de","",,,,"CodeableConcept.coding",0,*,"","ele-1:All FHIR elements must have a @value or children {hasValue() or (children().count() > id.count())}
","C*E.1-8, C*E.10-22"
"Condition.onset[x]:onsetPeriod.end.extension:lebensphase-bis.value[x].coding.id","Condition.onset[x].end.extension.value[x].coding.id","","","",0,1,"","","","string {[]} {[]}
","Unique id for inter-element referencing","Unique id for the element within a resource (for internal references). This may be any string value that does not contain spaces.","","","","","","","","","",,,,,"",,,,"Element.id",0,1,"",""
"Condition.onset[x]:onsetPeriod.end.extension:lebensphase-bis.value[x].coding.extension","Condition.onset[x].end.extension.value[x].coding.extension","","extensions
user content","",0,*,"","","","Extension {[]} {[]}
","Additional content defined by implementations","May be used to represent additional information that is not part of the basic definition of the element. To make the use of extensions safe and manageable, there is a strict set of governance  applied to the definition and use of extensions. Though any implementer can define an extension, there is a set of requirements that SHALL be met as part of the definition of the extension.","There can be no stigma associated with the use of extensions by any application, project, or standard - regardless of the institution or jurisdiction that uses or defines the extensions.  The use of extensions is what allows the FHIR specification to retain a core level of simplicity for everyone.","","","","","","","","",,,,,"","value:url}
","Extensions are always sliced by (at least) url",,"open","Element.extension",0,*,"","ele-1:All FHIR elements must have a @value or children {hasValue() or (children().count() > id.count())}
ext-1:Must have either extensions or value[x], not both {extension.exists() != value.exists()}"
"Condition.onset[x]:onsetPeriod.end.extension:lebensphase-bis.value[x].coding.system","Condition.onset[x].end.extension.value[x].coding.system","","","",1,1,"Y","","Y","uri {[]} {[]}
","Identity of the terminology system","The identification of the code system that defines the meaning of the symbol in the code.","The URI may be an OID (urn:oid:...) or a UUID (urn:uuid:...).  OIDs and UUIDs SHALL be references to the HL7 OID registry. Otherwise, the URI should come from HL7's list of FHIR defined special URIs or it should reference to some definition that establishes the system clearly and unambiguously.","Need to be unambiguous about the source of the definition of the symbol.","","","","","","","",,,,,"",,,,"Coding.system",0,1,"","ele-1:All FHIR elements must have a @value or children {hasValue() or (children().count() > id.count())}
","C*E.3"
"Condition.onset[x]:onsetPeriod.end.extension:lebensphase-bis.value[x].coding.version","Condition.onset[x].end.extension.value[x].coding.version","","","",0,1,"","","Y","string {[]} {[]}
","Version of the system - if relevant","The version of the code system which was used when choosing this code. Note that a well-maintained code system does not need the version reported, because the meaning of codes is consistent across versions. However this cannot consistently be assured, and when the meaning is not guaranteed to be consistent, the version SHOULD be exchanged.","Where the terminology does not clearly define what string should be used to identify code system versions, the recommendation is to use the date (expressed in FHIR date format) on which that version was officially published as the version date.","","","","","","","","",,,,,"",,,,"Coding.version",0,1,"","ele-1:All FHIR elements must have a @value or children {hasValue() or (children().count() > id.count())}
","C*E.7"
"Condition.onset[x]:onsetPeriod.end.extension:lebensphase-bis.value[x].coding.code","Condition.onset[x].end.extension.value[x].coding.code","","","",1,1,"Y","","Y","code {[]} {[]}
","Symbol in syntax defined by the system","A symbol in syntax defined by the system. The symbol may be a predefined code or an expression in a syntax defined by the coding system (e.g. post-coordination).","","Need to refer to a particular code in the system.","","","","","","","",,,,,"",,,,"Coding.code",0,1,"","ele-1:All FHIR elements must have a @value or children {hasValue() or (children().count() > id.count())}
","C*E.1"
"Condition.onset[x]:onsetPeriod.end.extension:lebensphase-bis.value[x].coding.display","Condition.onset[x].end.extension.value[x].coding.display","","","",0,1,"","","Y","string {[]} {[]}
","Representation defined by the system","A representation of the meaning of the code in the system, following the rules of the system.","","Need to be able to carry a human-readable meaning of the code for readers that do not know  the system.","","","","","","","",,,,,"",,,,"Coding.display",0,1,"","ele-1:All FHIR elements must have a @value or children {hasValue() or (children().count() > id.count())}
","C*E.2 - but note this is not well followed"
"Condition.onset[x]:onsetPeriod.end.extension:lebensphase-bis.value[x].coding.userSelected","Condition.onset[x].end.extension.value[x].coding.userSelected","","","",0,1,"","","Y","boolean {[]} {[]}
","If this coding was chosen directly by the user","Indicates that this coding was chosen by a user directly - e.g. off a pick list of available items (codes or displays).","Amongst a set of alternatives, a directly chosen code is the most appropriate starting point for new translations. There is some ambiguity about what exactly 'directly chosen' implies, and trading partner agreement may be needed to clarify the use of this element and its consequences more completely.","This has been identified as a clinical safety criterium - that this exact system/code pair was chosen explicitly, rather than inferred by the system based on some rules or language processing.","","","","","","","",,,,,"",,,,"Coding.userSelected",0,1,"","ele-1:All FHIR elements must have a @value or children {hasValue() or (children().count() > id.count())}
","Sometimes implied by being first"
"Condition.onset[x]:onsetPeriod.end.extension:lebensphase-bis.value[x].text","Condition.onset[x].end.extension.value[x].text","","","",0,1,"","","Y","string {[]} {[]}
","Plain text representation of the concept","A human language representation of the concept as seen/selected/uttered by the user who entered the data and/or which represents the intended meaning of the user.","Very often the text is the same as a displayName of one of the codings.","The codes from the terminologies do not always capture the correct meaning with all the nuances of the human using them, or sometimes there is no appropriate code at all. In these cases, the text is used to capture the full meaning of the source.","","","","","","","",,,,,"",,,,"CodeableConcept.text",0,1,"","ele-1:All FHIR elements must have a @value or children {hasValue() or (children().count() > id.count())}
","C*E.9. But note many systems use C*E.2 for this"
"Condition.onset[x]:onsetPeriod.end.value","Condition.onset[x].end.value","","","",0,1,"","","","dateTime {[]} {[]}
","Primitive value for dateTime","The actual value","","","","","","","","","",,,,,"",,,,"dateTime.value",0,1,"",""
"Condition.onset[x]:onsetDateTime","Condition.onset[x]","onsetDateTime","","",0,1,"Y","","Y","dateTime {[]} {[]}
","Beginn Datum","Das Datum, an dem die Erkrankung begonnen hat, nach Meinung des Klinikers.","Age is generally used when the patient reports an age at which the Condition began to occur.","","","","","","","","",,,,,"",,,,"Condition.onset[x]",0,1,"","ele-1:All FHIR elements must have a @value or children {hasValue() or (children().count() > id.count())}
","Event.occurrence[x]","PRB-16","FiveWs.init"
"Condition.onset[x]:onsetAge","Condition.onset[x]","onsetAge","","",0,1,"Y","","Y","Age {[]} {[]}
","Erkrankungsbeginn als Alter","Estimated or actual date or date-time  the condition began, in the opinion of the clinician.","Age is generally used when the patient reports an age at which the Condition began to occur.","","","","","","","","",,,,,"",,,,"Condition.onset[x]",0,1,"","ele-1:All FHIR elements must have a @value or children {hasValue() or (children().count() > id.count())}
","Event.occurrence[x]","PRB-16","FiveWs.init"
"Condition.onset[x]:onsetAge.id","Condition.onset[x].id","","","",0,1,"","","","string {[]} {[]}
","Unique id for inter-element referencing","Unique id for the element within a resource (for internal references). This may be any string value that does not contain spaces.","","","","","","","","","",,,,,"",,,,"Element.id",0,1,"",""
"Condition.onset[x]:onsetAge.extension","Condition.onset[x].extension","","extensions
user content","",0,*,"","","","Extension {[]} {[]}
","Additional content defined by implementations","May be used to represent additional information that is not part of the basic definition of the element. To make the use of extensions safe and manageable, there is a strict set of governance  applied to the definition and use of extensions. Though any implementer can define an extension, there is a set of requirements that SHALL be met as part of the definition of the extension.","There can be no stigma associated with the use of extensions by any application, project, or standard - regardless of the institution or jurisdiction that uses or defines the extensions.  The use of extensions is what allows the FHIR specification to retain a core level of simplicity for everyone.","","","","","","","","",,,,,"","value:url}
","Extensions are always sliced by (at least) url",,"open","Element.extension",0,*,"","ele-1:All FHIR elements must have a @value or children {hasValue() or (children().count() > id.count())}
ext-1:Must have either extensions or value[x], not both {extension.exists() != value.exists()}"
"Condition.onset[x]:onsetAge.extension:Lebensphase-Beginn","Condition.onset[x].extension","Lebensphase-Beginn","","",0,1,"","","","Extension {[CanonicalType[http://fhir.de/StructureDefinition/lebensphase]]} {[]}
","Lebensphase des Erkrankungsbeginns","Optional Extension Element - found in all resources.","Alternative Angabe, wenn genauere Eingrenzungen des Zeitraums nicht möglich sind, insbesondere im Kontext anamnestischer Diagnosen","","","","","","","","",,,,,"",,,,"Element.extension",0,*,"","ele-1:All FHIR elements must have a @value or children {hasValue() or (children().count() > id.count())}
ext-1:Must have either extensions or value[x], not both {extension.exists() != value.exists()}"
"Condition.onset[x]:onsetAge.extension:Lebensphase-Beginn.id","Condition.onset[x].extension.id","","","",0,1,"","","","string {[]} {[]}
","Unique id for inter-element referencing","Unique id for the element within a resource (for internal references). This may be any string value that does not contain spaces.","","","","","","","","","",,,,,"",,,,"Element.id",0,1,"",""
"Condition.onset[x]:onsetAge.extension:Lebensphase-Beginn.extension","Condition.onset[x].extension.extension","","extensions
user content","",0,0,"","","","Extension {[]} {[]}
","Additional content defined by implementations","May be used to represent additional information that is not part of the basic definition of the element. To make the use of extensions safe and manageable, there is a strict set of governance  applied to the definition and use of extensions. Though any implementer can define an extension, there is a set of requirements that SHALL be met as part of the definition of the extension.","There can be no stigma associated with the use of extensions by any application, project, or standard - regardless of the institution or jurisdiction that uses or defines the extensions.  The use of extensions is what allows the FHIR specification to retain a core level of simplicity for everyone.","","","","","","","","",,,,,"","value:url}
","Extensions are always sliced by (at least) url",,"open","Element.extension",0,*,"","ele-1:All FHIR elements must have a @value or children {hasValue() or (children().count() > id.count())}
ext-1:Must have either extensions or value[x], not both {extension.exists() != value.exists()}"
"Condition.onset[x]:onsetAge.extension:Lebensphase-Beginn.url","Condition.onset[x].extension.url","","","",1,1,"Y","","","uri {[]} {[]}
","identifies the meaning of the extension","Source of the definition for the extension code - a logical name or a URL.","The definition may point directly to a computable or human-readable definition of the extensibility codes, or it may be a logical URI as declared in some other specification. The definition SHALL be a URI for the Structure Definition defining the extension.","","","","<valueUri xmlns=""http://hl7.org/fhir"" value=""http://fhir.de/StructureDefinition/lebensphase""/>","","","","",,,,,"",,,,"Extension.url",1,1,"",""
"Condition.onset[x]:onsetAge.extension:Lebensphase-Beginn.value[x]","Condition.onset[x].extension.value[x]","","","",1,1,"Y","","","CodeableConcept {[]} {[]}
","Value of extension","Value of extension - must be one of a constrained set of the data types (see [Extensibility](http://hl7.org/fhir/R4/extensibility.html) for a list).","","","","","","","","","",,,,,"",,,,"Extension.value[x]",0,1,"","ele-1:All FHIR elements must have a @value or children {hasValue() or (children().count() > id.count())}
"
"Condition.onset[x]:onsetAge.extension:Lebensphase-Beginn.value[x].id","Condition.onset[x].extension.value[x].id","","","",0,1,"","","","string {[]} {[]}
","Unique id for inter-element referencing","Unique id for the element within a resource (for internal references). This may be any string value that does not contain spaces.","","","","","","","","","",,,,,"",,,,"Element.id",0,1,"",""
"Condition.onset[x]:onsetAge.extension:Lebensphase-Beginn.value[x].extension","Condition.onset[x].extension.value[x].extension","","extensions
user content","",0,*,"","","","Extension {[]} {[]}
","Additional content defined by implementations","May be used to represent additional information that is not part of the basic definition of the element. To make the use of extensions safe and manageable, there is a strict set of governance  applied to the definition and use of extensions. Though any implementer can define an extension, there is a set of requirements that SHALL be met as part of the definition of the extension.","There can be no stigma associated with the use of extensions by any application, project, or standard - regardless of the institution or jurisdiction that uses or defines the extensions.  The use of extensions is what allows the FHIR specification to retain a core level of simplicity for everyone.","","","","","","","","",,,,,"","value:url}
","Extensions are always sliced by (at least) url",,"open","Element.extension",0,*,"","ele-1:All FHIR elements must have a @value or children {hasValue() or (children().count() > id.count())}
ext-1:Must have either extensions or value[x], not both {extension.exists() != value.exists()}"
"Condition.onset[x]:onsetAge.extension:Lebensphase-Beginn.value[x].coding","Condition.onset[x].extension.value[x].coding","","","",1,1,"Y","","Y","Coding {[]} {[]}
","Code defined by a terminology system","A reference to a code defined by a terminology system.","Codes may be defined very casually in enumerations, or code lists, up to very formal definitions such as SNOMED CT - see the HL7 v3 Core Principles for more information.  Ordering of codings is undefined and SHALL NOT be used to infer meaning. Generally, at most only one of the coding values will be labeled as UserSelected = true.","Allows for alternative encodings within a code system, and translations to other code systems.","","","","","","","",,"required","Lebensphase","http://fhir.de/ValueSet/lebensphase-de","",,,,"CodeableConcept.coding",0,*,"","ele-1:All FHIR elements must have a @value or children {hasValue() or (children().count() > id.count())}
","C*E.1-8, C*E.10-22"
"Condition.onset[x]:onsetAge.extension:Lebensphase-Beginn.value[x].coding.id","Condition.onset[x].extension.value[x].coding.id","","","",0,1,"","","","string {[]} {[]}
","Unique id for inter-element referencing","Unique id for the element within a resource (for internal references). This may be any string value that does not contain spaces.","","","","","","","","","",,,,,"",,,,"Element.id",0,1,"",""
"Condition.onset[x]:onsetAge.extension:Lebensphase-Beginn.value[x].coding.extension","Condition.onset[x].extension.value[x].coding.extension","","extensions
user content","",0,*,"","","","Extension {[]} {[]}
","Additional content defined by implementations","May be used to represent additional information that is not part of the basic definition of the element. To make the use of extensions safe and manageable, there is a strict set of governance  applied to the definition and use of extensions. Though any implementer can define an extension, there is a set of requirements that SHALL be met as part of the definition of the extension.","There can be no stigma associated with the use of extensions by any application, project, or standard - regardless of the institution or jurisdiction that uses or defines the extensions.  The use of extensions is what allows the FHIR specification to retain a core level of simplicity for everyone.","","","","","","","","",,,,,"","value:url}
","Extensions are always sliced by (at least) url",,"open","Element.extension",0,*,"","ele-1:All FHIR elements must have a @value or children {hasValue() or (children().count() > id.count())}
ext-1:Must have either extensions or value[x], not both {extension.exists() != value.exists()}"
"Condition.onset[x]:onsetAge.extension:Lebensphase-Beginn.value[x].coding.system","Condition.onset[x].extension.value[x].coding.system","","","",1,1,"Y","","Y","uri {[]} {[]}
","Identity of the terminology system","The identification of the code system that defines the meaning of the symbol in the code.","The URI may be an OID (urn:oid:...) or a UUID (urn:uuid:...).  OIDs and UUIDs SHALL be references to the HL7 OID registry. Otherwise, the URI should come from HL7's list of FHIR defined special URIs or it should reference to some definition that establishes the system clearly and unambiguously.","Need to be unambiguous about the source of the definition of the symbol.","","","","","","","",,,,,"",,,,"Coding.system",0,1,"","ele-1:All FHIR elements must have a @value or children {hasValue() or (children().count() > id.count())}
","C*E.3"
"Condition.onset[x]:onsetAge.extension:Lebensphase-Beginn.value[x].coding.version","Condition.onset[x].extension.value[x].coding.version","","","",0,1,"","","Y","string {[]} {[]}
","Version of the system - if relevant","The version of the code system which was used when choosing this code. Note that a well-maintained code system does not need the version reported, because the meaning of codes is consistent across versions. However this cannot consistently be assured, and when the meaning is not guaranteed to be consistent, the version SHOULD be exchanged.","Where the terminology does not clearly define what string should be used to identify code system versions, the recommendation is to use the date (expressed in FHIR date format) on which that version was officially published as the version date.","","","","","","","","",,,,,"",,,,"Coding.version",0,1,"","ele-1:All FHIR elements must have a @value or children {hasValue() or (children().count() > id.count())}
","C*E.7"
"Condition.onset[x]:onsetAge.extension:Lebensphase-Beginn.value[x].coding.code","Condition.onset[x].extension.value[x].coding.code","","","",1,1,"Y","","Y","code {[]} {[]}
","Symbol in syntax defined by the system","A symbol in syntax defined by the system. The symbol may be a predefined code or an expression in a syntax defined by the coding system (e.g. post-coordination).","","Need to refer to a particular code in the system.","","","","","","","",,,,,"",,,,"Coding.code",0,1,"","ele-1:All FHIR elements must have a @value or children {hasValue() or (children().count() > id.count())}
","C*E.1"
"Condition.onset[x]:onsetAge.extension:Lebensphase-Beginn.value[x].coding.display","Condition.onset[x].extension.value[x].coding.display","","","",0,1,"","","Y","string {[]} {[]}
","Representation defined by the system","A representation of the meaning of the code in the system, following the rules of the system.","","Need to be able to carry a human-readable meaning of the code for readers that do not know  the system.","","","","","","","",,,,,"",,,,"Coding.display",0,1,"","ele-1:All FHIR elements must have a @value or children {hasValue() or (children().count() > id.count())}
","C*E.2 - but note this is not well followed"
"Condition.onset[x]:onsetAge.extension:Lebensphase-Beginn.value[x].coding.userSelected","Condition.onset[x].extension.value[x].coding.userSelected","","","",0,1,"","","Y","boolean {[]} {[]}
","If this coding was chosen directly by the user","Indicates that this coding was chosen by a user directly - e.g. off a pick list of available items (codes or displays).","Amongst a set of alternatives, a directly chosen code is the most appropriate starting point for new translations. There is some ambiguity about what exactly 'directly chosen' implies, and trading partner agreement may be needed to clarify the use of this element and its consequences more completely.","This has been identified as a clinical safety criterium - that this exact system/code pair was chosen explicitly, rather than inferred by the system based on some rules or language processing.","","","","","","","",,,,,"",,,,"Coding.userSelected",0,1,"","ele-1:All FHIR elements must have a @value or children {hasValue() or (children().count() > id.count())}
","Sometimes implied by being first"
"Condition.onset[x]:onsetAge.extension:Lebensphase-Beginn.value[x].text","Condition.onset[x].extension.value[x].text","","","",0,1,"","","Y","string {[]} {[]}
","Plain text representation of the concept","A human language representation of the concept as seen/selected/uttered by the user who entered the data and/or which represents the intended meaning of the user.","Very often the text is the same as a displayName of one of the codings.","The codes from the terminologies do not always capture the correct meaning with all the nuances of the human using them, or sometimes there is no appropriate code at all. In these cases, the text is used to capture the full meaning of the source.","","","","","","","",,,,,"",,,,"CodeableConcept.text",0,1,"","ele-1:All FHIR elements must have a @value or children {hasValue() or (children().count() > id.count())}
","C*E.9. But note many systems use C*E.2 for this"
"Condition.onset[x]:onsetAge.value","Condition.onset[x].value","","","",0,1,"","","Y","decimal {[]} {[]}
","Numerical value (with implicit precision)","The value of the measured amount. The value includes an implicit precision in the presentation of the value.","The implicit precision in the value should always be honored. Monetary values have their own rules for handling precision (refer to standard accounting text books).","Precision is handled implicitly in almost all cases of measurement.","","","","","","","",,,,,"",,,,"Quantity.value",0,1,"","ele-1:All FHIR elements must have a @value or children {hasValue() or (children().count() > id.count())}
","SN.2  / CQ - N/A"
"Condition.onset[x]:onsetAge.comparator","Condition.onset[x].comparator","","","",0,1,"","Y","Y","code {[]} {[]}
","< | <= | >= | > - how to understand the value","How the value should be understood and represented - whether the actual value is greater or less than the stated value due to measurement issues; e.g. if the comparator is ""<"" , then the real value is < stated value.","","Need a framework for handling measures where the value is <5ug/L or >400mg/L due to the limitations of measuring methodology.","","If there is no comparator, then there is no modification of the value","","","","","",,"required","How the Quantity should be understood and represented.","http://hl7.org/fhir/ValueSet/quantity-comparator|4.0.1","",,,,"Quantity.comparator",0,1,"","ele-1:All FHIR elements must have a @value or children {hasValue() or (children().count() > id.count())}
","SN.1  / CQ.1"
"Condition.onset[x]:onsetAge.unit","Condition.onset[x].unit","","","",0,1,"","","Y","string {[]} {[]}
","Unit representation","A human-readable form of the unit.","","There are many representations for units of measure and in many contexts, particular representations are fixed and required. I.e. mcg for micrograms.","","","","","","","",,,,,"",,,,"Quantity.unit",0,1,"","ele-1:All FHIR elements must have a @value or children {hasValue() or (children().count() > id.count())}
","(see OBX.6 etc.) / CQ.2"
"Condition.onset[x]:onsetAge.system","Condition.onset[x].system","","","",0,1,"","","Y","uri {[]} {[]}
","System that defines coded unit form","The identification of the system that provides the coded form of the unit.","","Need to know the system that defines the coded form of the unit.","","","","","","","",,,,,"",,,,"Quantity.system",0,1,"qty-3
","ele-1:All FHIR elements must have a @value or children {hasValue() or (children().count() > id.count())}
","(see OBX.6 etc.) / CQ.2"
"Condition.onset[x]:onsetAge.code","Condition.onset[x].code","","","",0,1,"","","Y","code {[]} {[]}
","Coded form of the unit","A computer processable form of the unit in some unit representation system.","The preferred system is UCUM, but SNOMED CT can also be used (for customary units) or ISO 4217 for currency.  The context of use may additionally require a code from a particular system.","Need a computable form of the unit that is fixed across all forms. UCUM provides this for quantities, but SNOMED CT provides many units of interest.","","","","","","","",,,,,"",,,,"Quantity.code",0,1,"","ele-1:All FHIR elements must have a @value or children {hasValue() or (children().count() > id.count())}
","(see OBX.6 etc.) / CQ.2"
"Condition.abatement[x]","Condition.abatement[x]","","","",0,1,"","","","dateTime {[]} {[]}
Age {[]} {[]}Period {[]} {[]}Range {[]} {[]}string {[]} {[]}","When in resolution/remission","The date or estimated date that the condition resolved or went into remission. This is called ""abatement"" because of the many overloaded connotations associated with ""remission"" or ""resolution"" - Conditions are never really resolved, but they can abate.","There is no explicit distinction between resolution and remission because in many cases the distinction is not clear. Age is generally used when the patient reports an age at which the Condition abated.  If there is no abatement element, it is unknown whether the condition has resolved or entered remission; applications and users should generally assume that the condition is still valid.  When abatementString exists, it implies the condition is abated.","","","","","","","","",,,,,"",,,,"Condition.abatement[x]",0,1,"con-4
","ele-1:All FHIR elements must have a @value or children {hasValue() or (children().count() > id.count())}
","FiveWs.done[x]"
"Condition.recordedDate","Condition.recordedDate","","","",1,1,"Y","","Y","dateTime {[]} {[]}
","Aufzeichnungsdatum","Datum, an dem die Diagnose erstmals dokumentiert wurde.","","","","","","","","","",,,,,"",,,,"Condition.recordedDate",0,1,"","ele-1:All FHIR elements must have a @value or children {hasValue() or (children().count() > id.count())}
","Dokumentationsdatum","REL-11","FiveWs.recorded"
"Condition.recorder","Condition.recorder","","","",0,1,"","","Y","Reference {[]} {[CanonicalType[http://hl7.org/fhir/StructureDefinition/Practitioner|4.0.1], CanonicalType[http://hl7.org/fhir/StructureDefinition/PractitionerRole|4.0.1], CanonicalType[http://hl7.org/fhir/StructureDefinition/Patient|4.0.1], CanonicalType[http://hl7.org/fhir/StructureDefinition/RelatedPerson|4.0.1]]}
","Who recorded the condition","Individual who recorded the record and takes responsibility for its content.","","","","","","","","","",,,,,"",,,,"Condition.recorder",0,1,"","ele-1:All FHIR elements must have a @value or children {hasValue() or (children().count() > id.count())}
","FiveWs.author"
"Condition.asserter","Condition.asserter","","","",0,1,"","","Y","Reference {[]} {[CanonicalType[http://hl7.org/fhir/StructureDefinition/Practitioner|4.0.1], CanonicalType[http://hl7.org/fhir/StructureDefinition/PractitionerRole|4.0.1], CanonicalType[http://hl7.org/fhir/StructureDefinition/Patient|4.0.1], CanonicalType[http://hl7.org/fhir/StructureDefinition/RelatedPerson|4.0.1]]}
","Person who asserts this condition","Individual who is making the condition statement.","","","","","","","","","",,,,,"",,,,"Condition.asserter",0,1,"","ele-1:All FHIR elements must have a @value or children {hasValue() or (children().count() > id.count())}
","REL-7.1 identifier + REL-7.12 type code","FiveWs.source"
"Condition.stage","Condition.stage","","","",0,*,"","","","BackboneElement {[]} {[]}
","Stage/grade, usually assessed formally","Clinical stage or grade of a condition. May include formal severity assessments.","","","","","","","","","",,,,,"",,,,"Condition.stage",0,*,"","con-1:Stage SHALL have summary or assessment {summary.exists() or assessment.exists()}
ele-1:All FHIR elements must have a @value or children {hasValue() or (children().count() > id.count())}"
"Condition.stage.id","Condition.stage.id","","","",0,1,"","","","string {[]} {[]}
","Unique id for inter-element referencing","Unique id for the element within a resource (for internal references). This may be any string value that does not contain spaces.","","","","","","","","","",,,,,"",,,,"Element.id",0,1,"",""
"Condition.stage.extension","Condition.stage.extension","","extensions
user content","",0,*,"","","","Extension {[]} {[]}
","Additional content defined by implementations","May be used to represent additional information that is not part of the basic definition of the element. To make the use of extensions safe and manageable, there is a strict set of governance  applied to the definition and use of extensions. Though any implementer can define an extension, there is a set of requirements that SHALL be met as part of the definition of the extension.","There can be no stigma associated with the use of extensions by any application, project, or standard - regardless of the institution or jurisdiction that uses or defines the extensions.  The use of extensions is what allows the FHIR specification to retain a core level of simplicity for everyone.","","","","","","","","",,,,,"",,,,"Element.extension",0,*,"","ele-1:All FHIR elements must have a @value or children {hasValue() or (children().count() > id.count())}
ext-1:Must have either extensions or value[x], not both {extension.exists() != value.exists()}"
"Condition.stage.modifierExtension","Condition.stage.modifierExtension","","extensions
user contentmodifiers","",0,*,"","Y","Y","Extension {[]} {[]}
","Extensions that cannot be ignored even if unrecognized","May be used to represent additional information that is not part of the basic definition of the element and that modifies the understanding of the element in which it is contained and/or the understanding of the containing element's descendants. Usually modifier elements provide negation or qualification. To make the use of extensions safe and manageable, there is a strict set of governance applied to the definition and use of extensions. Though any implementer can define an extension, there is a set of requirements that SHALL be met as part of the definition of the extension. Applications processing a resource are required to check for modifier extensions.

Modifier extensions SHALL NOT change the meaning of any elements on Resource or DomainResource (including cannot change the meaning of modifierExtension itself).","There can be no stigma associated with the use of extensions by any application, project, or standard - regardless of the institution or jurisdiction that uses or defines the extensions.  The use of extensions is what allows the FHIR specification to retain a core level of simplicity for everyone.","Modifier extensions allow for extensions that *cannot* be safely ignored to be clearly distinguished from the vast majority of extensions which can be safely ignored.  This promotes interoperability by eliminating the need for implementers to prohibit the presence of extensions. For further information, see the [definition of modifier extensions](http://hl7.org/fhir/R4/extensibility.html#modifierExtension).","","","","","","","",,,,,"",,,,"BackboneElement.modifierExtension",0,*,"","ele-1:All FHIR elements must have a @value or children {hasValue() or (children().count() > id.count())}
ext-1:Must have either extensions or value[x], not both {extension.exists() != value.exists()}"
"Condition.stage.summary","Condition.stage.summary","","","",0,1,"","","","CodeableConcept {[]} {[]}
","Simple summary (disease specific)","A simple summary of the stage such as ""Stage 3"". The determination of the stage is disease-specific.","","","","","","","","","",,"example","Codes describing condition stages (e.g. Cancer stages).","http://hl7.org/fhir/ValueSet/condition-stage|4.0.1","",,,,"Condition.stage.summary",0,1,"con-1
","ele-1:All FHIR elements must have a @value or children {hasValue() or (children().count() > id.count())}
","< 254291000 |Staging and scales|","PRB-14"
"Condition.stage.assessment","Condition.stage.assessment","","","",0,*,"","","","Reference {[]} {[CanonicalType[http://hl7.org/fhir/StructureDefinition/ClinicalImpression|4.0.1], CanonicalType[http://hl7.org/fhir/StructureDefinition/DiagnosticReport|4.0.1], CanonicalType[http://hl7.org/fhir/StructureDefinition/Observation|4.0.1]]}
","Formal record of assessment","Reference to a formal record of the evidence on which the staging assessment is based.","","","","","","","","","",,,,,"",,,,"Condition.stage.assessment",0,*,"con-1
","ele-1:All FHIR elements must have a @value or children {hasValue() or (children().count() > id.count())}
"
"Condition.stage.type","Condition.stage.type","","","",0,1,"","","","CodeableConcept {[]} {[]}
","Kind of staging","The kind of staging, such as pathological or clinical staging.","","","","","","","","","",,"example","Codes describing the kind of condition staging (e.g. clinical or pathological).","http://hl7.org/fhir/ValueSet/condition-stage-type|4.0.1","",,,,"Condition.stage.type",0,1,"","ele-1:All FHIR elements must have a @value or children {hasValue() or (children().count() > id.count())}
"
"Condition.evidence","Condition.evidence","","","",0,1,"Y","","","BackboneElement {[]} {[]}
","Supporting evidence","Supporting evidence / manifestations that are the basis of the Condition's verification status, such as evidence that confirmed or refuted the condition.","The evidence may be a simple list of coded symptoms/manifestations, or references to observations or formal assessments, or both.","","","","","","","","",,,,,"",,,,"Condition.evidence",0,*,"","con-2:evidence SHALL have code or details {code.exists() or detail.exists()}
ele-1:All FHIR elements must have a @value or children {hasValue() or (children().count() > id.count())}"
"Condition.evidence.id","Condition.evidence.id","","","",0,1,"","","","string {[]} {[]}
","Unique id for inter-element referencing","Unique id for the element within a resource (for internal references). This may be any string value that does not contain spaces.","","","","","","","","","",,,,,"",,,,"Element.id",0,1,"",""
"Condition.evidence.extension","Condition.evidence.extension","","extensions
user content","",0,*,"","","","Extension {[]} {[]}
","Additional content defined by implementations","May be used to represent additional information that is not part of the basic definition of the element. To make the use of extensions safe and manageable, there is a strict set of governance  applied to the definition and use of extensions. Though any implementer can define an extension, there is a set of requirements that SHALL be met as part of the definition of the extension.","There can be no stigma associated with the use of extensions by any application, project, or standard - regardless of the institution or jurisdiction that uses or defines the extensions.  The use of extensions is what allows the FHIR specification to retain a core level of simplicity for everyone.","","","","","","","","",,,,,"",,,,"Element.extension",0,*,"","ele-1:All FHIR elements must have a @value or children {hasValue() or (children().count() > id.count())}
ext-1:Must have either extensions or value[x], not both {extension.exists() != value.exists()}"
"Condition.evidence.modifierExtension","Condition.evidence.modifierExtension","","extensions
user contentmodifiers","",0,*,"","Y","Y","Extension {[]} {[]}
","Extensions that cannot be ignored even if unrecognized","May be used to represent additional information that is not part of the basic definition of the element and that modifies the understanding of the element in which it is contained and/or the understanding of the containing element's descendants. Usually modifier elements provide negation or qualification. To make the use of extensions safe and manageable, there is a strict set of governance applied to the definition and use of extensions. Though any implementer can define an extension, there is a set of requirements that SHALL be met as part of the definition of the extension. Applications processing a resource are required to check for modifier extensions.

Modifier extensions SHALL NOT change the meaning of any elements on Resource or DomainResource (including cannot change the meaning of modifierExtension itself).","There can be no stigma associated with the use of extensions by any application, project, or standard - regardless of the institution or jurisdiction that uses or defines the extensions.  The use of extensions is what allows the FHIR specification to retain a core level of simplicity for everyone.","Modifier extensions allow for extensions that *cannot* be safely ignored to be clearly distinguished from the vast majority of extensions which can be safely ignored.  This promotes interoperability by eliminating the need for implementers to prohibit the presence of extensions. For further information, see the [definition of modifier extensions](http://hl7.org/fhir/R4/extensibility.html#modifierExtension).","","","","","","","",,,,,"",,,,"BackboneElement.modifierExtension",0,*,"","ele-1:All FHIR elements must have a @value or children {hasValue() or (children().count() > id.count())}
ext-1:Must have either extensions or value[x], not both {extension.exists() != value.exists()}"
"Condition.evidence.code","Condition.evidence.code","","","",0,*,"","","Y","CodeableConcept {[]} {[]}
","Manifestation/symptom","A manifestation or symptom that led to the recording of this condition.","","","","","","","","","",,"example","Codes that describe the manifestation or symptoms of a condition.","http://hl7.org/fhir/ValueSet/manifestation-or-symptom|4.0.1","",,,,"Condition.evidence.code",0,*,"con-2
","ele-1:All FHIR elements must have a @value or children {hasValue() or (children().count() > id.count())}
","Event.reasonCode","< 404684003 |Clinical finding|","FiveWs.why[x]"
"Condition.evidence.detail","Condition.evidence.detail","","","",0,*,"Y","","Y","Reference {[]} {[CanonicalType[https://www.medizininformatik-initiative.de/fhir/ext/modul-onko/StructureDefinition/mii-pr-onko-liste-evidenz-erstdiagnose]]}
","Evidenz für Erstdiagnose","Liste aller für die Erstdiagnose ausschlaggebenden Beobachtungen","","","","","","","","","",,,,,"",,,,"Condition.evidence.detail",0,*,"con-2
","ele-1:All FHIR elements must have a @value or children {hasValue() or (children().count() > id.count())}
","FiveWs.why[x]"
"Condition.note","Condition.note","","","",0,*,"Y","","","Annotation {[]} {[]}
","Hinweis","Zusätzliche Informationen zur Diagnose als Freitext.","","","","","","","","","",,,,,"",,,,"Condition.note",0,*,"","ele-1:All FHIR elements must have a @value or children {hasValue() or (children().count() > id.count())}
","Diagnoseerlaeuterung","Event.note","NTE child of PRB"
