"Id","Path","Slice Name","Alias(s)","Label","Min","Max","Must Support?","Is Modifier?","Is Summary?","Type(s)","Short","Definition","Comments","Requirements","Default Value","Meaning When Missing","Fixed Value","Pattern","Example","Minimum Value","Maximum Value","Maximum Length","Binding Strength","Binding Description","Binding Value Set","Code","Slicing Discriminator","Slicing Description","Slicing Ordered","Slicing Rules","Base Path","Base Min","Base Max","Condition(s)","Constraint(s)","Mapping: Mapping FHIR zu oBDS","Mapping: Workflow Pattern","Mapping: FiveWs Pattern Mapping","Mapping: HL7 v2 Mapping"
"CarePlan","CarePlan","","Care Team
","",0,*,"","","","null {[]} {[]}
","Healthcare plan for patient or group","Describes the intention of how one or more practitioners intend to deliver care for a particular patient, group or community for a period of time, possibly limited to care for a specific condition or set of conditions.","","","","","","","","","",,,,,"",,,,"CarePlan",0,*,"","dom-2:If the resource is contained in another resource, it SHALL NOT contain nested Resources {contained.contained.empty()}
dom-3:If the resource is contained in another resource, it SHALL be referred to from elsewhere in the resource or SHALL refer to the containing resource {contained.where((('#'+id in (%resource.descendants().reference | %resource.descendants().as(canonical) | %resource.descendants().as(uri) | %resource.descendants().as(url))) or descendants().where(reference = '#').exists() or descendants().where(as(canonical) = '#').exists() or descendants().where(as(canonical) = '#').exists()).not()).trace('unmatched', id).empty()}dom-4:If a resource is contained in another resource, it SHALL NOT have a meta.versionId or a meta.lastUpdated {contained.meta.versionId.empty() and contained.meta.lastUpdated.empty()}dom-5:If a resource is contained in another resource, it SHALL NOT have a security label {contained.meta.security.empty()}dom-6:A resource should have narrative for robust management {text.`div`.exists()}","Request"
"CarePlan.id","CarePlan.id","","","",0,1,"","","Y","id {[]} {[]}
","Logical id of this artifact","The logical id of the resource, as used in the URL for the resource. Once assigned, this value never changes.","The only time that a resource does not have an id is when it is being submitted to the server using a create operation.","","","","","","","","",,,,,"",,,,"Resource.id",0,1,"",""
"CarePlan.meta","CarePlan.meta","","","",0,1,"","","Y","Meta {[]} {[]}
","Metadata about the resource","The metadata about the resource. This is content that is maintained by the infrastructure. Changes to the content might not always be associated with version changes to the resource.","","","","","","","","","",,,,,"",,,,"Resource.meta",0,1,"","ele-1:All FHIR elements must have a @value or children {hasValue() or (children().count() > id.count())}
"
"CarePlan.meta.id","CarePlan.meta.id","","","",0,1,"","","","string {[]} {[]}
","Unique id for inter-element referencing","Unique id for the element within a resource (for internal references). This may be any string value that does not contain spaces.","","","","","","","","","",,,,,"",,,,"Element.id",0,1,"",""
"CarePlan.meta.extension","CarePlan.meta.extension","","extensions
user content","",0,*,"","","","Extension {[]} {[]}
","Additional content defined by implementations","May be used to represent additional information that is not part of the basic definition of the element. To make the use of extensions safe and manageable, there is a strict set of governance  applied to the definition and use of extensions. Though any implementer can define an extension, there is a set of requirements that SHALL be met as part of the definition of the extension.","There can be no stigma associated with the use of extensions by any application, project, or standard - regardless of the institution or jurisdiction that uses or defines the extensions.  The use of extensions is what allows the FHIR specification to retain a core level of simplicity for everyone.","","","","","","","","",,,,,"","value:url}
","Extensions are always sliced by (at least) url",,"open","Element.extension",0,*,"","ele-1:All FHIR elements must have a @value or children {hasValue() or (children().count() > id.count())}
ext-1:Must have either extensions or value[x], not both {extension.exists() != value.exists()}"
"CarePlan.meta.versionId","CarePlan.meta.versionId","","","",0,1,"","","Y","id {[]} {[]}
","Version specific identifier","The version specific identifier, as it appears in the version portion of the URL. This value changes when the resource is created, updated, or deleted.","The server assigns this value, and ignores what the client specifies, except in the case that the server is imposing version integrity on updates/deletes.","","","","","","","","",,,,,"",,,,"Meta.versionId",0,1,"","ele-1:All FHIR elements must have a @value or children {hasValue() or (children().count() > id.count())}
"
"CarePlan.meta.lastUpdated","CarePlan.meta.lastUpdated","","","",0,1,"","","Y","instant {[]} {[]}
","When the resource version last changed","When the resource last changed - e.g. when the version changed.","This value is always populated except when the resource is first being created. The server / resource manager sets this value; what a client provides is irrelevant. This is equivalent to the HTTP Last-Modified and SHOULD have the same value on a [read](http://hl7.org/fhir/R4/http.html#read) interaction.","","","","","","","","",,,,,"",,,,"Meta.lastUpdated",0,1,"","ele-1:All FHIR elements must have a @value or children {hasValue() or (children().count() > id.count())}
"
"CarePlan.meta.source","CarePlan.meta.source","","","",0,1,"","","Y","uri {[]} {[]}
","Identifies where the resource comes from","A uri that identifies the source system of the resource. This provides a minimal amount of [Provenance](http://hl7.org/fhir/R4/provenance.html#) information that can be used to track or differentiate the source of information in the resource. The source may identify another FHIR server, document, message, database, etc.","In the provenance resource, this corresponds to Provenance.entity.what[x]. The exact use of the source (and the implied Provenance.entity.role) is left to implementer discretion. Only one nominated source is allowed; for additional provenance details, a full Provenance resource should be used. 

This element can be used to indicate where the current master source of a resource that has a canonical URL if the resource is no longer hosted at the canonical URL.","","","","","","","","",,,,,"",,,,"Meta.source",0,1,"","ele-1:All FHIR elements must have a @value or children {hasValue() or (children().count() > id.count())}
"
"CarePlan.meta.profile","CarePlan.meta.profile","","","",0,*,"Y","","Y","canonical {[]} {[CanonicalType[http://hl7.org/fhir/StructureDefinition/StructureDefinition|4.0.1]]}
","Profiles this resource claims to conform to","A list of profiles (references to [StructureDefinition](http://hl7.org/fhir/R4/structuredefinition.html#) resources) that this resource claims to conform to. The URL is a reference to [StructureDefinition.url](http://hl7.org/fhir/R4/structuredefinition-definitions.html#StructureDefinition.url).","It is up to the server and/or other infrastructure of policy to determine whether/how these claims are verified and/or updated over time.  The list of profile URLs is a set.","","","","","","","","",,,,,"",,,,"Meta.profile",0,*,"","ele-1:All FHIR elements must have a @value or children {hasValue() or (children().count() > id.count())}
"
"CarePlan.meta.security","CarePlan.meta.security","","","",0,*,"","","Y","Coding {[]} {[]}
","Security Labels applied to this resource","Security labels applied to this resource. These tags connect specific resources to the overall security policy and infrastructure.","The security labels can be updated without changing the stated version of the resource. The list of security labels is a set. Uniqueness is based the system/code, and version and display are ignored.","","","","","","","","",,"extensible","Security Labels from the Healthcare Privacy and Security Classification System.","http://hl7.org/fhir/ValueSet/security-labels|4.0.1","",,,,"Meta.security",0,*,"","ele-1:All FHIR elements must have a @value or children {hasValue() or (children().count() > id.count())}
"
"CarePlan.meta.tag","CarePlan.meta.tag","","","",0,*,"","","Y","Coding {[]} {[]}
","Tags applied to this resource","Tags applied to this resource. Tags are intended to be used to identify and relate resources to process and workflow, and applications are not required to consider the tags when interpreting the meaning of a resource.","The tags can be updated without changing the stated version of the resource. The list of tags is a set. Uniqueness is based the system/code, and version and display are ignored.","","","","","","","","",,"example","Codes that represent various types of tags, commonly workflow-related; e.g. ""Needs review by Dr. Jones"".","http://hl7.org/fhir/ValueSet/common-tags|4.0.1","",,,,"Meta.tag",0,*,"","ele-1:All FHIR elements must have a @value or children {hasValue() or (children().count() > id.count())}
"
"CarePlan.implicitRules","CarePlan.implicitRules","","","",0,1,"","Y","Y","uri {[]} {[]}
","A set of rules under which this content was created","A reference to a set of rules that were followed when the resource was constructed, and which must be understood when processing the content. Often, this is a reference to an implementation guide that defines the special rules along with other profiles etc.","Asserting this rule set restricts the content to be only understood by a limited set of trading partners. This inherently limits the usefulness of the data in the long term. However, the existing health eco-system is highly fractured, and not yet ready to define, collect, and exchange data in a generally computable sense. Wherever possible, implementers and/or specification writers should avoid using this element. Often, when used, the URL is a reference to an implementation guide that defines these special rules as part of it's narrative along with other profiles, value sets, etc.","","","","","","","","",,,,,"",,,,"Resource.implicitRules",0,1,"","ele-1:All FHIR elements must have a @value or children {hasValue() or (children().count() > id.count())}
"
"CarePlan.language","CarePlan.language","","","",0,1,"","","","code {[]} {[]}
","Language of the resource content","The base language in which the resource is written.","Language is provided to support indexing and accessibility (typically, services such as text to speech use the language tag). The html language tag in the narrative applies  to the narrative. The language tag on the resource may be used to specify the language of other presentations generated from the data in the resource. Not all the content has to be in the base language. The Resource.language should not be assumed to apply to the narrative automatically. If a language is specified, it should it also be specified on the div element in the html (see rules in HTML5 for information about the relationship between xml:lang and the html lang attribute).","","","","","","","","",,"preferred","A human language.","http://hl7.org/fhir/ValueSet/languages|4.0.1","",,,,"Resource.language",0,1,"","ele-1:All FHIR elements must have a @value or children {hasValue() or (children().count() > id.count())}
"
"CarePlan.text","CarePlan.text","","narrative
htmlxhtmldisplay","",0,1,"","","","Narrative {[]} {[]}
","Text summary of the resource, for human interpretation","A human-readable narrative that contains a summary of the resource and can be used to represent the content of the resource to a human. The narrative need not encode all the structured data, but is required to contain sufficient detail to make it ""clinically safe"" for a human to just read the narrative. Resource definitions may define what content should be represented in the narrative to ensure clinical safety.","Contained resources do not have narrative. Resources that are not contained SHOULD have a narrative. In some cases, a resource may only have text with little or no additional discrete data (as long as all minOccurs=1 elements are satisfied).  This may be necessary for data from legacy systems where information is captured as a ""text blob"" or where text is additionally entered raw or narrated and encoded information is added later.","","","","","","","","",,,,,"",,,,"DomainResource.text",0,1,"","ele-1:All FHIR elements must have a @value or children {hasValue() or (children().count() > id.count())}
"
"CarePlan.contained","CarePlan.contained","","inline resources
anonymous resourcescontained resources","",0,*,"","","","Resource {[]} {[]}
","Contained, inline Resources","These resources do not have an independent existence apart from the resource that contains them - they cannot be identified independently, and nor can they have their own independent transaction scope.","This should never be done when the content can be identified properly, as once identification is lost, it is extremely difficult (and context dependent) to restore it again. Contained resources may have profiles and tags In their meta elements, but SHALL NOT have security labels.","","","","","","","","",,,,,"",,,,"DomainResource.contained",0,*,"",""
"CarePlan.extension","CarePlan.extension","","extensions
user content","",0,*,"","","","Extension {[]} {[]}
","Additional content defined by implementations","May be used to represent additional information that is not part of the basic definition of the resource. To make the use of extensions safe and manageable, there is a strict set of governance  applied to the definition and use of extensions. Though any implementer can define an extension, there is a set of requirements that SHALL be met as part of the definition of the extension.","There can be no stigma associated with the use of extensions by any application, project, or standard - regardless of the institution or jurisdiction that uses or defines the extensions.  The use of extensions is what allows the FHIR specification to retain a core level of simplicity for everyone.","","","","","","","","",,,,,"",,,,"DomainResource.extension",0,*,"","ele-1:All FHIR elements must have a @value or children {hasValue() or (children().count() > id.count())}
ext-1:Must have either extensions or value[x], not both {extension.exists() != value.exists()}"
"CarePlan.modifierExtension","CarePlan.modifierExtension","","extensions
user content","",0,*,"","Y","","Extension {[]} {[]}
","Extensions that cannot be ignored","May be used to represent additional information that is not part of the basic definition of the resource and that modifies the understanding of the element that contains it and/or the understanding of the containing element's descendants. Usually modifier elements provide negation or qualification. To make the use of extensions safe and manageable, there is a strict set of governance applied to the definition and use of extensions. Though any implementer is allowed to define an extension, there is a set of requirements that SHALL be met as part of the definition of the extension. Applications processing a resource are required to check for modifier extensions.

Modifier extensions SHALL NOT change the meaning of any elements on Resource or DomainResource (including cannot change the meaning of modifierExtension itself).","There can be no stigma associated with the use of extensions by any application, project, or standard - regardless of the institution or jurisdiction that uses or defines the extensions.  The use of extensions is what allows the FHIR specification to retain a core level of simplicity for everyone.","Modifier extensions allow for extensions that *cannot* be safely ignored to be clearly distinguished from the vast majority of extensions which can be safely ignored.  This promotes interoperability by eliminating the need for implementers to prohibit the presence of extensions. For further information, see the [definition of modifier extensions](http://hl7.org/fhir/R4/extensibility.html#modifierExtension).","","","","","","","",,,,,"",,,,"DomainResource.modifierExtension",0,*,"","ele-1:All FHIR elements must have a @value or children {hasValue() or (children().count() > id.count())}
ext-1:Must have either extensions or value[x], not both {extension.exists() != value.exists()}"
"CarePlan.identifier","CarePlan.identifier","","","",0,*,"","","Y","Identifier {[]} {[]}
","External Ids for this plan","Business identifiers assigned to this care plan by the performer or other systems which remain constant as the resource is updated and propagates from server to server.","This is a business identifier, not a resource identifier (see [discussion](http://hl7.org/fhir/R4/resource.html#identifiers)).  It is best practice for the identifier to only appear on a single resource instance, however business practices may occasionally dictate that multiple resource instances with the same identifier can exist - possibly even with different resource types.  For example, multiple Patient and a Person resource instance might share the same social insurance number.","Allows identification of the care plan as it is known by various participating systems and in a way that remains consistent across servers.","","","","","","","",,,,,"",,,,"CarePlan.identifier",0,*,"","ele-1:All FHIR elements must have a @value or children {hasValue() or (children().count() > id.count())}
","Request.identifier","FiveWs.identifier","PTH-3"
"CarePlan.instantiatesCanonical","CarePlan.instantiatesCanonical","","","",0,*,"","","Y","canonical {[]} {[CanonicalType[http://hl7.org/fhir/StructureDefinition/PlanDefinition|4.0.1], CanonicalType[http://hl7.org/fhir/StructureDefinition/Questionnaire|4.0.1], CanonicalType[http://hl7.org/fhir/StructureDefinition/Measure|4.0.1], CanonicalType[http://hl7.org/fhir/StructureDefinition/ActivityDefinition|4.0.1], CanonicalType[http://hl7.org/fhir/StructureDefinition/OperationDefinition|4.0.1]]}
","Instantiates FHIR protocol or definition","The URL pointing to a FHIR-defined protocol, guideline, questionnaire or other definition that is adhered to in whole or in part by this CarePlan.","","","","","","","","","",,,,,"",,,,"CarePlan.instantiatesCanonical",0,*,"","ele-1:All FHIR elements must have a @value or children {hasValue() or (children().count() > id.count())}
","Request.instantiatesCanonical"
"CarePlan.instantiatesUri","CarePlan.instantiatesUri","","","",0,*,"","","Y","uri {[]} {[]}
","Instantiates external protocol or definition","The URL pointing to an externally maintained protocol, guideline, questionnaire or other definition that is adhered to in whole or in part by this CarePlan.","This might be an HTML page, PDF, etc. or could just be a non-resolvable URI identifier.","","","","","","","","",,,,,"",,,,"CarePlan.instantiatesUri",0,*,"","ele-1:All FHIR elements must have a @value or children {hasValue() or (children().count() > id.count())}
","Request.instantiatesUri"
"CarePlan.basedOn","CarePlan.basedOn","","fulfills
","",0,*,"","","Y","Reference {[]} {[CanonicalType[http://hl7.org/fhir/StructureDefinition/CarePlan|4.0.1]]}
","Fulfills CarePlan","A care plan that is fulfilled in whole or in part by this care plan.","","Allows tracing of the care plan and tracking whether proposals/recommendations were acted upon.","","","","","","","",,,,,"",,,,"CarePlan.basedOn",0,*,"","ele-1:All FHIR elements must have a @value or children {hasValue() or (children().count() > id.count())}
","Request.basedOn"
"CarePlan.replaces","CarePlan.replaces","","supersedes
","",0,*,"","","Y","Reference {[]} {[CanonicalType[http://hl7.org/fhir/StructureDefinition/CarePlan|4.0.1]]}
","CarePlan replaced by this CarePlan","Completed or terminated care plan whose function is taken by this new care plan.","The replacement could be because the initial care plan was immediately rejected (due to an issue) or because the previous care plan was completed, but the need for the action described by the care plan remains ongoing.","Allows tracing the continuation of a therapy or administrative process instantiated through multiple care plans.","","","","","","","",,,,,"",,,,"CarePlan.replaces",0,*,"","ele-1:All FHIR elements must have a @value or children {hasValue() or (children().count() > id.count())}
","Request.replaces"
"CarePlan.partOf","CarePlan.partOf","","","",0,*,"","","Y","Reference {[]} {[CanonicalType[http://hl7.org/fhir/StructureDefinition/CarePlan|4.0.1]]}
","Part of referenced CarePlan","A larger care plan of which this particular care plan is a component or step.","Each care plan is an independent request, such that having a care plan be part of another care plan can cause issues with cascading statuses.  As such, this element is still being discussed.","","","","","","","","",,,,,"",,,,"CarePlan.partOf",0,*,"","ele-1:All FHIR elements must have a @value or children {hasValue() or (children().count() > id.count())}
"
"CarePlan.status","CarePlan.status","","","",1,1,"Y","Y","Y","code {[]} {[]}
","draft | active | on-hold | revoked | completed | entered-in-error | unknown","Indicates whether the plan is currently being acted upon, represents future intentions or is now a historical record.","The unknown code is not to be used to convey other statuses.  The unknown code should be used when one of the statuses applies, but the authoring system doesn't know the current state of the care plan.

This element is labeled as a modifier because the status contains the code entered-in-error that marks the plan as not currently valid.","Allows clinicians to determine whether the plan is actionable or not.","","","","","","","",,"required","Indicates whether the plan is currently being acted upon, represents future intentions or is now a historical record.","http://hl7.org/fhir/ValueSet/request-status|4.0.1","",,,,"CarePlan.status",1,1,"","ele-1:All FHIR elements must have a @value or children {hasValue() or (children().count() > id.count())}
","Request.status {uses different ValueSet}","FiveWs.status","PTH-5"
"CarePlan.intent","CarePlan.intent","","","",1,1,"Y","Y","Y","code {[]} {[]}
","proposal | plan | order | option","Indicates the level of authority/intentionality associated with the care plan and where the care plan fits into the workflow chain.","This element is labeled as a modifier because the intent alters when and how the resource is actually applicable.","Proposals/recommendations, plans and orders all use the same structure and can exist in the same fulfillment chain.","","","","<valueCode xmlns=""http://hl7.org/fhir"" value=""plan""/>","","","",,"required","Codes indicating the degree of authority/intentionality associated with a care plan.","http://hl7.org/fhir/ValueSet/care-plan-intent|4.0.1","",,,,"CarePlan.intent",1,1,"","ele-1:All FHIR elements must have a @value or children {hasValue() or (children().count() > id.count())}
","Request.intent"
"CarePlan.category","CarePlan.category","","","",1,1,"Y","","Y","CodeableConcept {[]} {[]}
","Type of plan","Identifies what ""kind"" of plan this is to support differentiation between multiple co-existing plans; e.g. ""Home health"", ""psychiatric"", ""asthma"", ""disease management"", ""wellness plan"", etc.","There may be multiple axes of categorization and one plan may serve multiple purposes.  In some cases, this may be redundant with references to CarePlan.concern.","Used for filtering what plan(s) are retrieved and displayed to different types of users.","","","","","","","",,"example","Identifies what ""kind"" of plan this is to support differentiation between multiple co-existing plans; e.g. ""Home health"", ""psychiatric"", ""asthma"", ""disease management"", etc.","http://hl7.org/fhir/ValueSet/care-plan-category|4.0.1","",,,,"CarePlan.category",0,*,"","ele-1:All FHIR elements must have a @value or children {hasValue() or (children().count() > id.count())}
","FiveWs.class"
"CarePlan.category.id","CarePlan.category.id","","","",0,1,"","","","string {[]} {[]}
","Unique id for inter-element referencing","Unique id for the element within a resource (for internal references). This may be any string value that does not contain spaces.","","","","","","","","","",,,,,"",,,,"Element.id",0,1,"",""
"CarePlan.category.extension","CarePlan.category.extension","","extensions
user content","",0,*,"","","","Extension {[]} {[]}
","Additional content defined by implementations","May be used to represent additional information that is not part of the basic definition of the element. To make the use of extensions safe and manageable, there is a strict set of governance  applied to the definition and use of extensions. Though any implementer can define an extension, there is a set of requirements that SHALL be met as part of the definition of the extension.","There can be no stigma associated with the use of extensions by any application, project, or standard - regardless of the institution or jurisdiction that uses or defines the extensions.  The use of extensions is what allows the FHIR specification to retain a core level of simplicity for everyone.","","","","","","","","",,,,,"","value:url}
","Extensions are always sliced by (at least) url",,"open","Element.extension",0,*,"","ele-1:All FHIR elements must have a @value or children {hasValue() or (children().count() > id.count())}
ext-1:Must have either extensions or value[x], not both {extension.exists() != value.exists()}"
"CarePlan.category.coding","CarePlan.category.coding","","","",1,*,"Y","","Y","Coding {[]} {[]}
","Art der Tumorkonferenz / Therapieplanung","Art der Tumorkonferenz / Therapieplanung gemäß 18.2 oBDS 2021.","Codes may be defined very casually in enumerations, or code lists, up to very formal definitions such as SNOMED CT - see the HL7 v3 Core Principles for more information.  Ordering of codings is undefined and SHALL NOT be used to infer meaning. Generally, at most only one of the coding values will be labeled as UserSelected = true.","Allows for alternative encodings within a code system, and translations to other code systems.","","","","","","","",,"required","","https://www.medizininformatik-initiative.de/fhir/ext/modul-onko/ValueSet/mii-vs-onko-therapieplanung-typ","",,,,"CodeableConcept.coding",0,*,"","ele-1:All FHIR elements must have a @value or children {hasValue() or (children().count() > id.count())}
","C*E.1-8, C*E.10-22"
"CarePlan.category.coding.id","CarePlan.category.coding.id","","","",0,1,"","","","string {[]} {[]}
","Unique id for inter-element referencing","Unique id for the element within a resource (for internal references). This may be any string value that does not contain spaces.","","","","","","","","","",,,,,"",,,,"Element.id",0,1,"",""
"CarePlan.category.coding.extension","CarePlan.category.coding.extension","","extensions
user content","",0,*,"","","","Extension {[]} {[]}
","Additional content defined by implementations","May be used to represent additional information that is not part of the basic definition of the element. To make the use of extensions safe and manageable, there is a strict set of governance  applied to the definition and use of extensions. Though any implementer can define an extension, there is a set of requirements that SHALL be met as part of the definition of the extension.","There can be no stigma associated with the use of extensions by any application, project, or standard - regardless of the institution or jurisdiction that uses or defines the extensions.  The use of extensions is what allows the FHIR specification to retain a core level of simplicity for everyone.","","","","","","","","",,,,,"","value:url}
","Extensions are always sliced by (at least) url",,"open","Element.extension",0,*,"","ele-1:All FHIR elements must have a @value or children {hasValue() or (children().count() > id.count())}
ext-1:Must have either extensions or value[x], not both {extension.exists() != value.exists()}"
"CarePlan.category.coding.system","CarePlan.category.coding.system","","","",1,1,"Y","","Y","uri {[]} {[]}
","Identity of the terminology system","The identification of the code system that defines the meaning of the symbol in the code.","The URI may be an OID (urn:oid:...) or a UUID (urn:uuid:...).  OIDs and UUIDs SHALL be references to the HL7 OID registry. Otherwise, the URI should come from HL7's list of FHIR defined special URIs or it should reference to some definition that establishes the system clearly and unambiguously.","Need to be unambiguous about the source of the definition of the symbol.","","","","<valueUri xmlns=""http://hl7.org/fhir"" value=""https://www.medizininformatik-initiative.de/fhir/ext/modul-onko/CodeSystem/mii-cs-onko-therapieplanung-typ""/>","","","",,,,,"",,,,"Coding.system",0,1,"","ele-1:All FHIR elements must have a @value or children {hasValue() or (children().count() > id.count())}
","C*E.3"
"CarePlan.category.coding.version","CarePlan.category.coding.version","","","",0,1,"","","Y","string {[]} {[]}
","Version of the system - if relevant","The version of the code system which was used when choosing this code. Note that a well-maintained code system does not need the version reported, because the meaning of codes is consistent across versions. However this cannot consistently be assured, and when the meaning is not guaranteed to be consistent, the version SHOULD be exchanged.","Where the terminology does not clearly define what string should be used to identify code system versions, the recommendation is to use the date (expressed in FHIR date format) on which that version was officially published as the version date.","","","","","","","","",,,,,"",,,,"Coding.version",0,1,"","ele-1:All FHIR elements must have a @value or children {hasValue() or (children().count() > id.count())}
","C*E.7"
"CarePlan.category.coding.code","CarePlan.category.coding.code","","","",1,1,"Y","","Y","code {[]} {[]}
","Symbol in syntax defined by the system","A symbol in syntax defined by the system. The symbol may be a predefined code or an expression in a syntax defined by the coding system (e.g. post-coordination).","","Need to refer to a particular code in the system.","","","","","","","",,,,,"",,,,"Coding.code",0,1,"","ele-1:All FHIR elements must have a @value or children {hasValue() or (children().count() > id.count())}
","18.2","C*E.1"
"CarePlan.category.coding.display","CarePlan.category.coding.display","","","",0,1,"","","Y","string {[]} {[]}
","Representation defined by the system","A representation of the meaning of the code in the system, following the rules of the system.","","Need to be able to carry a human-readable meaning of the code for readers that do not know  the system.","","","","","","","",,,,,"",,,,"Coding.display",0,1,"","ele-1:All FHIR elements must have a @value or children {hasValue() or (children().count() > id.count())}
","C*E.2 - but note this is not well followed"
"CarePlan.category.coding.userSelected","CarePlan.category.coding.userSelected","","","",0,1,"","","Y","boolean {[]} {[]}
","If this coding was chosen directly by the user","Indicates that this coding was chosen by a user directly - e.g. off a pick list of available items (codes or displays).","Amongst a set of alternatives, a directly chosen code is the most appropriate starting point for new translations. There is some ambiguity about what exactly 'directly chosen' implies, and trading partner agreement may be needed to clarify the use of this element and its consequences more completely.","This has been identified as a clinical safety criterium - that this exact system/code pair was chosen explicitly, rather than inferred by the system based on some rules or language processing.","","","","","","","",,,,,"",,,,"Coding.userSelected",0,1,"","ele-1:All FHIR elements must have a @value or children {hasValue() or (children().count() > id.count())}
","Sometimes implied by being first"
"CarePlan.category.text","CarePlan.category.text","","","",0,1,"","","Y","string {[]} {[]}
","Plain text representation of the concept","A human language representation of the concept as seen/selected/uttered by the user who entered the data and/or which represents the intended meaning of the user.","Very often the text is the same as a displayName of one of the codings.","The codes from the terminologies do not always capture the correct meaning with all the nuances of the human using them, or sometimes there is no appropriate code at all. In these cases, the text is used to capture the full meaning of the source.","","","","","","","",,,,,"",,,,"CodeableConcept.text",0,1,"","ele-1:All FHIR elements must have a @value or children {hasValue() or (children().count() > id.count())}
","C*E.9. But note many systems use C*E.2 for this"
"CarePlan.title","CarePlan.title","","","",0,1,"","","Y","string {[]} {[]}
","Human-friendly name for the care plan","Human-friendly name for the care plan.","","","","","","","","","",,,,,"",,,,"CarePlan.title",0,1,"","ele-1:All FHIR elements must have a @value or children {hasValue() or (children().count() > id.count())}
"
"CarePlan.description","CarePlan.description","","","",0,1,"","","Y","string {[]} {[]}
","Summary of nature of plan","A description of the scope and nature of the plan.","","Provides more detail than conveyed by category.","","","","","","","",,,,,"",,,,"CarePlan.description",0,1,"","ele-1:All FHIR elements must have a @value or children {hasValue() or (children().count() > id.count())}
","FiveWs.what[x]"
"CarePlan.subject","CarePlan.subject","","patient
","",1,1,"Y","","Y","Reference {[]} {[CanonicalType[http://hl7.org/fhir/StructureDefinition/Patient]]}
","Who the care plan is for","Identifies the patient or group whose intended care is described by the plan.","","","","","","","","","",,,,,"",,,,"CarePlan.subject",1,1,"","ele-1:All FHIR elements must have a @value or children {hasValue() or (children().count() > id.count())}
","Request.subject","FiveWs.subject[x]","FiveWs.subject","PID-3"
"CarePlan.encounter","CarePlan.encounter","","","",0,1,"Y","","Y","Reference {[]} {[CanonicalType[http://hl7.org/fhir/StructureDefinition/Encounter|4.0.1]]}
","Encounter created as part of","The Encounter during which this CarePlan was created or to which the creation of this record is tightly associated.","This will typically be the encounter the event occurred within, but some activities may be initiated prior to or after the official completion of an encounter but still be tied to the context of the encounter. CarePlan activities conducted as a result of the care plan may well occur as part of other encounters.","","","","","","","","",,,,,"",,,,"CarePlan.encounter",0,1,"","ele-1:All FHIR elements must have a @value or children {hasValue() or (children().count() > id.count())}
","Request.context","FiveWs.context","Associated PV1"
"CarePlan.period","CarePlan.period","","timing
","",0,1,"","","Y","Period {[]} {[]}
","Time period plan covers","Indicates when the plan did (or is intended to) come into effect and end.","Any activities scheduled as part of the plan should be constrained to the specified period regardless of whether the activities are planned within a single encounter/episode or across multiple encounters/episodes (e.g. the longitudinal management of a chronic condition).","Allows tracking what plan(s) are in effect at a particular time.","","","","","","","",,,,,"",,,,"CarePlan.period",0,1,"","ele-1:All FHIR elements must have a @value or children {hasValue() or (children().count() > id.count())}
","Request.occurrence[x]","FiveWs.planned","GOL-7 / GOL-8"
"CarePlan.created","CarePlan.created","","authoredOn
","",1,1,"Y","","Y","dateTime {[]} {[]}
","Datum der Tumorkonferenz / Therapieplanung","Datum der Tumorkonferenz / Therapieplanung gemäß 18.1 oBDS 2021.","","","","","","","","","",,,,,"",,,,"CarePlan.created",0,1,"","ele-1:All FHIR elements must have a @value or children {hasValue() or (children().count() > id.count())}
","18.1","Request.authoredOn","FiveWs.recorded"
"CarePlan.author","CarePlan.author","","","",0,1,"","","Y","Reference {[]} {[CanonicalType[http://hl7.org/fhir/StructureDefinition/Patient|4.0.1], CanonicalType[http://hl7.org/fhir/StructureDefinition/Practitioner|4.0.1], CanonicalType[http://hl7.org/fhir/StructureDefinition/PractitionerRole|4.0.1], CanonicalType[http://hl7.org/fhir/StructureDefinition/Device|4.0.1], CanonicalType[http://hl7.org/fhir/StructureDefinition/RelatedPerson|4.0.1], CanonicalType[http://hl7.org/fhir/StructureDefinition/Organization|4.0.1], CanonicalType[http://hl7.org/fhir/StructureDefinition/CareTeam|4.0.1]]}
","Who is the designated responsible party","When populated, the author is responsible for the care plan.  The care plan is attributed to the author.","The author may also be a contributor.  For example, an organization can be an author, but not listed as a contributor.","","","","","","","","",,,,,"",,,,"CarePlan.author",0,1,"","ele-1:All FHIR elements must have a @value or children {hasValue() or (children().count() > id.count())}
","Request.requester","FiveWs.author"
"CarePlan.contributor","CarePlan.contributor","","","",0,*,"","","","Reference {[]} {[CanonicalType[http://hl7.org/fhir/StructureDefinition/Patient|4.0.1], CanonicalType[http://hl7.org/fhir/StructureDefinition/Practitioner|4.0.1], CanonicalType[http://hl7.org/fhir/StructureDefinition/PractitionerRole|4.0.1], CanonicalType[http://hl7.org/fhir/StructureDefinition/Device|4.0.1], CanonicalType[http://hl7.org/fhir/StructureDefinition/RelatedPerson|4.0.1], CanonicalType[http://hl7.org/fhir/StructureDefinition/Organization|4.0.1], CanonicalType[http://hl7.org/fhir/StructureDefinition/CareTeam|4.0.1]]}
","Who provided the content of the care plan","Identifies the individual(s) or organization who provided the contents of the care plan.","Collaborative care plans may have multiple contributors.","","","","","","","","",,,,,"",,,,"CarePlan.contributor",0,*,"","ele-1:All FHIR elements must have a @value or children {hasValue() or (children().count() > id.count())}
"
"CarePlan.careTeam","CarePlan.careTeam","","","",0,*,"","","","Reference {[]} {[CanonicalType[http://hl7.org/fhir/StructureDefinition/CareTeam|4.0.1]]}
","Who's involved in plan?","Identifies all people and organizations who are expected to be involved in the care envisioned by this plan.","","Allows representation of care teams, helps scope care plan.  In some cases may be a determiner of access permissions.","","","","","","","",,,,,"",,,,"CarePlan.careTeam",0,*,"","ele-1:All FHIR elements must have a @value or children {hasValue() or (children().count() > id.count())}
","Request.performer {similar but does not entail CareTeam}","FiveWs.actor"
"CarePlan.addresses","CarePlan.addresses","","","",0,*,"Y","","Y","Reference {[]} {[CanonicalType[https://www.medizininformatik-initiative.de/fhir/ext/modul-onko/StructureDefinition/mii-pr-onko-diagnose-primaertumor]]}
","Health issues this plan addresses","Identifies the conditions/problems/concerns/diagnoses/etc. whose management and/or mitigation are handled by this plan.","When the diagnosis is related to an allergy or intolerance, the Condition and AllergyIntolerance resources can both be used. However, to be actionable for decision support, using Condition alone is not sufficient as the allergy or intolerance condition needs to be represented as an AllergyIntolerance.","Links plan to the conditions it manages.  The element can identify risks addressed by the plan as well as active conditions.  (The Condition resource can include things like ""at risk for hypertension"" or ""fall risk"".)  Also scopes plans - multiple plans may exist addressing different concerns.","","","","","","","",,,,,"",,,,"CarePlan.addresses",0,*,"","ele-1:All FHIR elements must have a @value or children {hasValue() or (children().count() > id.count())}
","Request.reasonReference","FiveWs.why[x]","PRB-4"
"CarePlan.supportingInfo","CarePlan.supportingInfo","","","",0,*,"Y","","","Reference {[]} {[CanonicalType[http://hl7.org/fhir/StructureDefinition/Resource|4.0.1]]}
","Information considered as part of plan","Identifies portions of the patient's record that specifically influenced the formation of the plan.  These might include comorbidities, recent procedures, limitations, recent assessments, etc.","Use ""concern"" to identify specific conditions addressed by the care plan.","Identifies barriers and other considerations associated with the care plan.","","","","","","","",,,,,"",,,,"CarePlan.supportingInfo",0,*,"","ele-1:All FHIR elements must have a @value or children {hasValue() or (children().count() > id.count())}
","Request.supportingInfo"
"CarePlan.goal","CarePlan.goal","","","",0,*,"","","","Reference {[]} {[CanonicalType[http://hl7.org/fhir/StructureDefinition/Goal|4.0.1]]}
","Desired outcome of plan","Describes the intended objective(s) of carrying out the care plan.","Goal can be achieving a particular change or merely maintaining a current state or even slowing a decline.","Provides context for plan.  Allows plan effectiveness to be evaluated by clinicians.","","","","","","","",,,,,"",,,,"CarePlan.goal",0,*,"","ele-1:All FHIR elements must have a @value or children {hasValue() or (children().count() > id.count())}
","GOL.1"
"CarePlan.activity","CarePlan.activity","","","",0,*,"Y","","","BackboneElement {[]} {[]}
","Therapy recommendations - either oBDS standard categorization or extended molecular protocols","Identifies a planned action to occur as part of the plan.  For example, a medication to be used, lab tests to perform, self-monitoring, education, etc.","","Allows systems to prompt for performance of planned activities, and validate plans against best practice.","","","","","","","",,,,,"","exists:detail}
profile:reference.resolve()}","",,"open","CarePlan.activity",0,*,"","cpl-3:Provide a reference or detail, not both {detail.empty() or reference.empty()}
ele-1:All FHIR elements must have a @value or children {hasValue() or (children().count() > id.count())}","{no mapping
NOTE: This is a list of contained Request-Event tuples!}"
"CarePlan.activity.id","CarePlan.activity.id","","","",0,1,"","","","string {[]} {[]}
","Unique id for inter-element referencing","Unique id for the element within a resource (for internal references). This may be any string value that does not contain spaces.","","","","","","","","","",,,,,"",,,,"Element.id",0,1,"",""
"CarePlan.activity.extension","CarePlan.activity.extension","","extensions
user content","",0,*,"","","","Extension {[]} {[]}
","Additional content defined by implementations","May be used to represent additional information that is not part of the basic definition of the element. To make the use of extensions safe and manageable, there is a strict set of governance  applied to the definition and use of extensions. Though any implementer can define an extension, there is a set of requirements that SHALL be met as part of the definition of the extension.","There can be no stigma associated with the use of extensions by any application, project, or standard - regardless of the institution or jurisdiction that uses or defines the extensions.  The use of extensions is what allows the FHIR specification to retain a core level of simplicity for everyone.","","","","","","","","",,,,,"",,,,"Element.extension",0,*,"","ele-1:All FHIR elements must have a @value or children {hasValue() or (children().count() > id.count())}
ext-1:Must have either extensions or value[x], not both {extension.exists() != value.exists()}"
"CarePlan.activity.modifierExtension","CarePlan.activity.modifierExtension","","extensions
user contentmodifiers","",0,*,"","Y","Y","Extension {[]} {[]}
","Extensions that cannot be ignored even if unrecognized","May be used to represent additional information that is not part of the basic definition of the element and that modifies the understanding of the element in which it is contained and/or the understanding of the containing element's descendants. Usually modifier elements provide negation or qualification. To make the use of extensions safe and manageable, there is a strict set of governance applied to the definition and use of extensions. Though any implementer can define an extension, there is a set of requirements that SHALL be met as part of the definition of the extension. Applications processing a resource are required to check for modifier extensions.

Modifier extensions SHALL NOT change the meaning of any elements on Resource or DomainResource (including cannot change the meaning of modifierExtension itself).","There can be no stigma associated with the use of extensions by any application, project, or standard - regardless of the institution or jurisdiction that uses or defines the extensions.  The use of extensions is what allows the FHIR specification to retain a core level of simplicity for everyone.","Modifier extensions allow for extensions that *cannot* be safely ignored to be clearly distinguished from the vast majority of extensions which can be safely ignored.  This promotes interoperability by eliminating the need for implementers to prohibit the presence of extensions. For further information, see the [definition of modifier extensions](http://hl7.org/fhir/R4/extensibility.html#modifierExtension).","","","","","","","",,,,,"",,,,"BackboneElement.modifierExtension",0,*,"","ele-1:All FHIR elements must have a @value or children {hasValue() or (children().count() > id.count())}
ext-1:Must have either extensions or value[x], not both {extension.exists() != value.exists()}"
"CarePlan.activity.outcomeCodeableConcept","CarePlan.activity.outcomeCodeableConcept","","","",0,*,"","","","CodeableConcept {[]} {[]}
","Results of the activity","Identifies the outcome at the point when the status of the activity is assessed.  For example, the outcome of an education activity could be patient understands (or not).","Note that this should not duplicate the activity status (e.g. completed or in progress).","","","","","","","","",,"example","Identifies the results of the activity.","http://hl7.org/fhir/ValueSet/care-plan-activity-outcome|4.0.1","",,,,"CarePlan.activity.outcomeCodeableConcept",0,*,"","ele-1:All FHIR elements must have a @value or children {hasValue() or (children().count() > id.count())}
"
"CarePlan.activity.outcomeReference","CarePlan.activity.outcomeReference","","","",0,*,"","","","Reference {[]} {[CanonicalType[http://hl7.org/fhir/StructureDefinition/Resource|4.0.1]]}
","Appointment, Encounter, Procedure, etc.","Details of the outcome or action resulting from the activity.  The reference to an ""event"" resource, such as Procedure or Encounter or Observation, is the result/outcome of the activity itself.  The activity can be conveyed using CarePlan.activity.detail OR using the CarePlan.activity.reference (a reference to a “request” resource).","The activity outcome is independent of the outcome of the related goal(s).  For example, if the goal is to achieve a target body weight of 150 lbs and an activity is defined to diet, then the activity outcome could be calories consumed whereas the goal outcome is an observation for the actual body weight measured.","Links plan to resulting actions.","","","","","","","",,,,,"",,,,"CarePlan.activity.outcomeReference",0,*,"","ele-1:All FHIR elements must have a @value or children {hasValue() or (children().count() > id.count())}
","{Event that is outcome of Request in activity.reference}"
"CarePlan.activity.progress","CarePlan.activity.progress","","","",0,*,"","","","Annotation {[]} {[]}
","Comments about the activity status/progress","Notes about the adherence/status/progress of the activity.","This element should NOT be used to describe the activity to be performed - that occurs either within the resource pointed to by activity.detail.reference or in activity.detail.description.","Can be used to capture information about adherence, progress, concerns, etc.","","","","","","","",,,,,"",,,,"CarePlan.activity.progress",0,*,"","ele-1:All FHIR elements must have a @value or children {hasValue() or (children().count() > id.count())}
","NTE?"
"CarePlan.activity.reference","CarePlan.activity.reference","","","",0,1,"","","","Reference {[]} {[CanonicalType[http://hl7.org/fhir/StructureDefinition/Appointment|4.0.1], CanonicalType[http://hl7.org/fhir/StructureDefinition/CommunicationRequest|4.0.1], CanonicalType[http://hl7.org/fhir/StructureDefinition/DeviceRequest|4.0.1], CanonicalType[http://hl7.org/fhir/StructureDefinition/MedicationRequest|4.0.1], CanonicalType[http://hl7.org/fhir/StructureDefinition/NutritionOrder|4.0.1], CanonicalType[http://hl7.org/fhir/StructureDefinition/Task|4.0.1], CanonicalType[http://hl7.org/fhir/StructureDefinition/ServiceRequest|4.0.1], CanonicalType[http://hl7.org/fhir/StructureDefinition/VisionPrescription|4.0.1], CanonicalType[http://hl7.org/fhir/StructureDefinition/RequestGroup|4.0.1]]}
","Activity details defined in specific resource","The details of the proposed activity represented in a specific resource.","Standard extension exists ([resource-pertainsToGoal](http://hl7.org/fhir/R4/extension-resource-pertainstogoal.html)) that allows goals to be referenced from any of the referenced resources in CarePlan.activity.reference.  The goal should be visible when the resource referenced by CarePlan.activity.reference is viewed independently from the CarePlan.  Requests that are pointed to by a CarePlan using this element should *not* point to this CarePlan using the ""basedOn"" element.  i.e. Requests that are part of a CarePlan are not ""based on"" the CarePlan.","Details in a form consistent with other applications and contexts of use.","","","","","","","",,,,,"",,,,"CarePlan.activity.reference",0,1,"cpl-3
","ele-1:All FHIR elements must have a @value or children {hasValue() or (children().count() > id.count())}
","{Request that resulted in Event in activity.actionResulting}"
"CarePlan.activity.detail","CarePlan.activity.detail","","","",0,1,"","","","BackboneElement {[]} {[]}
","In-line definition of activity","A simple summary of a planned activity suitable for a general care plan system (e.g. form driven) that doesn't know about specific resources such as procedure etc.","","Details in a simple form for generic care plan systems.","","","","","","","",,,,,"",,,,"CarePlan.activity.detail",0,1,"cpl-3
","ele-1:All FHIR elements must have a @value or children {hasValue() or (children().count() > id.count())}
"
"CarePlan.activity.detail.id","CarePlan.activity.detail.id","","","",0,1,"","","","string {[]} {[]}
","Unique id for inter-element referencing","Unique id for the element within a resource (for internal references). This may be any string value that does not contain spaces.","","","","","","","","","",,,,,"",,,,"Element.id",0,1,"",""
"CarePlan.activity.detail.extension","CarePlan.activity.detail.extension","","extensions
user content","",0,*,"","","","Extension {[]} {[]}
","Additional content defined by implementations","May be used to represent additional information that is not part of the basic definition of the element. To make the use of extensions safe and manageable, there is a strict set of governance  applied to the definition and use of extensions. Though any implementer can define an extension, there is a set of requirements that SHALL be met as part of the definition of the extension.","There can be no stigma associated with the use of extensions by any application, project, or standard - regardless of the institution or jurisdiction that uses or defines the extensions.  The use of extensions is what allows the FHIR specification to retain a core level of simplicity for everyone.","","","","","","","","",,,,,"",,,,"Element.extension",0,*,"","ele-1:All FHIR elements must have a @value or children {hasValue() or (children().count() > id.count())}
ext-1:Must have either extensions or value[x], not both {extension.exists() != value.exists()}"
"CarePlan.activity.detail.modifierExtension","CarePlan.activity.detail.modifierExtension","","extensions
user contentmodifiers","",0,*,"","Y","Y","Extension {[]} {[]}
","Extensions that cannot be ignored even if unrecognized","May be used to represent additional information that is not part of the basic definition of the element and that modifies the understanding of the element in which it is contained and/or the understanding of the containing element's descendants. Usually modifier elements provide negation or qualification. To make the use of extensions safe and manageable, there is a strict set of governance applied to the definition and use of extensions. Though any implementer can define an extension, there is a set of requirements that SHALL be met as part of the definition of the extension. Applications processing a resource are required to check for modifier extensions.

Modifier extensions SHALL NOT change the meaning of any elements on Resource or DomainResource (including cannot change the meaning of modifierExtension itself).","There can be no stigma associated with the use of extensions by any application, project, or standard - regardless of the institution or jurisdiction that uses or defines the extensions.  The use of extensions is what allows the FHIR specification to retain a core level of simplicity for everyone.","Modifier extensions allow for extensions that *cannot* be safely ignored to be clearly distinguished from the vast majority of extensions which can be safely ignored.  This promotes interoperability by eliminating the need for implementers to prohibit the presence of extensions. For further information, see the [definition of modifier extensions](http://hl7.org/fhir/R4/extensibility.html#modifierExtension).","","","","","","","",,,,,"",,,,"BackboneElement.modifierExtension",0,*,"","ele-1:All FHIR elements must have a @value or children {hasValue() or (children().count() > id.count())}
ext-1:Must have either extensions or value[x], not both {extension.exists() != value.exists()}"
"CarePlan.activity.detail.kind","CarePlan.activity.detail.kind","","","",0,1,"","","","code {[]} {[]}
","Appointment | CommunicationRequest | DeviceRequest | MedicationRequest | NutritionOrder | Task | ServiceRequest | VisionPrescription","A description of the kind of resource the in-line definition of a care plan activity is representing.  The CarePlan.activity.detail is an in-line definition when a resource is not referenced using CarePlan.activity.reference.  For example, a MedicationRequest, a ServiceRequest, or a CommunicationRequest.","","May determine what types of extensions are permitted.","","","","","","","",,"required","Resource types defined as part of FHIR that can be represented as in-line definitions of a care plan activity.","http://hl7.org/fhir/ValueSet/care-plan-activity-kind|4.0.1","",,,,"CarePlan.activity.detail.kind",0,1,"","ele-1:All FHIR elements must have a @value or children {hasValue() or (children().count() > id.count())}
"
"CarePlan.activity.detail.instantiatesCanonical","CarePlan.activity.detail.instantiatesCanonical","","","",0,*,"","","","canonical {[]} {[CanonicalType[http://hl7.org/fhir/StructureDefinition/PlanDefinition|4.0.1], CanonicalType[http://hl7.org/fhir/StructureDefinition/ActivityDefinition|4.0.1], CanonicalType[http://hl7.org/fhir/StructureDefinition/Questionnaire|4.0.1], CanonicalType[http://hl7.org/fhir/StructureDefinition/Measure|4.0.1], CanonicalType[http://hl7.org/fhir/StructureDefinition/OperationDefinition|4.0.1]]}
","Instantiates FHIR protocol or definition","The URL pointing to a FHIR-defined protocol, guideline, questionnaire or other definition that is adhered to in whole or in part by this CarePlan activity.","","Allows Questionnaires that the patient (or practitioner) should fill in to fulfill the care plan activity.","","","","","","","",,,,,"",,,,"CarePlan.activity.detail.instantiatesCanonical",0,*,"","ele-1:All FHIR elements must have a @value or children {hasValue() or (children().count() > id.count())}
","Request.instantiatesCanonical"
"CarePlan.activity.detail.instantiatesUri","CarePlan.activity.detail.instantiatesUri","","","",0,*,"","","","uri {[]} {[]}
","Instantiates external protocol or definition","The URL pointing to an externally maintained protocol, guideline, questionnaire or other definition that is adhered to in whole or in part by this CarePlan activity.","This might be an HTML page, PDF, etc. or could just be a non-resolvable URI identifier.","Allows Questionnaires that the patient (or practitioner) should fill in to fulfill the care plan activity.","","","","","","","",,,,,"",,,,"CarePlan.activity.detail.instantiatesUri",0,*,"","ele-1:All FHIR elements must have a @value or children {hasValue() or (children().count() > id.count())}
","Request.instantiatesUri"
"CarePlan.activity.detail.code","CarePlan.activity.detail.code","","","",0,1,"","","","CodeableConcept {[]} {[]}
","Detail type of activity","Detailed description of the type of planned activity; e.g. what lab test, what procedure, what kind of encounter.","Tends to be less relevant for activities involving particular products.  Codes should not convey negation - use ""prohibited"" instead.","Allows matching performed to planned as well as validation against protocols.","","","","","","","",,"example","Detailed description of the type of activity; e.g. What lab test, what procedure, what kind of encounter.","http://hl7.org/fhir/ValueSet/procedure-code|4.0.1","",,,,"CarePlan.activity.detail.code",0,1,"","ele-1:All FHIR elements must have a @value or children {hasValue() or (children().count() > id.count())}
","Request.code","OBR-4 / RXE-2 / RXO-1 / RXD-2"
"CarePlan.activity.detail.reasonCode","CarePlan.activity.detail.reasonCode","","","",0,*,"","","","CodeableConcept {[]} {[]}
","Why activity should be done or why activity was prohibited","Provides the rationale that drove the inclusion of this particular activity as part of the plan or the reason why the activity was prohibited.","This could be a diagnosis code.  If a full condition record exists or additional detail is needed, use reasonCondition instead.","","","","","","","","",,"example","Identifies why a care plan activity is needed.  Can include any health condition codes as well as such concepts as ""general wellness"", prophylaxis, surgical preparation, etc.","http://hl7.org/fhir/ValueSet/clinical-findings|4.0.1","",,,,"CarePlan.activity.detail.reasonCode",0,*,"","ele-1:All FHIR elements must have a @value or children {hasValue() or (children().count() > id.count())}
","Request.reasonCode"
"CarePlan.activity.detail.reasonReference","CarePlan.activity.detail.reasonReference","","","",0,*,"","","","Reference {[]} {[CanonicalType[http://hl7.org/fhir/StructureDefinition/Condition|4.0.1], CanonicalType[http://hl7.org/fhir/StructureDefinition/Observation|4.0.1], CanonicalType[http://hl7.org/fhir/StructureDefinition/DiagnosticReport|4.0.1], CanonicalType[http://hl7.org/fhir/StructureDefinition/DocumentReference|4.0.1]]}
","Why activity is needed","Indicates another resource, such as the health condition(s), whose existence justifies this request and drove the inclusion of this particular activity as part of the plan.","Conditions can be identified at the activity level that are not identified as reasons for the overall plan.","","","","","","","","",,,,,"",,,,"CarePlan.activity.detail.reasonReference",0,*,"","ele-1:All FHIR elements must have a @value or children {hasValue() or (children().count() > id.count())}
","Request.reasonReference"
"CarePlan.activity.detail.goal","CarePlan.activity.detail.goal","","","",0,*,"","","","Reference {[]} {[CanonicalType[http://hl7.org/fhir/StructureDefinition/Goal|4.0.1]]}
","Goals this activity relates to","Internal reference that identifies the goals that this activity is intended to contribute towards meeting.","","So that participants know the link explicitly.","","","","","","","",,,,,"",,,,"CarePlan.activity.detail.goal",0,*,"","ele-1:All FHIR elements must have a @value or children {hasValue() or (children().count() > id.count())}
"
"CarePlan.activity.detail.status","CarePlan.activity.detail.status","","","",1,1,"","Y","","code {[]} {[]}
","not-started | scheduled | in-progress | on-hold | completed | cancelled | stopped | unknown | entered-in-error","Identifies what progress is being made for the specific activity.","Some aspects of status can be inferred based on the resources linked in actionTaken.  Note that ""status"" is only as current as the plan was most recently updated.  
The unknown code is not to be used to convey other statuses.  The unknown code should be used when one of the statuses applies, but the authoring system doesn't know the current state of the activity.","Indicates progress against the plan, whether the activity is still relevant for the plan.","","","","","","","",,"required","Codes that reflect the current state of a care plan activity within its overall life cycle.","http://hl7.org/fhir/ValueSet/care-plan-activity-status|4.0.1","",,,,"CarePlan.activity.detail.status",1,1,"","ele-1:All FHIR elements must have a @value or children {hasValue() or (children().count() > id.count())}
","Request.status","ORC-5?"
"CarePlan.activity.detail.statusReason","CarePlan.activity.detail.statusReason","","","",0,1,"","","","CodeableConcept {[]} {[]}
","Reason for current status","Provides reason why the activity isn't yet started, is on hold, was cancelled, etc.","Will generally not be present if status is ""complete"".  Be sure to prompt to update this (or at least remove the existing value) if the status is changed.","","","","","","","","",,,,,"",,,,"CarePlan.activity.detail.statusReason",0,1,"","ele-1:All FHIR elements must have a @value or children {hasValue() or (children().count() > id.count())}
","Request.statusReason"
"CarePlan.activity.detail.doNotPerform","CarePlan.activity.detail.doNotPerform","","","",0,1,"","Y","","boolean {[]} {[]}
","If true, activity is prohibiting action","If true, indicates that the described activity is one that must NOT be engaged in when following the plan.  If false, or missing, indicates that the described activity is one that should be engaged in when following the plan.","This element is labeled as a modifier because it marks an activity as an activity that is not to be performed.","Captures intention to not do something that may have been previously typical.","","If missing indicates that the described activity is one that should be engaged in when following the plan.","","","","","",,,,,"",,,,"CarePlan.activity.detail.doNotPerform",0,1,"","ele-1:All FHIR elements must have a @value or children {hasValue() or (children().count() > id.count())}
","Request.doNotPerform"
"CarePlan.activity.detail.scheduled[x]","CarePlan.activity.detail.scheduled[x]","","","",0,1,"","","","Timing {[]} {[]}
Period {[]} {[]}string {[]} {[]}","When activity is to occur","The period, timing or frequency upon which the described activity is to occur.","","Allows prompting for activities and detection of missed planned activities.","","","","","","","",,,,,"",,,,"CarePlan.activity.detail.scheduled[x]",0,1,"","ele-1:All FHIR elements must have a @value or children {hasValue() or (children().count() > id.count())}
","Request.occurrence[x]","TQ1"
"CarePlan.activity.detail.location","CarePlan.activity.detail.location","","","",0,1,"","","","Reference {[]} {[CanonicalType[http://hl7.org/fhir/StructureDefinition/Location|4.0.1]]}
","Where it should happen","Identifies the facility where the activity will occur; e.g. home, hospital, specific clinic, etc.","May reference a specific clinical location or may identify a type of location.","Helps in planning of activity.","","","","","","","",,,,,"",,,,"CarePlan.activity.detail.location",0,1,"","ele-1:All FHIR elements must have a @value or children {hasValue() or (children().count() > id.count())}
","OBR-24(???!!)"
"CarePlan.activity.detail.performer","CarePlan.activity.detail.performer","","","",0,*,"","","","Reference {[]} {[CanonicalType[http://hl7.org/fhir/StructureDefinition/Practitioner|4.0.1], CanonicalType[http://hl7.org/fhir/StructureDefinition/PractitionerRole|4.0.1], CanonicalType[http://hl7.org/fhir/StructureDefinition/Organization|4.0.1], CanonicalType[http://hl7.org/fhir/StructureDefinition/RelatedPerson|4.0.1], CanonicalType[http://hl7.org/fhir/StructureDefinition/Patient|4.0.1], CanonicalType[http://hl7.org/fhir/StructureDefinition/CareTeam|4.0.1], CanonicalType[http://hl7.org/fhir/StructureDefinition/HealthcareService|4.0.1], CanonicalType[http://hl7.org/fhir/StructureDefinition/Device|4.0.1]]}
","Who will be responsible?","Identifies who's expected to be involved in the activity.","A performer MAY also be a participant in the care plan.","Helps in planning of activity.","","","","","","","",,,,,"",,,,"CarePlan.activity.detail.performer",0,*,"","ele-1:All FHIR elements must have a @value or children {hasValue() or (children().count() > id.count())}
","Request.performer","PRT-5 : ( PRV-4 = (provider participations)); PRT-5 : ( PRV-4 = (non-provider person participations )) ; PRT-5 : ( PRV-4 = (patient non-subject of care) ) ; PRT-8"
"CarePlan.activity.detail.product[x]","CarePlan.activity.detail.product[x]","","","",0,1,"","","","CodeableConcept {[]} {[]}
Reference {[]} {[CanonicalType[http://hl7.org/fhir/StructureDefinition/Medication|4.0.1], CanonicalType[http://hl7.org/fhir/StructureDefinition/Substance|4.0.1]]}","What is to be administered/supplied","Identifies the food, drug or other product to be consumed or supplied in the activity.","","","","","","","","","",,"example","A product supplied or administered as part of a care plan activity.","http://hl7.org/fhir/ValueSet/medication-codes|4.0.1","",,,,"CarePlan.activity.detail.product[x]",0,1,"","ele-1:All FHIR elements must have a @value or children {hasValue() or (children().count() > id.count())}
","RXE-2 / RXO-1 / RXD-2"
"CarePlan.activity.detail.dailyAmount","CarePlan.activity.detail.dailyAmount","","daily dose
","",0,1,"","","","Quantity {[CanonicalType[http://hl7.org/fhir/StructureDefinition/SimpleQuantity|4.0.1]]} {[]}
","How to consume/day?","Identifies the quantity expected to be consumed in a given day.","","Allows rough dose checking.","","","","","","","",,,,,"",,,,"CarePlan.activity.detail.dailyAmount",0,1,"","ele-1:All FHIR elements must have a @value or children {hasValue() or (children().count() > id.count())}
","RXO-23 / RXE-19 / RXD-12"
"CarePlan.activity.detail.quantity","CarePlan.activity.detail.quantity","","","",0,1,"","","","Quantity {[CanonicalType[http://hl7.org/fhir/StructureDefinition/SimpleQuantity|4.0.1]]} {[]}
","How much to administer/supply/consume","Identifies the quantity expected to be supplied, administered or consumed by the subject.","","","","","","","","","",,,,,"",,,,"CarePlan.activity.detail.quantity",0,1,"","ele-1:All FHIR elements must have a @value or children {hasValue() or (children().count() > id.count())}
","RXO-11 / RXE-10 / RXD-4 / RXG-5 / RXA-6 /  TQ1-2.1  *and*  RXO-12 /  RXE-11 / RXD-5 / RXG-7 / RXA-7 / TQ1-2.2"
"CarePlan.activity.detail.description","CarePlan.activity.detail.description","","","",0,1,"","","","string {[]} {[]}
","Extra info describing activity to perform","This provides a textual description of constraints on the intended activity occurrence, including relation to other activities.  It may also include objectives, pre-conditions and end-conditions.  Finally, it may convey specifics about the activity such as body site, method, route, etc.","","","","","","","","","",,,,,"",,,,"CarePlan.activity.detail.description",0,1,"","ele-1:All FHIR elements must have a @value or children {hasValue() or (children().count() > id.count())}
","NTE?"
"CarePlan.activity:obds","CarePlan.activity","obds","","",0,*,"","","","BackboneElement {[]} {[]}
","Standard oBDS therapy recommendation with category only","Standard tumor board recommendation using oBDS 19.1 therapy type categorization","","Allows systems to prompt for performance of planned activities, and validate plans against best practice.","","","","","","","",,,,,"",,,,"CarePlan.activity",0,*,"","cpl-3:Provide a reference or detail, not both {detail.empty() or reference.empty()}
ele-1:All FHIR elements must have a @value or children {hasValue() or (children().count() > id.count())}","{no mapping
NOTE: This is a list of contained Request-Event tuples!}"
"CarePlan.activity:obds.id","CarePlan.activity.id","","","",0,1,"","","","string {[]} {[]}
","Unique id for inter-element referencing","Unique id for the element within a resource (for internal references). This may be any string value that does not contain spaces.","","","","","","","","","",,,,,"",,,,"Element.id",0,1,"",""
"CarePlan.activity:obds.extension","CarePlan.activity.extension","","extensions
user content","",0,*,"","","","Extension {[]} {[]}
","Additional content defined by implementations","May be used to represent additional information that is not part of the basic definition of the element. To make the use of extensions safe and manageable, there is a strict set of governance  applied to the definition and use of extensions. Though any implementer can define an extension, there is a set of requirements that SHALL be met as part of the definition of the extension.","There can be no stigma associated with the use of extensions by any application, project, or standard - regardless of the institution or jurisdiction that uses or defines the extensions.  The use of extensions is what allows the FHIR specification to retain a core level of simplicity for everyone.","","","","","","","","",,,,,"",,,,"Element.extension",0,*,"","ele-1:All FHIR elements must have a @value or children {hasValue() or (children().count() > id.count())}
ext-1:Must have either extensions or value[x], not both {extension.exists() != value.exists()}"
"CarePlan.activity:obds.modifierExtension","CarePlan.activity.modifierExtension","","extensions
user contentmodifiers","",0,*,"","Y","Y","Extension {[]} {[]}
","Extensions that cannot be ignored even if unrecognized","May be used to represent additional information that is not part of the basic definition of the element and that modifies the understanding of the element in which it is contained and/or the understanding of the containing element's descendants. Usually modifier elements provide negation or qualification. To make the use of extensions safe and manageable, there is a strict set of governance applied to the definition and use of extensions. Though any implementer can define an extension, there is a set of requirements that SHALL be met as part of the definition of the extension. Applications processing a resource are required to check for modifier extensions.

Modifier extensions SHALL NOT change the meaning of any elements on Resource or DomainResource (including cannot change the meaning of modifierExtension itself).","There can be no stigma associated with the use of extensions by any application, project, or standard - regardless of the institution or jurisdiction that uses or defines the extensions.  The use of extensions is what allows the FHIR specification to retain a core level of simplicity for everyone.","Modifier extensions allow for extensions that *cannot* be safely ignored to be clearly distinguished from the vast majority of extensions which can be safely ignored.  This promotes interoperability by eliminating the need for implementers to prohibit the presence of extensions. For further information, see the [definition of modifier extensions](http://hl7.org/fhir/R4/extensibility.html#modifierExtension).","","","","","","","",,,,,"",,,,"BackboneElement.modifierExtension",0,*,"","ele-1:All FHIR elements must have a @value or children {hasValue() or (children().count() > id.count())}
ext-1:Must have either extensions or value[x], not both {extension.exists() != value.exists()}"
"CarePlan.activity:obds.outcomeCodeableConcept","CarePlan.activity.outcomeCodeableConcept","","","",0,*,"","","","CodeableConcept {[]} {[]}
","Results of the activity","Identifies the outcome at the point when the status of the activity is assessed.  For example, the outcome of an education activity could be patient understands (or not).","Note that this should not duplicate the activity status (e.g. completed or in progress).","","","","","","","","",,"example","Identifies the results of the activity.","http://hl7.org/fhir/ValueSet/care-plan-activity-outcome|4.0.1","",,,,"CarePlan.activity.outcomeCodeableConcept",0,*,"","ele-1:All FHIR elements must have a @value or children {hasValue() or (children().count() > id.count())}
"
"CarePlan.activity:obds.outcomeReference","CarePlan.activity.outcomeReference","","","",0,*,"","","","Reference {[]} {[CanonicalType[http://hl7.org/fhir/StructureDefinition/Resource|4.0.1]]}
","Appointment, Encounter, Procedure, etc.","Details of the outcome or action resulting from the activity.  The reference to an ""event"" resource, such as Procedure or Encounter or Observation, is the result/outcome of the activity itself.  The activity can be conveyed using CarePlan.activity.detail OR using the CarePlan.activity.reference (a reference to a “request” resource).","The activity outcome is independent of the outcome of the related goal(s).  For example, if the goal is to achieve a target body weight of 150 lbs and an activity is defined to diet, then the activity outcome could be calories consumed whereas the goal outcome is an observation for the actual body weight measured.","Links plan to resulting actions.","","","","","","","",,,,,"",,,,"CarePlan.activity.outcomeReference",0,*,"","ele-1:All FHIR elements must have a @value or children {hasValue() or (children().count() > id.count())}
","{Event that is outcome of Request in activity.reference}"
"CarePlan.activity:obds.progress","CarePlan.activity.progress","","","",0,*,"","","","Annotation {[]} {[]}
","Comments about the activity status/progress","Notes about the adherence/status/progress of the activity.","This element should NOT be used to describe the activity to be performed - that occurs either within the resource pointed to by activity.detail.reference or in activity.detail.description.","Can be used to capture information about adherence, progress, concerns, etc.","","","","","","","",,,,,"",,,,"CarePlan.activity.progress",0,*,"","ele-1:All FHIR elements must have a @value or children {hasValue() or (children().count() > id.count())}
","NTE?"
"CarePlan.activity:obds.reference","CarePlan.activity.reference","","","",0,0,"","","","Reference {[]} {[CanonicalType[http://hl7.org/fhir/StructureDefinition/Appointment|4.0.1], CanonicalType[http://hl7.org/fhir/StructureDefinition/CommunicationRequest|4.0.1], CanonicalType[http://hl7.org/fhir/StructureDefinition/DeviceRequest|4.0.1], CanonicalType[http://hl7.org/fhir/StructureDefinition/MedicationRequest|4.0.1], CanonicalType[http://hl7.org/fhir/StructureDefinition/NutritionOrder|4.0.1], CanonicalType[http://hl7.org/fhir/StructureDefinition/Task|4.0.1], CanonicalType[http://hl7.org/fhir/StructureDefinition/ServiceRequest|4.0.1], CanonicalType[http://hl7.org/fhir/StructureDefinition/VisionPrescription|4.0.1], CanonicalType[http://hl7.org/fhir/StructureDefinition/RequestGroup|4.0.1]]}
","Activity details defined in specific resource","The details of the proposed activity represented in a specific resource.","Standard extension exists ([resource-pertainsToGoal](http://hl7.org/fhir/R4/extension-resource-pertainstogoal.html)) that allows goals to be referenced from any of the referenced resources in CarePlan.activity.reference.  The goal should be visible when the resource referenced by CarePlan.activity.reference is viewed independently from the CarePlan.  Requests that are pointed to by a CarePlan using this element should *not* point to this CarePlan using the ""basedOn"" element.  i.e. Requests that are part of a CarePlan are not ""based on"" the CarePlan.","Details in a form consistent with other applications and contexts of use.","","","","","","","",,,,,"",,,,"CarePlan.activity.reference",0,1,"cpl-3
","ele-1:All FHIR elements must have a @value or children {hasValue() or (children().count() > id.count())}
","{Request that resulted in Event in activity.actionResulting}"
"CarePlan.activity:obds.detail","CarePlan.activity.detail","","","",1,1,"Y","","","BackboneElement {[]} {[]}
","In-line definition of activity","A simple summary of a planned activity suitable for a general care plan system (e.g. form driven) that doesn't know about specific resources such as procedure etc.","","Details in a simple form for generic care plan systems.","","","","","","","",,,,,"",,,,"CarePlan.activity.detail",0,1,"cpl-3
","ele-1:All FHIR elements must have a @value or children {hasValue() or (children().count() > id.count())}
tumorkonferenz-empfehlung-entscheidung-patient:Therapieabweichung aufgrund Patientenwunsch: Bei nichtangetretener oder abgebrochener Therapie ist anzugeben, ob dies dem Patientenwunsch entspricht oder ggfs. andere Gründe hat  {status = 'cancelled' or status = 'stopped' implies statusReason.exists()}"
"CarePlan.activity:obds.detail.id","CarePlan.activity.detail.id","","","",0,1,"","","","string {[]} {[]}
","Unique id for inter-element referencing","Unique id for the element within a resource (for internal references). This may be any string value that does not contain spaces.","","","","","","","","","",,,,,"",,,,"Element.id",0,1,"",""
"CarePlan.activity:obds.detail.extension","CarePlan.activity.detail.extension","","extensions
user content","",0,*,"","","","Extension {[]} {[]}
","Additional content defined by implementations","May be used to represent additional information that is not part of the basic definition of the element. To make the use of extensions safe and manageable, there is a strict set of governance  applied to the definition and use of extensions. Though any implementer can define an extension, there is a set of requirements that SHALL be met as part of the definition of the extension.","There can be no stigma associated with the use of extensions by any application, project, or standard - regardless of the institution or jurisdiction that uses or defines the extensions.  The use of extensions is what allows the FHIR specification to retain a core level of simplicity for everyone.","","","","","","","","",,,,,"",,,,"Element.extension",0,*,"","ele-1:All FHIR elements must have a @value or children {hasValue() or (children().count() > id.count())}
ext-1:Must have either extensions or value[x], not both {extension.exists() != value.exists()}"
"CarePlan.activity:obds.detail.modifierExtension","CarePlan.activity.detail.modifierExtension","","extensions
user contentmodifiers","",0,*,"","Y","Y","Extension {[]} {[]}
","Extensions that cannot be ignored even if unrecognized","May be used to represent additional information that is not part of the basic definition of the element and that modifies the understanding of the element in which it is contained and/or the understanding of the containing element's descendants. Usually modifier elements provide negation or qualification. To make the use of extensions safe and manageable, there is a strict set of governance applied to the definition and use of extensions. Though any implementer can define an extension, there is a set of requirements that SHALL be met as part of the definition of the extension. Applications processing a resource are required to check for modifier extensions.

Modifier extensions SHALL NOT change the meaning of any elements on Resource or DomainResource (including cannot change the meaning of modifierExtension itself).","There can be no stigma associated with the use of extensions by any application, project, or standard - regardless of the institution or jurisdiction that uses or defines the extensions.  The use of extensions is what allows the FHIR specification to retain a core level of simplicity for everyone.","Modifier extensions allow for extensions that *cannot* be safely ignored to be clearly distinguished from the vast majority of extensions which can be safely ignored.  This promotes interoperability by eliminating the need for implementers to prohibit the presence of extensions. For further information, see the [definition of modifier extensions](http://hl7.org/fhir/R4/extensibility.html#modifierExtension).","","","","","","","",,,,,"",,,,"BackboneElement.modifierExtension",0,*,"","ele-1:All FHIR elements must have a @value or children {hasValue() or (children().count() > id.count())}
ext-1:Must have either extensions or value[x], not both {extension.exists() != value.exists()}"
"CarePlan.activity:obds.detail.kind","CarePlan.activity.detail.kind","","","",0,1,"","","","code {[]} {[]}
","Appointment | CommunicationRequest | DeviceRequest | MedicationRequest | NutritionOrder | Task | ServiceRequest | VisionPrescription","A description of the kind of resource the in-line definition of a care plan activity is representing.  The CarePlan.activity.detail is an in-line definition when a resource is not referenced using CarePlan.activity.reference.  For example, a MedicationRequest, a ServiceRequest, or a CommunicationRequest.","","May determine what types of extensions are permitted.","","","","","","","",,"required","Resource types defined as part of FHIR that can be represented as in-line definitions of a care plan activity.","http://hl7.org/fhir/ValueSet/care-plan-activity-kind|4.0.1","",,,,"CarePlan.activity.detail.kind",0,1,"","ele-1:All FHIR elements must have a @value or children {hasValue() or (children().count() > id.count())}
"
"CarePlan.activity:obds.detail.instantiatesCanonical","CarePlan.activity.detail.instantiatesCanonical","","","",0,*,"","","","canonical {[]} {[CanonicalType[http://hl7.org/fhir/StructureDefinition/PlanDefinition|4.0.1], CanonicalType[http://hl7.org/fhir/StructureDefinition/ActivityDefinition|4.0.1], CanonicalType[http://hl7.org/fhir/StructureDefinition/Questionnaire|4.0.1], CanonicalType[http://hl7.org/fhir/StructureDefinition/Measure|4.0.1], CanonicalType[http://hl7.org/fhir/StructureDefinition/OperationDefinition|4.0.1]]}
","Instantiates FHIR protocol or definition","The URL pointing to a FHIR-defined protocol, guideline, questionnaire or other definition that is adhered to in whole or in part by this CarePlan activity.","","Allows Questionnaires that the patient (or practitioner) should fill in to fulfill the care plan activity.","","","","","","","",,,,,"",,,,"CarePlan.activity.detail.instantiatesCanonical",0,*,"","ele-1:All FHIR elements must have a @value or children {hasValue() or (children().count() > id.count())}
","Request.instantiatesCanonical"
"CarePlan.activity:obds.detail.instantiatesUri","CarePlan.activity.detail.instantiatesUri","","","",0,*,"","","","uri {[]} {[]}
","Instantiates external protocol or definition","The URL pointing to an externally maintained protocol, guideline, questionnaire or other definition that is adhered to in whole or in part by this CarePlan activity.","This might be an HTML page, PDF, etc. or could just be a non-resolvable URI identifier.","Allows Questionnaires that the patient (or practitioner) should fill in to fulfill the care plan activity.","","","","","","","",,,,,"",,,,"CarePlan.activity.detail.instantiatesUri",0,*,"","ele-1:All FHIR elements must have a @value or children {hasValue() or (children().count() > id.count())}
","Request.instantiatesUri"
"CarePlan.activity:obds.detail.code","CarePlan.activity.detail.code","","","",1,1,"Y","","","CodeableConcept {[]} {[]}
","Detail type of activity","Detailed description of the type of planned activity; e.g. what lab test, what procedure, what kind of encounter.","Tends to be less relevant for activities involving particular products.  Codes should not convey negation - use ""prohibited"" instead.","Allows matching performed to planned as well as validation against protocols.","","","","","","","",,"required","","https://www.medizininformatik-initiative.de/fhir/ext/modul-onko/ValueSet/mii-vs-onko-therapieempfehlung-typ","",,,,"CarePlan.activity.detail.code",0,1,"","ele-1:All FHIR elements must have a @value or children {hasValue() or (children().count() > id.count())}
","Request.code","OBR-4 / RXE-2 / RXO-1 / RXD-2"
"CarePlan.activity:obds.detail.code.id","CarePlan.activity.detail.code.id","","","",0,1,"","","","string {[]} {[]}
","Unique id for inter-element referencing","Unique id for the element within a resource (for internal references). This may be any string value that does not contain spaces.","","","","","","","","","",,,,,"",,,,"Element.id",0,1,"",""
"CarePlan.activity:obds.detail.code.extension","CarePlan.activity.detail.code.extension","","extensions
user content","",0,*,"","","","Extension {[]} {[]}
","Additional content defined by implementations","May be used to represent additional information that is not part of the basic definition of the element. To make the use of extensions safe and manageable, there is a strict set of governance  applied to the definition and use of extensions. Though any implementer can define an extension, there is a set of requirements that SHALL be met as part of the definition of the extension.","There can be no stigma associated with the use of extensions by any application, project, or standard - regardless of the institution or jurisdiction that uses or defines the extensions.  The use of extensions is what allows the FHIR specification to retain a core level of simplicity for everyone.","","","","","","","","",,,,,"","value:url}
","Extensions are always sliced by (at least) url",,"open","Element.extension",0,*,"","ele-1:All FHIR elements must have a @value or children {hasValue() or (children().count() > id.count())}
ext-1:Must have either extensions or value[x], not both {extension.exists() != value.exists()}"
"CarePlan.activity:obds.detail.code.coding","CarePlan.activity.detail.code.coding","","","",0,*,"","","Y","Coding {[]} {[]}
","Typ der Therapieempfehlung","Typ der Therapieempfehlung der Tumorkonferenz gemäß 19.1 oBDS 2021.","Codes may be defined very casually in enumerations, or code lists, up to very formal definitions such as SNOMED CT - see the HL7 v3 Core Principles for more information.  Ordering of codings is undefined and SHALL NOT be used to infer meaning. Generally, at most only one of the coding values will be labeled as UserSelected = true.","Allows for alternative encodings within a code system, and translations to other code systems.","","","","","","","",,,,,"",,,,"CodeableConcept.coding",0,*,"","ele-1:All FHIR elements must have a @value or children {hasValue() or (children().count() > id.count())}
","C*E.1-8, C*E.10-22"
"CarePlan.activity:obds.detail.code.coding.id","CarePlan.activity.detail.code.coding.id","","","",0,1,"","","","string {[]} {[]}
","Unique id for inter-element referencing","Unique id for the element within a resource (for internal references). This may be any string value that does not contain spaces.","","","","","","","","","",,,,,"",,,,"Element.id",0,1,"",""
"CarePlan.activity:obds.detail.code.coding.extension","CarePlan.activity.detail.code.coding.extension","","extensions
user content","",0,*,"","","","Extension {[]} {[]}
","Additional content defined by implementations","May be used to represent additional information that is not part of the basic definition of the element. To make the use of extensions safe and manageable, there is a strict set of governance  applied to the definition and use of extensions. Though any implementer can define an extension, there is a set of requirements that SHALL be met as part of the definition of the extension.","There can be no stigma associated with the use of extensions by any application, project, or standard - regardless of the institution or jurisdiction that uses or defines the extensions.  The use of extensions is what allows the FHIR specification to retain a core level of simplicity for everyone.","","","","","","","","",,,,,"","value:url}
","Extensions are always sliced by (at least) url",,"open","Element.extension",0,*,"","ele-1:All FHIR elements must have a @value or children {hasValue() or (children().count() > id.count())}
ext-1:Must have either extensions or value[x], not both {extension.exists() != value.exists()}"
"CarePlan.activity:obds.detail.code.coding.system","CarePlan.activity.detail.code.coding.system","","","",1,1,"Y","","Y","uri {[]} {[]}
","Identity of the terminology system","The identification of the code system that defines the meaning of the symbol in the code.","The URI may be an OID (urn:oid:...) or a UUID (urn:uuid:...).  OIDs and UUIDs SHALL be references to the HL7 OID registry. Otherwise, the URI should come from HL7's list of FHIR defined special URIs or it should reference to some definition that establishes the system clearly and unambiguously.","Need to be unambiguous about the source of the definition of the symbol.","","","","<valueUri xmlns=""http://hl7.org/fhir"" value=""https://www.medizininformatik-initiative.de/fhir/ext/modul-onko/CodeSystem/mii-cs-onko-therapie-typ""/>","","","",,,,,"",,,,"Coding.system",0,1,"","ele-1:All FHIR elements must have a @value or children {hasValue() or (children().count() > id.count())}
","C*E.3"
"CarePlan.activity:obds.detail.code.coding.version","CarePlan.activity.detail.code.coding.version","","","",0,1,"","","Y","string {[]} {[]}
","Version of the system - if relevant","The version of the code system which was used when choosing this code. Note that a well-maintained code system does not need the version reported, because the meaning of codes is consistent across versions. However this cannot consistently be assured, and when the meaning is not guaranteed to be consistent, the version SHOULD be exchanged.","Where the terminology does not clearly define what string should be used to identify code system versions, the recommendation is to use the date (expressed in FHIR date format) on which that version was officially published as the version date.","","","","","","","","",,,,,"",,,,"Coding.version",0,1,"","ele-1:All FHIR elements must have a @value or children {hasValue() or (children().count() > id.count())}
","C*E.7"
"CarePlan.activity:obds.detail.code.coding.code","CarePlan.activity.detail.code.coding.code","","","",1,1,"Y","","Y","code {[]} {[]}
","Symbol in syntax defined by the system","A symbol in syntax defined by the system. The symbol may be a predefined code or an expression in a syntax defined by the coding system (e.g. post-coordination).","","Need to refer to a particular code in the system.","","","","","","","",,,,,"",,,,"Coding.code",0,1,"","ele-1:All FHIR elements must have a @value or children {hasValue() or (children().count() > id.count())}
","19.1","C*E.1"
"CarePlan.activity:obds.detail.code.coding.display","CarePlan.activity.detail.code.coding.display","","","",0,1,"","","Y","string {[]} {[]}
","Representation defined by the system","A representation of the meaning of the code in the system, following the rules of the system.","","Need to be able to carry a human-readable meaning of the code for readers that do not know  the system.","","","","","","","",,,,,"",,,,"Coding.display",0,1,"","ele-1:All FHIR elements must have a @value or children {hasValue() or (children().count() > id.count())}
","C*E.2 - but note this is not well followed"
"CarePlan.activity:obds.detail.code.coding.userSelected","CarePlan.activity.detail.code.coding.userSelected","","","",0,1,"","","Y","boolean {[]} {[]}
","If this coding was chosen directly by the user","Indicates that this coding was chosen by a user directly - e.g. off a pick list of available items (codes or displays).","Amongst a set of alternatives, a directly chosen code is the most appropriate starting point for new translations. There is some ambiguity about what exactly 'directly chosen' implies, and trading partner agreement may be needed to clarify the use of this element and its consequences more completely.","This has been identified as a clinical safety criterium - that this exact system/code pair was chosen explicitly, rather than inferred by the system based on some rules or language processing.","","","","","","","",,,,,"",,,,"Coding.userSelected",0,1,"","ele-1:All FHIR elements must have a @value or children {hasValue() or (children().count() > id.count())}
","Sometimes implied by being first"
"CarePlan.activity:obds.detail.code.text","CarePlan.activity.detail.code.text","","","",0,1,"","","Y","string {[]} {[]}
","Plain text representation of the concept","A human language representation of the concept as seen/selected/uttered by the user who entered the data and/or which represents the intended meaning of the user.","Very often the text is the same as a displayName of one of the codings.","The codes from the terminologies do not always capture the correct meaning with all the nuances of the human using them, or sometimes there is no appropriate code at all. In these cases, the text is used to capture the full meaning of the source.","","","","","","","",,,,,"",,,,"CodeableConcept.text",0,1,"","ele-1:All FHIR elements must have a @value or children {hasValue() or (children().count() > id.count())}
","C*E.9. But note many systems use C*E.2 for this"
"CarePlan.activity:obds.detail.reasonCode","CarePlan.activity.detail.reasonCode","","","",0,*,"","","","CodeableConcept {[]} {[]}
","Why activity should be done or why activity was prohibited","Provides the rationale that drove the inclusion of this particular activity as part of the plan or the reason why the activity was prohibited.","This could be a diagnosis code.  If a full condition record exists or additional detail is needed, use reasonCondition instead.","","","","","","","","",,"example","Identifies why a care plan activity is needed.  Can include any health condition codes as well as such concepts as ""general wellness"", prophylaxis, surgical preparation, etc.","http://hl7.org/fhir/ValueSet/clinical-findings|4.0.1","",,,,"CarePlan.activity.detail.reasonCode",0,*,"","ele-1:All FHIR elements must have a @value or children {hasValue() or (children().count() > id.count())}
","Request.reasonCode"
"CarePlan.activity:obds.detail.reasonReference","CarePlan.activity.detail.reasonReference","","","",0,*,"","","","Reference {[]} {[CanonicalType[http://hl7.org/fhir/StructureDefinition/Condition|4.0.1], CanonicalType[http://hl7.org/fhir/StructureDefinition/Observation|4.0.1], CanonicalType[http://hl7.org/fhir/StructureDefinition/DiagnosticReport|4.0.1], CanonicalType[http://hl7.org/fhir/StructureDefinition/DocumentReference|4.0.1]]}
","Why activity is needed","Indicates another resource, such as the health condition(s), whose existence justifies this request and drove the inclusion of this particular activity as part of the plan.","Conditions can be identified at the activity level that are not identified as reasons for the overall plan.","","","","","","","","",,,,,"",,,,"CarePlan.activity.detail.reasonReference",0,*,"","ele-1:All FHIR elements must have a @value or children {hasValue() or (children().count() > id.count())}
","Request.reasonReference"
"CarePlan.activity:obds.detail.goal","CarePlan.activity.detail.goal","","","",0,*,"","","","Reference {[]} {[CanonicalType[http://hl7.org/fhir/StructureDefinition/Goal|4.0.1]]}
","Goals this activity relates to","Internal reference that identifies the goals that this activity is intended to contribute towards meeting.","","So that participants know the link explicitly.","","","","","","","",,,,,"",,,,"CarePlan.activity.detail.goal",0,*,"","ele-1:All FHIR elements must have a @value or children {hasValue() or (children().count() > id.count())}
"
"CarePlan.activity:obds.detail.status","CarePlan.activity.detail.status","","","",1,1,"Y","Y","","code {[]} {[]}
","Status der Therapieempfehlung","Status der Therapieempfehlung nach HL7 FHIR CarePlanActivityStatus | not-started | scheduled | in-progress | on-hold | completed | cancelled | stopped | unknown | entered-in-error |","Some aspects of status can be inferred based on the resources linked in actionTaken.  Note that ""status"" is only as current as the plan was most recently updated.  
The unknown code is not to be used to convey other statuses.  The unknown code should be used when one of the statuses applies, but the authoring system doesn't know the current state of the activity.","Indicates progress against the plan, whether the activity is still relevant for the plan.","","","","","","","",,"required","Codes that reflect the current state of a care plan activity within its overall life cycle.","http://hl7.org/fhir/ValueSet/care-plan-activity-status|4.0.1","",,,,"CarePlan.activity.detail.status",1,1,"","ele-1:All FHIR elements must have a @value or children {hasValue() or (children().count() > id.count())}
","19.2","Request.status","ORC-5?"
"CarePlan.activity:obds.detail.statusReason","CarePlan.activity.detail.statusReason","","","",0,1,"Y","","","CodeableConcept {[]} {[]}
","Therapieabweichung aufgrund Patientenwunsch der Therapieempfehlung","wenn Therapieabweichung - z.B. status = cancelled - Aussage ob dies durch Patientenwunsch erfolgt ist gemäß 19.2 oBDS 2021.","Will generally not be present if status is ""complete"".  Be sure to prompt to update this (or at least remove the existing value) if the status is changed.","","","","","","","","",,"required","","https://www.medizininformatik-initiative.de/fhir/ext/modul-onko/ValueSet/mii-vs-onko-therapieabweichung","",,,,"CarePlan.activity.detail.statusReason",0,1,"","ele-1:All FHIR elements must have a @value or children {hasValue() or (children().count() > id.count())}
","Request.statusReason"
"CarePlan.activity:obds.detail.statusReason.id","CarePlan.activity.detail.statusReason.id","","","",0,1,"","","","string {[]} {[]}
","Unique id for inter-element referencing","Unique id for the element within a resource (for internal references). This may be any string value that does not contain spaces.","","","","","","","","","",,,,,"",,,,"Element.id",0,1,"",""
"CarePlan.activity:obds.detail.statusReason.extension","CarePlan.activity.detail.statusReason.extension","","extensions
user content","",0,*,"","","","Extension {[]} {[]}
","Additional content defined by implementations","May be used to represent additional information that is not part of the basic definition of the element. To make the use of extensions safe and manageable, there is a strict set of governance  applied to the definition and use of extensions. Though any implementer can define an extension, there is a set of requirements that SHALL be met as part of the definition of the extension.","There can be no stigma associated with the use of extensions by any application, project, or standard - regardless of the institution or jurisdiction that uses or defines the extensions.  The use of extensions is what allows the FHIR specification to retain a core level of simplicity for everyone.","","","","","","","","",,,,,"","value:url}
","Extensions are always sliced by (at least) url",,"open","Element.extension",0,*,"","ele-1:All FHIR elements must have a @value or children {hasValue() or (children().count() > id.count())}
ext-1:Must have either extensions or value[x], not both {extension.exists() != value.exists()}"
"CarePlan.activity:obds.detail.statusReason.coding","CarePlan.activity.detail.statusReason.coding","","","",0,*,"Y","","Y","Coding {[]} {[]}
","Code defined by a terminology system","A reference to a code defined by a terminology system.","Codes may be defined very casually in enumerations, or code lists, up to very formal definitions such as SNOMED CT - see the HL7 v3 Core Principles for more information.  Ordering of codings is undefined and SHALL NOT be used to infer meaning. Generally, at most only one of the coding values will be labeled as UserSelected = true.","Allows for alternative encodings within a code system, and translations to other code systems.","","","","","","","",,,,,"",,,,"CodeableConcept.coding",0,*,"","ele-1:All FHIR elements must have a @value or children {hasValue() or (children().count() > id.count())}
","19.2","C*E.1-8, C*E.10-22"
"CarePlan.activity:obds.detail.statusReason.coding.id","CarePlan.activity.detail.statusReason.coding.id","","","",0,1,"","","","string {[]} {[]}
","Unique id for inter-element referencing","Unique id for the element within a resource (for internal references). This may be any string value that does not contain spaces.","","","","","","","","","",,,,,"",,,,"Element.id",0,1,"",""
"CarePlan.activity:obds.detail.statusReason.coding.extension","CarePlan.activity.detail.statusReason.coding.extension","","extensions
user content","",0,*,"","","","Extension {[]} {[]}
","Additional content defined by implementations","May be used to represent additional information that is not part of the basic definition of the element. To make the use of extensions safe and manageable, there is a strict set of governance  applied to the definition and use of extensions. Though any implementer can define an extension, there is a set of requirements that SHALL be met as part of the definition of the extension.","There can be no stigma associated with the use of extensions by any application, project, or standard - regardless of the institution or jurisdiction that uses or defines the extensions.  The use of extensions is what allows the FHIR specification to retain a core level of simplicity for everyone.","","","","","","","","",,,,,"","value:url}
","Extensions are always sliced by (at least) url",,"open","Element.extension",0,*,"","ele-1:All FHIR elements must have a @value or children {hasValue() or (children().count() > id.count())}
ext-1:Must have either extensions or value[x], not both {extension.exists() != value.exists()}"
"CarePlan.activity:obds.detail.statusReason.coding.system","CarePlan.activity.detail.statusReason.coding.system","","","",0,1,"","","Y","uri {[]} {[]}
","Identity of the terminology system","The identification of the code system that defines the meaning of the symbol in the code.","The URI may be an OID (urn:oid:...) or a UUID (urn:uuid:...).  OIDs and UUIDs SHALL be references to the HL7 OID registry. Otherwise, the URI should come from HL7's list of FHIR defined special URIs or it should reference to some definition that establishes the system clearly and unambiguously.","Need to be unambiguous about the source of the definition of the symbol.","","","","<valueUri xmlns=""http://hl7.org/fhir"" value=""https://www.medizininformatik-initiative.de/fhir/ext/modul-onko/CodeSystem/mii-cs-onko-therapieabweichung""/>","","","",,,,,"",,,,"Coding.system",0,1,"","ele-1:All FHIR elements must have a @value or children {hasValue() or (children().count() > id.count())}
","C*E.3"
"CarePlan.activity:obds.detail.statusReason.coding.version","CarePlan.activity.detail.statusReason.coding.version","","","",0,1,"","","Y","string {[]} {[]}
","Version of the system - if relevant","The version of the code system which was used when choosing this code. Note that a well-maintained code system does not need the version reported, because the meaning of codes is consistent across versions. However this cannot consistently be assured, and when the meaning is not guaranteed to be consistent, the version SHOULD be exchanged.","Where the terminology does not clearly define what string should be used to identify code system versions, the recommendation is to use the date (expressed in FHIR date format) on which that version was officially published as the version date.","","","","","","","","",,,,,"",,,,"Coding.version",0,1,"","ele-1:All FHIR elements must have a @value or children {hasValue() or (children().count() > id.count())}
","C*E.7"
"CarePlan.activity:obds.detail.statusReason.coding.code","CarePlan.activity.detail.statusReason.coding.code","","","",0,1,"Y","","Y","code {[]} {[]}
","Symbol in syntax defined by the system","A symbol in syntax defined by the system. The symbol may be a predefined code or an expression in a syntax defined by the coding system (e.g. post-coordination).","","Need to refer to a particular code in the system.","","","","","","","",,,,,"",,,,"Coding.code",0,1,"","ele-1:All FHIR elements must have a @value or children {hasValue() or (children().count() > id.count())}
","C*E.1"
"CarePlan.activity:obds.detail.statusReason.coding.display","CarePlan.activity.detail.statusReason.coding.display","","","",0,1,"","","Y","string {[]} {[]}
","Representation defined by the system","A representation of the meaning of the code in the system, following the rules of the system.","","Need to be able to carry a human-readable meaning of the code for readers that do not know  the system.","","","","","","","",,,,,"",,,,"Coding.display",0,1,"","ele-1:All FHIR elements must have a @value or children {hasValue() or (children().count() > id.count())}
","C*E.2 - but note this is not well followed"
"CarePlan.activity:obds.detail.statusReason.coding.userSelected","CarePlan.activity.detail.statusReason.coding.userSelected","","","",0,1,"","","Y","boolean {[]} {[]}
","If this coding was chosen directly by the user","Indicates that this coding was chosen by a user directly - e.g. off a pick list of available items (codes or displays).","Amongst a set of alternatives, a directly chosen code is the most appropriate starting point for new translations. There is some ambiguity about what exactly 'directly chosen' implies, and trading partner agreement may be needed to clarify the use of this element and its consequences more completely.","This has been identified as a clinical safety criterium - that this exact system/code pair was chosen explicitly, rather than inferred by the system based on some rules or language processing.","","","","","","","",,,,,"",,,,"Coding.userSelected",0,1,"","ele-1:All FHIR elements must have a @value or children {hasValue() or (children().count() > id.count())}
","Sometimes implied by being first"
"CarePlan.activity:obds.detail.statusReason.text","CarePlan.activity.detail.statusReason.text","","","",0,1,"","","Y","string {[]} {[]}
","Plain text representation of the concept","A human language representation of the concept as seen/selected/uttered by the user who entered the data and/or which represents the intended meaning of the user.","Very often the text is the same as a displayName of one of the codings.","The codes from the terminologies do not always capture the correct meaning with all the nuances of the human using them, or sometimes there is no appropriate code at all. In these cases, the text is used to capture the full meaning of the source.","","","","","","","",,,,,"",,,,"CodeableConcept.text",0,1,"","ele-1:All FHIR elements must have a @value or children {hasValue() or (children().count() > id.count())}
","C*E.9. But note many systems use C*E.2 for this"
"CarePlan.activity:obds.detail.doNotPerform","CarePlan.activity.detail.doNotPerform","","","",0,1,"","Y","","boolean {[]} {[]}
","If true, activity is prohibiting action","If true, indicates that the described activity is one that must NOT be engaged in when following the plan.  If false, or missing, indicates that the described activity is one that should be engaged in when following the plan.","This element is labeled as a modifier because it marks an activity as an activity that is not to be performed.","Captures intention to not do something that may have been previously typical.","","If missing indicates that the described activity is one that should be engaged in when following the plan.","","","","","",,,,,"",,,,"CarePlan.activity.detail.doNotPerform",0,1,"","ele-1:All FHIR elements must have a @value or children {hasValue() or (children().count() > id.count())}
","Request.doNotPerform"
"CarePlan.activity:obds.detail.scheduled[x]","CarePlan.activity.detail.scheduled[x]","","","",0,1,"","","","Timing {[]} {[]}
Period {[]} {[]}string {[]} {[]}","When activity is to occur","The period, timing or frequency upon which the described activity is to occur.","","Allows prompting for activities and detection of missed planned activities.","","","","","","","",,,,,"",,,,"CarePlan.activity.detail.scheduled[x]",0,1,"","ele-1:All FHIR elements must have a @value or children {hasValue() or (children().count() > id.count())}
","Request.occurrence[x]","TQ1"
"CarePlan.activity:obds.detail.location","CarePlan.activity.detail.location","","","",0,1,"","","","Reference {[]} {[CanonicalType[http://hl7.org/fhir/StructureDefinition/Location|4.0.1]]}
","Where it should happen","Identifies the facility where the activity will occur; e.g. home, hospital, specific clinic, etc.","May reference a specific clinical location or may identify a type of location.","Helps in planning of activity.","","","","","","","",,,,,"",,,,"CarePlan.activity.detail.location",0,1,"","ele-1:All FHIR elements must have a @value or children {hasValue() or (children().count() > id.count())}
","OBR-24(???!!)"
"CarePlan.activity:obds.detail.performer","CarePlan.activity.detail.performer","","","",0,*,"","","","Reference {[]} {[CanonicalType[http://hl7.org/fhir/StructureDefinition/Practitioner|4.0.1], CanonicalType[http://hl7.org/fhir/StructureDefinition/PractitionerRole|4.0.1], CanonicalType[http://hl7.org/fhir/StructureDefinition/Organization|4.0.1], CanonicalType[http://hl7.org/fhir/StructureDefinition/RelatedPerson|4.0.1], CanonicalType[http://hl7.org/fhir/StructureDefinition/Patient|4.0.1], CanonicalType[http://hl7.org/fhir/StructureDefinition/CareTeam|4.0.1], CanonicalType[http://hl7.org/fhir/StructureDefinition/HealthcareService|4.0.1], CanonicalType[http://hl7.org/fhir/StructureDefinition/Device|4.0.1]]}
","Who will be responsible?","Identifies who's expected to be involved in the activity.","A performer MAY also be a participant in the care plan.","Helps in planning of activity.","","","","","","","",,,,,"",,,,"CarePlan.activity.detail.performer",0,*,"","ele-1:All FHIR elements must have a @value or children {hasValue() or (children().count() > id.count())}
","Request.performer","PRT-5 : ( PRV-4 = (provider participations)); PRT-5 : ( PRV-4 = (non-provider person participations )) ; PRT-5 : ( PRV-4 = (patient non-subject of care) ) ; PRT-8"
"CarePlan.activity:obds.detail.product[x]","CarePlan.activity.detail.product[x]","","","",0,1,"","","","CodeableConcept {[]} {[]}
Reference {[]} {[CanonicalType[http://hl7.org/fhir/StructureDefinition/Medication|4.0.1], CanonicalType[http://hl7.org/fhir/StructureDefinition/Substance|4.0.1]]}","What is to be administered/supplied","Identifies the food, drug or other product to be consumed or supplied in the activity.","","","","","","","","","",,"example","A product supplied or administered as part of a care plan activity.","http://hl7.org/fhir/ValueSet/medication-codes|4.0.1","",,,,"CarePlan.activity.detail.product[x]",0,1,"","ele-1:All FHIR elements must have a @value or children {hasValue() or (children().count() > id.count())}
","RXE-2 / RXO-1 / RXD-2"
"CarePlan.activity:obds.detail.dailyAmount","CarePlan.activity.detail.dailyAmount","","daily dose
","",0,1,"","","","Quantity {[CanonicalType[http://hl7.org/fhir/StructureDefinition/SimpleQuantity|4.0.1]]} {[]}
","How to consume/day?","Identifies the quantity expected to be consumed in a given day.","","Allows rough dose checking.","","","","","","","",,,,,"",,,,"CarePlan.activity.detail.dailyAmount",0,1,"","ele-1:All FHIR elements must have a @value or children {hasValue() or (children().count() > id.count())}
","RXO-23 / RXE-19 / RXD-12"
"CarePlan.activity:obds.detail.quantity","CarePlan.activity.detail.quantity","","","",0,1,"","","","Quantity {[CanonicalType[http://hl7.org/fhir/StructureDefinition/SimpleQuantity|4.0.1]]} {[]}
","How much to administer/supply/consume","Identifies the quantity expected to be supplied, administered or consumed by the subject.","","","","","","","","","",,,,,"",,,,"CarePlan.activity.detail.quantity",0,1,"","ele-1:All FHIR elements must have a @value or children {hasValue() or (children().count() > id.count())}
","RXO-11 / RXE-10 / RXD-4 / RXG-5 / RXA-6 /  TQ1-2.1  *and*  RXO-12 /  RXE-11 / RXD-5 / RXG-7 / RXA-7 / TQ1-2.2"
"CarePlan.activity:obds.detail.description","CarePlan.activity.detail.description","","","",0,1,"","","","string {[]} {[]}
","Extra info describing activity to perform","This provides a textual description of constraints on the intended activity occurrence, including relation to other activities.  It may also include objectives, pre-conditions and end-conditions.  Finally, it may convey specifics about the activity such as body site, method, route, etc.","","","","","","","","","",,,,,"",,,,"CarePlan.activity.detail.description",0,1,"","ele-1:All FHIR elements must have a @value or children {hasValue() or (children().count() > id.count())}
","NTE?"
"CarePlan.activity:extended","CarePlan.activity","extended","","",0,*,"","","","BackboneElement {[]} {[]}
","Extended molecular tumor board recommendation with detailed protocols","Detailed molecular tumor board recommendation using RequestGroup for structured multi-agent protocols and specific medication choices","","Allows systems to prompt for performance of planned activities, and validate plans against best practice.","","","","","","","",,,,,"",,,,"CarePlan.activity",0,*,"","cpl-3:Provide a reference or detail, not both {detail.empty() or reference.empty()}
ele-1:All FHIR elements must have a @value or children {hasValue() or (children().count() > id.count())}","{no mapping
NOTE: This is a list of contained Request-Event tuples!}"
"CarePlan.activity:extended.id","CarePlan.activity.id","","","",0,1,"","","","string {[]} {[]}
","Unique id for inter-element referencing","Unique id for the element within a resource (for internal references). This may be any string value that does not contain spaces.","","","","","","","","","",,,,,"",,,,"Element.id",0,1,"",""
"CarePlan.activity:extended.extension","CarePlan.activity.extension","","extensions
user content","",0,*,"","","","Extension {[]} {[]}
","Additional content defined by implementations","May be used to represent additional information that is not part of the basic definition of the element. To make the use of extensions safe and manageable, there is a strict set of governance  applied to the definition and use of extensions. Though any implementer can define an extension, there is a set of requirements that SHALL be met as part of the definition of the extension.","There can be no stigma associated with the use of extensions by any application, project, or standard - regardless of the institution or jurisdiction that uses or defines the extensions.  The use of extensions is what allows the FHIR specification to retain a core level of simplicity for everyone.","","","","","","","","",,,,,"",,,,"Element.extension",0,*,"","ele-1:All FHIR elements must have a @value or children {hasValue() or (children().count() > id.count())}
ext-1:Must have either extensions or value[x], not both {extension.exists() != value.exists()}"
"CarePlan.activity:extended.modifierExtension","CarePlan.activity.modifierExtension","","extensions
user contentmodifiers","",0,*,"","Y","Y","Extension {[]} {[]}
","Extensions that cannot be ignored even if unrecognized","May be used to represent additional information that is not part of the basic definition of the element and that modifies the understanding of the element in which it is contained and/or the understanding of the containing element's descendants. Usually modifier elements provide negation or qualification. To make the use of extensions safe and manageable, there is a strict set of governance applied to the definition and use of extensions. Though any implementer can define an extension, there is a set of requirements that SHALL be met as part of the definition of the extension. Applications processing a resource are required to check for modifier extensions.

Modifier extensions SHALL NOT change the meaning of any elements on Resource or DomainResource (including cannot change the meaning of modifierExtension itself).","There can be no stigma associated with the use of extensions by any application, project, or standard - regardless of the institution or jurisdiction that uses or defines the extensions.  The use of extensions is what allows the FHIR specification to retain a core level of simplicity for everyone.","Modifier extensions allow for extensions that *cannot* be safely ignored to be clearly distinguished from the vast majority of extensions which can be safely ignored.  This promotes interoperability by eliminating the need for implementers to prohibit the presence of extensions. For further information, see the [definition of modifier extensions](http://hl7.org/fhir/R4/extensibility.html#modifierExtension).","","","","","","","",,,,,"",,,,"BackboneElement.modifierExtension",0,*,"","ele-1:All FHIR elements must have a @value or children {hasValue() or (children().count() > id.count())}
ext-1:Must have either extensions or value[x], not both {extension.exists() != value.exists()}"
"CarePlan.activity:extended.outcomeCodeableConcept","CarePlan.activity.outcomeCodeableConcept","","","",0,*,"","","","CodeableConcept {[]} {[]}
","Results of the activity","Identifies the outcome at the point when the status of the activity is assessed.  For example, the outcome of an education activity could be patient understands (or not).","Note that this should not duplicate the activity status (e.g. completed or in progress).","","","","","","","","",,"example","Identifies the results of the activity.","http://hl7.org/fhir/ValueSet/care-plan-activity-outcome|4.0.1","",,,,"CarePlan.activity.outcomeCodeableConcept",0,*,"","ele-1:All FHIR elements must have a @value or children {hasValue() or (children().count() > id.count())}
"
"CarePlan.activity:extended.outcomeReference","CarePlan.activity.outcomeReference","","","",0,*,"","","","Reference {[]} {[CanonicalType[http://hl7.org/fhir/StructureDefinition/Resource|4.0.1]]}
","Appointment, Encounter, Procedure, etc.","Details of the outcome or action resulting from the activity.  The reference to an ""event"" resource, such as Procedure or Encounter or Observation, is the result/outcome of the activity itself.  The activity can be conveyed using CarePlan.activity.detail OR using the CarePlan.activity.reference (a reference to a “request” resource).","The activity outcome is independent of the outcome of the related goal(s).  For example, if the goal is to achieve a target body weight of 150 lbs and an activity is defined to diet, then the activity outcome could be calories consumed whereas the goal outcome is an observation for the actual body weight measured.","Links plan to resulting actions.","","","","","","","",,,,,"",,,,"CarePlan.activity.outcomeReference",0,*,"","ele-1:All FHIR elements must have a @value or children {hasValue() or (children().count() > id.count())}
","{Event that is outcome of Request in activity.reference}"
"CarePlan.activity:extended.progress","CarePlan.activity.progress","","","",0,*,"Y","","","Annotation {[]} {[]}
","Progress notes for recommendation implementation","Notes about the adherence/status/progress of the activity.","This element should NOT be used to describe the activity to be performed - that occurs either within the resource pointed to by activity.detail.reference or in activity.detail.description.","Can be used to capture information about adherence, progress, concerns, etc.","","","","","","","",,,,,"",,,,"CarePlan.activity.progress",0,*,"","ele-1:All FHIR elements must have a @value or children {hasValue() or (children().count() > id.count())}
","NTE?"
"CarePlan.activity:extended.reference","CarePlan.activity.reference","","","",1,1,"Y","","","Reference {[]} {[CanonicalType[https://www.medizininformatik-initiative.de/fhir/ext/modul-onko/StructureDefinition/mii-pr-onko-therapieempfehlung-kombinationstherapie], CanonicalType[http://hl7.org/fhir/StructureDefinition/MedicationRequest], CanonicalType[http://hl7.org/fhir/StructureDefinition/ServiceRequest]]}
","Detailed therapy recommendation - RequestGroup, MedicationRequest, or ServiceRequest","Reference to detailed therapy recommendations: RequestGroup for complex multi-agent protocols, MedicationRequest for specific medication orders, or ServiceRequest for therapy referrals (surgery, radiation, etc.)","Standard extension exists ([resource-pertainsToGoal](http://hl7.org/fhir/R4/extension-resource-pertainstogoal.html)) that allows goals to be referenced from any of the referenced resources in CarePlan.activity.reference.  The goal should be visible when the resource referenced by CarePlan.activity.reference is viewed independently from the CarePlan.  Requests that are pointed to by a CarePlan using this element should *not* point to this CarePlan using the ""basedOn"" element.  i.e. Requests that are part of a CarePlan are not ""based on"" the CarePlan.","Details in a form consistent with other applications and contexts of use.","","","","","","","",,,,,"",,,,"CarePlan.activity.reference",0,1,"cpl-3
","ele-1:All FHIR elements must have a @value or children {hasValue() or (children().count() > id.count())}
","RequestGroup with 19.1","{Request that resulted in Event in activity.actionResulting}"
"CarePlan.activity:extended.detail","CarePlan.activity.detail","","","",0,0,"","","","BackboneElement {[]} {[]}
","In-line definition of activity","A simple summary of a planned activity suitable for a general care plan system (e.g. form driven) that doesn't know about specific resources such as procedure etc.","","Details in a simple form for generic care plan systems.","","","","","","","",,,,,"",,,,"CarePlan.activity.detail",0,1,"cpl-3
","ele-1:All FHIR elements must have a @value or children {hasValue() or (children().count() > id.count())}
"
"CarePlan.activity:extended.detail.id","CarePlan.activity.detail.id","","","",0,1,"","","","string {[]} {[]}
","Unique id for inter-element referencing","Unique id for the element within a resource (for internal references). This may be any string value that does not contain spaces.","","","","","","","","","",,,,,"",,,,"Element.id",0,1,"",""
"CarePlan.activity:extended.detail.extension","CarePlan.activity.detail.extension","","extensions
user content","",0,*,"","","","Extension {[]} {[]}
","Additional content defined by implementations","May be used to represent additional information that is not part of the basic definition of the element. To make the use of extensions safe and manageable, there is a strict set of governance  applied to the definition and use of extensions. Though any implementer can define an extension, there is a set of requirements that SHALL be met as part of the definition of the extension.","There can be no stigma associated with the use of extensions by any application, project, or standard - regardless of the institution or jurisdiction that uses or defines the extensions.  The use of extensions is what allows the FHIR specification to retain a core level of simplicity for everyone.","","","","","","","","",,,,,"",,,,"Element.extension",0,*,"","ele-1:All FHIR elements must have a @value or children {hasValue() or (children().count() > id.count())}
ext-1:Must have either extensions or value[x], not both {extension.exists() != value.exists()}"
"CarePlan.activity:extended.detail.modifierExtension","CarePlan.activity.detail.modifierExtension","","extensions
user contentmodifiers","",0,*,"","Y","Y","Extension {[]} {[]}
","Extensions that cannot be ignored even if unrecognized","May be used to represent additional information that is not part of the basic definition of the element and that modifies the understanding of the element in which it is contained and/or the understanding of the containing element's descendants. Usually modifier elements provide negation or qualification. To make the use of extensions safe and manageable, there is a strict set of governance applied to the definition and use of extensions. Though any implementer can define an extension, there is a set of requirements that SHALL be met as part of the definition of the extension. Applications processing a resource are required to check for modifier extensions.

Modifier extensions SHALL NOT change the meaning of any elements on Resource or DomainResource (including cannot change the meaning of modifierExtension itself).","There can be no stigma associated with the use of extensions by any application, project, or standard - regardless of the institution or jurisdiction that uses or defines the extensions.  The use of extensions is what allows the FHIR specification to retain a core level of simplicity for everyone.","Modifier extensions allow for extensions that *cannot* be safely ignored to be clearly distinguished from the vast majority of extensions which can be safely ignored.  This promotes interoperability by eliminating the need for implementers to prohibit the presence of extensions. For further information, see the [definition of modifier extensions](http://hl7.org/fhir/R4/extensibility.html#modifierExtension).","","","","","","","",,,,,"",,,,"BackboneElement.modifierExtension",0,*,"","ele-1:All FHIR elements must have a @value or children {hasValue() or (children().count() > id.count())}
ext-1:Must have either extensions or value[x], not both {extension.exists() != value.exists()}"
"CarePlan.activity:extended.detail.kind","CarePlan.activity.detail.kind","","","",0,1,"","","","code {[]} {[]}
","Appointment | CommunicationRequest | DeviceRequest | MedicationRequest | NutritionOrder | Task | ServiceRequest | VisionPrescription","A description of the kind of resource the in-line definition of a care plan activity is representing.  The CarePlan.activity.detail is an in-line definition when a resource is not referenced using CarePlan.activity.reference.  For example, a MedicationRequest, a ServiceRequest, or a CommunicationRequest.","","May determine what types of extensions are permitted.","","","","","","","",,"required","Resource types defined as part of FHIR that can be represented as in-line definitions of a care plan activity.","http://hl7.org/fhir/ValueSet/care-plan-activity-kind|4.0.1","",,,,"CarePlan.activity.detail.kind",0,1,"","ele-1:All FHIR elements must have a @value or children {hasValue() or (children().count() > id.count())}
"
"CarePlan.activity:extended.detail.instantiatesCanonical","CarePlan.activity.detail.instantiatesCanonical","","","",0,*,"","","","canonical {[]} {[CanonicalType[http://hl7.org/fhir/StructureDefinition/PlanDefinition|4.0.1], CanonicalType[http://hl7.org/fhir/StructureDefinition/ActivityDefinition|4.0.1], CanonicalType[http://hl7.org/fhir/StructureDefinition/Questionnaire|4.0.1], CanonicalType[http://hl7.org/fhir/StructureDefinition/Measure|4.0.1], CanonicalType[http://hl7.org/fhir/StructureDefinition/OperationDefinition|4.0.1]]}
","Instantiates FHIR protocol or definition","The URL pointing to a FHIR-defined protocol, guideline, questionnaire or other definition that is adhered to in whole or in part by this CarePlan activity.","","Allows Questionnaires that the patient (or practitioner) should fill in to fulfill the care plan activity.","","","","","","","",,,,,"",,,,"CarePlan.activity.detail.instantiatesCanonical",0,*,"","ele-1:All FHIR elements must have a @value or children {hasValue() or (children().count() > id.count())}
","Request.instantiatesCanonical"
"CarePlan.activity:extended.detail.instantiatesUri","CarePlan.activity.detail.instantiatesUri","","","",0,*,"","","","uri {[]} {[]}
","Instantiates external protocol or definition","The URL pointing to an externally maintained protocol, guideline, questionnaire or other definition that is adhered to in whole or in part by this CarePlan activity.","This might be an HTML page, PDF, etc. or could just be a non-resolvable URI identifier.","Allows Questionnaires that the patient (or practitioner) should fill in to fulfill the care plan activity.","","","","","","","",,,,,"",,,,"CarePlan.activity.detail.instantiatesUri",0,*,"","ele-1:All FHIR elements must have a @value or children {hasValue() or (children().count() > id.count())}
","Request.instantiatesUri"
"CarePlan.activity:extended.detail.code","CarePlan.activity.detail.code","","","",0,1,"","","","CodeableConcept {[]} {[]}
","Detail type of activity","Detailed description of the type of planned activity; e.g. what lab test, what procedure, what kind of encounter.","Tends to be less relevant for activities involving particular products.  Codes should not convey negation - use ""prohibited"" instead.","Allows matching performed to planned as well as validation against protocols.","","","","","","","",,"example","Detailed description of the type of activity; e.g. What lab test, what procedure, what kind of encounter.","http://hl7.org/fhir/ValueSet/procedure-code|4.0.1","",,,,"CarePlan.activity.detail.code",0,1,"","ele-1:All FHIR elements must have a @value or children {hasValue() or (children().count() > id.count())}
","Request.code","OBR-4 / RXE-2 / RXO-1 / RXD-2"
"CarePlan.activity:extended.detail.reasonCode","CarePlan.activity.detail.reasonCode","","","",0,*,"","","","CodeableConcept {[]} {[]}
","Why activity should be done or why activity was prohibited","Provides the rationale that drove the inclusion of this particular activity as part of the plan or the reason why the activity was prohibited.","This could be a diagnosis code.  If a full condition record exists or additional detail is needed, use reasonCondition instead.","","","","","","","","",,"example","Identifies why a care plan activity is needed.  Can include any health condition codes as well as such concepts as ""general wellness"", prophylaxis, surgical preparation, etc.","http://hl7.org/fhir/ValueSet/clinical-findings|4.0.1","",,,,"CarePlan.activity.detail.reasonCode",0,*,"","ele-1:All FHIR elements must have a @value or children {hasValue() or (children().count() > id.count())}
","Request.reasonCode"
"CarePlan.activity:extended.detail.reasonReference","CarePlan.activity.detail.reasonReference","","","",0,*,"","","","Reference {[]} {[CanonicalType[http://hl7.org/fhir/StructureDefinition/Condition|4.0.1], CanonicalType[http://hl7.org/fhir/StructureDefinition/Observation|4.0.1], CanonicalType[http://hl7.org/fhir/StructureDefinition/DiagnosticReport|4.0.1], CanonicalType[http://hl7.org/fhir/StructureDefinition/DocumentReference|4.0.1]]}
","Why activity is needed","Indicates another resource, such as the health condition(s), whose existence justifies this request and drove the inclusion of this particular activity as part of the plan.","Conditions can be identified at the activity level that are not identified as reasons for the overall plan.","","","","","","","","",,,,,"",,,,"CarePlan.activity.detail.reasonReference",0,*,"","ele-1:All FHIR elements must have a @value or children {hasValue() or (children().count() > id.count())}
","Request.reasonReference"
"CarePlan.activity:extended.detail.goal","CarePlan.activity.detail.goal","","","",0,*,"","","","Reference {[]} {[CanonicalType[http://hl7.org/fhir/StructureDefinition/Goal|4.0.1]]}
","Goals this activity relates to","Internal reference that identifies the goals that this activity is intended to contribute towards meeting.","","So that participants know the link explicitly.","","","","","","","",,,,,"",,,,"CarePlan.activity.detail.goal",0,*,"","ele-1:All FHIR elements must have a @value or children {hasValue() or (children().count() > id.count())}
"
"CarePlan.activity:extended.detail.status","CarePlan.activity.detail.status","","","",1,1,"","Y","","code {[]} {[]}
","not-started | scheduled | in-progress | on-hold | completed | cancelled | stopped | unknown | entered-in-error","Identifies what progress is being made for the specific activity.","Some aspects of status can be inferred based on the resources linked in actionTaken.  Note that ""status"" is only as current as the plan was most recently updated.  
The unknown code is not to be used to convey other statuses.  The unknown code should be used when one of the statuses applies, but the authoring system doesn't know the current state of the activity.","Indicates progress against the plan, whether the activity is still relevant for the plan.","","","","","","","",,"required","Codes that reflect the current state of a care plan activity within its overall life cycle.","http://hl7.org/fhir/ValueSet/care-plan-activity-status|4.0.1","",,,,"CarePlan.activity.detail.status",1,1,"","ele-1:All FHIR elements must have a @value or children {hasValue() or (children().count() > id.count())}
","Request.status","ORC-5?"
"CarePlan.activity:extended.detail.statusReason","CarePlan.activity.detail.statusReason","","","",0,1,"","","","CodeableConcept {[]} {[]}
","Reason for current status","Provides reason why the activity isn't yet started, is on hold, was cancelled, etc.","Will generally not be present if status is ""complete"".  Be sure to prompt to update this (or at least remove the existing value) if the status is changed.","","","","","","","","",,,,,"",,,,"CarePlan.activity.detail.statusReason",0,1,"","ele-1:All FHIR elements must have a @value or children {hasValue() or (children().count() > id.count())}
","Request.statusReason"
"CarePlan.activity:extended.detail.doNotPerform","CarePlan.activity.detail.doNotPerform","","","",0,1,"","Y","","boolean {[]} {[]}
","If true, activity is prohibiting action","If true, indicates that the described activity is one that must NOT be engaged in when following the plan.  If false, or missing, indicates that the described activity is one that should be engaged in when following the plan.","This element is labeled as a modifier because it marks an activity as an activity that is not to be performed.","Captures intention to not do something that may have been previously typical.","","If missing indicates that the described activity is one that should be engaged in when following the plan.","","","","","",,,,,"",,,,"CarePlan.activity.detail.doNotPerform",0,1,"","ele-1:All FHIR elements must have a @value or children {hasValue() or (children().count() > id.count())}
","Request.doNotPerform"
"CarePlan.activity:extended.detail.scheduled[x]","CarePlan.activity.detail.scheduled[x]","","","",0,1,"","","","Timing {[]} {[]}
Period {[]} {[]}string {[]} {[]}","When activity is to occur","The period, timing or frequency upon which the described activity is to occur.","","Allows prompting for activities and detection of missed planned activities.","","","","","","","",,,,,"",,,,"CarePlan.activity.detail.scheduled[x]",0,1,"","ele-1:All FHIR elements must have a @value or children {hasValue() or (children().count() > id.count())}
","Request.occurrence[x]","TQ1"
"CarePlan.activity:extended.detail.location","CarePlan.activity.detail.location","","","",0,1,"","","","Reference {[]} {[CanonicalType[http://hl7.org/fhir/StructureDefinition/Location|4.0.1]]}
","Where it should happen","Identifies the facility where the activity will occur; e.g. home, hospital, specific clinic, etc.","May reference a specific clinical location or may identify a type of location.","Helps in planning of activity.","","","","","","","",,,,,"",,,,"CarePlan.activity.detail.location",0,1,"","ele-1:All FHIR elements must have a @value or children {hasValue() or (children().count() > id.count())}
","OBR-24(???!!)"
"CarePlan.activity:extended.detail.performer","CarePlan.activity.detail.performer","","","",0,*,"","","","Reference {[]} {[CanonicalType[http://hl7.org/fhir/StructureDefinition/Practitioner|4.0.1], CanonicalType[http://hl7.org/fhir/StructureDefinition/PractitionerRole|4.0.1], CanonicalType[http://hl7.org/fhir/StructureDefinition/Organization|4.0.1], CanonicalType[http://hl7.org/fhir/StructureDefinition/RelatedPerson|4.0.1], CanonicalType[http://hl7.org/fhir/StructureDefinition/Patient|4.0.1], CanonicalType[http://hl7.org/fhir/StructureDefinition/CareTeam|4.0.1], CanonicalType[http://hl7.org/fhir/StructureDefinition/HealthcareService|4.0.1], CanonicalType[http://hl7.org/fhir/StructureDefinition/Device|4.0.1]]}
","Who will be responsible?","Identifies who's expected to be involved in the activity.","A performer MAY also be a participant in the care plan.","Helps in planning of activity.","","","","","","","",,,,,"",,,,"CarePlan.activity.detail.performer",0,*,"","ele-1:All FHIR elements must have a @value or children {hasValue() or (children().count() > id.count())}
","Request.performer","PRT-5 : ( PRV-4 = (provider participations)); PRT-5 : ( PRV-4 = (non-provider person participations )) ; PRT-5 : ( PRV-4 = (patient non-subject of care) ) ; PRT-8"
"CarePlan.activity:extended.detail.product[x]","CarePlan.activity.detail.product[x]","","","",0,1,"","","","CodeableConcept {[]} {[]}
Reference {[]} {[CanonicalType[http://hl7.org/fhir/StructureDefinition/Medication|4.0.1], CanonicalType[http://hl7.org/fhir/StructureDefinition/Substance|4.0.1]]}","What is to be administered/supplied","Identifies the food, drug or other product to be consumed or supplied in the activity.","","","","","","","","","",,"example","A product supplied or administered as part of a care plan activity.","http://hl7.org/fhir/ValueSet/medication-codes|4.0.1","",,,,"CarePlan.activity.detail.product[x]",0,1,"","ele-1:All FHIR elements must have a @value or children {hasValue() or (children().count() > id.count())}
","RXE-2 / RXO-1 / RXD-2"
"CarePlan.activity:extended.detail.dailyAmount","CarePlan.activity.detail.dailyAmount","","daily dose
","",0,1,"","","","Quantity {[CanonicalType[http://hl7.org/fhir/StructureDefinition/SimpleQuantity|4.0.1]]} {[]}
","How to consume/day?","Identifies the quantity expected to be consumed in a given day.","","Allows rough dose checking.","","","","","","","",,,,,"",,,,"CarePlan.activity.detail.dailyAmount",0,1,"","ele-1:All FHIR elements must have a @value or children {hasValue() or (children().count() > id.count())}
","RXO-23 / RXE-19 / RXD-12"
"CarePlan.activity:extended.detail.quantity","CarePlan.activity.detail.quantity","","","",0,1,"","","","Quantity {[CanonicalType[http://hl7.org/fhir/StructureDefinition/SimpleQuantity|4.0.1]]} {[]}
","How much to administer/supply/consume","Identifies the quantity expected to be supplied, administered or consumed by the subject.","","","","","","","","","",,,,,"",,,,"CarePlan.activity.detail.quantity",0,1,"","ele-1:All FHIR elements must have a @value or children {hasValue() or (children().count() > id.count())}
","RXO-11 / RXE-10 / RXD-4 / RXG-5 / RXA-6 /  TQ1-2.1  *and*  RXO-12 /  RXE-11 / RXD-5 / RXG-7 / RXA-7 / TQ1-2.2"
"CarePlan.activity:extended.detail.description","CarePlan.activity.detail.description","","","",0,1,"","","","string {[]} {[]}
","Extra info describing activity to perform","This provides a textual description of constraints on the intended activity occurrence, including relation to other activities.  It may also include objectives, pre-conditions and end-conditions.  Finally, it may convey specifics about the activity such as body site, method, route, etc.","","","","","","","","","",,,,,"",,,,"CarePlan.activity.detail.description",0,1,"","ele-1:All FHIR elements must have a @value or children {hasValue() or (children().count() > id.count())}
","NTE?"
"CarePlan.note","CarePlan.note","","","",0,*,"","","","Annotation {[]} {[]}
","Comments about the plan","General notes about the care plan not covered elsewhere.","","Used to capture information that applies to the plan as a whole that doesn't fit into discrete elements.","","","","","","","",,,,,"",,,,"CarePlan.note",0,*,"","ele-1:All FHIR elements must have a @value or children {hasValue() or (children().count() > id.count())}
","Request.note","NTE?"
