"Id","Path","Slice Name","Alias(s)","Label","Min","Max","Must Support?","Is Modifier?","Is Summary?","Type(s)","Short","Definition","Comments","Requirements","Default Value","Meaning When Missing","Fixed Value","Pattern","Example","Minimum Value","Maximum Value","Maximum Length","Binding Strength","Binding Description","Binding Value Set","Code","Slicing Discriminator","Slicing Description","Slicing Ordered","Slicing Rules","Base Path","Base Min","Base Max","Condition(s)","Constraint(s)","Mapping: Onkologie LogicalModel FHIR Mapping","Mapping: Onkologie LogicalModel oBDS Mapping"
"Onkologie","Onkologie","","","",0,*,"","","","null {[]} {[]}
","MII LM Onkologie","MII LogicalModel Modul Onkologie","","","","","","","","","",,,,,"",,,,"Element",0,*,"ele-1
","ele-1:All FHIR elements must have a @value or children {hasValue() or (children().count() > id.count())}
"
"Onkologie.id","Onkologie.id","","","",0,1,"","","","string {[]} {[]}
","Unique id for inter-element referencing","Unique id for the element within a resource (for internal references). This may be any string value that does not contain spaces.","","","","","","","","","",,,,,"",,,,"Element.id",0,1,"",""
"Onkologie.extension","Onkologie.extension","","extensions
user content","",0,*,"","","","Extension {[]} {[]}
","Additional content defined by implementations","May be used to represent additional information that is not part of the basic definition of the element. To make the use of extensions safe and manageable, there is a strict set of governance  applied to the definition and use of extensions. Though any implementer can define an extension, there is a set of requirements that SHALL be met as part of the definition of the extension.","There can be no stigma associated with the use of extensions by any application, project, or standard - regardless of the institution or jurisdiction that uses or defines the extensions.  The use of extensions is what allows the FHIR specification to retain a core level of simplicity for everyone.","","","","","","","","",,,,,"","value:url}
","Extensions are always sliced by (at least) url",,"open","Element.extension",0,*,"","ele-1:All FHIR elements must have a @value or children {hasValue() or (children().count() > id.count())}
ext-1:Must have either extensions or value[x], not both {extension.exists() != value.exists()}"
"Onkologie.Diagnose","Onkologie.Diagnose","","","",0,*,"","","","BackboneElement {[]} {[]}
","Diagnose","Diagnose","","","","","","","","","",,,,,"",,,,"Onkologie.Diagnose",0,*,"","ele-1:All FHIR elements must have a @value or children {hasValue() or (children().count() > id.count())}
","Condition","5"
"Onkologie.Diagnose.id","Onkologie.Diagnose.id","","","",0,1,"","","","string {[]} {[]}
","Unique id for inter-element referencing","Unique id for the element within a resource (for internal references). This may be any string value that does not contain spaces.","","","","","","","","","",,,,,"",,,,"Element.id",0,1,"",""
"Onkologie.Diagnose.extension","Onkologie.Diagnose.extension","","extensions
user content","",0,*,"","","","Extension {[]} {[]}
","Additional content defined by implementations","May be used to represent additional information that is not part of the basic definition of the element. To make the use of extensions safe and manageable, there is a strict set of governance  applied to the definition and use of extensions. Though any implementer can define an extension, there is a set of requirements that SHALL be met as part of the definition of the extension.","There can be no stigma associated with the use of extensions by any application, project, or standard - regardless of the institution or jurisdiction that uses or defines the extensions.  The use of extensions is what allows the FHIR specification to retain a core level of simplicity for everyone.","","","","","","","","",,,,,"","value:url}
","Extensions are always sliced by (at least) url",,"open","Element.extension",0,*,"","ele-1:All FHIR elements must have a @value or children {hasValue() or (children().count() > id.count())}
ext-1:Must have either extensions or value[x], not both {extension.exists() != value.exists()}"
"Onkologie.Diagnose.modifierExtension","Onkologie.Diagnose.modifierExtension","","extensions
user contentmodifiers","",0,*,"","Y","Y","Extension {[]} {[]}
","Extensions that cannot be ignored even if unrecognized","May be used to represent additional information that is not part of the basic definition of the element and that modifies the understanding of the element in which it is contained and/or the understanding of the containing element's descendants. Usually modifier elements provide negation or qualification. To make the use of extensions safe and manageable, there is a strict set of governance applied to the definition and use of extensions. Though any implementer can define an extension, there is a set of requirements that SHALL be met as part of the definition of the extension. Applications processing a resource are required to check for modifier extensions.

Modifier extensions SHALL NOT change the meaning of any elements on Resource or DomainResource (including cannot change the meaning of modifierExtension itself).","There can be no stigma associated with the use of extensions by any application, project, or standard - regardless of the institution or jurisdiction that uses or defines the extensions.  The use of extensions is what allows the FHIR specification to retain a core level of simplicity for everyone.","Modifier extensions allow for extensions that *cannot* be safely ignored to be clearly distinguished from the vast majority of extensions which can be safely ignored.  This promotes interoperability by eliminating the need for implementers to prohibit the presence of extensions. For further information, see the [definition of modifier extensions](http://hl7.org/fhir/R4/extensibility.html#modifierExtension).","","","","","","","",,,,,"",,,,"BackboneElement.modifierExtension",0,*,"","ele-1:All FHIR elements must have a @value or children {hasValue() or (children().count() > id.count())}
ext-1:Must have either extensions or value[x], not both {extension.exists() != value.exists()}"
"Onkologie.Diagnose.PrimaertumorTumordiagnoseICDCode","Onkologie.Diagnose.PrimaertumorTumordiagnoseICDCode","","","",0,1,"","","","code {[]} {[]}
","Primärtumor Tumordiagnose ICD Code","Kodierung einer meldepflichtigen Erkrankung nach der aktuellen ICD-GM Version.","","","","","","","","","",,,,,"",,,,"Onkologie.Diagnose.PrimaertumorTumordiagnoseICDCode",0,1,"","","Condition.code.coding.where(system='http://fhir.de/CodeSystem/bfarm/icd-10-gm').code","5.1"
"Onkologie.Diagnose.PrimaertumorTumordiagnoseICDVersion","Onkologie.Diagnose.PrimaertumorTumordiagnoseICDVersion","","","",0,1,"","","","string {[]} {[]}
","Primärtumor Tumordiagnose ICD-Version","Bezeichnung der zur Kodierung verwendeten ICD-GM Version.","","","","","","","","","",,,,,"",,,,"Onkologie.Diagnose.PrimaertumorTumordiagnoseICDVersion",0,1,"","","Condition.code.coding.where(system='http://fhir.de/CodeSystem/bfarm/icd-10-gm').version","5.2"
"Onkologie.Diagnose.PrimaertumorTumordiagnoseText","Onkologie.Diagnose.PrimaertumorTumordiagnoseText","","","",0,1,"","","","string {[]} {[]}
","Primärtumor Tumordiagnose Text","Bezeichnung einer meldepflichtigen Erkrankung.","","","","","","","","","",,,,,"",,,,"Onkologie.Diagnose.PrimaertumorTumordiagnoseText",0,1,"","","Condition.code.text","5.3"
"Onkologie.Diagnose.PrimaertumorTopographieICDO","Onkologie.Diagnose.PrimaertumorTopographieICDO","","","",0,1,"","","","code {[]} {[]}
","Primärtumor Topographie ICD-O","Bezeichnung der Topographie einer Erkrankung nach der aktuellen ICD-O Version.","","","","","","","","","",,,,,"",,,,"Onkologie.Diagnose.PrimaertumorTopographieICDO",0,1,"","","Condition.bodySite.coding.where(system='http://terminology.hl7.org/CodeSystem/icd-o-3').code","5.4"
"Onkologie.Diagnose.PrimaertumorTopographieICDOVersion","Onkologie.Diagnose.PrimaertumorTopographieICDOVersion","","","",0,1,"","","","string {[]} {[]}
","Primärtumor Topographie ICD-O-Version","Bezeichnung der zur Kodierung verwendeten ICD-O Version.","","","","","","","","","",,,,,"",,,,"Onkologie.Diagnose.PrimaertumorTopographieICDOVersion",0,1,"","","Condition.bodySite.coding.where(system='http://terminology.hl7.org/CodeSystem/icd-o-3').version","5.5"
"Onkologie.Diagnose.PrimaertumorDiagnosedatum","Onkologie.Diagnose.PrimaertumorDiagnosedatum","","","",0,1,"","","","dateTime {[]} {[]}
","Primärtumor Diagnosedatum","Datum, angegeben in Tag, Monat und Jahr, an dem die meldepflichtige Diagnose erstmals durch einen Arzt klinisch oder mikroskopisch diagnostiziert wurde.","","","","","","","","","",,,,,"",,,,"Onkologie.Diagnose.PrimaertumorDiagnosedatum",0,1,"","","Condition.assertedDate","5.6"
"Onkologie.Diagnose.PrimaertumorDiagnosesicherung","Onkologie.Diagnose.PrimaertumorDiagnosesicherung","","","",0,1,"","","","code {[]} {[]}
","Primärtumor Diagnosesicherung","Höchste erreichte Diagnosesicherheit der Diagnose.","","","","","","","","","",,,,,"",,,,"Onkologie.Diagnose.PrimaertumorDiagnosesicherung",0,1,"","","Condition.verificationStatus.coding.where(system='https://www.medizininformatik-initiative.de/fhir/ext/modul-onko/CodeSystem/mii-cs-onko-primaertumor-diagnosesicherung').code","5.7"
"Onkologie.Diagnose.PrimaertumorSeitenlokalisation","Onkologie.Diagnose.PrimaertumorSeitenlokalisation","","","",0,1,"","","","code {[]} {[]}
","Primärtumor Seitenlokalisation","Organspezifische Angabe der betroffenen Seite.","","","","","","","","","",,,,,"",,,,"Onkologie.Diagnose.PrimaertumorSeitenlokalisation",0,1,"","","Condition.bodySite.coding.where(system='https://www.medizininformatik-initiative.de/fhir/ext/modul-onko/CodeSystem/mii-cs-onko-primaertumor-seitenlokalisation').code","5.8"
"Onkologie.Diagnose.FruehereTumorerkrankungen","Onkologie.Diagnose.FruehereTumorerkrankungen","","","",0,*,"","","","Condition {[]} {[]}
","Frühere Tumorerkrankungen","Tumorerkrankungen, die in der Anamnese zu einem früheren Zeitpunkt diagnostiziert/behandelt wurden.","","","","","","","","","",,,,,"",,,,"Onkologie.Diagnose.FruehereTumorerkrankungen",0,*,"","","Condition","5.9"
"Onkologie.Histologie","Onkologie.Histologie","","","",0,*,"","","","BackboneElement {[]} {[]}
","Histologie","Histologie","","","","","","","","","",,,,,"",,,,"Onkologie.Histologie",0,*,"","ele-1:All FHIR elements must have a @value or children {hasValue() or (children().count() > id.count())}
","6"
"Onkologie.Histologie.id","Onkologie.Histologie.id","","","",0,1,"","","","string {[]} {[]}
","Unique id for inter-element referencing","Unique id for the element within a resource (for internal references). This may be any string value that does not contain spaces.","","","","","","","","","",,,,,"",,,,"Element.id",0,1,"",""
"Onkologie.Histologie.extension","Onkologie.Histologie.extension","","extensions
user content","",0,*,"","","","Extension {[]} {[]}
","Additional content defined by implementations","May be used to represent additional information that is not part of the basic definition of the element. To make the use of extensions safe and manageable, there is a strict set of governance  applied to the definition and use of extensions. Though any implementer can define an extension, there is a set of requirements that SHALL be met as part of the definition of the extension.","There can be no stigma associated with the use of extensions by any application, project, or standard - regardless of the institution or jurisdiction that uses or defines the extensions.  The use of extensions is what allows the FHIR specification to retain a core level of simplicity for everyone.","","","","","","","","",,,,,"","value:url}
","Extensions are always sliced by (at least) url",,"open","Element.extension",0,*,"","ele-1:All FHIR elements must have a @value or children {hasValue() or (children().count() > id.count())}
ext-1:Must have either extensions or value[x], not both {extension.exists() != value.exists()}"
"Onkologie.Histologie.modifierExtension","Onkologie.Histologie.modifierExtension","","extensions
user contentmodifiers","",0,*,"","Y","Y","Extension {[]} {[]}
","Extensions that cannot be ignored even if unrecognized","May be used to represent additional information that is not part of the basic definition of the element and that modifies the understanding of the element in which it is contained and/or the understanding of the containing element's descendants. Usually modifier elements provide negation or qualification. To make the use of extensions safe and manageable, there is a strict set of governance applied to the definition and use of extensions. Though any implementer can define an extension, there is a set of requirements that SHALL be met as part of the definition of the extension. Applications processing a resource are required to check for modifier extensions.

Modifier extensions SHALL NOT change the meaning of any elements on Resource or DomainResource (including cannot change the meaning of modifierExtension itself).","There can be no stigma associated with the use of extensions by any application, project, or standard - regardless of the institution or jurisdiction that uses or defines the extensions.  The use of extensions is what allows the FHIR specification to retain a core level of simplicity for everyone.","Modifier extensions allow for extensions that *cannot* be safely ignored to be clearly distinguished from the vast majority of extensions which can be safely ignored.  This promotes interoperability by eliminating the need for implementers to prohibit the presence of extensions. For further information, see the [definition of modifier extensions](http://hl7.org/fhir/R4/extensibility.html#modifierExtension).","","","","","","","",,,,,"",,,,"BackboneElement.modifierExtension",0,*,"","ele-1:All FHIR elements must have a @value or children {hasValue() or (children().count() > id.count())}
ext-1:Must have either extensions or value[x], not both {extension.exists() != value.exists()}"
"Onkologie.Histologie.TumorHistologiedatum","Onkologie.Histologie.TumorHistologiedatum","","","",0,1,"","","","dateTime {[]} {[]}
","Tumor Histologiedatum","Datum, an dem die Gewebeprobe entnommen wurde.","","","","","","","","","",,,,,"",,,,"Onkologie.Histologie.TumorHistologiedatum",0,1,"","","Specimen.collection.collectedDateTime","6.1"
"Onkologie.Histologie.HistologieEinsendenummer","Onkologie.Histologie.HistologieEinsendenummer","","","",0,1,"","","","string {[]} {[]}
","Histologie-Einsendenummer","Die Histologie-Einsendenummer/Auftragsnummer wird vom Pathologischen Institut beim Eingang des Präparates vergeben.","","","","","","","","","",,,,,"",,,,"Onkologie.Histologie.HistologieEinsendenummer",0,1,"","","Specimen.accessionIdentifier","6.2"
"Onkologie.Histologie.MorphologieCode","Onkologie.Histologie.MorphologieCode","","","",0,1,"","","","code {[]} {[]}
","Morphologie-Code","Gibt an, welche Histologie der Tumor aufweist.","","","","","","","","","",,,,,"",,,,"Onkologie.Histologie.MorphologieCode",0,1,"","","Condition.extension.where(url='https://www.medizininformatik-initiative.de/fhir/ext/modul-onko/StructureDefinition/mii-ex-onko-histology-morphology-behavior-icdo3').valueCodeableConcept.code","6.3"
"Onkologie.Histologie.MorphologieICDOBlueBookVersion","Onkologie.Histologie.MorphologieICDOBlueBookVersion","","","",0,1,"","","","string {[]} {[]}
","Morphologie ICD-O/Blue Book Version","Bezeichnung der zur Kodierung verwendeten ICD-O/Blue Book Version.","","","","","","","","","",,,,,"",,,,"Onkologie.Histologie.MorphologieICDOBlueBookVersion",0,1,"","","Condition.extension.where(url='https://www.medizininformatik-initiative.de/fhir/ext/modul-onko/StructureDefinition/mii-ex-onko-histology-morphology-behavior-icdo3').valueCodeableConcept.version","6.4"
"Onkologie.Histologie.MorphologieFreitext","Onkologie.Histologie.MorphologieFreitext","","","",0,1,"","","","string {[]} {[]}
","Morphologie-Freitext","Gibt die Originalbezeichnung der morphologischen Diagnose an.","","","","","","","","","",,,,,"",,,,"Onkologie.Histologie.MorphologieFreitext",0,1,"","","Condition.code.text","6.5"
"Onkologie.Histologie.Grading","Onkologie.Histologie.Grading","","","",0,*,"","","","code {[]} {[]}
","Grading","Gibt den Differenzierungsgrad des Tumors entsprechend der aktuellen TNM-Auflage an.","","","","","","","","","",,,,,"",,,,"Onkologie.Histologie.Grading",0,*,"","","Observation.valueCodeableConcept.coding.where(system='https://www.medizininformatik-initiative.de/fhir/ext/modul-onko/CodeSystem/mii-cs-onko-grading').code","6.6"
"Onkologie.Histologie.AnzahlUntersuchteLymphknoten","Onkologie.Histologie.AnzahlUntersuchteLymphknoten","","","",0,*,"","","","decimal {[]} {[]}
","Anzahl der untersuchten Lymphknoten","Gibt an, wie viele Lymphknoten untersucht wurden (einschließlich Sentinel).","","","","","","","","","",,,,,"",,,,"Onkologie.Histologie.AnzahlUntersuchteLymphknoten",0,*,"","","Observation.code.coding.where(system='http://loinc.org' and code='2708-6').select(%resource.valueQuantity.value)","6.7"
"Onkologie.Histologie.AnzahlBefalleneLymphknoten","Onkologie.Histologie.AnzahlBefalleneLymphknoten","","","",0,*,"","","","decimal {[]} {[]}
","Anzahl der befallenen Lymphknoten","Gibt an, wie viele Lymphknoten befallen sind (einschließlich Sentinel).","","","","","","","","","",,,,,"",,,,"Onkologie.Histologie.AnzahlBefalleneLymphknoten",0,*,"","","Observation.code.coding.where(system='http://loinc.org' and code='21893-3').select(%resource.valueQuantity.value)","6.8"
"Onkologie.Histologie.AnzahlUntersuchteSentinelLymphknoten","Onkologie.Histologie.AnzahlUntersuchteSentinelLymphknoten","","","",0,*,"","","","decimal {[]} {[]}
","Anzahl der untersuchten Sentinel-Lymphknoten","Gibt an, wie viele Sentinel-Lymphknoten untersucht wurden.","","","","","","","","","",,,,,"",,,,"Onkologie.Histologie.AnzahlUntersuchteSentinelLymphknoten",0,*,"","","Observation.code.coding.where(system='http://loinc.org' and code='85347-3').select(%resource.valueQuantity.value)","6.9"
"Onkologie.Histologie.AnzahlBefalleneSentinelLymphknoten","Onkologie.Histologie.AnzahlBefalleneSentinelLymphknoten","","","",0,*,"","","","decimal {[]} {[]}
","Anzahl der befallenen Sentinel-Lymphknoten","Gibt an, wie viele Sentinel-Lymphknoten befallen sind.","","","","","","","","","",,,,,"",,,,"Onkologie.Histologie.AnzahlBefalleneSentinelLymphknoten",0,*,"","","Observation.code.coding.where(system='http://loinc.org' and code='92832-5').select(%resource.valueQuantity.value)","6.10"
"Onkologie.Histologie.Befund","Onkologie.Histologie.Befund","","","",0,*,"","","","string {[]} {[]}
","Befund","Vollständiger Befundbericht des Pathologen.","","","","","","","","","",,,,,"",,,,"Onkologie.Histologie.Befund",0,*,"","","DiagnosticReport.code.coding.where(system='http://loinc.org' and code='60568-3').select(%resource.conclusion)","6.11"
"Onkologie.TNMKlassifikation","Onkologie.TNMKlassifikation","","","",0,*,"","","","BackboneElement {[]} {[]}
","TNM-Klassifikation","TNM-Klassifikation","","","","","","","","","",,,,,"",,,,"Onkologie.TNMKlassifikation",0,*,"","ele-1:All FHIR elements must have a @value or children {hasValue() or (children().count() > id.count())}
","8"
"Onkologie.TNMKlassifikation.id","Onkologie.TNMKlassifikation.id","","","",0,1,"","","","string {[]} {[]}
","Unique id for inter-element referencing","Unique id for the element within a resource (for internal references). This may be any string value that does not contain spaces.","","","","","","","","","",,,,,"",,,,"Element.id",0,1,"",""
"Onkologie.TNMKlassifikation.extension","Onkologie.TNMKlassifikation.extension","","extensions
user content","",0,*,"","","","Extension {[]} {[]}
","Additional content defined by implementations","May be used to represent additional information that is not part of the basic definition of the element. To make the use of extensions safe and manageable, there is a strict set of governance  applied to the definition and use of extensions. Though any implementer can define an extension, there is a set of requirements that SHALL be met as part of the definition of the extension.","There can be no stigma associated with the use of extensions by any application, project, or standard - regardless of the institution or jurisdiction that uses or defines the extensions.  The use of extensions is what allows the FHIR specification to retain a core level of simplicity for everyone.","","","","","","","","",,,,,"","value:url}
","Extensions are always sliced by (at least) url",,"open","Element.extension",0,*,"","ele-1:All FHIR elements must have a @value or children {hasValue() or (children().count() > id.count())}
ext-1:Must have either extensions or value[x], not both {extension.exists() != value.exists()}"
"Onkologie.TNMKlassifikation.modifierExtension","Onkologie.TNMKlassifikation.modifierExtension","","extensions
user contentmodifiers","",0,*,"","Y","Y","Extension {[]} {[]}
","Extensions that cannot be ignored even if unrecognized","May be used to represent additional information that is not part of the basic definition of the element and that modifies the understanding of the element in which it is contained and/or the understanding of the containing element's descendants. Usually modifier elements provide negation or qualification. To make the use of extensions safe and manageable, there is a strict set of governance applied to the definition and use of extensions. Though any implementer can define an extension, there is a set of requirements that SHALL be met as part of the definition of the extension. Applications processing a resource are required to check for modifier extensions.

Modifier extensions SHALL NOT change the meaning of any elements on Resource or DomainResource (including cannot change the meaning of modifierExtension itself).","There can be no stigma associated with the use of extensions by any application, project, or standard - regardless of the institution or jurisdiction that uses or defines the extensions.  The use of extensions is what allows the FHIR specification to retain a core level of simplicity for everyone.","Modifier extensions allow for extensions that *cannot* be safely ignored to be clearly distinguished from the vast majority of extensions which can be safely ignored.  This promotes interoperability by eliminating the need for implementers to prohibit the presence of extensions. For further information, see the [definition of modifier extensions](http://hl7.org/fhir/R4/extensibility.html#modifierExtension).","","","","","","","",,,,,"",,,,"BackboneElement.modifierExtension",0,*,"","ele-1:All FHIR elements must have a @value or children {hasValue() or (children().count() > id.count())}
ext-1:Must have either extensions or value[x], not both {extension.exists() != value.exists()}"
"Onkologie.TNMKlassifikation.TNMDatum","Onkologie.TNMKlassifikation.TNMDatum","","","",1,1,"","","","dateTime {[]} {[]}
","TNM Datum","Gibt an, auf welches Datum sich die TNM-Klassifikation bezieht.","","","","","","","","","",,,,,"",,,,"Onkologie.TNMKlassifikation.TNMDatum",1,1,"","","Observation.effectiveDateTime","8.1"
"Onkologie.TNMKlassifikation.TNMVersion","Onkologie.TNMKlassifikation.TNMVersion","","","",1,1,"","","","code {[]} {[]}
","TNM Version","Gibt an, nach welcher Version des TNM klassifiziert wurde.","","","","","","","","","",,,,,"",,,,"Onkologie.TNMKlassifikation.TNMVersion",1,1,"","","Observation.method","8.2"
"Onkologie.TNMKlassifikation.TNMySymbol","Onkologie.TNMKlassifikation.TNMySymbol","","","",0,1,"","","","code {[]} {[]}
","TNM y-Symbol","Gibt an, ob die Klassifikation während oder nach initialer multimodaler Therapie erfolgte.","","","","","","","","","",,,,,"http://loinc.org#101658-3 (Cancer staging after multimodality therapy)
",,,,"Onkologie.TNMKlassifikation.TNMySymbol",0,1,"","","Observation.valueCodeableConcept.coding.code","8.3"
"Onkologie.TNMKlassifikation.TNMrSymbol","Onkologie.TNMKlassifikation.TNMrSymbol","","","",0,1,"","","","code {[]} {[]}
","TNM r-Symbol","Gibt an, ob die Klassifikation ein Rezidiv beurteilt.","","","","","","","","","",,,,,"http://loinc.org#101659-1 (Cancer staging after tumor recurrence)
",,,,"Onkologie.TNMKlassifikation.TNMrSymbol",0,1,"","","Observation.valueCodeableConcept.coding.code","8.4"
"Onkologie.TNMKlassifikation.TNMaSymbol","Onkologie.TNMKlassifikation.TNMaSymbol","","","",0,1,"","","","code {[]} {[]}
","TNM a-Symbol","Gibt an, ob die Klassifikation aus Anlass einer Autopsie erfolgte.","","","","","","","","","",,,,,"http://loinc.org#101660-9 (Cancer staging during autopsy)
",,,,"Onkologie.TNMKlassifikation.TNMaSymbol",0,1,"","","Observation.valueCodeableConcept.coding.code","8.5"
"Onkologie.TNMKlassifikation.TNMcpuPraefixT","Onkologie.TNMKlassifikation.TNMcpuPraefixT","","","",0,1,"","","","code {[]} {[]}
","TNM c/p-Präfix T","Gibt an, ob die Klassifikation klinisch oder pathologisch erfolgte.","","","","","","","","","",,,,,"",,,,"Onkologie.TNMKlassifikation.TNMcpuPraefixT",0,1,"","","Observation.code.extension.where(url='https://www.medizininformatik-initiative.de/fhir/ext/modul-onko/StructureDefinition/mii-ex-onko-tnm-cp-praefix').value.coding.code","8.6"
"Onkologie.TNMKlassifikation.TNMcpuPraefixN","Onkologie.TNMKlassifikation.TNMcpuPraefixN","","","",0,1,"","","","code {[]} {[]}
","TNM c/p-Präfix N","Gibt an, ob die Klassifikation klinisch oder pathologisch erfolgte.","","","","","","","","","",,,,,"",,,,"Onkologie.TNMKlassifikation.TNMcpuPraefixN",0,1,"","","Observation.code.extension.where(url='https://www.medizininformatik-initiative.de/fhir/ext/modul-onko/StructureDefinition/mii-ex-onko-tnm-cp-praefix').value.coding.code","8.7"
"Onkologie.TNMKlassifikation.TNMcpuPraefixM","Onkologie.TNMKlassifikation.TNMcpuPraefixM","","","",0,1,"","","","code {[]} {[]}
","TNM c/p-Präfix M","Gibt an, ob die Klassifikation klinisch oder pathologisch erfolgte.","","","","","","","","","",,,,,"",,,,"Onkologie.TNMKlassifikation.TNMcpuPraefixM",0,1,"","","Observation.code.extension.where(url='https://www.medizininformatik-initiative.de/fhir/ext/modul-onko/StructureDefinition/mii-ex-onko-tnm-cp-praefix').value.coding.code","8.8"
"Onkologie.TNMKlassifikation.TNMTKategorie","Onkologie.TNMKlassifikation.TNMTKategorie","","","",0,1,"","","","code {[]} {[]}
","TNM T-Kategorie","Ausbreitung des Primärtumors, erfolgt gemäß Tumorentität nach TNM.","","","","","","","","","",,,,,"",,,,"Onkologie.TNMKlassifikation.TNMTKategorie",0,1,"","","Observation.valueCodeableConcept.coding.code","8.9"
"Onkologie.TNMKlassifikation.TNMmSymbol","Onkologie.TNMKlassifikation.TNMmSymbol","","","",0,1,"","","","code {[]} {[]}
","TNM m-Symbol","Kennzeichnet Vorhandensein multipler Primärtumoren in einem anatomischen Bezirk.","","","","","","","","","",,,,,"",,,,"Onkologie.TNMKlassifikation.TNMmSymbol",0,1,"","","Observation.valueCodeableConcept.coding.code","8.10"
"Onkologie.TNMKlassifikation.TNMMKategorie","Onkologie.TNMKlassifikation.TNMMKategorie","","","",0,1,"","","","code {[]} {[]}
","TNM M-Kategorie","Fehlen oder Vorhandensein von Fernmetastasen, gemäß Tumorentität nach TNM.","","","","","","","","","",,,,,"",,,,"Onkologie.TNMKlassifikation.TNMMKategorie",0,1,"","","Observation.valueCodeableConcept.coding.code","8.12"
"Onkologie.TNMKlassifikation.TNMNKategorie","Onkologie.TNMKlassifikation.TNMNKategorie","","","",0,1,"","","","code {[]} {[]}
","TNM N-Kategorie","Ausbreitung von regionären Lymphknotenmetastasen, erfolgt gemäß Tumorentität nach TNM.","","","","","","","","","",,,,,"",,,,"Onkologie.TNMKlassifikation.TNMNKategorie",0,1,"","","Observation.valueCodeableConcept.coding.code","8.11"
"Onkologie.TNMKlassifikation.TNMLKategorie","Onkologie.TNMKlassifikation.TNMLKategorie","","","",0,1,"","","","code {[]} {[]}
","TNM L-Kategorie","Lymphgefäßinvasion.","","","","","","","","","",,,,,"http://snomed.info/sct#395715009 (Status of lymphatic (small vessel) invasion by tumor (observable entity))
",,,,"Onkologie.TNMKlassifikation.TNMLKategorie",0,1,"","","Observation.valueCodeableConcept.coding.code","8.13"
"Onkologie.TNMKlassifikation.TNMVKategorie","Onkologie.TNMKlassifikation.TNMVKategorie","","","",0,1,"","","","code {[]} {[]}
","TNM V-Kategorie","Veneninvasion.","","","","","","","","","",,,,,"http://snomed.info/sct#371493002 (Status of venous (large vessel) invasion by tumor (observable entity))
",,,,"Onkologie.TNMKlassifikation.TNMVKategorie",0,1,"","","Observation.valueCodeableConcept.coding.code","8.14"
"Onkologie.TNMKlassifikation.TNMPnKategorie","Onkologie.TNMKlassifikation.TNMPnKategorie","","","",0,1,"","","","code {[]} {[]}
","TNM Pn-Kategorie","Perineuralinvasion.","","","","","","","","","",,,,,"http://snomed.info/sct#371513001 (Presence of direct invasion by primary malignant neoplasm to nerve (observable entity))
",,,,"Onkologie.TNMKlassifikation.TNMPnKategorie",0,1,"","","Observation.valueCodeableConcept.coding.code","8.15"
"Onkologie.TNMKlassifikation.TNMSKategorie","Onkologie.TNMKlassifikation.TNMSKategorie","","","",0,1,"","","","code {[]} {[]}
","TNM S-Kategorie","Serumtumormarker.","","","","","","","","","",,,,,"http://snomed.info/sct#399424006 (Serum tumor marker category (observable entity))
",,,,"Onkologie.TNMKlassifikation.TNMSKategorie",0,1,"","","Observation.valueCodeableConcept.coding.code","8.16"
"Onkologie.TNMKlassifikation.UICCStadium","Onkologie.TNMKlassifikation.UICCStadium","","","",0,1,"","","","code {[]} {[]}
","UICC Stadium","Stadium nach aktuell gültiger TNM-Klassifikation.","","","","","","","","","",,,,,"",,,,"Onkologie.TNMKlassifikation.UICCStadium",0,1,"","","Observation.valueCodeableConcept.coding.code","8.17"
"Onkologie.WeitereKlassifikationen","Onkologie.WeitereKlassifikationen","","","",0,*,"","","","BackboneElement {[]} {[]}
","","","","","","","","","","","",,,,,"",,,,"Onkologie.WeitereKlassifikationen",0,*,"","ele-1:All FHIR elements must have a @value or children {hasValue() or (children().count() > id.count())}
","Observation","9"
"Onkologie.WeitereKlassifikationen.id","Onkologie.WeitereKlassifikationen.id","","","",0,1,"","","","string {[]} {[]}
","Unique id for inter-element referencing","Unique id for the element within a resource (for internal references). This may be any string value that does not contain spaces.","","","","","","","","","",,,,,"",,,,"Element.id",0,1,"",""
"Onkologie.WeitereKlassifikationen.extension","Onkologie.WeitereKlassifikationen.extension","","extensions
user content","",0,*,"","","","Extension {[]} {[]}
","Additional content defined by implementations","May be used to represent additional information that is not part of the basic definition of the element. To make the use of extensions safe and manageable, there is a strict set of governance  applied to the definition and use of extensions. Though any implementer can define an extension, there is a set of requirements that SHALL be met as part of the definition of the extension.","There can be no stigma associated with the use of extensions by any application, project, or standard - regardless of the institution or jurisdiction that uses or defines the extensions.  The use of extensions is what allows the FHIR specification to retain a core level of simplicity for everyone.","","","","","","","","",,,,,"","value:url}
","Extensions are always sliced by (at least) url",,"open","Element.extension",0,*,"","ele-1:All FHIR elements must have a @value or children {hasValue() or (children().count() > id.count())}
ext-1:Must have either extensions or value[x], not both {extension.exists() != value.exists()}"
"Onkologie.WeitereKlassifikationen.modifierExtension","Onkologie.WeitereKlassifikationen.modifierExtension","","extensions
user contentmodifiers","",0,*,"","Y","Y","Extension {[]} {[]}
","Extensions that cannot be ignored even if unrecognized","May be used to represent additional information that is not part of the basic definition of the element and that modifies the understanding of the element in which it is contained and/or the understanding of the containing element's descendants. Usually modifier elements provide negation or qualification. To make the use of extensions safe and manageable, there is a strict set of governance applied to the definition and use of extensions. Though any implementer can define an extension, there is a set of requirements that SHALL be met as part of the definition of the extension. Applications processing a resource are required to check for modifier extensions.

Modifier extensions SHALL NOT change the meaning of any elements on Resource or DomainResource (including cannot change the meaning of modifierExtension itself).","There can be no stigma associated with the use of extensions by any application, project, or standard - regardless of the institution or jurisdiction that uses or defines the extensions.  The use of extensions is what allows the FHIR specification to retain a core level of simplicity for everyone.","Modifier extensions allow for extensions that *cannot* be safely ignored to be clearly distinguished from the vast majority of extensions which can be safely ignored.  This promotes interoperability by eliminating the need for implementers to prohibit the presence of extensions. For further information, see the [definition of modifier extensions](http://hl7.org/fhir/R4/extensibility.html#modifierExtension).","","","","","","","",,,,,"",,,,"BackboneElement.modifierExtension",0,*,"","ele-1:All FHIR elements must have a @value or children {hasValue() or (children().count() > id.count())}
ext-1:Must have either extensions or value[x], not both {extension.exists() != value.exists()}"
"Onkologie.WeitereKlassifikationen.WeitereKlassifikationDatum","Onkologie.WeitereKlassifikationen.WeitereKlassifikationDatum","","","",1,1,"","","","date {[]} {[]}
","Hämatoonkologische und sonstige Klassifikationen Datum","Gibt an, auf welches Datum sich die Klassifikation bezieht.","","","","","","","","","",,,,,"",,,,"Onkologie.WeitereKlassifikationen.WeitereKlassifikationDatum",1,1,"","","Observation.effectiveDateTime","9.1"
"Onkologie.WeitereKlassifikationen.WeitereKlassifikationName","Onkologie.WeitereKlassifikationen.WeitereKlassifikationName","","","",1,1,"","","","string {[]} {[]}
","Hämatoonkologische und sonstige Klassifikationen Name","Name der hämatologischen oder sonstigen Klassifikation. Art der Klassifikation.","","","","","","","","","",,,,,"",,,,"Onkologie.WeitereKlassifikationen.WeitereKlassifikationName",1,1,"","","Observation.code.text","9.2"
"Onkologie.WeitereKlassifikationen.WeitereKlassifikationEinstufung","Onkologie.WeitereKlassifikationen.WeitereKlassifikationEinstufung","","","",1,1,"","","","code {[]} {[]}
","Hämatoonkologische und sonstige Klassifikationen Einstufung","Einstufung gemäß der verwendeten hämatoonkologischen oder sonstigen Klassifikationen.","","","","","","","","","",,,,,"",,,,"Onkologie.WeitereKlassifikationen.WeitereKlassifikationEinstufung",1,1,"","","Observation.value[x]","9.3"
"Onkologie.Residualstatus","Onkologie.Residualstatus","","","",0,*,"","","","BackboneElement {[]} {[]}
","Residualstatus","Residualstatus","","","","","","","","","",,,,,"",,,,"Onkologie.Residualstatus",0,*,"","ele-1:All FHIR elements must have a @value or children {hasValue() or (children().count() > id.count())}
","10"
"Onkologie.Residualstatus.id","Onkologie.Residualstatus.id","","","",0,1,"","","","string {[]} {[]}
","Unique id for inter-element referencing","Unique id for the element within a resource (for internal references). This may be any string value that does not contain spaces.","","","","","","","","","",,,,,"",,,,"Element.id",0,1,"",""
"Onkologie.Residualstatus.extension","Onkologie.Residualstatus.extension","","extensions
user content","",0,*,"","","","Extension {[]} {[]}
","Additional content defined by implementations","May be used to represent additional information that is not part of the basic definition of the element. To make the use of extensions safe and manageable, there is a strict set of governance  applied to the definition and use of extensions. Though any implementer can define an extension, there is a set of requirements that SHALL be met as part of the definition of the extension.","There can be no stigma associated with the use of extensions by any application, project, or standard - regardless of the institution or jurisdiction that uses or defines the extensions.  The use of extensions is what allows the FHIR specification to retain a core level of simplicity for everyone.","","","","","","","","",,,,,"","value:url}
","Extensions are always sliced by (at least) url",,"open","Element.extension",0,*,"","ele-1:All FHIR elements must have a @value or children {hasValue() or (children().count() > id.count())}
ext-1:Must have either extensions or value[x], not both {extension.exists() != value.exists()}"
"Onkologie.Residualstatus.modifierExtension","Onkologie.Residualstatus.modifierExtension","","extensions
user contentmodifiers","",0,*,"","Y","Y","Extension {[]} {[]}
","Extensions that cannot be ignored even if unrecognized","May be used to represent additional information that is not part of the basic definition of the element and that modifies the understanding of the element in which it is contained and/or the understanding of the containing element's descendants. Usually modifier elements provide negation or qualification. To make the use of extensions safe and manageable, there is a strict set of governance applied to the definition and use of extensions. Though any implementer can define an extension, there is a set of requirements that SHALL be met as part of the definition of the extension. Applications processing a resource are required to check for modifier extensions.

Modifier extensions SHALL NOT change the meaning of any elements on Resource or DomainResource (including cannot change the meaning of modifierExtension itself).","There can be no stigma associated with the use of extensions by any application, project, or standard - regardless of the institution or jurisdiction that uses or defines the extensions.  The use of extensions is what allows the FHIR specification to retain a core level of simplicity for everyone.","Modifier extensions allow for extensions that *cannot* be safely ignored to be clearly distinguished from the vast majority of extensions which can be safely ignored.  This promotes interoperability by eliminating the need for implementers to prohibit the presence of extensions. For further information, see the [definition of modifier extensions](http://hl7.org/fhir/R4/extensibility.html#modifierExtension).","","","","","","","",,,,,"",,,,"BackboneElement.modifierExtension",0,*,"","ele-1:All FHIR elements must have a @value or children {hasValue() or (children().count() > id.count())}
ext-1:Must have either extensions or value[x], not both {extension.exists() != value.exists()}"
"Onkologie.Residualstatus.LokalerResidualstatus","Onkologie.Residualstatus.LokalerResidualstatus","","","",0,1,"","","","code {[]} {[]}
","Beurteilung des lokalen Residualstatus nach Abschluss der Operation","Lokale Beurteilung der Residualklassifikation nach Resektion, bezieht sich auf das, was reseziert wurde, meist Primärtumor, aber z. B. auch Lebermetastasen.","","","","","","","","","",,,,,"",,,,"Onkologie.Residualstatus.LokalerResidualstatus",0,1,"","","Procedure.outcome","10.1"
"Onkologie.Residualstatus.GlobalerResidualstatus","Onkologie.Residualstatus.GlobalerResidualstatus","","","",0,1,"","","","code {[]} {[]}
","Gesamtbeurteilung des Residualstatus","Gesamtbeurteilung der Residualklassifikation der Erkrankung einschließlich etwaiger Fernmetastasen.","","","","","","","","","",,,,,"",,,,"Onkologie.Residualstatus.GlobalerResidualstatus",0,1,"","","Observation.valueCodeableConcept.coding.code","10.2"
"Onkologie.Fernmetastasen","Onkologie.Fernmetastasen","","","",0,*,"","","","BackboneElement {[]} {[]}
","Fernmetastasen","Fernmetastasen","","","","","","","","","",,,,,"",,,,"Onkologie.Fernmetastasen",0,*,"","ele-1:All FHIR elements must have a @value or children {hasValue() or (children().count() > id.count())}
","11"
"Onkologie.Fernmetastasen.id","Onkologie.Fernmetastasen.id","","","",0,1,"","","","string {[]} {[]}
","Unique id for inter-element referencing","Unique id for the element within a resource (for internal references). This may be any string value that does not contain spaces.","","","","","","","","","",,,,,"",,,,"Element.id",0,1,"",""
"Onkologie.Fernmetastasen.extension","Onkologie.Fernmetastasen.extension","","extensions
user content","",0,*,"","","","Extension {[]} {[]}
","Additional content defined by implementations","May be used to represent additional information that is not part of the basic definition of the element. To make the use of extensions safe and manageable, there is a strict set of governance  applied to the definition and use of extensions. Though any implementer can define an extension, there is a set of requirements that SHALL be met as part of the definition of the extension.","There can be no stigma associated with the use of extensions by any application, project, or standard - regardless of the institution or jurisdiction that uses or defines the extensions.  The use of extensions is what allows the FHIR specification to retain a core level of simplicity for everyone.","","","","","","","","",,,,,"","value:url}
","Extensions are always sliced by (at least) url",,"open","Element.extension",0,*,"","ele-1:All FHIR elements must have a @value or children {hasValue() or (children().count() > id.count())}
ext-1:Must have either extensions or value[x], not both {extension.exists() != value.exists()}"
"Onkologie.Fernmetastasen.modifierExtension","Onkologie.Fernmetastasen.modifierExtension","","extensions
user contentmodifiers","",0,*,"","Y","Y","Extension {[]} {[]}
","Extensions that cannot be ignored even if unrecognized","May be used to represent additional information that is not part of the basic definition of the element and that modifies the understanding of the element in which it is contained and/or the understanding of the containing element's descendants. Usually modifier elements provide negation or qualification. To make the use of extensions safe and manageable, there is a strict set of governance applied to the definition and use of extensions. Though any implementer can define an extension, there is a set of requirements that SHALL be met as part of the definition of the extension. Applications processing a resource are required to check for modifier extensions.

Modifier extensions SHALL NOT change the meaning of any elements on Resource or DomainResource (including cannot change the meaning of modifierExtension itself).","There can be no stigma associated with the use of extensions by any application, project, or standard - regardless of the institution or jurisdiction that uses or defines the extensions.  The use of extensions is what allows the FHIR specification to retain a core level of simplicity for everyone.","Modifier extensions allow for extensions that *cannot* be safely ignored to be clearly distinguished from the vast majority of extensions which can be safely ignored.  This promotes interoperability by eliminating the need for implementers to prohibit the presence of extensions. For further information, see the [definition of modifier extensions](http://hl7.org/fhir/R4/extensibility.html#modifierExtension).","","","","","","","",,,,,"",,,,"BackboneElement.modifierExtension",0,*,"","ele-1:All FHIR elements must have a @value or children {hasValue() or (children().count() > id.count())}
ext-1:Must have either extensions or value[x], not both {extension.exists() != value.exists()}"
"Onkologie.Fernmetastasen.LokalisationFernmetastase","Onkologie.Fernmetastasen.LokalisationFernmetastase","","","",1,1,"","","","code {[]} {[]}
","Lokalisation von Fernmetastase(n)","Lokalisation der Fernmetastase(n).","","","","","","","","","",,,,,"",,,,"Onkologie.Fernmetastasen.LokalisationFernmetastase",1,1,"","","Observation.bodySite","11.1"
"Onkologie.Fernmetastasen.DatumFernmetase","Onkologie.Fernmetastasen.DatumFernmetase","","","",1,1,"","","","date {[]} {[]}
","Datum der diagnostischen Sicherung von Fernmetastasen","Gibt an, wann die Fernmetastase festgestellt wurde.","","","","","","","","","",,,,,"",,,,"Onkologie.Fernmetastasen.DatumFernmetase",1,1,"","","Observation.effectiveDateTime","11.2"
"Onkologie.AllgemeinerLeistungszustand","Onkologie.AllgemeinerLeistungszustand","","","",0,*,"","","","BackboneElement {[]} {[]}
","Allgemeiner Leistungszustand","Allgemeiner Leistungszustand","","","","","","","","","",,,,,"",,,,"Onkologie.AllgemeinerLeistungszustand",0,*,"","ele-1:All FHIR elements must have a @value or children {hasValue() or (children().count() > id.count())}
","12"
"Onkologie.AllgemeinerLeistungszustand.id","Onkologie.AllgemeinerLeistungszustand.id","","","",0,1,"","","","string {[]} {[]}
","Unique id for inter-element referencing","Unique id for the element within a resource (for internal references). This may be any string value that does not contain spaces.","","","","","","","","","",,,,,"",,,,"Element.id",0,1,"",""
"Onkologie.AllgemeinerLeistungszustand.extension","Onkologie.AllgemeinerLeistungszustand.extension","","extensions
user content","",0,*,"","","","Extension {[]} {[]}
","Additional content defined by implementations","May be used to represent additional information that is not part of the basic definition of the element. To make the use of extensions safe and manageable, there is a strict set of governance  applied to the definition and use of extensions. Though any implementer can define an extension, there is a set of requirements that SHALL be met as part of the definition of the extension.","There can be no stigma associated with the use of extensions by any application, project, or standard - regardless of the institution or jurisdiction that uses or defines the extensions.  The use of extensions is what allows the FHIR specification to retain a core level of simplicity for everyone.","","","","","","","","",,,,,"","value:url}
","Extensions are always sliced by (at least) url",,"open","Element.extension",0,*,"","ele-1:All FHIR elements must have a @value or children {hasValue() or (children().count() > id.count())}
ext-1:Must have either extensions or value[x], not both {extension.exists() != value.exists()}"
"Onkologie.AllgemeinerLeistungszustand.modifierExtension","Onkologie.AllgemeinerLeistungszustand.modifierExtension","","extensions
user contentmodifiers","",0,*,"","Y","Y","Extension {[]} {[]}
","Extensions that cannot be ignored even if unrecognized","May be used to represent additional information that is not part of the basic definition of the element and that modifies the understanding of the element in which it is contained and/or the understanding of the containing element's descendants. Usually modifier elements provide negation or qualification. To make the use of extensions safe and manageable, there is a strict set of governance applied to the definition and use of extensions. Though any implementer can define an extension, there is a set of requirements that SHALL be met as part of the definition of the extension. Applications processing a resource are required to check for modifier extensions.

Modifier extensions SHALL NOT change the meaning of any elements on Resource or DomainResource (including cannot change the meaning of modifierExtension itself).","There can be no stigma associated with the use of extensions by any application, project, or standard - regardless of the institution or jurisdiction that uses or defines the extensions.  The use of extensions is what allows the FHIR specification to retain a core level of simplicity for everyone.","Modifier extensions allow for extensions that *cannot* be safely ignored to be clearly distinguished from the vast majority of extensions which can be safely ignored.  This promotes interoperability by eliminating the need for implementers to prohibit the presence of extensions. For further information, see the [definition of modifier extensions](http://hl7.org/fhir/R4/extensibility.html#modifierExtension).","","","","","","","",,,,,"",,,,"BackboneElement.modifierExtension",0,*,"","ele-1:All FHIR elements must have a @value or children {hasValue() or (children().count() > id.count())}
ext-1:Must have either extensions or value[x], not both {extension.exists() != value.exists()}"
"Onkologie.AllgemeinerLeistungszustand.ECOGKarnofsky","Onkologie.AllgemeinerLeistungszustand.ECOGKarnofsky","","","",1,1,"","","","code {[]} {[]}
","ECOG oder Karnofsky","ECOG oder Karnofsky","","","","","","","","","",,,,,"",,,,"Onkologie.AllgemeinerLeistungszustand.ECOGKarnofsky",1,1,"","","Observation.value[x]","12.1"
"Onkologie.Operation","Onkologie.Operation","","","",0,*,"","","","BackboneElement {[]} {[]}
","Operation","Operation","","","","","","","","","",,,,,"",,,,"Onkologie.Operation",0,*,"","ele-1:All FHIR elements must have a @value or children {hasValue() or (children().count() > id.count())}
","13"
"Onkologie.Operation.id","Onkologie.Operation.id","","","",0,1,"","","","string {[]} {[]}
","Unique id for inter-element referencing","Unique id for the element within a resource (for internal references). This may be any string value that does not contain spaces.","","","","","","","","","",,,,,"",,,,"Element.id",0,1,"",""
"Onkologie.Operation.extension","Onkologie.Operation.extension","","extensions
user content","",0,*,"","","","Extension {[]} {[]}
","Additional content defined by implementations","May be used to represent additional information that is not part of the basic definition of the element. To make the use of extensions safe and manageable, there is a strict set of governance  applied to the definition and use of extensions. Though any implementer can define an extension, there is a set of requirements that SHALL be met as part of the definition of the extension.","There can be no stigma associated with the use of extensions by any application, project, or standard - regardless of the institution or jurisdiction that uses or defines the extensions.  The use of extensions is what allows the FHIR specification to retain a core level of simplicity for everyone.","","","","","","","","",,,,,"","value:url}
","Extensions are always sliced by (at least) url",,"open","Element.extension",0,*,"","ele-1:All FHIR elements must have a @value or children {hasValue() or (children().count() > id.count())}
ext-1:Must have either extensions or value[x], not both {extension.exists() != value.exists()}"
"Onkologie.Operation.modifierExtension","Onkologie.Operation.modifierExtension","","extensions
user contentmodifiers","",0,*,"","Y","Y","Extension {[]} {[]}
","Extensions that cannot be ignored even if unrecognized","May be used to represent additional information that is not part of the basic definition of the element and that modifies the understanding of the element in which it is contained and/or the understanding of the containing element's descendants. Usually modifier elements provide negation or qualification. To make the use of extensions safe and manageable, there is a strict set of governance applied to the definition and use of extensions. Though any implementer can define an extension, there is a set of requirements that SHALL be met as part of the definition of the extension. Applications processing a resource are required to check for modifier extensions.

Modifier extensions SHALL NOT change the meaning of any elements on Resource or DomainResource (including cannot change the meaning of modifierExtension itself).","There can be no stigma associated with the use of extensions by any application, project, or standard - regardless of the institution or jurisdiction that uses or defines the extensions.  The use of extensions is what allows the FHIR specification to retain a core level of simplicity for everyone.","Modifier extensions allow for extensions that *cannot* be safely ignored to be clearly distinguished from the vast majority of extensions which can be safely ignored.  This promotes interoperability by eliminating the need for implementers to prohibit the presence of extensions. For further information, see the [definition of modifier extensions](http://hl7.org/fhir/R4/extensibility.html#modifierExtension).","","","","","","","",,,,,"",,,,"BackboneElement.modifierExtension",0,*,"","ele-1:All FHIR elements must have a @value or children {hasValue() or (children().count() > id.count())}
ext-1:Must have either extensions or value[x], not both {extension.exists() != value.exists()}"
"Onkologie.Operation.OPIntention","Onkologie.Operation.OPIntention","","","",1,1,"","","","code {[]} {[]}
","Intention","Gibt an, mit welchem Ziel die Operation geplant wurde","","","","","","","","","",,,,,"",,,,"Onkologie.Operation.OPIntention",1,1,"","","Procedure.extension.valueCodeableConcept.coding.code","13.1"
"Onkologie.Operation.OPDatum","Onkologie.Operation.OPDatum","","","",1,1,"","","","code {[]} {[]}
","OP Datum","Datum der OP","","","","","","","","","",,,,,"",,,,"Onkologie.Operation.OPDatum",1,1,"","","Procedure.performedDateTime","13.2"
"Onkologie.Operation.OPSCode","Onkologie.Operation.OPSCode","","","",1,*,"","","","code {[]} {[]}
","OPS Code","Gibt an, welche Operation durchgeführ wurde. OPS (5-*), so genau wie möglich. Bei paaringen Organen mit Seitenangabe","","","","","","","","","",,,,,"",,,,"Onkologie.Operation.OPSCode",1,*,"","","Procedure.code.coding.code","13.3"
"Onkologie.Operation.OPSVersion","Onkologie.Operation.OPSVersion","","","",1,1,"","","","code {[]} {[]}
","OPS Version","Gibt an, nach welcher Version (Jahr) des OPS klassifiziert wurde (Gültige Bezeichnung nach BfArM)","","","","","","","","","",,,,,"",,,,"Onkologie.Operation.OPSVersion",1,1,"","","Procedure.code.coding.version","13.4"
"Onkologie.Operation.OPKomplikation","Onkologie.Operation.OPKomplikation","","","",0,*,"","","","code {[]} {[]}
","OP Komplikationen","Gibt an, ob eine oder keine Komplikation aufgetreten ist, bzw. wenn eine aufgetreten ist welche.","","","","","","","","","",,,,,"",,,,"Onkologie.Operation.OPKomplikation",0,*,"","","Procedure.complication.coding.code","13.5"
"Onkologie.Strahlentherapie","Onkologie.Strahlentherapie","","","",0,*,"","","","BackboneElement {[]} {[]}
","Strahlentherapie","Strahlentherapie","","","","","","","","","",,,,,"",,,,"Onkologie.Strahlentherapie",0,*,"","ele-1:All FHIR elements must have a @value or children {hasValue() or (children().count() > id.count())}
","14"
"Onkologie.Strahlentherapie.id","Onkologie.Strahlentherapie.id","","","",0,1,"","","","string {[]} {[]}
","Unique id for inter-element referencing","Unique id for the element within a resource (for internal references). This may be any string value that does not contain spaces.","","","","","","","","","",,,,,"",,,,"Element.id",0,1,"",""
"Onkologie.Strahlentherapie.extension","Onkologie.Strahlentherapie.extension","","extensions
user content","",0,*,"","","","Extension {[]} {[]}
","Additional content defined by implementations","May be used to represent additional information that is not part of the basic definition of the element. To make the use of extensions safe and manageable, there is a strict set of governance  applied to the definition and use of extensions. Though any implementer can define an extension, there is a set of requirements that SHALL be met as part of the definition of the extension.","There can be no stigma associated with the use of extensions by any application, project, or standard - regardless of the institution or jurisdiction that uses or defines the extensions.  The use of extensions is what allows the FHIR specification to retain a core level of simplicity for everyone.","","","","","","","","",,,,,"","value:url}
","Extensions are always sliced by (at least) url",,"open","Element.extension",0,*,"","ele-1:All FHIR elements must have a @value or children {hasValue() or (children().count() > id.count())}
ext-1:Must have either extensions or value[x], not both {extension.exists() != value.exists()}"
"Onkologie.Strahlentherapie.modifierExtension","Onkologie.Strahlentherapie.modifierExtension","","extensions
user contentmodifiers","",0,*,"","Y","Y","Extension {[]} {[]}
","Extensions that cannot be ignored even if unrecognized","May be used to represent additional information that is not part of the basic definition of the element and that modifies the understanding of the element in which it is contained and/or the understanding of the containing element's descendants. Usually modifier elements provide negation or qualification. To make the use of extensions safe and manageable, there is a strict set of governance applied to the definition and use of extensions. Though any implementer can define an extension, there is a set of requirements that SHALL be met as part of the definition of the extension. Applications processing a resource are required to check for modifier extensions.

Modifier extensions SHALL NOT change the meaning of any elements on Resource or DomainResource (including cannot change the meaning of modifierExtension itself).","There can be no stigma associated with the use of extensions by any application, project, or standard - regardless of the institution or jurisdiction that uses or defines the extensions.  The use of extensions is what allows the FHIR specification to retain a core level of simplicity for everyone.","Modifier extensions allow for extensions that *cannot* be safely ignored to be clearly distinguished from the vast majority of extensions which can be safely ignored.  This promotes interoperability by eliminating the need for implementers to prohibit the presence of extensions. For further information, see the [definition of modifier extensions](http://hl7.org/fhir/R4/extensibility.html#modifierExtension).","","","","","","","",,,,,"",,,,"BackboneElement.modifierExtension",0,*,"","ele-1:All FHIR elements must have a @value or children {hasValue() or (children().count() > id.count())}
ext-1:Must have either extensions or value[x], not both {extension.exists() != value.exists()}"
"Onkologie.Strahlentherapie.StrahlentherapieIntention","Onkologie.Strahlentherapie.StrahlentherapieIntention","","","",1,1,"","","","code {[]} {[]}
","Intention der Strahlentherapie","Gibt an, mit welcher Intention die Strahlentherapie geplant wurde.","","","","","","","","","",,,,,"",,,,"Onkologie.Strahlentherapie.StrahlentherapieIntention",1,1,"","","Procedure.extension[Intention].valueCodeableConcept.coding.code","14.1"
"Onkologie.Strahlentherapie.StrahlentherapieStellung","Onkologie.Strahlentherapie.StrahlentherapieStellung","","","",1,1,"","","","code {[]} {[]}
","Strahlentherapie Stellung zu operativer Therapie","Gibt an, in welchem Bezug zu einer operativen Therapie die Bestrahlung steht.","","","","","","","","","",,,,,"",,,,"Onkologie.Strahlentherapie.StrahlentherapieStellung",1,1,"","","Procedure.extension[Stellung].valueCodeableConcept.coding.code","14.2"
"Onkologie.Strahlentherapie.StrahlentherapieEndeGrund","Onkologie.Strahlentherapie.StrahlentherapieEndeGrund","","","",0,1,"","","","code {[]} {[]}
","Strahlentherapie Ende Grund","Gibt den Grund an, warum die Strahlentherapie beendet wurde.","","","","","","","","","",,,,,"",,,,"Onkologie.Strahlentherapie.StrahlentherapieEndeGrund",0,1,"","","Procedure.outcome.coding.code","14.13"
"Onkologie.Strahlentherapie.StrahlentherapieBestrahlung","Onkologie.Strahlentherapie.StrahlentherapieBestrahlung","","","",1,*,"","","","BackboneElement {[]} {[]}
","Bestrahlung","Dieser Abschnitt entspricht einer Bestrahlung mit spezifischem Zielgebiet, Methodik und Dosis","","","","","","","","","",,,,,"",,,,"Onkologie.Strahlentherapie.StrahlentherapieBestrahlung",1,*,"","ele-1:All FHIR elements must have a @value or children {hasValue() or (children().count() > id.count())}
","Procedure.extension[Bestrahlung]","14.3-14.12"
"Onkologie.Strahlentherapie.StrahlentherapieBestrahlung.id","Onkologie.Strahlentherapie.StrahlentherapieBestrahlung.id","","","",0,1,"","","","string {[]} {[]}
","Unique id for inter-element referencing","Unique id for the element within a resource (for internal references). This may be any string value that does not contain spaces.","","","","","","","","","",,,,,"",,,,"Element.id",0,1,"",""
"Onkologie.Strahlentherapie.StrahlentherapieBestrahlung.extension","Onkologie.Strahlentherapie.StrahlentherapieBestrahlung.extension","","extensions
user content","",0,*,"","","","Extension {[]} {[]}
","Additional content defined by implementations","May be used to represent additional information that is not part of the basic definition of the element. To make the use of extensions safe and manageable, there is a strict set of governance  applied to the definition and use of extensions. Though any implementer can define an extension, there is a set of requirements that SHALL be met as part of the definition of the extension.","There can be no stigma associated with the use of extensions by any application, project, or standard - regardless of the institution or jurisdiction that uses or defines the extensions.  The use of extensions is what allows the FHIR specification to retain a core level of simplicity for everyone.","","","","","","","","",,,,,"","value:url}
","Extensions are always sliced by (at least) url",,"open","Element.extension",0,*,"","ele-1:All FHIR elements must have a @value or children {hasValue() or (children().count() > id.count())}
ext-1:Must have either extensions or value[x], not both {extension.exists() != value.exists()}"
"Onkologie.Strahlentherapie.StrahlentherapieBestrahlung.modifierExtension","Onkologie.Strahlentherapie.StrahlentherapieBestrahlung.modifierExtension","","extensions
user contentmodifiers","",0,*,"","Y","Y","Extension {[]} {[]}
","Extensions that cannot be ignored even if unrecognized","May be used to represent additional information that is not part of the basic definition of the element and that modifies the understanding of the element in which it is contained and/or the understanding of the containing element's descendants. Usually modifier elements provide negation or qualification. To make the use of extensions safe and manageable, there is a strict set of governance applied to the definition and use of extensions. Though any implementer can define an extension, there is a set of requirements that SHALL be met as part of the definition of the extension. Applications processing a resource are required to check for modifier extensions.

Modifier extensions SHALL NOT change the meaning of any elements on Resource or DomainResource (including cannot change the meaning of modifierExtension itself).","There can be no stigma associated with the use of extensions by any application, project, or standard - regardless of the institution or jurisdiction that uses or defines the extensions.  The use of extensions is what allows the FHIR specification to retain a core level of simplicity for everyone.","Modifier extensions allow for extensions that *cannot* be safely ignored to be clearly distinguished from the vast majority of extensions which can be safely ignored.  This promotes interoperability by eliminating the need for implementers to prohibit the presence of extensions. For further information, see the [definition of modifier extensions](http://hl7.org/fhir/R4/extensibility.html#modifierExtension).","","","","","","","",,,,,"",,,,"BackboneElement.modifierExtension",0,*,"","ele-1:All FHIR elements must have a @value or children {hasValue() or (children().count() > id.count())}
ext-1:Must have either extensions or value[x], not both {extension.exists() != value.exists()}"
"Onkologie.Strahlentherapie.StrahlentherapieBestrahlung.StrahlentherapieZielgebiet","Onkologie.Strahlentherapie.StrahlentherapieBestrahlung.StrahlentherapieZielgebiet","","","",1,*,"","","","code {[]} {[]}
","Strahlentherapie Zielgebiet","Gibt an, an welcher anatomischen Region die Bestrahlung durchgeführt wurde.","","","","","","","","","",,,,,"",,,,"Onkologie.Strahlentherapie.StrahlentherapieBestrahlung.StrahlentherapieZielgebiet",1,*,"","","Procedure.extension[Bestrahlung].extension[Zielgebiet].valueCodeableConcept.coding.code","14.3"
"Onkologie.Strahlentherapie.StrahlentherapieBestrahlung.StrahlentherapieSeiteZielgebiet","Onkologie.Strahlentherapie.StrahlentherapieBestrahlung.StrahlentherapieSeiteZielgebiet","","","",0,*,"","","","code {[]} {[]}
","Strahlentherapie Seite Zielgebiet","Bei Zielgebieten, die durch ""(r, l)"" gekennzeichnet sind, ist eine Seitenangabe Pflicht.","","","","","","","","","",,,,,"",,,,"Onkologie.Strahlentherapie.StrahlentherapieBestrahlung.StrahlentherapieSeiteZielgebiet",0,*,"","","Procedure.extension[Bestrahlung].extension[Zielgebiet_Lateralitaet].valueCodeableConcept.coding.code","14.4"
"Onkologie.Strahlentherapie.StrahlentherapieBestrahlung.StrahlentherapieBeginn","Onkologie.Strahlentherapie.StrahlentherapieBestrahlung.StrahlentherapieBeginn","","","",1,1,"","","","date {[]} {[]}
","Strahlentherapie Beginn","Gibt an, wann die Strahlentherapie begonnen wurde.","","","","","","","","","",,,,,"",,,,"Onkologie.Strahlentherapie.StrahlentherapieBestrahlung.StrahlentherapieBeginn",1,1,"","","Procedure.performedPeriod.start","14.5"
"Onkologie.Strahlentherapie.StrahlentherapieBestrahlung.StrahlentherapieEnde","Onkologie.Strahlentherapie.StrahlentherapieBestrahlung.StrahlentherapieEnde","","","",0,1,"","","","date {[]} {[]}
","Strahlentherapie Ende","Gibt an, wann die Strahlentherapie beendet wurde.","","","","","","","","","",,,,,"",,,,"Onkologie.Strahlentherapie.StrahlentherapieBestrahlung.StrahlentherapieEnde",0,1,"","","Procedure.performedPeriod.end","14.6"
"Onkologie.Strahlentherapie.StrahlentherapieBestrahlung.StrahlentherapieApplikationsart","Onkologie.Strahlentherapie.StrahlentherapieBestrahlung.StrahlentherapieApplikationsart","","","",1,1,"","","","code {[]} {[]}
","Strahlentherapie Applikationsart","Gibt an, mit welcher Technik die Strahlentherapie durchgeführt wurde.","","","","","","","","","",,,,,"",,,,"Onkologie.Strahlentherapie.StrahlentherapieBestrahlung.StrahlentherapieApplikationsart",1,1,"","","Procedure.extension[Bestrahlung].extension[Applikationsart].valueCodeableConcept.coding.code","14.7"
"Onkologie.Strahlentherapie.StrahlentherapieBestrahlung.StrahlentherapieStrahlenart","Onkologie.Strahlentherapie.StrahlentherapieBestrahlung.StrahlentherapieStrahlenart","","","",1,1,"","","","code {[]} {[]}
","Strahlenart","Angewandte Strahlenart (Strahlung oder metabolische Nuklide)","","","","","","","","","",,,,,"",,,,"Onkologie.Strahlentherapie.StrahlentherapieBestrahlung.StrahlentherapieStrahlenart",1,1,"","","Procedure.extension[Bestrahlung].extension[Strahlenart].valueCodeableConcept.coding.code","14.8"
"Onkologie.Strahlentherapie.StrahlentherapieBestrahlung.StrahlentherapieGesamtdosis","Onkologie.Strahlentherapie.StrahlentherapieBestrahlung.StrahlentherapieGesamtdosis","","","",0,1,"","","","code {[]} {[]}
","Strahlentherapie Gesamtdosis","Gibt an, mit welcher Gesamtdosis das Zielgebiet bestrahlt wurde (inklusive Boost).","","","","","","","","","",,,,,"",,,,"Onkologie.Strahlentherapie.StrahlentherapieBestrahlung.StrahlentherapieGesamtdosis",0,1,"","","Procedure.extension[Bestrahlung].extension[Gesamtdosis].valueQuantity.value","14.9"
"Onkologie.Strahlentherapie.StrahlentherapieBestrahlung.StrahlentherapieEinzeldosis","Onkologie.Strahlentherapie.StrahlentherapieBestrahlung.StrahlentherapieEinzeldosis","","","",0,1,"","","","code {[]} {[]}
","Strahlentherapie Einzeldosis","Strahlentherapie Einzeldosis pro Tag (Dosis)","","","","","","","","","",,,,,"",,,,"Onkologie.Strahlentherapie.StrahlentherapieBestrahlung.StrahlentherapieEinzeldosis",0,1,"","","Procedure.extension[Bestrahlung].extension[Einzeldosis].valueQuantity.value","14.10"
"Onkologie.Strahlentherapie.StrahlentherapieBestrahlung.StrahlentherapieEinheit","Onkologie.Strahlentherapie.StrahlentherapieBestrahlung.StrahlentherapieEinheit","","","",0,1,"","","","code {[]} {[]}
","Strahlentherapie Einheit","Gibt die Einheit zu der Einzel- oder Gesamtdosis an, mit welcher das Zielgebiet bestrahlt wurde, bzw. bei metabolischer Therapie die Aktivität des verwendeten Radionuklids.","","","","","","","","","",,,,,"",,,,"Onkologie.Strahlentherapie.StrahlentherapieBestrahlung.StrahlentherapieEinheit",0,1,"","","Procedure.extension[Bestrahlung].extension[Einheit].valueCodeableConcept.coding.code","14.11"
"Onkologie.Strahlentherapie.StrahlentherapieBestrahlung.StrahlentherapieBoost","Onkologie.Strahlentherapie.StrahlentherapieBestrahlung.StrahlentherapieBoost","","","",0,1,"","","","code {[]} {[]}
","Boost","Angabe, ob ein Boost und falls ja, welche Art von Boost appliziert wurde.","","","","","","","","","",,,,,"",,,,"Onkologie.Strahlentherapie.StrahlentherapieBestrahlung.StrahlentherapieBoost",0,1,"","","Procedure.extension[Bestrahlung].extension[Boost].valueCodeableConcept.coding.code","14.12"
"Onkologie.SystemischeTherapie","Onkologie.SystemischeTherapie","","","",0,*,"","","","BackboneElement {[]} {[]}
","Systemische Therapie","Systemische Therapie","","","","","","","","","",,,,,"",,,,"Onkologie.SystemischeTherapie",0,*,"","ele-1:All FHIR elements must have a @value or children {hasValue() or (children().count() > id.count())}
","16"
"Onkologie.SystemischeTherapie.id","Onkologie.SystemischeTherapie.id","","","",0,1,"","","","string {[]} {[]}
","Unique id for inter-element referencing","Unique id for the element within a resource (for internal references). This may be any string value that does not contain spaces.","","","","","","","","","",,,,,"",,,,"Element.id",0,1,"",""
"Onkologie.SystemischeTherapie.extension","Onkologie.SystemischeTherapie.extension","","extensions
user content","",0,*,"","","","Extension {[]} {[]}
","Additional content defined by implementations","May be used to represent additional information that is not part of the basic definition of the element. To make the use of extensions safe and manageable, there is a strict set of governance  applied to the definition and use of extensions. Though any implementer can define an extension, there is a set of requirements that SHALL be met as part of the definition of the extension.","There can be no stigma associated with the use of extensions by any application, project, or standard - regardless of the institution or jurisdiction that uses or defines the extensions.  The use of extensions is what allows the FHIR specification to retain a core level of simplicity for everyone.","","","","","","","","",,,,,"","value:url}
","Extensions are always sliced by (at least) url",,"open","Element.extension",0,*,"","ele-1:All FHIR elements must have a @value or children {hasValue() or (children().count() > id.count())}
ext-1:Must have either extensions or value[x], not both {extension.exists() != value.exists()}"
"Onkologie.SystemischeTherapie.modifierExtension","Onkologie.SystemischeTherapie.modifierExtension","","extensions
user contentmodifiers","",0,*,"","Y","Y","Extension {[]} {[]}
","Extensions that cannot be ignored even if unrecognized","May be used to represent additional information that is not part of the basic definition of the element and that modifies the understanding of the element in which it is contained and/or the understanding of the containing element's descendants. Usually modifier elements provide negation or qualification. To make the use of extensions safe and manageable, there is a strict set of governance applied to the definition and use of extensions. Though any implementer can define an extension, there is a set of requirements that SHALL be met as part of the definition of the extension. Applications processing a resource are required to check for modifier extensions.

Modifier extensions SHALL NOT change the meaning of any elements on Resource or DomainResource (including cannot change the meaning of modifierExtension itself).","There can be no stigma associated with the use of extensions by any application, project, or standard - regardless of the institution or jurisdiction that uses or defines the extensions.  The use of extensions is what allows the FHIR specification to retain a core level of simplicity for everyone.","Modifier extensions allow for extensions that *cannot* be safely ignored to be clearly distinguished from the vast majority of extensions which can be safely ignored.  This promotes interoperability by eliminating the need for implementers to prohibit the presence of extensions. For further information, see the [definition of modifier extensions](http://hl7.org/fhir/R4/extensibility.html#modifierExtension).","","","","","","","",,,,,"",,,,"BackboneElement.modifierExtension",0,*,"","ele-1:All FHIR elements must have a @value or children {hasValue() or (children().count() > id.count())}
ext-1:Must have either extensions or value[x], not both {extension.exists() != value.exists()}"
"Onkologie.SystemischeTherapie.SystemischeTherapieIntention","Onkologie.SystemischeTherapie.SystemischeTherapieIntention","","","",1,1,"","","","code {[]} {[]}
","Intention der systemischen Therapie","Intention der systemischen Therapie","","","","","","","","","",,,,,"",,,,"Onkologie.SystemischeTherapie.SystemischeTherapieIntention",1,1,"","","Procedure.extension[Intention].valueCodeableConcept.coding.code","16.1"
"Onkologie.SystemischeTherapie.SystemischeTherapieStellung","Onkologie.SystemischeTherapie.SystemischeTherapieStellung","","","",1,1,"","","","code {[]} {[]}
","Systemische Therapie Stellung zu operativer Therapie","Gibt an, in welchem Bezug zu einer operativen Therapie die systemische Therapie steht.","","","","","","","","","",,,,,"",,,,"Onkologie.SystemischeTherapie.SystemischeTherapieStellung",1,1,"","","Procedure.extension[Stellung].valueCodeableConcept.coding.code","16.2"
"Onkologie.SystemischeTherapie.SystemischeTherapieArtTherapie","Onkologie.SystemischeTherapie.SystemischeTherapieArtTherapie","","","",1,1,"","","","code {[]} {[]}
","Art der systemischen oder abwartenden Therapie","Gibt an, welche Art der Therapie bzw. abwartende Strategie durchgeführt wurde.","","","","","","","","","",,,,,"",,,,"Onkologie.SystemischeTherapie.SystemischeTherapieArtTherapie",1,1,"","","Procedure.code.coding.code","16.3"
"Onkologie.SystemischeTherapie.SystemischeTherapieProtokoll","Onkologie.SystemischeTherapie.SystemischeTherapieProtokoll","","","",0,1,"","","","string {[]} {[]}
","Systemische Therapie Protokoll","Gibt an, nach welchem Protokoll die Systemtherapie durchgeführt wurde.","","","","","","","","","",,,,,"",,,,"Onkologie.SystemischeTherapie.SystemischeTherapieProtokoll",0,1,"","","MedicationStatement.medicationCodeableConcept.text","16.4"
"Onkologie.SystemischeTherapie.SystemischeTherapieSubstanz","Onkologie.SystemischeTherapie.SystemischeTherapieSubstanz","","","",0,*,"","","","code {[]} {[]}
","Systemische Therapie Substanz","Gibt an, mit welcher Substanz die Systemtherapie durchgeführt wurde. Nach Möglichkeit ATC kodiert. Mehrere Substanzen sind jeweils einzeln zu kodieren.","","","","","","","","","",,,,,"",,,,"Onkologie.SystemischeTherapie.SystemischeTherapieSubstanz",0,*,"","","MedicationStatement.medicationCodeableConcept[atcClassDe].coding.code","16.6"
"Onkologie.SystemischeTherapie.SystemischeTherapieBeginn","Onkologie.SystemischeTherapie.SystemischeTherapieBeginn","","","",0,1,"","","","date {[]} {[]}
","Systemische Therapie Beginn","Gibt an, wann die systemische Therapie begonnen wurde.","","","","","","","","","",,,,,"",,,,"Onkologie.SystemischeTherapie.SystemischeTherapieBeginn",0,1,"","","Procedure.performedPeriod.start","16.5"
"Onkologie.SystemischeTherapie.SystemischeTherapieEnde","Onkologie.SystemischeTherapie.SystemischeTherapieEnde","","","",0,1,"","","","date {[]} {[]}
","Systemische Therapie Ende Grund","Gibt den Grund an, warum die Systemtherapie beendet wurde.","","","","","","","","","",,,,,"",,,,"Onkologie.SystemischeTherapie.SystemischeTherapieEnde",0,1,"","","Procedure.performedPeriod.end","16.8"
"Onkologie.SystemischeTherapie.SystemischeTherapieEndeGrund","Onkologie.SystemischeTherapie.SystemischeTherapieEndeGrund","","","",0,1,"","","","code {[]} {[]}
","Systemische Therapie Ende","Gibt an, wann die systemische Therapie beendet wurde.","","","","","","","","","",,,,,"",,,,"Onkologie.SystemischeTherapie.SystemischeTherapieEndeGrund",0,1,"","","Procedure.outcome.coding.code","16.7"
"Onkologie.Nebenwirkungen","Onkologie.Nebenwirkungen","","","",0,*,"","","","BackboneElement {[]} {[]}
","Nebenwirkungen","Nebenwirkungen","","","","","","","","","",,,,,"",,,,"Onkologie.Nebenwirkungen",0,*,"","ele-1:All FHIR elements must have a @value or children {hasValue() or (children().count() > id.count())}
","15"
"Onkologie.Nebenwirkungen.id","Onkologie.Nebenwirkungen.id","","","",0,1,"","","","string {[]} {[]}
","Unique id for inter-element referencing","Unique id for the element within a resource (for internal references). This may be any string value that does not contain spaces.","","","","","","","","","",,,,,"",,,,"Element.id",0,1,"",""
"Onkologie.Nebenwirkungen.extension","Onkologie.Nebenwirkungen.extension","","extensions
user content","",0,*,"","","","Extension {[]} {[]}
","Additional content defined by implementations","May be used to represent additional information that is not part of the basic definition of the element. To make the use of extensions safe and manageable, there is a strict set of governance  applied to the definition and use of extensions. Though any implementer can define an extension, there is a set of requirements that SHALL be met as part of the definition of the extension.","There can be no stigma associated with the use of extensions by any application, project, or standard - regardless of the institution or jurisdiction that uses or defines the extensions.  The use of extensions is what allows the FHIR specification to retain a core level of simplicity for everyone.","","","","","","","","",,,,,"","value:url}
","Extensions are always sliced by (at least) url",,"open","Element.extension",0,*,"","ele-1:All FHIR elements must have a @value or children {hasValue() or (children().count() > id.count())}
ext-1:Must have either extensions or value[x], not both {extension.exists() != value.exists()}"
"Onkologie.Nebenwirkungen.modifierExtension","Onkologie.Nebenwirkungen.modifierExtension","","extensions
user contentmodifiers","",0,*,"","Y","Y","Extension {[]} {[]}
","Extensions that cannot be ignored even if unrecognized","May be used to represent additional information that is not part of the basic definition of the element and that modifies the understanding of the element in which it is contained and/or the understanding of the containing element's descendants. Usually modifier elements provide negation or qualification. To make the use of extensions safe and manageable, there is a strict set of governance applied to the definition and use of extensions. Though any implementer can define an extension, there is a set of requirements that SHALL be met as part of the definition of the extension. Applications processing a resource are required to check for modifier extensions.

Modifier extensions SHALL NOT change the meaning of any elements on Resource or DomainResource (including cannot change the meaning of modifierExtension itself).","There can be no stigma associated with the use of extensions by any application, project, or standard - regardless of the institution or jurisdiction that uses or defines the extensions.  The use of extensions is what allows the FHIR specification to retain a core level of simplicity for everyone.","Modifier extensions allow for extensions that *cannot* be safely ignored to be clearly distinguished from the vast majority of extensions which can be safely ignored.  This promotes interoperability by eliminating the need for implementers to prohibit the presence of extensions. For further information, see the [definition of modifier extensions](http://hl7.org/fhir/R4/extensibility.html#modifierExtension).","","","","","","","",,,,,"",,,,"BackboneElement.modifierExtension",0,*,"","ele-1:All FHIR elements must have a @value or children {hasValue() or (children().count() > id.count())}
ext-1:Must have either extensions or value[x], not both {extension.exists() != value.exists()}"
"Onkologie.Nebenwirkungen.NebenwirkungenCTCAEGrad","Onkologie.Nebenwirkungen.NebenwirkungenCTCAEGrad","","","",1,1,"","","","code {[]} {[]}
","Nebenwirkungen nach CTCAE-Grad","Gibt an, zu welchem Schweregrad von Nebenwirkungen es bei der Bestrahlung oder der systemischen Therapie gekommen ist.","","","","","","","","","",,,,,"",,,,"Onkologie.Nebenwirkungen.NebenwirkungenCTCAEGrad",1,1,"","","AdverseEvent.seriousness.coding.code","15.1"
"Onkologie.Nebenwirkungen.NebenwirkungenCTCAEArt","Onkologie.Nebenwirkungen.NebenwirkungenCTCAEArt","","","",1,1,"","","","code {[]} {[]}
","Nebenwirkungen nach CTCAE Art","Gibt an, zu welcher Nebenwirkung es bei der Bestrahlung oder der systemischen Therapie gekommen ist. Bei der Bestrahlung sind sogenannte akute Nebenwirkungen bis zum 90. Tag nach Bestrahlungsbeginn gemeint.","","","","","","","","","",,,,,"",,,,"Onkologie.Nebenwirkungen.NebenwirkungenCTCAEArt",1,1,"","","AdverseEvent.event.coding.code","15.2"
"Onkologie.Nebenwirkungen.NebenwirkungenCTCAEVersion","Onkologie.Nebenwirkungen.NebenwirkungenCTCAEVersion","","","",1,1,"","","","string {[]} {[]}
","Nebenwirkungen nach CTCAE Version","Für den medizinischen Katalog gültige Versionsbezeichnungen (4, 4.03, 5.0, Sonstige). Gemeint ist die Version des CTCAE-Katalogs, nicht die des MedDRA-Katalogs, aus dem die Codes stammen — CTCAE v4.03 basiert auf MedDRA v12.0.","","","","","","","","","",,,,,"",,,,"Onkologie.Nebenwirkungen.NebenwirkungenCTCAEVersion",1,1,"","","AdverseEvent.extension.where(url='https://www.medizininformatik-initiative.de/fhir/ext/modul-onko/StructureDefinition/mii-ex-onko-nebenwirkung-ctcae-version').valueCodeableConcept","15.3"
"Onkologie.Verlauf","Onkologie.Verlauf","","","",0,*,"","","","BackboneElement {[]} {[]}
","Verlauf","Verlauf","","","","","","","","","",,,,,"",,,,"Onkologie.Verlauf",0,*,"","ele-1:All FHIR elements must have a @value or children {hasValue() or (children().count() > id.count())}
","17"
"Onkologie.Verlauf.id","Onkologie.Verlauf.id","","","",0,1,"","","","string {[]} {[]}
","Unique id for inter-element referencing","Unique id for the element within a resource (for internal references). This may be any string value that does not contain spaces.","","","","","","","","","",,,,,"",,,,"Element.id",0,1,"",""
"Onkologie.Verlauf.extension","Onkologie.Verlauf.extension","","extensions
user content","",0,*,"","","","Extension {[]} {[]}
","Additional content defined by implementations","May be used to represent additional information that is not part of the basic definition of the element. To make the use of extensions safe and manageable, there is a strict set of governance  applied to the definition and use of extensions. Though any implementer can define an extension, there is a set of requirements that SHALL be met as part of the definition of the extension.","There can be no stigma associated with the use of extensions by any application, project, or standard - regardless of the institution or jurisdiction that uses or defines the extensions.  The use of extensions is what allows the FHIR specification to retain a core level of simplicity for everyone.","","","","","","","","",,,,,"","value:url}
","Extensions are always sliced by (at least) url",,"open","Element.extension",0,*,"","ele-1:All FHIR elements must have a @value or children {hasValue() or (children().count() > id.count())}
ext-1:Must have either extensions or value[x], not both {extension.exists() != value.exists()}"
"Onkologie.Verlauf.modifierExtension","Onkologie.Verlauf.modifierExtension","","extensions
user contentmodifiers","",0,*,"","Y","Y","Extension {[]} {[]}
","Extensions that cannot be ignored even if unrecognized","May be used to represent additional information that is not part of the basic definition of the element and that modifies the understanding of the element in which it is contained and/or the understanding of the containing element's descendants. Usually modifier elements provide negation or qualification. To make the use of extensions safe and manageable, there is a strict set of governance applied to the definition and use of extensions. Though any implementer can define an extension, there is a set of requirements that SHALL be met as part of the definition of the extension. Applications processing a resource are required to check for modifier extensions.

Modifier extensions SHALL NOT change the meaning of any elements on Resource or DomainResource (including cannot change the meaning of modifierExtension itself).","There can be no stigma associated with the use of extensions by any application, project, or standard - regardless of the institution or jurisdiction that uses or defines the extensions.  The use of extensions is what allows the FHIR specification to retain a core level of simplicity for everyone.","Modifier extensions allow for extensions that *cannot* be safely ignored to be clearly distinguished from the vast majority of extensions which can be safely ignored.  This promotes interoperability by eliminating the need for implementers to prohibit the presence of extensions. For further information, see the [definition of modifier extensions](http://hl7.org/fhir/R4/extensibility.html#modifierExtension).","","","","","","","",,,,,"",,,,"BackboneElement.modifierExtension",0,*,"","ele-1:All FHIR elements must have a @value or children {hasValue() or (children().count() > id.count())}
ext-1:Must have either extensions or value[x], not both {extension.exists() != value.exists()}"
"Onkologie.Verlauf.VerlaufDatum","Onkologie.Verlauf.VerlaufDatum","","","",0,*,"","","","date {[]} {[]}
","Untersuchungsdatum Verlauf","Datum, an dem die letzte Untersuchung durchgeführt wurde, die zur Einschätzung des Tumorstatus geführt hat.","","","","","","","","","",,,,,"",,,,"Onkologie.Verlauf.VerlaufDatum",0,*,"","","17.1"
"Onkologie.Verlauf.VerlaufBeurteilungTumorstatus","Onkologie.Verlauf.VerlaufBeurteilungTumorstatus","","","",0,*,"","","","code {[]} {[]}
","Gesamtbeurteilung des Tumorstatus","Gesamtbeurteilung der Erkrankung unter Berücksichtigung aller Manifestationen.","","","","","","","","","",,,,,"",,,,"Onkologie.Verlauf.VerlaufBeurteilungTumorstatus",0,*,"","","17.2"
"Onkologie.Verlauf.VerlaufTumorstatusPrimaertumor","Onkologie.Verlauf.VerlaufTumorstatusPrimaertumor","","","",0,*,"","","","code {[]} {[]}
","Tumorstatus Primärtumor","Beurteilung der Situation im Primärtumorbereich.","","","","","","","","","",,,,,"",,,,"Onkologie.Verlauf.VerlaufTumorstatusPrimaertumor",0,*,"","","17.3"
"Onkologie.Verlauf.VerlaufTumorstatusLymphknoten","Onkologie.Verlauf.VerlaufTumorstatusLymphknoten","","","",0,*,"","","","code {[]} {[]}
","Tumorstatus Lymphknoten","Beurteilung der Situation im Bereich der regionären Lymphknoten.","","","","","","","","","",,,,,"",,,,"Onkologie.Verlauf.VerlaufTumorstatusLymphknoten",0,*,"","","17.4"
"Onkologie.Verlauf.VerlaufTumorstatusMetastasen","Onkologie.Verlauf.VerlaufTumorstatusMetastasen","","","",0,*,"","","","code {[]} {[]}
","Tumorstatus Fernmetastasen","Beurteilung der Situation im Bereich der Fernmetastasen.","","","","","","","","","",,,,,"",,,,"Onkologie.Verlauf.VerlaufTumorstatusMetastasen",0,*,"","","17.5"
"Onkologie.Tumorkonferenz","Onkologie.Tumorkonferenz","","","",0,*,"","","","BackboneElement {[]} {[]}
","Tumorkonferenz und Therapieempfehlung","Tumorkonferenz und Therapieempfehlung","","","","","","","","","",,,,,"",,,,"Onkologie.Tumorkonferenz",0,*,"","ele-1:All FHIR elements must have a @value or children {hasValue() or (children().count() > id.count())}
","18, 19"
"Onkologie.Tumorkonferenz.id","Onkologie.Tumorkonferenz.id","","","",0,1,"","","","string {[]} {[]}
","Unique id for inter-element referencing","Unique id for the element within a resource (for internal references). This may be any string value that does not contain spaces.","","","","","","","","","",,,,,"",,,,"Element.id",0,1,"",""
"Onkologie.Tumorkonferenz.extension","Onkologie.Tumorkonferenz.extension","","extensions
user content","",0,*,"","","","Extension {[]} {[]}
","Additional content defined by implementations","May be used to represent additional information that is not part of the basic definition of the element. To make the use of extensions safe and manageable, there is a strict set of governance  applied to the definition and use of extensions. Though any implementer can define an extension, there is a set of requirements that SHALL be met as part of the definition of the extension.","There can be no stigma associated with the use of extensions by any application, project, or standard - regardless of the institution or jurisdiction that uses or defines the extensions.  The use of extensions is what allows the FHIR specification to retain a core level of simplicity for everyone.","","","","","","","","",,,,,"","value:url}
","Extensions are always sliced by (at least) url",,"open","Element.extension",0,*,"","ele-1:All FHIR elements must have a @value or children {hasValue() or (children().count() > id.count())}
ext-1:Must have either extensions or value[x], not both {extension.exists() != value.exists()}"
"Onkologie.Tumorkonferenz.modifierExtension","Onkologie.Tumorkonferenz.modifierExtension","","extensions
user contentmodifiers","",0,*,"","Y","Y","Extension {[]} {[]}
","Extensions that cannot be ignored even if unrecognized","May be used to represent additional information that is not part of the basic definition of the element and that modifies the understanding of the element in which it is contained and/or the understanding of the containing element's descendants. Usually modifier elements provide negation or qualification. To make the use of extensions safe and manageable, there is a strict set of governance applied to the definition and use of extensions. Though any implementer can define an extension, there is a set of requirements that SHALL be met as part of the definition of the extension. Applications processing a resource are required to check for modifier extensions.

Modifier extensions SHALL NOT change the meaning of any elements on Resource or DomainResource (including cannot change the meaning of modifierExtension itself).","There can be no stigma associated with the use of extensions by any application, project, or standard - regardless of the institution or jurisdiction that uses or defines the extensions.  The use of extensions is what allows the FHIR specification to retain a core level of simplicity for everyone.","Modifier extensions allow for extensions that *cannot* be safely ignored to be clearly distinguished from the vast majority of extensions which can be safely ignored.  This promotes interoperability by eliminating the need for implementers to prohibit the presence of extensions. For further information, see the [definition of modifier extensions](http://hl7.org/fhir/R4/extensibility.html#modifierExtension).","","","","","","","",,,,,"",,,,"BackboneElement.modifierExtension",0,*,"","ele-1:All FHIR elements must have a @value or children {hasValue() or (children().count() > id.count())}
ext-1:Must have either extensions or value[x], not both {extension.exists() != value.exists()}"
"Onkologie.Tumorkonferenz.TumorkonferenzTherapieplanungDatum","Onkologie.Tumorkonferenz.TumorkonferenzTherapieplanungDatum","","","",1,1,"","","","date {[]} {[]}
","Tumorkonferenz Therapieplanung Datum","Datum der Durchführung der Tumorkonferenz bzw. der sonstigen Therapieplanung.","","","","","","","","","",,,,,"",,,,"Onkologie.Tumorkonferenz.TumorkonferenzTherapieplanungDatum",1,1,"","","CarePlan.created","18.1"
"Onkologie.Tumorkonferenz.TumorkonferenzTherapieplanungTyp","Onkologie.Tumorkonferenz.TumorkonferenzTherapieplanungTyp","","","",1,1,"","","","code {[]} {[]}
","Tumorkonferenz Therapieplanung Typ","Typ der Tumorkonferenz bzw. der sonstigen Therapieplanung.","","","","","","","","","",,,,,"",,,,"Onkologie.Tumorkonferenz.TumorkonferenzTherapieplanungTyp",1,1,"","","CarePlan.category","18.2"
"Onkologie.Tumorkonferenz.TumorkonferenzTherapieempfehlungTyp","Onkologie.Tumorkonferenz.TumorkonferenzTherapieempfehlungTyp","","","",1,*,"","","","code {[]} {[]}
","Tumorkonferenz Therapieempfehlung Typ","Typ der Therapieempfehlung der Tumorkonferenz (z.B. CH, OP, ST).","","","","","","","","","",,,,,"",,,,"Onkologie.Tumorkonferenz.TumorkonferenzTherapieempfehlungTyp",1,*,"","","RequestGroup.code (Therapy type: CH, OP, ST, etc.)","19.1"
"Onkologie.Tumorkonferenz.TumorkonferenzTherapieempfehlungProtokoll","Onkologie.Tumorkonferenz.TumorkonferenzTherapieempfehlungProtokoll","","","",0,*,"","","","code {[]} {[]}
","Tumorkonferenz Therapieempfehlung Protokoll","Empfohlenes Therapieprotokoll bei systemischer Therapie (z.B. FOLFOX4, R-CHOP, AC). Optional, insbesondere bei Kombinationstherapien.","","","","","","","","","",,,,,"",,,,"Onkologie.Tumorkonferenz.TumorkonferenzTherapieempfehlungProtokoll",0,*,"","","RequestGroup.action.code (Protocol: FOLFOX4, R-CHOP, etc.)","19.1 (Erweiterung)"
"Onkologie.Tumorkonferenz.TumorkonferenzTherapieempfehlungMedikation","Onkologie.Tumorkonferenz.TumorkonferenzTherapieempfehlungMedikation","","","",0,*,"","","","code {[]} {[]}
","Tumorkonferenz Therapieempfehlung Medikation","Einzelne empfohlene Medikamente/Substanzen der Therapie (z.B. ATC-kodiert). Bei Kombinationstherapien werden mehrere Medikamente angegeben.","","","","","","","","","",,,,,"",,,,"Onkologie.Tumorkonferenz.TumorkonferenzTherapieempfehlungMedikation",0,*,"","","MedicationRequest.medicationCodeableConcept (referenced from RequestGroup.action.action.resource)","19.1 (Erweiterung)"
"Onkologie.Tumorkonferenz.TumorkonferenzTherapieAbweichungPatientenwunsch","Onkologie.Tumorkonferenz.TumorkonferenzTherapieAbweichungPatientenwunsch","","","",1,*,"","","","code {[]} {[]}
","Tumorkonferenz/Therapieempfehlung Therapieabweichung auf Wunsch des Patienten","Abweichung auf Wunsch des Patienten.","","","","","","","","","",,,,,"",,,,"Onkologie.Tumorkonferenz.TumorkonferenzTherapieAbweichungPatientenwunsch",1,*,"","","CarePlan.activity.detail.status & statusReason","19.2"
"Onkologie.Tod","Onkologie.Tod","","","",0,1,"","","","BackboneElement {[]} {[]}
","Tod","Tod","","","","","","","","","",,,,,"",,,,"Onkologie.Tod",0,1,"","ele-1:All FHIR elements must have a @value or children {hasValue() or (children().count() > id.count())}
","20"
"Onkologie.Tod.id","Onkologie.Tod.id","","","",0,1,"","","","string {[]} {[]}
","Unique id for inter-element referencing","Unique id for the element within a resource (for internal references). This may be any string value that does not contain spaces.","","","","","","","","","",,,,,"",,,,"Element.id",0,1,"",""
"Onkologie.Tod.extension","Onkologie.Tod.extension","","extensions
user content","",0,*,"","","","Extension {[]} {[]}
","Additional content defined by implementations","May be used to represent additional information that is not part of the basic definition of the element. To make the use of extensions safe and manageable, there is a strict set of governance  applied to the definition and use of extensions. Though any implementer can define an extension, there is a set of requirements that SHALL be met as part of the definition of the extension.","There can be no stigma associated with the use of extensions by any application, project, or standard - regardless of the institution or jurisdiction that uses or defines the extensions.  The use of extensions is what allows the FHIR specification to retain a core level of simplicity for everyone.","","","","","","","","",,,,,"","value:url}
","Extensions are always sliced by (at least) url",,"open","Element.extension",0,*,"","ele-1:All FHIR elements must have a @value or children {hasValue() or (children().count() > id.count())}
ext-1:Must have either extensions or value[x], not both {extension.exists() != value.exists()}"
"Onkologie.Tod.modifierExtension","Onkologie.Tod.modifierExtension","","extensions
user contentmodifiers","",0,*,"","Y","Y","Extension {[]} {[]}
","Extensions that cannot be ignored even if unrecognized","May be used to represent additional information that is not part of the basic definition of the element and that modifies the understanding of the element in which it is contained and/or the understanding of the containing element's descendants. Usually modifier elements provide negation or qualification. To make the use of extensions safe and manageable, there is a strict set of governance applied to the definition and use of extensions. Though any implementer can define an extension, there is a set of requirements that SHALL be met as part of the definition of the extension. Applications processing a resource are required to check for modifier extensions.

Modifier extensions SHALL NOT change the meaning of any elements on Resource or DomainResource (including cannot change the meaning of modifierExtension itself).","There can be no stigma associated with the use of extensions by any application, project, or standard - regardless of the institution or jurisdiction that uses or defines the extensions.  The use of extensions is what allows the FHIR specification to retain a core level of simplicity for everyone.","Modifier extensions allow for extensions that *cannot* be safely ignored to be clearly distinguished from the vast majority of extensions which can be safely ignored.  This promotes interoperability by eliminating the need for implementers to prohibit the presence of extensions. For further information, see the [definition of modifier extensions](http://hl7.org/fhir/R4/extensibility.html#modifierExtension).","","","","","","","",,,,,"",,,,"BackboneElement.modifierExtension",0,*,"","ele-1:All FHIR elements must have a @value or children {hasValue() or (children().count() > id.count())}
ext-1:Must have either extensions or value[x], not both {extension.exists() != value.exists()}"
"Onkologie.Tod.Sterbedatum","Onkologie.Tod.Sterbedatum","","","",0,1,"","","","date {[]} {[]}
","Sterbedatum","Datum des Todes","","","","","","","","","",,,,,"",,,,"Onkologie.Tod.Sterbedatum",0,1,"","","Observation.effectiveDateTime","20.1"
"Onkologie.Tod.TodTumorbedingt","Onkologie.Tod.TodTumorbedingt","","","",0,1,"","","","code {[]} {[]}
","Tod tumorbedingt","Krebs-Tod-Relation","","","","","","","","","",,,,,"",,,,"Onkologie.Tod.TodTumorbedingt",0,1,"","","Observation.interpretation.coding.code","20.2"
"Onkologie.Tod.TodesursacheICD","Onkologie.Tod.TodesursacheICD","","","",0,*,"","","","code {[]} {[]}
","Todesursache ICD","Todesursache im Sinne des Grundleidens","","","","","","","","","",,,,,"",,,,"Onkologie.Tod.TodesursacheICD",0,*,"","","Observation.valueCodeableConcept.coding.code","20.3"
"Onkologie.Tod.TodesursacheICDVersion","Onkologie.Tod.TodesursacheICDVersion","","","",0,*,"","","","string {[]} {[]}
","Todesursache ICD Version","Bezeichnung der zur Kodierung verwendeten ICD-GM-Version","","","","","","","","","",,,,,"",,,,"Onkologie.Tod.TodesursacheICDVersion",0,*,"","","Observation.valueCodeableConcept.coding.version","20.4"
"Onkologie.GenetischeVariante","Onkologie.GenetischeVariante","","","",0,*,"","","","BackboneElement {[]} {[]}
","Genetische Variante","Genetische Variante","","","","","","","","","",,,,,"",,,,"Onkologie.GenetischeVariante",0,*,"","ele-1:All FHIR elements must have a @value or children {hasValue() or (children().count() > id.count())}
","Observation","23"
"Onkologie.GenetischeVariante.id","Onkologie.GenetischeVariante.id","","","",0,1,"","","","string {[]} {[]}
","Unique id for inter-element referencing","Unique id for the element within a resource (for internal references). This may be any string value that does not contain spaces.","","","","","","","","","",,,,,"",,,,"Element.id",0,1,"",""
"Onkologie.GenetischeVariante.extension","Onkologie.GenetischeVariante.extension","","extensions
user content","",0,*,"","","","Extension {[]} {[]}
","Additional content defined by implementations","May be used to represent additional information that is not part of the basic definition of the element. To make the use of extensions safe and manageable, there is a strict set of governance  applied to the definition and use of extensions. Though any implementer can define an extension, there is a set of requirements that SHALL be met as part of the definition of the extension.","There can be no stigma associated with the use of extensions by any application, project, or standard - regardless of the institution or jurisdiction that uses or defines the extensions.  The use of extensions is what allows the FHIR specification to retain a core level of simplicity for everyone.","","","","","","","","",,,,,"","value:url}
","Extensions are always sliced by (at least) url",,"open","Element.extension",0,*,"","ele-1:All FHIR elements must have a @value or children {hasValue() or (children().count() > id.count())}
ext-1:Must have either extensions or value[x], not both {extension.exists() != value.exists()}"
"Onkologie.GenetischeVariante.modifierExtension","Onkologie.GenetischeVariante.modifierExtension","","extensions
user contentmodifiers","",0,*,"","Y","Y","Extension {[]} {[]}
","Extensions that cannot be ignored even if unrecognized","May be used to represent additional information that is not part of the basic definition of the element and that modifies the understanding of the element in which it is contained and/or the understanding of the containing element's descendants. Usually modifier elements provide negation or qualification. To make the use of extensions safe and manageable, there is a strict set of governance applied to the definition and use of extensions. Though any implementer can define an extension, there is a set of requirements that SHALL be met as part of the definition of the extension. Applications processing a resource are required to check for modifier extensions.

Modifier extensions SHALL NOT change the meaning of any elements on Resource or DomainResource (including cannot change the meaning of modifierExtension itself).","There can be no stigma associated with the use of extensions by any application, project, or standard - regardless of the institution or jurisdiction that uses or defines the extensions.  The use of extensions is what allows the FHIR specification to retain a core level of simplicity for everyone.","Modifier extensions allow for extensions that *cannot* be safely ignored to be clearly distinguished from the vast majority of extensions which can be safely ignored.  This promotes interoperability by eliminating the need for implementers to prohibit the presence of extensions. For further information, see the [definition of modifier extensions](http://hl7.org/fhir/R4/extensibility.html#modifierExtension).","","","","","","","",,,,,"",,,,"BackboneElement.modifierExtension",0,*,"","ele-1:All FHIR elements must have a @value or children {hasValue() or (children().count() > id.count())}
ext-1:Must have either extensions or value[x], not both {extension.exists() != value.exists()}"
"Onkologie.GenetischeVariante.GenetischeVarianteName","Onkologie.GenetischeVariante.GenetischeVarianteName","","","",0,1,"","","","string {[]} {[]}
","Genetische Variante Name","Name der genetischen Variante (z.B. K-ras, BRAFV600, NRAS, C-KIT)","","","","","","","","","",,,,,"",,,,"Onkologie.GenetischeVariante.GenetischeVarianteName",0,1,"","","Observation.note","23.1"
"Onkologie.GenetischeVariante.GenetischeVarianteAuspraegung","Onkologie.GenetischeVariante.GenetischeVarianteAuspraegung","","","",0,1,"","","","code {[]} {[]}
","Genetische Variante Ausprägung","Ausprägung der genetischen Variante nach oBDS","","","","","","","","","",,,,,"",,,,"Onkologie.GenetischeVariante.GenetischeVarianteAuspraegung",0,1,"","","Observation.interpretation","23.2"
"Onkologie.Studienteilnahme","Onkologie.Studienteilnahme","","","",0,*,"","","","BackboneElement {[]} {[]}
","Studienteilnahme","Studienteilnahme","","","","","","","","","",,,,,"",,,,"Onkologie.Studienteilnahme",0,*,"","ele-1:All FHIR elements must have a @value or children {hasValue() or (children().count() > id.count())}
","Observation","24"
"Onkologie.Studienteilnahme.id","Onkologie.Studienteilnahme.id","","","",0,1,"","","","string {[]} {[]}
","Unique id for inter-element referencing","Unique id for the element within a resource (for internal references). This may be any string value that does not contain spaces.","","","","","","","","","",,,,,"",,,,"Element.id",0,1,"",""
"Onkologie.Studienteilnahme.extension","Onkologie.Studienteilnahme.extension","","extensions
user content","",0,*,"","","","Extension {[]} {[]}
","Additional content defined by implementations","May be used to represent additional information that is not part of the basic definition of the element. To make the use of extensions safe and manageable, there is a strict set of governance  applied to the definition and use of extensions. Though any implementer can define an extension, there is a set of requirements that SHALL be met as part of the definition of the extension.","There can be no stigma associated with the use of extensions by any application, project, or standard - regardless of the institution or jurisdiction that uses or defines the extensions.  The use of extensions is what allows the FHIR specification to retain a core level of simplicity for everyone.","","","","","","","","",,,,,"","value:url}
","Extensions are always sliced by (at least) url",,"open","Element.extension",0,*,"","ele-1:All FHIR elements must have a @value or children {hasValue() or (children().count() > id.count())}
ext-1:Must have either extensions or value[x], not both {extension.exists() != value.exists()}"
"Onkologie.Studienteilnahme.modifierExtension","Onkologie.Studienteilnahme.modifierExtension","","extensions
user contentmodifiers","",0,*,"","Y","Y","Extension {[]} {[]}
","Extensions that cannot be ignored even if unrecognized","May be used to represent additional information that is not part of the basic definition of the element and that modifies the understanding of the element in which it is contained and/or the understanding of the containing element's descendants. Usually modifier elements provide negation or qualification. To make the use of extensions safe and manageable, there is a strict set of governance applied to the definition and use of extensions. Though any implementer can define an extension, there is a set of requirements that SHALL be met as part of the definition of the extension. Applications processing a resource are required to check for modifier extensions.

Modifier extensions SHALL NOT change the meaning of any elements on Resource or DomainResource (including cannot change the meaning of modifierExtension itself).","There can be no stigma associated with the use of extensions by any application, project, or standard - regardless of the institution or jurisdiction that uses or defines the extensions.  The use of extensions is what allows the FHIR specification to retain a core level of simplicity for everyone.","Modifier extensions allow for extensions that *cannot* be safely ignored to be clearly distinguished from the vast majority of extensions which can be safely ignored.  This promotes interoperability by eliminating the need for implementers to prohibit the presence of extensions. For further information, see the [definition of modifier extensions](http://hl7.org/fhir/R4/extensibility.html#modifierExtension).","","","","","","","",,,,,"",,,,"BackboneElement.modifierExtension",0,*,"","ele-1:All FHIR elements must have a @value or children {hasValue() or (children().count() > id.count())}
ext-1:Must have either extensions or value[x], not both {extension.exists() != value.exists()}"
"Onkologie.Studienteilnahme.StudienteilnahmeStatus","Onkologie.Studienteilnahme.StudienteilnahmeStatus","","","",0,1,"","","","code {[]} {[]}
","Studienteilnahme Status","Einschluss in eine Studie mit Ethikvotum","","","","","","","","","",,,,,"",,,,"Onkologie.Studienteilnahme.StudienteilnahmeStatus",0,1,"","","Observation.valueCodeableConcept.coding.code","24.1"
"Onkologie.Studienteilnahme.StudienteilnahmeDatum","Onkologie.Studienteilnahme.StudienteilnahmeDatum","","","",0,1,"","","","code {[]} {[]}
","Studienteilnahme Datum","Erstes Einschlussdatum einer Studie mit Ethikvotum","","","","","","","","","",,,,,"",,,,"Onkologie.Studienteilnahme.StudienteilnahmeDatum",0,1,"","","Observation.effectiveDateTime","24.2"
"Onkologie.Studienteilnahme.StudienteilnahmeStudienreferenz","Onkologie.Studienteilnahme.StudienteilnahmeStudienreferenz","","","",0,1,"","","","Reference {[]} {[]}
","Studienteilnahme Studienreferenz","Referenz zur konkreten Studie (ResearchStudy)","","","","","","","","","",,,,,"",,,,"Onkologie.Studienteilnahme.StudienteilnahmeStudienreferenz",0,1,"","","Observation.focus.where(resolve() is ResearchStudy)","kein oBDS-Feld"
