URL,Version,Status,OIDs,Name,Title,Description,Uses,Used,Sources
http://fhir.de/ValueSet/bfarm/icd-10-gm,1.5.4,active,,ICD10GMVS,ICD10GM ValueSet,"ICD-10-GM","StructureDefinition/mii-pr-onko-operation,StructureDefinition/mii-pr-onko-mamma-operation,StructureDefinition/mii-pr-onko-prostata-operation,StructureDefinition/mii-pr-onko-mamma-sozialdienst,StructureDefinition/mii-pr-onko-melanom-exzision,StructureDefinition/mii-pr-onko-krk-operation","de.basisprofil.r4"
http://fhir.de/ValueSet/lebensphase-de,1.5.4,active,,ValueSetLebensphaseDe,LebensphaseDe ValueSet,"Dieses Valueset enthält Snomedcodes zur Angabe der Lebensphase","StructureDefinition/mii-pr-onko-diagnose-primaertumor","SCT"
http://hl7.org/fhir/ValueSet/action-cardinality-behavior,4.0.1,draft,"2.16.840.1.113883.4.642.3.807",ActionCardinalityBehavior,ActionCardinalityBehavior,"Defines behavior for an action or a group for how many times that item may be repeated.","StructureDefinition/mii-pr-onko-therapieempfehlung-kombinationstherapie","hl7.fhir.r4.core"
http://hl7.org/fhir/ValueSet/action-condition-kind,4.0.1,draft,"2.16.840.1.113883.4.642.3.815",ActionConditionKind,ActionConditionKind,"Defines the kinds of conditions that can appear on actions.","StructureDefinition/mii-pr-onko-therapieempfehlung-kombinationstherapie","hl7.fhir.r4.core"
http://hl7.org/fhir/ValueSet/action-grouping-behavior,4.0.1,draft,"2.16.840.1.113883.4.642.3.799",ActionGroupingBehavior,ActionGroupingBehavior,"Defines organization behavior of a group.","StructureDefinition/mii-pr-onko-therapieempfehlung-kombinationstherapie","hl7.fhir.r4.core"
http://hl7.org/fhir/ValueSet/action-precheck-behavior,4.0.1,draft,"2.16.840.1.113883.4.642.3.805",ActionPrecheckBehavior,ActionPrecheckBehavior,"Defines selection frequency behavior for an action or group.","StructureDefinition/mii-pr-onko-therapieempfehlung-kombinationstherapie","hl7.fhir.r4.core"
http://hl7.org/fhir/ValueSet/action-relationship-type,4.0.1,draft,"2.16.840.1.113883.4.642.3.813",ActionRelationshipType,ActionRelationshipType,"Defines the types of relationships between actions.","StructureDefinition/mii-pr-onko-therapieempfehlung-kombinationstherapie","hl7.fhir.r4.core"
http://hl7.org/fhir/ValueSet/action-required-behavior,4.0.1,draft,"2.16.840.1.113883.4.642.3.803",ActionRequiredBehavior,ActionRequiredBehavior,"Defines expectations around whether an action or action group is required.","StructureDefinition/mii-pr-onko-therapieempfehlung-kombinationstherapie","hl7.fhir.r4.core"
http://hl7.org/fhir/ValueSet/action-selection-behavior,4.0.1,draft,"2.16.840.1.113883.4.642.3.801",ActionSelectionBehavior,ActionSelectionBehavior,"Defines selection behavior of a group.","StructureDefinition/mii-pr-onko-therapieempfehlung-kombinationstherapie","hl7.fhir.r4.core"
http://hl7.org/fhir/ValueSet/action-type,4.0.1,draft,"2.16.840.1.113883.4.642.3.809",ActionType,ActionType,"The type of action to be performed.","StructureDefinition/mii-pr-onko-therapieempfehlung-kombinationstherapie","THO"
http://hl7.org/fhir/ValueSet/additional-instruction-codes,4.0.1,draft,"2.16.840.1.113883.4.642.3.95",SNOMEDCTAdditionalDosageInstructions,SNOMED CT Additional Dosage Instructions,"This value set includes all SNOMED CT Additional Dosage Instructions.","StructureDefinition/mii-pr-onko-systemische-therapie-medikation,StructureDefinition/mii-pr-onko-therapieempfehlung-medikation","SCT"
http://hl7.org/fhir/ValueSet/administration-method-codes,4.0.1,draft,"2.16.840.1.113883.4.642.3.97",SNOMEDCTAdministrationMethodCodes,SNOMED CT Administration Method Codes,"This value set includes some method codes from SNOMED CT - provided as an exemplar","StructureDefinition/mii-pr-onko-systemische-therapie-medikation,StructureDefinition/mii-pr-onko-therapieempfehlung-medikation","SCT"
http://hl7.org/fhir/ValueSet/adverse-event-actuality,4.0.1,draft,"2.16.840.1.113883.4.642.3.831",AdverseEventActuality,AdverseEventActuality,"Overall nature of the adverse event, e.g. real or potential.","StructureDefinition/mii-pr-onko-nebenwirkung-adverse-event","hl7.fhir.r4.core"
http://hl7.org/fhir/ValueSet/adverse-event-category,4.0.1,draft,"2.16.840.1.113883.4.642.3.833",AdverseEventCategory,AdverseEventCategory,"Overall categorization of the event, e.g. product-related or situational.","StructureDefinition/mii-pr-onko-nebenwirkung-adverse-event","THO"
http://hl7.org/fhir/ValueSet/adverse-event-causality-assess,4.0.1,draft,"2.16.840.1.113883.4.642.3.840",AdverseEventCausalityAssessment,AdverseEventCausalityAssessment,"Codes for the assessment of whether the entity caused the event.","StructureDefinition/mii-pr-onko-nebenwirkung-adverse-event","THO"
http://hl7.org/fhir/ValueSet/adverse-event-causality-method,4.0.1,draft,"2.16.840.1.113883.4.642.3.842",AdverseEventCausalityMethod,AdverseEventCausalityMethod,"TODO.","StructureDefinition/mii-pr-onko-nebenwirkung-adverse-event","THO"
http://hl7.org/fhir/ValueSet/adverse-event-outcome,4.0.1,draft,"2.16.840.1.113883.4.642.3.836",AdverseEventOutcome,AdverseEventOutcome,"TODO (and should this be required?).","StructureDefinition/mii-pr-onko-nebenwirkung-adverse-event","THO"
http://hl7.org/fhir/ValueSet/adverse-event-severity,4.0.1,draft,"2.16.840.1.113883.4.642.3.844",AdverseEventSeverity,AdverseEventSeverity,"The severity of the adverse event itself, in direct relation to the subject.","StructureDefinition/mii-pr-onko-nebenwirkung-adverse-event","THO"
http://hl7.org/fhir/ValueSet/adverse-event-type,4.0.1,draft,"2.16.840.1.113883.4.642.3.835",SNOMEDCTClinicalFindings,SNOMED CT Clinical Findings,"This value set includes all SNOMED CT Clinical Findings.","StructureDefinition/mii-pr-onko-nebenwirkung-adverse-event","SCT"
http://hl7.org/fhir/ValueSet/approach-site-codes,4.0.1,draft,"2.16.840.1.113883.4.642.3.346",SNOMEDCTAnatomicalStructureForAdministrationSiteCodes,SNOMED CT Anatomical Structure for Administration Site Codes,"This value set includes Anatomical Structure codes from SNOMED CT - provided as an exemplar.","StructureDefinition/mii-pr-onko-systemische-therapie-medikation,StructureDefinition/mii-pr-onko-therapieempfehlung-medikation","SCT"
http://hl7.org/fhir/ValueSet/body-site,4.0.1,draft,"2.16.840.1.113883.4.642.3.141",SNOMEDCTBodyStructures,SNOMED CT Body Structures,"This value set includes all codes from [SNOMED CT](http://snomed.info/sct) where concept is-a 442083009 (Anatomical or acquired body site (body structure)).","StructureDefinition/mii-pr-onko-melanom-ulzeration,StructureDefinition/mii-pr-onko-prostate-psa,StructureDefinition/mii-pr-onko-mamma-operation,StructureDefinition/mii-pr-onko-allgemeiner-leistungszustand-ecog,StructureDefinition/mii-pr-onko-prostata-operation,StructureDefinition/mii-pr-onko-prostate-gleason-grade-group,StructureDefinition/mii-pr-onko-specimen,StructureDefinition/mii-pr-onko-anzahl-befallene-lymphknoten,StructureDefinition/mii-pr-onko-melanom-breslow-tiefe,StructureDefinition/mii-pr-onko-systemische-therapie,StructureDefinition/mii-pr-onko-tnm-a-symbol,StructureDefinition/mii-pr-onko-anzahl-befallene-sentinel-lymphknoten,StructureDefinition/mii-pr-onko-operation,StructureDefinition/mii-pr-onko-tnm-m-kategorie,StructureDefinition/mii-pr-onko-mamma-rezeptorstatus-progesteron,StructureDefinition/mii-pr-onko-krk-stoma-markierung,StructureDefinition/mii-pr-onko-mamma-praeoperative-markierung,StructureDefinition/mii-pr-onko-mamma-sozialdienst,StructureDefinition/mii-pr-onko-krk-abstand-aboral,StructureDefinition/mii-pr-onko-krk-abstand-circumferelle-resektionsebene,StructureDefinition/mii-pr-onko-tnm-pn-kategorie,StructureDefinition/mii-pr-onko-krk-abstand-anokutan,StructureDefinition/mii-pr-onko-asa-klassifikation,StructureDefinition/mii-pr-onko-krk-anastomoseninsuffizienz,StructureDefinition/mii-pr-onko-tnm-t-kategorie,StructureDefinition/mii-pr-onko-melanom-ldh,StructureDefinition/mii-pr-onko-tnm-n-kategorie,StructureDefinition/mii-pr-onko-krk-mrt-mesorektale-faszie,StructureDefinition/mii-pr-onko-prostate-clavien-dindo,StructureDefinition/mii-pr-onko-tod,StructureDefinition/mii-pr-onko-mamma-menopause-status,StructureDefinition/mii-pr-onko-krk-specimen,StructureDefinition/mii-pr-onko-studienteilnahme,StructureDefinition/mii-pr-onko-krk-operation,StructureDefinition/mii-pr-onko-diagnose-primaertumor,StructureDefinition/mii-pr-onko-mamma-her2neu-status,StructureDefinition/mii-pr-onko-genetische-variante,StructureDefinition/mii-pr-onko-therapieempfehlung-operation,StructureDefinition/mii-pr-onko-verlauf,StructureDefinition/mii-pr-onko-tnm-y-symbol,StructureDefinition/mii-pr-onko-fernmetastasen,StructureDefinition/mii-pr-onko-tnm-s-kategorie,StructureDefinition/mii-pr-onko-tnm-klassifikation,StructureDefinition/mii-pr-onko-prostate-ca-befall-stanze,StructureDefinition/mii-pr-onko-weitere-klassifikationen,StructureDefinition/mii-pr-onko-prostate-gleason-patterns,StructureDefinition/mii-pr-onko-tnm-r-symbol,StructureDefinition/mii-pr-onko-anzahl-untersuchte-lymphknoten,StructureDefinition/mii-pr-onko-melanom-sicherheitsabstand,StructureDefinition/mii-pr-onko-tnm-m-symbol,StructureDefinition/mii-pr-onko-allgemeiner-leistungszustand-karnofsky,StructureDefinition/mii-pr-onko-strahlentherapie,StructureDefinition/mii-pr-onko-prostate-gleason-score-gesamt,StructureDefinition/mii-pr-onko-fruehere-tumorerkrankung,StructureDefinition/mii-pr-onko-tnm-klassifikation-synthetisiert,StructureDefinition/mii-pr-onko-grading,StructureDefinition/mii-pr-onko-histologie-icdo3,StructureDefinition/mii-pr-onko-tumorgroesse,StructureDefinition/mii-pr-onko-residualstatus,StructureDefinition/mii-pr-onko-mamma-rezeptorstatus-estrogen,StructureDefinition/mii-pr-onko-tnm-l-kategorie,StructureDefinition/mii-pr-onko-prostate-anzahl-positive-stanzen,StructureDefinition/mii-pr-onko-prostate-anzahl-stanzen,StructureDefinition/mii-pr-onko-melanom-exzision,StructureDefinition/mii-pr-onko-anzahl-untersuchte-sentinel-lymphknoten,StructureDefinition/mii-pr-onko-tnm-v-kategorie","SCT"
http://hl7.org/fhir/ValueSet/care-plan-activity-kind,4.0.1,draft,"2.16.840.1.113883.4.642.3.145",CarePlanActivityKind,Care Plan Activity Kind,"Resource types defined as part of FHIR that can be represented as in-line definitions of a care plan activity.","StructureDefinition/mii-pr-onko-tumorkonferenz","hl7.fhir.r4.core"
http://hl7.org/fhir/ValueSet/care-plan-activity-outcome,4.0.1,draft,"2.16.840.1.113883.4.642.3.149",CarePlanActivityOutcome,Care Plan Activity Outcome,"Example codes indicating the outcome of a care plan activity. Note that these are in no way complete and might not even be appropriate for some uses.","StructureDefinition/mii-pr-onko-tumorkonferenz","SCT"
http://hl7.org/fhir/ValueSet/care-plan-activity-status,4.0.1,draft,"2.16.840.1.113883.4.642.3.146",CarePlanActivityStatus,CarePlanActivityStatus,"Codes that reflect the current state of a care plan activity within its overall life cycle.","StructureDefinition/mii-pr-onko-tumorkonferenz","hl7.fhir.r4.core"
http://hl7.org/fhir/ValueSet/care-plan-category,4.0.1,draft,"2.16.840.1.113883.4.642.3.148",CarePlanCategory,Care Plan Category,"Example codes indicating the category a care plan falls within.  Note that these are in no way complete and might not even be appropriate for some uses.","StructureDefinition/mii-pr-onko-tumorkonferenz","SCT"
http://hl7.org/fhir/ValueSet/care-plan-intent,4.0.1,draft,"2.16.840.1.113883.4.642.3.150",CarePlanIntent,Care Plan Intent,"Codes indicating the degree of authority/intentionality associated with a care plan.","StructureDefinition/mii-pr-onko-tumorkonferenz","hl7.fhir.r4.core"
http://hl7.org/fhir/ValueSet/clinical-findings,4.0.1,draft,"2.16.840.1.113883.4.642.3.232",SNOMEDCTClinicalFindings,SNOMED CT Clinical Findings,"This value set includes all the ""Clinical finding"" [SNOMED CT](http://snomed.info/sct) codes - concepts where concept is-a 404684003 (Clinical finding (finding)).","StructureDefinition/mii-pr-onko-tumorkonferenz,StructureDefinition/mii-pr-onko-befund","SCT"
http://hl7.org/fhir/ValueSet/common-tags,4.0.1,draft,"2.16.840.1.113883.4.642.3.79",CommonTags,Common Tags,"Common Tag Codes defined by FHIR project","StructureDefinition/mii-pr-onko-melanom-ulzeration,StructureDefinition/mii-pr-onko-prostate-psa,StructureDefinition/mii-pr-onko-mamma-operation,StructureDefinition/mii-pr-onko-allgemeiner-leistungszustand-ecog,StructureDefinition/mii-pr-onko-prostata-operation,StructureDefinition/mii-pr-onko-prostate-gleason-grade-group,StructureDefinition/mii-pr-onko-specimen,StructureDefinition/mii-pr-onko-anzahl-befallene-lymphknoten,StructureDefinition/mii-pr-onko-melanom-breslow-tiefe,StructureDefinition/mii-pr-onko-systemische-therapie,StructureDefinition/mii-pr-onko-tnm-a-symbol,StructureDefinition/mii-pr-onko-anzahl-befallene-sentinel-lymphknoten,StructureDefinition/mii-pr-onko-operation,StructureDefinition/mii-pr-onko-strahlentherapie-bestrahlung-nuklearmedizin,StructureDefinition/mii-pr-onko-tnm-m-kategorie,StructureDefinition/mii-pr-onko-mamma-rezeptorstatus-progesteron,StructureDefinition/mii-pr-onko-krk-stoma-markierung,StructureDefinition/mii-pr-onko-mamma-praeoperative-markierung,StructureDefinition/mii-pr-onko-mamma-sozialdienst,StructureDefinition/mii-pr-onko-krk-abstand-aboral,StructureDefinition/mii-pr-onko-systemische-therapie-medikation,StructureDefinition/mii-pr-onko-krk-abstand-circumferelle-resektionsebene,StructureDefinition/mii-pr-onko-tnm-pn-kategorie,StructureDefinition/mii-pr-onko-krk-abstand-anokutan,StructureDefinition/mii-pr-onko-tumorkonferenz,StructureDefinition/mii-pr-onko-asa-klassifikation,StructureDefinition/mii-pr-onko-krk-anastomoseninsuffizienz,StructureDefinition/mii-pr-onko-tnm-t-kategorie,StructureDefinition/mii-pr-onko-melanom-ldh,StructureDefinition/mii-pr-onko-tnm-n-kategorie,StructureDefinition/mii-pr-onko-krk-mrt-mesorektale-faszie,StructureDefinition/mii-pr-onko-prostate-clavien-dindo,StructureDefinition/mii-pr-onko-tod,StructureDefinition/mii-pr-onko-mamma-menopause-status,StructureDefinition/mii-pr-onko-krk-specimen,StructureDefinition/mii-pr-onko-studienteilnahme,StructureDefinition/mii-pr-onko-krk-operation,StructureDefinition/mii-pr-onko-diagnose-primaertumor,StructureDefinition/mii-pr-onko-therapieempfehlung-medikation,StructureDefinition/mii-pr-onko-mamma-her2neu-status,StructureDefinition/mii-pr-onko-genetische-variante,StructureDefinition/mii-pr-onko-therapieempfehlung-operation,StructureDefinition/mii-pr-onko-verlauf,StructureDefinition/mii-pr-onko-tnm-y-symbol,StructureDefinition/mii-pr-onko-fernmetastasen,StructureDefinition/mii-pr-onko-tnm-s-kategorie,StructureDefinition/mii-pr-onko-therapieempfehlung-kombinationstherapie,StructureDefinition/mii-pr-onko-tnm-klassifikation,StructureDefinition/mii-pr-onko-prostate-ca-befall-stanze,StructureDefinition/mii-pr-onko-weitere-klassifikationen,StructureDefinition/mii-pr-onko-prostate-gleason-patterns,StructureDefinition/mii-pr-onko-nebenwirkung-adverse-event,StructureDefinition/mii-pr-onko-tnm-r-symbol,StructureDefinition/mii-pr-onko-liste-evidenz-erstdiagnose,StructureDefinition/mii-pr-onko-anzahl-untersuchte-lymphknoten,StructureDefinition/mii-pr-onko-strahlentherapie-bestrahlung-strahlentherapie,StructureDefinition/mii-pr-onko-melanom-sicherheitsabstand,StructureDefinition/mii-pr-onko-tnm-m-symbol,StructureDefinition/mii-pr-onko-allgemeiner-leistungszustand-karnofsky,StructureDefinition/mii-pr-onko-strahlentherapie,StructureDefinition/mii-pr-onko-befund,StructureDefinition/mii-pr-onko-prostate-gleason-score-gesamt,StructureDefinition/mii-pr-onko-fruehere-tumorerkrankung,StructureDefinition/mii-pr-onko-tnm-klassifikation-synthetisiert,StructureDefinition/mii-pr-onko-grading,StructureDefinition/mii-pr-onko-histologie-icdo3,StructureDefinition/mii-pr-onko-tumorgroesse,StructureDefinition/mii-pr-onko-residualstatus,StructureDefinition/mii-pr-onko-mamma-rezeptorstatus-estrogen,StructureDefinition/mii-pr-onko-tnm-l-kategorie,StructureDefinition/mii-pr-onko-prostate-anzahl-positive-stanzen,StructureDefinition/mii-pr-onko-prostate-anzahl-stanzen,StructureDefinition/mii-pr-onko-melanom-exzision,StructureDefinition/mii-pr-onko-anzahl-untersuchte-sentinel-lymphknoten,StructureDefinition/mii-pr-onko-tnm-v-kategorie","THO"
http://hl7.org/fhir/ValueSet/condition-category,4.0.1,draft,"2.16.840.1.113883.4.642.3.162",ConditionCategoryCodes,Condition Category Codes,"Preferred value set for Condition Categories.","StructureDefinition/mii-pr-onko-fruehere-tumorerkrankung,StructureDefinition/mii-pr-onko-diagnose-primaertumor","THO"
http://hl7.org/fhir/ValueSet/condition-cause,4.0.1,draft,"2.16.840.1.113883.4.642.3.965",ConditionCauseCodes,Condition Cause Codes,"Example value set for Cause of Condition codes","StructureDefinition/mii-pr-onko-diagnose-primaertumor","SCT"
http://hl7.org/fhir/ValueSet/condition-clinical,4.0.1,draft,"2.16.840.1.113883.4.642.3.164",ConditionClinicalStatusCodes,Condition Clinical Status Codes,"Preferred value set for Condition Clinical Status.","StructureDefinition/mii-pr-onko-fruehere-tumorerkrankung,StructureDefinition/mii-pr-onko-diagnose-primaertumor","THO"
http://hl7.org/fhir/ValueSet/condition-code,4.0.1,draft,"2.16.840.1.113883.4.642.3.161",Condition/Problem/DiagnosisCodes,Condition/Problem/Diagnosis Codes,"Example value set for Condition/Problem/Diagnosis codes.","StructureDefinition/mii-pr-onko-mamma-operation,StructureDefinition/mii-pr-onko-prostata-operation,StructureDefinition/mii-pr-onko-systemische-therapie,StructureDefinition/mii-pr-onko-strahlentherapie,StructureDefinition/mii-pr-onko-fruehere-tumorerkrankung,StructureDefinition/mii-pr-onko-operation,StructureDefinition/mii-pr-onko-strahlentherapie-bestrahlung-nuklearmedizin,StructureDefinition/mii-pr-onko-krk-stoma-markierung,StructureDefinition/mii-pr-onko-mamma-praeoperative-markierung,StructureDefinition/mii-pr-onko-mamma-sozialdienst,StructureDefinition/mii-pr-onko-melanom-exzision,StructureDefinition/mii-pr-onko-strahlentherapie-bestrahlung-strahlentherapie,StructureDefinition/mii-pr-onko-krk-operation,StructureDefinition/mii-pr-onko-systemische-therapie-medikation,StructureDefinition/mii-pr-onko-therapieempfehlung-medikation,StructureDefinition/mii-pr-onko-diagnose-primaertumor","SCT"
http://hl7.org/fhir/ValueSet/condition-predecessor,4.0.1,draft,"2.16.840.1.113883.4.642.3.966",ConditionPredecessorCodes,Condition Predecessor Codes,"Example value set for condition predecessor codes.","StructureDefinition/mii-pr-onko-diagnose-primaertumor","SCT"
http://hl7.org/fhir/ValueSet/condition-severity,4.0.1,draft,"2.16.840.1.113883.4.642.3.168",Condition/DiagnosisSeverity,Condition/Diagnosis Severity,"Preferred value set for Condition/Diagnosis severity grading.","StructureDefinition/mii-pr-onko-fruehere-tumorerkrankung,StructureDefinition/mii-pr-onko-diagnose-primaertumor","SCT"
http://hl7.org/fhir/ValueSet/condition-stage,4.0.1,draft,"2.16.840.1.113883.4.642.3.170",ConditionStage,Condition Stage,"Example value set for stages of cancer and other conditions.","StructureDefinition/mii-pr-onko-fruehere-tumorerkrankung,StructureDefinition/mii-pr-onko-diagnose-primaertumor","SCT"
http://hl7.org/fhir/ValueSet/condition-stage-type,4.0.1,draft,"2.16.840.1.113883.4.642.3.171",ConditionStageType,Condition Stage Type,"Example value set for the type of stages of cancer and other conditions","StructureDefinition/mii-pr-onko-fruehere-tumorerkrankung,StructureDefinition/mii-pr-onko-diagnose-primaertumor","SCT"
http://hl7.org/fhir/ValueSet/condition-ver-status,4.0.1,draft,"2.16.840.1.113883.4.642.3.166",ConditionVerificationStatus,ConditionVerificationStatus,"The verification status to support or decline the clinical status of the condition or diagnosis.","StructureDefinition/mii-pr-onko-fruehere-tumorerkrankung,StructureDefinition/mii-pr-onko-diagnose-primaertumor","THO"
http://hl7.org/fhir/ValueSet/data-absent-reason,4.0.1,active,"2.16.840.1.113883.4.642.3.5",DataAbsentReason,DataAbsentReason,"Used to specify why the normally expected content of the data element is missing.","StructureDefinition/mii-pr-onko-melanom-ulzeration,StructureDefinition/mii-pr-onko-prostate-psa,StructureDefinition/mii-pr-onko-allgemeiner-leistungszustand-ecog,StructureDefinition/mii-pr-onko-prostate-gleason-grade-group,StructureDefinition/mii-pr-onko-anzahl-befallene-lymphknoten,StructureDefinition/mii-pr-onko-melanom-breslow-tiefe,StructureDefinition/mii-pr-onko-tnm-a-symbol,StructureDefinition/mii-pr-onko-anzahl-befallene-sentinel-lymphknoten,StructureDefinition/mii-pr-onko-tnm-m-kategorie,StructureDefinition/mii-pr-onko-mamma-rezeptorstatus-progesteron,StructureDefinition/mii-pr-onko-krk-abstand-aboral,StructureDefinition/mii-pr-onko-krk-abstand-circumferelle-resektionsebene,StructureDefinition/mii-pr-onko-tnm-pn-kategorie,StructureDefinition/mii-pr-onko-krk-abstand-anokutan,StructureDefinition/mii-pr-onko-asa-klassifikation,StructureDefinition/mii-pr-onko-krk-anastomoseninsuffizienz,StructureDefinition/mii-pr-onko-tnm-t-kategorie,StructureDefinition/mii-pr-onko-melanom-ldh,StructureDefinition/mii-pr-onko-tnm-n-kategorie,StructureDefinition/mii-pr-onko-krk-mrt-mesorektale-faszie,StructureDefinition/mii-pr-onko-prostate-clavien-dindo,StructureDefinition/mii-pr-onko-tod,StructureDefinition/mii-pr-onko-mamma-menopause-status,StructureDefinition/mii-pr-onko-studienteilnahme,StructureDefinition/mii-pr-onko-mamma-her2neu-status,StructureDefinition/mii-pr-onko-genetische-variante,StructureDefinition/mii-pr-onko-verlauf,StructureDefinition/mii-pr-onko-tnm-y-symbol,StructureDefinition/mii-pr-onko-fernmetastasen,StructureDefinition/mii-pr-onko-tnm-s-kategorie,StructureDefinition/mii-pr-onko-tnm-klassifikation,StructureDefinition/mii-pr-onko-prostate-ca-befall-stanze,StructureDefinition/mii-pr-onko-weitere-klassifikationen,StructureDefinition/mii-pr-onko-prostate-gleason-patterns,StructureDefinition/mii-pr-onko-tnm-r-symbol,StructureDefinition/mii-pr-onko-anzahl-untersuchte-lymphknoten,StructureDefinition/mii-pr-onko-melanom-sicherheitsabstand,StructureDefinition/mii-pr-onko-tnm-m-symbol,StructureDefinition/mii-pr-onko-allgemeiner-leistungszustand-karnofsky,StructureDefinition/mii-pr-onko-prostate-gleason-score-gesamt,StructureDefinition/mii-pr-onko-tnm-klassifikation-synthetisiert,StructureDefinition/mii-pr-onko-grading,StructureDefinition/mii-pr-onko-histologie-icdo3,StructureDefinition/mii-pr-onko-tumorgroesse,StructureDefinition/mii-pr-onko-residualstatus,StructureDefinition/mii-pr-onko-mamma-rezeptorstatus-estrogen,StructureDefinition/mii-pr-onko-tnm-l-kategorie,StructureDefinition/mii-pr-onko-prostate-anzahl-positive-stanzen,StructureDefinition/mii-pr-onko-prostate-anzahl-stanzen,StructureDefinition/mii-pr-onko-anzahl-untersuchte-sentinel-lymphknoten,StructureDefinition/mii-pr-onko-tnm-v-kategorie","THO"
http://hl7.org/fhir/ValueSet/days-of-week,4.0.1,active,"2.16.840.1.113883.4.642.3.512",DaysOfWeek,DaysOfWeek,"The days of the week.","StructureDefinition/mii-pr-onko-systemische-therapie-medikation,StructureDefinition/mii-pr-onko-therapieempfehlung-medikation","hl7.fhir.r4.core"
http://hl7.org/fhir/ValueSet/device-action,4.0.1,draft,"2.16.840.1.113883.4.642.3.425",ProcedureDeviceActionCodes,Procedure Device Action Codes,"Example codes indicating the change that happened to the device during the procedure.  Note that these are in no way complete and might not even be appropriate for some uses.","StructureDefinition/mii-pr-onko-operation,StructureDefinition/mii-pr-onko-strahlentherapie-bestrahlung-nuklearmedizin,StructureDefinition/mii-pr-onko-mamma-operation,StructureDefinition/mii-pr-onko-prostata-operation,StructureDefinition/mii-pr-onko-krk-stoma-markierung,StructureDefinition/mii-pr-onko-mamma-praeoperative-markierung,StructureDefinition/mii-pr-onko-mamma-sozialdienst,StructureDefinition/mii-pr-onko-systemische-therapie,StructureDefinition/mii-pr-onko-strahlentherapie,StructureDefinition/mii-pr-onko-melanom-exzision,StructureDefinition/mii-pr-onko-krk-operation,StructureDefinition/mii-pr-onko-strahlentherapie-bestrahlung-strahlentherapie","SCT"
http://hl7.org/fhir/ValueSet/device-kind,4.0.1,draft,"2.16.840.1.113883.4.642.3.208",FHIRDeviceTypes,FHIR Device Types,"Codes used to identify medical devices. Includes concepts from SNOMED CT (http://www.snomed.org/) where concept is-a 49062001 (Device)  and is provided as a suggestive example.","StructureDefinition/mii-pr-onko-operation,StructureDefinition/mii-pr-onko-strahlentherapie-bestrahlung-nuklearmedizin,StructureDefinition/mii-pr-onko-mamma-operation,StructureDefinition/mii-pr-onko-prostata-operation,StructureDefinition/mii-pr-onko-krk-stoma-markierung,StructureDefinition/mii-pr-onko-mamma-praeoperative-markierung,StructureDefinition/mii-pr-onko-mamma-sozialdienst,StructureDefinition/mii-pr-onko-strahlentherapie,StructureDefinition/mii-pr-onko-melanom-exzision,StructureDefinition/mii-pr-onko-krk-operation,StructureDefinition/mii-pr-onko-strahlentherapie-bestrahlung-strahlentherapie","SCT"
http://hl7.org/fhir/ValueSet/diagnostic-report-status,4.0.1,draft,"2.16.840.1.113883.4.642.3.235",DiagnosticReportStatus,DiagnosticReportStatus,"The status of the diagnostic report.","StructureDefinition/mii-pr-onko-befund","hl7.fhir.r4.core"
http://hl7.org/fhir/ValueSet/diagnostic-service-sections,4.0.1,draft,"2.16.840.1.113883.4.642.3.234",DiagnosticServiceSectionCodes,Diagnostic Service Section Codes,"This value set includes all the codes in HL7 V2 table 0074.","StructureDefinition/mii-pr-onko-befund","THO (V2)"
http://hl7.org/fhir/ValueSet/dose-rate-type,4.0.1,draft,"2.16.840.1.113883.4.642.3.981",DoseAndRateType,DoseAndRateType,"The kind of dose or rate specified.","StructureDefinition/mii-pr-onko-systemische-therapie-medikation,StructureDefinition/mii-pr-onko-therapieempfehlung-medikation","THO"
http://hl7.org/fhir/ValueSet/event-status,4.0.1,draft,"2.16.840.1.113883.4.642.3.109",EventStatus,EventStatus,"Codes identifying the lifecycle stage of an event.","StructureDefinition/mii-pr-onko-operation,StructureDefinition/mii-pr-onko-strahlentherapie-bestrahlung-nuklearmedizin,StructureDefinition/mii-pr-onko-mamma-operation,StructureDefinition/mii-pr-onko-prostata-operation,StructureDefinition/mii-pr-onko-krk-stoma-markierung,StructureDefinition/mii-pr-onko-mamma-praeoperative-markierung,StructureDefinition/mii-pr-onko-mamma-sozialdienst,StructureDefinition/mii-pr-onko-systemische-therapie,StructureDefinition/mii-pr-onko-strahlentherapie,StructureDefinition/mii-pr-onko-melanom-exzision,StructureDefinition/mii-pr-onko-krk-operation,StructureDefinition/mii-pr-onko-strahlentherapie-bestrahlung-strahlentherapie","hl7.fhir.r4.core"
http://hl7.org/fhir/ValueSet/event-timing,4.0.1,active,"2.16.840.1.113883.4.642.3.75",EventTiming,EventTiming,"Real world event relating to the schedule.","StructureDefinition/mii-pr-onko-systemische-therapie-medikation,StructureDefinition/mii-pr-onko-therapieempfehlung-medikation","THO (V3),hl7.fhir.r4.core"
http://hl7.org/fhir/ValueSet/identifier-type,4.0.1,active,"2.16.840.1.113883.4.642.3.45",Identifier Type Codes,IdentifierType,"A coded type for an identifier that can be used to determine which identifier to use for a specific purpose.","StructureDefinition/mii-pr-onko-krk-specimen,StructureDefinition/mii-pr-onko-specimen,StructureDefinition/mii-pr-onko-diagnose-primaertumor","THO (V2)"
http://hl7.org/fhir/ValueSet/identifier-use,4.0.1,active,"2.16.840.1.113883.4.642.3.57",IdentifierUse,IdentifierUse,"Identifies the purpose for this identifier, if known .","StructureDefinition/mii-pr-onko-krk-specimen,StructureDefinition/mii-pr-onko-specimen,StructureDefinition/mii-pr-onko-diagnose-primaertumor","hl7.fhir.r4.core"
http://hl7.org/fhir/ValueSet/languages,4.0.1,draft,"2.16.840.1.113883.4.642.3.20",CommonLanguages,Common Languages,"This value set includes common codes from BCP-47 (http://tools.ietf.org/html/bcp47)","StructureDefinition/mii-pr-onko-melanom-ulzeration,StructureDefinition/mii-pr-onko-prostate-psa,StructureDefinition/mii-pr-onko-mamma-operation,StructureDefinition/mii-pr-onko-allgemeiner-leistungszustand-ecog,StructureDefinition/mii-pr-onko-prostata-operation,StructureDefinition/mii-pr-onko-prostate-gleason-grade-group,StructureDefinition/mii-pr-onko-specimen,StructureDefinition/mii-pr-onko-anzahl-befallene-lymphknoten,StructureDefinition/mii-pr-onko-melanom-breslow-tiefe,StructureDefinition/mii-pr-onko-systemische-therapie,StructureDefinition/mii-pr-onko-tnm-a-symbol,StructureDefinition/mii-pr-onko-anzahl-befallene-sentinel-lymphknoten,StructureDefinition/mii-pr-onko-operation,StructureDefinition/mii-pr-onko-strahlentherapie-bestrahlung-nuklearmedizin,StructureDefinition/mii-pr-onko-tnm-m-kategorie,StructureDefinition/mii-pr-onko-mamma-rezeptorstatus-progesteron,StructureDefinition/mii-pr-onko-krk-stoma-markierung,StructureDefinition/mii-pr-onko-mamma-praeoperative-markierung,StructureDefinition/mii-pr-onko-mamma-sozialdienst,StructureDefinition/mii-pr-onko-krk-abstand-aboral,StructureDefinition/mii-pr-onko-systemische-therapie-medikation,StructureDefinition/mii-pr-onko-krk-abstand-circumferelle-resektionsebene,StructureDefinition/mii-pr-onko-tnm-pn-kategorie,StructureDefinition/mii-pr-onko-krk-abstand-anokutan,StructureDefinition/mii-pr-onko-tumorkonferenz,StructureDefinition/mii-pr-onko-asa-klassifikation,StructureDefinition/mii-pr-onko-krk-anastomoseninsuffizienz,StructureDefinition/mii-pr-onko-tnm-t-kategorie,StructureDefinition/mii-pr-onko-melanom-ldh,StructureDefinition/mii-pr-onko-tnm-n-kategorie,StructureDefinition/mii-pr-onko-krk-mrt-mesorektale-faszie,StructureDefinition/mii-pr-onko-prostate-clavien-dindo,StructureDefinition/mii-pr-onko-tod,StructureDefinition/mii-pr-onko-mamma-menopause-status,StructureDefinition/mii-pr-onko-krk-specimen,StructureDefinition/mii-pr-onko-studienteilnahme,StructureDefinition/mii-pr-onko-krk-operation,StructureDefinition/mii-pr-onko-diagnose-primaertumor,StructureDefinition/mii-pr-onko-therapieempfehlung-medikation,StructureDefinition/mii-pr-onko-mamma-her2neu-status,StructureDefinition/mii-pr-onko-genetische-variante,StructureDefinition/mii-pr-onko-therapieempfehlung-operation,StructureDefinition/mii-pr-onko-verlauf,StructureDefinition/mii-pr-onko-tnm-y-symbol,StructureDefinition/mii-pr-onko-fernmetastasen,StructureDefinition/mii-pr-onko-tnm-s-kategorie,StructureDefinition/mii-pr-onko-therapieempfehlung-kombinationstherapie,StructureDefinition/mii-pr-onko-tnm-klassifikation,StructureDefinition/mii-pr-onko-prostate-ca-befall-stanze,StructureDefinition/mii-pr-onko-weitere-klassifikationen,StructureDefinition/mii-pr-onko-prostate-gleason-patterns,StructureDefinition/mii-pr-onko-nebenwirkung-adverse-event,StructureDefinition/mii-pr-onko-tnm-r-symbol,StructureDefinition/mii-pr-onko-liste-evidenz-erstdiagnose,StructureDefinition/mii-pr-onko-anzahl-untersuchte-lymphknoten,StructureDefinition/mii-pr-onko-strahlentherapie-bestrahlung-strahlentherapie,StructureDefinition/mii-pr-onko-melanom-sicherheitsabstand,StructureDefinition/mii-pr-onko-tnm-m-symbol,StructureDefinition/mii-pr-onko-allgemeiner-leistungszustand-karnofsky,StructureDefinition/mii-pr-onko-strahlentherapie,StructureDefinition/mii-pr-onko-befund,StructureDefinition/mii-pr-onko-prostate-gleason-score-gesamt,StructureDefinition/mii-pr-onko-fruehere-tumorerkrankung,StructureDefinition/mii-pr-onko-tnm-klassifikation-synthetisiert,StructureDefinition/mii-pr-onko-grading,StructureDefinition/mii-pr-onko-histologie-icdo3,StructureDefinition/mii-pr-onko-tumorgroesse,StructureDefinition/mii-pr-onko-residualstatus,StructureDefinition/mii-pr-onko-mamma-rezeptorstatus-estrogen,StructureDefinition/mii-pr-onko-tnm-l-kategorie,StructureDefinition/mii-pr-onko-prostate-anzahl-positive-stanzen,StructureDefinition/mii-pr-onko-prostate-anzahl-stanzen,StructureDefinition/mii-pr-onko-melanom-exzision,StructureDefinition/mii-pr-onko-anzahl-untersuchte-sentinel-lymphknoten,StructureDefinition/mii-pr-onko-tnm-v-kategorie","hl7.fhir.uv.xver-r5.r4"
http://hl7.org/fhir/ValueSet/list-empty-reason,4.0.1,draft,"2.16.840.1.113883.4.642.3.322",ListEmptyReasons,List Empty Reasons,"General reasons for a list to be empty. Reasons are either related to a summary list (i.e. problem or medication list) or to a workflow related list (i.e. consultation list).","StructureDefinition/mii-pr-onko-liste-evidenz-erstdiagnose","THO"
http://hl7.org/fhir/ValueSet/list-example-codes,4.0.1,draft,"2.16.840.1.113883.4.642.3.316",ExampleUseCodesForList,Example Use Codes for List,"Example use codes for the List resource - typical kinds of use.","StructureDefinition/mii-pr-onko-liste-evidenz-erstdiagnose","THO"
http://hl7.org/fhir/ValueSet/list-item-flag,4.0.1,draft,"2.16.840.1.113883.4.642.3.320",PatientMedicineChangeTypes,Patient Medicine Change Types,"Example Item Flags for the List Resource. In this case, these are the kind of flags that would be used on a medication list at the end of a consultation.","StructureDefinition/mii-pr-onko-liste-evidenz-erstdiagnose","hl7.fhir.r4.core"
http://hl7.org/fhir/ValueSet/list-mode,4.0.1,draft,"2.16.840.1.113883.4.642.3.318",ListMode,ListMode,"The processing mode that applies to this list.","StructureDefinition/mii-pr-onko-liste-evidenz-erstdiagnose","hl7.fhir.r4.core"
http://hl7.org/fhir/ValueSet/list-order,4.0.1,draft,"2.16.840.1.113883.4.642.3.324",ListOrderCodes,List Order Codes,"Base values for the order of the items in a list resource.","StructureDefinition/mii-pr-onko-liste-evidenz-erstdiagnose","THO"
http://hl7.org/fhir/ValueSet/list-status,4.0.1,draft,"2.16.840.1.113883.4.642.3.326",ListStatus,ListStatus,"The current state of the list.","StructureDefinition/mii-pr-onko-liste-evidenz-erstdiagnose","hl7.fhir.r4.core"
http://hl7.org/fhir/ValueSet/manifestation-or-symptom,4.0.1,draft,"2.16.840.1.113883.4.642.3.169",ManifestationAndSymptomCodes,Manifestation and Symptom Codes,"Example value set for Manifestation and Symptom codes.","StructureDefinition/mii-pr-onko-fruehere-tumorerkrankung,StructureDefinition/mii-pr-onko-diagnose-primaertumor","SCT"
http://hl7.org/fhir/ValueSet/medication-as-needed-reason,4.0.1,draft,"2.16.840.1.113883.4.642.3.96",SNOMEDCTMedicationAsNeededReasonCodes,SNOMED CT Medication As Needed Reason Codes,"This value set includes all clinical findings from SNOMED CT - provided as an exemplar value set.","StructureDefinition/mii-pr-onko-therapieempfehlung-operation,StructureDefinition/mii-pr-onko-systemische-therapie-medikation,StructureDefinition/mii-pr-onko-therapieempfehlung-medikation","SCT"
http://hl7.org/fhir/ValueSet/medication-codes,4.0.1,draft,"2.16.840.1.113883.4.642.3.375",SNOMEDCTMedicationCodes,SNOMED CT Medication Codes,"This value set includes all drug or medicament substance codes and all pharmaceutical/biologic products from SNOMED CT - provided as an exemplar value set.","StructureDefinition/mii-pr-onko-tumorkonferenz,StructureDefinition/mii-pr-onko-systemische-therapie-medikation,StructureDefinition/mii-pr-onko-therapieempfehlung-medikation","SCT"
http://hl7.org/fhir/ValueSet/medication-statement-category,4.0.1,draft,"2.16.840.1.113883.4.642.3.370",Medication usage category codes,Medication usage category codes,"Medication Status Codes","StructureDefinition/mii-pr-onko-systemische-therapie-medikation","THO"
http://hl7.org/fhir/ValueSet/medication-statement-status,4.0.1,draft,"2.16.840.1.113883.4.642.3.367",Medication Status Codes,Medication  status  codes,"Medication Status Codes","StructureDefinition/mii-pr-onko-systemische-therapie-medikation","hl7.fhir.r4.core"
http://hl7.org/fhir/ValueSet/medicationrequest-category,4.0.1,draft,"2.16.840.1.113883.4.642.3.1322",medicationRequest Category Codes,Medication request  category  codes,"MedicationRequest Category Codes","StructureDefinition/mii-pr-onko-therapieempfehlung-medikation","THO"
http://hl7.org/fhir/ValueSet/medicationrequest-course-of-therapy,4.0.1,draft,"2.16.840.1.113883.4.642.3.1326",medicationRequest Course of Therapy Codes,Medication request  course of  therapy  codes,"MedicationRequest Course of Therapy Codes","StructureDefinition/mii-pr-onko-therapieempfehlung-medikation","THO"
http://hl7.org/fhir/ValueSet/medicationrequest-intent,4.0.1,draft,"2.16.840.1.113883.4.642.3.1321",medicationRequest Intent,Medication request  intent,"MedicationRequest Intent Codes","StructureDefinition/mii-pr-onko-therapieempfehlung-medikation","hl7.fhir.r4.core"
http://hl7.org/fhir/ValueSet/medicationrequest-status,4.0.1,draft,"2.16.840.1.113883.4.642.3.1320",medicationrequest Status,Medicationrequest  status,"MedicationRequest Status Codes","StructureDefinition/mii-pr-onko-therapieempfehlung-medikation","hl7.fhir.r4.core"
http://hl7.org/fhir/ValueSet/medicationrequest-status-reason,4.0.1,draft,"2.16.840.1.113883.4.642.3.1324",medicationRequest Status Reason Codes,Medication request  status  reason  codes,"MedicationRequest Status Reason Codes","StructureDefinition/mii-pr-onko-therapieempfehlung-medikation","THO"
http://hl7.org/fhir/ValueSet/observation-category,4.0.1,draft,"2.16.840.1.113883.4.642.3.403",ObservationCategoryCodes,Observation Category Codes,"Observation Category codes.","StructureDefinition/mii-pr-onko-melanom-ulzeration,StructureDefinition/mii-pr-onko-prostate-psa,StructureDefinition/mii-pr-onko-allgemeiner-leistungszustand-ecog,StructureDefinition/mii-pr-onko-prostate-gleason-grade-group,StructureDefinition/mii-pr-onko-anzahl-befallene-lymphknoten,StructureDefinition/mii-pr-onko-melanom-breslow-tiefe,StructureDefinition/mii-pr-onko-tnm-a-symbol,StructureDefinition/mii-pr-onko-anzahl-befallene-sentinel-lymphknoten,StructureDefinition/mii-pr-onko-tnm-m-kategorie,StructureDefinition/mii-pr-onko-mamma-rezeptorstatus-progesteron,StructureDefinition/mii-pr-onko-krk-abstand-aboral,StructureDefinition/mii-pr-onko-krk-abstand-circumferelle-resektionsebene,StructureDefinition/mii-pr-onko-tnm-pn-kategorie,StructureDefinition/mii-pr-onko-krk-abstand-anokutan,StructureDefinition/mii-pr-onko-asa-klassifikation,StructureDefinition/mii-pr-onko-krk-anastomoseninsuffizienz,StructureDefinition/mii-pr-onko-tnm-t-kategorie,StructureDefinition/mii-pr-onko-melanom-ldh,StructureDefinition/mii-pr-onko-tnm-n-kategorie,StructureDefinition/mii-pr-onko-krk-mrt-mesorektale-faszie,StructureDefinition/mii-pr-onko-prostate-clavien-dindo,StructureDefinition/mii-pr-onko-tod,StructureDefinition/mii-pr-onko-mamma-menopause-status,StructureDefinition/mii-pr-onko-studienteilnahme,StructureDefinition/mii-pr-onko-mamma-her2neu-status,StructureDefinition/mii-pr-onko-genetische-variante,StructureDefinition/mii-pr-onko-verlauf,StructureDefinition/mii-pr-onko-tnm-y-symbol,StructureDefinition/mii-pr-onko-fernmetastasen,StructureDefinition/mii-pr-onko-tnm-s-kategorie,StructureDefinition/mii-pr-onko-tnm-klassifikation,StructureDefinition/mii-pr-onko-prostate-ca-befall-stanze,StructureDefinition/mii-pr-onko-weitere-klassifikationen,StructureDefinition/mii-pr-onko-prostate-gleason-patterns,StructureDefinition/mii-pr-onko-tnm-r-symbol,StructureDefinition/mii-pr-onko-anzahl-untersuchte-lymphknoten,StructureDefinition/mii-pr-onko-melanom-sicherheitsabstand,StructureDefinition/mii-pr-onko-tnm-m-symbol,StructureDefinition/mii-pr-onko-allgemeiner-leistungszustand-karnofsky,StructureDefinition/mii-pr-onko-prostate-gleason-score-gesamt,StructureDefinition/mii-pr-onko-tnm-klassifikation-synthetisiert,StructureDefinition/mii-pr-onko-grading,StructureDefinition/mii-pr-onko-histologie-icdo3,StructureDefinition/mii-pr-onko-tumorgroesse,StructureDefinition/mii-pr-onko-residualstatus,StructureDefinition/mii-pr-onko-mamma-rezeptorstatus-estrogen,StructureDefinition/mii-pr-onko-tnm-l-kategorie,StructureDefinition/mii-pr-onko-prostate-anzahl-positive-stanzen,StructureDefinition/mii-pr-onko-prostate-anzahl-stanzen,StructureDefinition/mii-pr-onko-anzahl-untersuchte-sentinel-lymphknoten,StructureDefinition/mii-pr-onko-tnm-v-kategorie","THO"
http://hl7.org/fhir/ValueSet/observation-codes,4.0.1,draft,"2.16.840.1.113883.4.642.3.396",LOINCCodes,LOINC Codes,"This value set includes all LOINC codes","StructureDefinition/mii-pr-onko-melanom-ulzeration,StructureDefinition/mii-pr-onko-prostate-psa,StructureDefinition/mii-pr-onko-allgemeiner-leistungszustand-ecog,StructureDefinition/mii-pr-onko-prostate-gleason-grade-group,StructureDefinition/mii-pr-onko-anzahl-befallene-lymphknoten,StructureDefinition/mii-pr-onko-melanom-breslow-tiefe,StructureDefinition/mii-pr-onko-tnm-a-symbol,StructureDefinition/mii-pr-onko-anzahl-befallene-sentinel-lymphknoten,StructureDefinition/mii-pr-onko-tnm-m-kategorie,StructureDefinition/mii-pr-onko-mamma-rezeptorstatus-progesteron,StructureDefinition/mii-pr-onko-krk-abstand-aboral,StructureDefinition/mii-pr-onko-krk-abstand-circumferelle-resektionsebene,StructureDefinition/mii-pr-onko-tnm-pn-kategorie,StructureDefinition/mii-pr-onko-krk-abstand-anokutan,StructureDefinition/mii-pr-onko-asa-klassifikation,StructureDefinition/mii-pr-onko-krk-anastomoseninsuffizienz,StructureDefinition/mii-pr-onko-tnm-t-kategorie,StructureDefinition/mii-pr-onko-melanom-ldh,StructureDefinition/mii-pr-onko-tnm-n-kategorie,StructureDefinition/mii-pr-onko-krk-mrt-mesorektale-faszie,StructureDefinition/mii-pr-onko-prostate-clavien-dindo,StructureDefinition/mii-pr-onko-tod,StructureDefinition/mii-pr-onko-mamma-menopause-status,StructureDefinition/mii-pr-onko-studienteilnahme,StructureDefinition/mii-pr-onko-mamma-her2neu-status,StructureDefinition/mii-pr-onko-genetische-variante,StructureDefinition/mii-pr-onko-verlauf,StructureDefinition/mii-pr-onko-tnm-y-symbol,StructureDefinition/mii-pr-onko-fernmetastasen,StructureDefinition/mii-pr-onko-tnm-s-kategorie,StructureDefinition/mii-pr-onko-tnm-klassifikation,StructureDefinition/mii-pr-onko-prostate-ca-befall-stanze,StructureDefinition/mii-pr-onko-weitere-klassifikationen,StructureDefinition/mii-pr-onko-prostate-gleason-patterns,StructureDefinition/mii-pr-onko-tnm-r-symbol,StructureDefinition/mii-pr-onko-anzahl-untersuchte-lymphknoten,StructureDefinition/mii-pr-onko-melanom-sicherheitsabstand,StructureDefinition/mii-pr-onko-tnm-m-symbol,StructureDefinition/mii-pr-onko-allgemeiner-leistungszustand-karnofsky,StructureDefinition/mii-pr-onko-prostate-gleason-score-gesamt,StructureDefinition/mii-pr-onko-tnm-klassifikation-synthetisiert,StructureDefinition/mii-pr-onko-grading,StructureDefinition/mii-pr-onko-histologie-icdo3,StructureDefinition/mii-pr-onko-tumorgroesse,StructureDefinition/mii-pr-onko-residualstatus,StructureDefinition/mii-pr-onko-mamma-rezeptorstatus-estrogen,StructureDefinition/mii-pr-onko-tnm-l-kategorie,StructureDefinition/mii-pr-onko-prostate-anzahl-positive-stanzen,StructureDefinition/mii-pr-onko-prostate-anzahl-stanzen,StructureDefinition/mii-pr-onko-anzahl-untersuchte-sentinel-lymphknoten,StructureDefinition/mii-pr-onko-tnm-v-kategorie","LOINC"
http://hl7.org/fhir/ValueSet/observation-interpretation,4.0.1,active,"2.16.840.1.113883.4.642.3.399",ObservationInterpretationCodes,Observation Interpretation Codes,"A categorical assessment, providing a rough qualitative interpretation of the observation value,    such as “normal”/ “abnormal”,”low” / “high”, “better” / “worse”, “susceptible” / “resistant”, “expected”/ “not expected”.    The value set is intended to be for ANY use where coded representation of an interpretation is needed.             Notes:          This is being communicated in v2.x in OBX-8 (Observation Interpretation), in v3 in ObservationInterpretation (CWE) in R1 (Representative Realm) and in FHIR in    Observation.interpretation. Historically these values come from the laboratory domain, and these codes are extensively    used. The value set binding is extensible, so codes outside the value set that are needed for interpretation concepts    (i.e. particular meanings) that are not included in the value set can be used, and these new codes may also be added to    the value set and published in a future version.","StructureDefinition/mii-pr-onko-melanom-ulzeration,StructureDefinition/mii-pr-onko-prostate-psa,StructureDefinition/mii-pr-onko-allgemeiner-leistungszustand-ecog,StructureDefinition/mii-pr-onko-prostate-gleason-grade-group,StructureDefinition/mii-pr-onko-anzahl-befallene-lymphknoten,StructureDefinition/mii-pr-onko-melanom-breslow-tiefe,StructureDefinition/mii-pr-onko-tnm-a-symbol,StructureDefinition/mii-pr-onko-anzahl-befallene-sentinel-lymphknoten,StructureDefinition/mii-pr-onko-tnm-m-kategorie,StructureDefinition/mii-pr-onko-mamma-rezeptorstatus-progesteron,StructureDefinition/mii-pr-onko-krk-abstand-aboral,StructureDefinition/mii-pr-onko-krk-abstand-circumferelle-resektionsebene,StructureDefinition/mii-pr-onko-tnm-pn-kategorie,StructureDefinition/mii-pr-onko-krk-abstand-anokutan,StructureDefinition/mii-pr-onko-asa-klassifikation,StructureDefinition/mii-pr-onko-krk-anastomoseninsuffizienz,StructureDefinition/mii-pr-onko-tnm-t-kategorie,StructureDefinition/mii-pr-onko-melanom-ldh,StructureDefinition/mii-pr-onko-tnm-n-kategorie,StructureDefinition/mii-pr-onko-krk-mrt-mesorektale-faszie,StructureDefinition/mii-pr-onko-prostate-clavien-dindo,StructureDefinition/mii-pr-onko-tod,StructureDefinition/mii-pr-onko-mamma-menopause-status,StructureDefinition/mii-pr-onko-studienteilnahme,StructureDefinition/mii-pr-onko-mamma-her2neu-status,StructureDefinition/mii-pr-onko-genetische-variante,StructureDefinition/mii-pr-onko-verlauf,StructureDefinition/mii-pr-onko-tnm-y-symbol,StructureDefinition/mii-pr-onko-fernmetastasen,StructureDefinition/mii-pr-onko-tnm-s-kategorie,StructureDefinition/mii-pr-onko-tnm-klassifikation,StructureDefinition/mii-pr-onko-prostate-ca-befall-stanze,StructureDefinition/mii-pr-onko-weitere-klassifikationen,StructureDefinition/mii-pr-onko-prostate-gleason-patterns,StructureDefinition/mii-pr-onko-tnm-r-symbol,StructureDefinition/mii-pr-onko-anzahl-untersuchte-lymphknoten,StructureDefinition/mii-pr-onko-melanom-sicherheitsabstand,StructureDefinition/mii-pr-onko-tnm-m-symbol,StructureDefinition/mii-pr-onko-allgemeiner-leistungszustand-karnofsky,StructureDefinition/mii-pr-onko-prostate-gleason-score-gesamt,StructureDefinition/mii-pr-onko-tnm-klassifikation-synthetisiert,StructureDefinition/mii-pr-onko-grading,StructureDefinition/mii-pr-onko-histologie-icdo3,StructureDefinition/mii-pr-onko-tumorgroesse,StructureDefinition/mii-pr-onko-residualstatus,StructureDefinition/mii-pr-onko-mamma-rezeptorstatus-estrogen,StructureDefinition/mii-pr-onko-tnm-l-kategorie,StructureDefinition/mii-pr-onko-prostate-anzahl-positive-stanzen,StructureDefinition/mii-pr-onko-prostate-anzahl-stanzen,StructureDefinition/mii-pr-onko-anzahl-untersuchte-sentinel-lymphknoten,StructureDefinition/mii-pr-onko-tnm-v-kategorie","THO (V3)"
http://hl7.org/fhir/ValueSet/observation-methods,4.0.1,draft,"2.16.840.1.113883.4.642.3.395",ObservationMethods,Observation Methods,"Observation Method codes from [SNOMED CT](http://snomed.info/sct) where concept is-a 272394005 (Technique (qualifier value)) or is-a 129264002 (Action (qualifier value)) or is-a 386053000 (Evaluation procedure(procedure))","StructureDefinition/mii-pr-onko-melanom-ulzeration,StructureDefinition/mii-pr-onko-prostate-psa,StructureDefinition/mii-pr-onko-allgemeiner-leistungszustand-ecog,StructureDefinition/mii-pr-onko-verlauf,StructureDefinition/mii-pr-onko-tnm-y-symbol,StructureDefinition/mii-pr-onko-prostate-gleason-grade-group,StructureDefinition/mii-pr-onko-anzahl-befallene-lymphknoten,StructureDefinition/mii-pr-onko-melanom-breslow-tiefe,StructureDefinition/mii-pr-onko-tnm-a-symbol,StructureDefinition/mii-pr-onko-anzahl-befallene-sentinel-lymphknoten,StructureDefinition/mii-pr-onko-fernmetastasen,StructureDefinition/mii-pr-onko-prostate-ca-befall-stanze,StructureDefinition/mii-pr-onko-prostate-gleason-patterns,StructureDefinition/mii-pr-onko-tnm-m-kategorie,StructureDefinition/mii-pr-onko-mamma-rezeptorstatus-progesteron,StructureDefinition/mii-pr-onko-tnm-r-symbol,StructureDefinition/mii-pr-onko-krk-abstand-aboral,StructureDefinition/mii-pr-onko-anzahl-untersuchte-lymphknoten,StructureDefinition/mii-pr-onko-krk-abstand-circumferelle-resektionsebene,StructureDefinition/mii-pr-onko-melanom-sicherheitsabstand,StructureDefinition/mii-pr-onko-krk-abstand-anokutan,StructureDefinition/mii-pr-onko-tnm-m-symbol,StructureDefinition/mii-pr-onko-allgemeiner-leistungszustand-karnofsky,StructureDefinition/mii-pr-onko-asa-klassifikation,StructureDefinition/mii-pr-onko-krk-anastomoseninsuffizienz,StructureDefinition/mii-pr-onko-prostate-gleason-score-gesamt,StructureDefinition/mii-pr-onko-melanom-ldh,StructureDefinition/mii-pr-onko-tnm-n-kategorie,StructureDefinition/mii-pr-onko-krk-mrt-mesorektale-faszie,StructureDefinition/mii-pr-onko-prostate-clavien-dindo,StructureDefinition/mii-pr-onko-mamma-menopause-status,StructureDefinition/mii-pr-onko-tod,StructureDefinition/mii-pr-onko-grading,StructureDefinition/mii-pr-onko-histologie-icdo3,StructureDefinition/mii-pr-onko-tumorgroesse,StructureDefinition/mii-pr-onko-residualstatus,StructureDefinition/mii-pr-onko-mamma-rezeptorstatus-estrogen,StructureDefinition/mii-pr-onko-studienteilnahme,StructureDefinition/mii-pr-onko-prostate-anzahl-positive-stanzen,StructureDefinition/mii-pr-onko-prostate-anzahl-stanzen,StructureDefinition/mii-pr-onko-mamma-her2neu-status,StructureDefinition/mii-pr-onko-anzahl-untersuchte-sentinel-lymphknoten","SCT"
http://hl7.org/fhir/ValueSet/observation-status,4.0.1,active,"2.16.840.1.113883.4.642.3.400",ObservationStatus,ObservationStatus,"Codes providing the status of an observation.","StructureDefinition/mii-pr-onko-melanom-ulzeration,StructureDefinition/mii-pr-onko-prostate-psa,StructureDefinition/mii-pr-onko-allgemeiner-leistungszustand-ecog,StructureDefinition/mii-pr-onko-prostate-gleason-grade-group,StructureDefinition/mii-pr-onko-anzahl-befallene-lymphknoten,StructureDefinition/mii-pr-onko-melanom-breslow-tiefe,StructureDefinition/mii-pr-onko-tnm-a-symbol,StructureDefinition/mii-pr-onko-anzahl-befallene-sentinel-lymphknoten,StructureDefinition/mii-pr-onko-tnm-m-kategorie,StructureDefinition/mii-pr-onko-mamma-rezeptorstatus-progesteron,StructureDefinition/mii-pr-onko-krk-abstand-aboral,StructureDefinition/mii-pr-onko-krk-abstand-circumferelle-resektionsebene,StructureDefinition/mii-pr-onko-tnm-pn-kategorie,StructureDefinition/mii-pr-onko-krk-abstand-anokutan,StructureDefinition/mii-pr-onko-asa-klassifikation,StructureDefinition/mii-pr-onko-krk-anastomoseninsuffizienz,StructureDefinition/mii-pr-onko-tnm-t-kategorie,StructureDefinition/mii-pr-onko-melanom-ldh,StructureDefinition/mii-pr-onko-tnm-n-kategorie,StructureDefinition/mii-pr-onko-krk-mrt-mesorektale-faszie,StructureDefinition/mii-pr-onko-prostate-clavien-dindo,StructureDefinition/mii-pr-onko-tod,StructureDefinition/mii-pr-onko-mamma-menopause-status,StructureDefinition/mii-pr-onko-studienteilnahme,StructureDefinition/mii-pr-onko-mamma-her2neu-status,StructureDefinition/mii-pr-onko-genetische-variante,StructureDefinition/mii-pr-onko-verlauf,StructureDefinition/mii-pr-onko-tnm-y-symbol,StructureDefinition/mii-pr-onko-fernmetastasen,StructureDefinition/mii-pr-onko-tnm-s-kategorie,StructureDefinition/mii-pr-onko-tnm-klassifikation,StructureDefinition/mii-pr-onko-prostate-ca-befall-stanze,StructureDefinition/mii-pr-onko-weitere-klassifikationen,StructureDefinition/mii-pr-onko-prostate-gleason-patterns,StructureDefinition/mii-pr-onko-tnm-r-symbol,StructureDefinition/mii-pr-onko-anzahl-untersuchte-lymphknoten,StructureDefinition/mii-pr-onko-melanom-sicherheitsabstand,StructureDefinition/mii-pr-onko-tnm-m-symbol,StructureDefinition/mii-pr-onko-allgemeiner-leistungszustand-karnofsky,StructureDefinition/mii-pr-onko-prostate-gleason-score-gesamt,StructureDefinition/mii-pr-onko-tnm-klassifikation-synthetisiert,StructureDefinition/mii-pr-onko-grading,StructureDefinition/mii-pr-onko-histologie-icdo3,StructureDefinition/mii-pr-onko-tumorgroesse,StructureDefinition/mii-pr-onko-residualstatus,StructureDefinition/mii-pr-onko-mamma-rezeptorstatus-estrogen,StructureDefinition/mii-pr-onko-tnm-l-kategorie,StructureDefinition/mii-pr-onko-prostate-anzahl-positive-stanzen,StructureDefinition/mii-pr-onko-prostate-anzahl-stanzen,StructureDefinition/mii-pr-onko-anzahl-untersuchte-sentinel-lymphknoten,StructureDefinition/mii-pr-onko-tnm-v-kategorie","hl7.fhir.r4.core"
http://hl7.org/fhir/ValueSet/participant-role,4.0.1,draft,"2.16.840.1.113883.4.642.3.152",ParticipantRoles,Participant Roles,"Roles of participants that may be included in a care team.  Defined as: Is a Person, Healthcare professional (occupation) or Healthcare related organization (qualifier value).","StructureDefinition/mii-pr-onko-therapieempfehlung-operation","SCT"
http://hl7.org/fhir/ValueSet/performer-role,4.0.1,draft,"2.16.840.1.113883.4.642.3.433",ProcedurePerformerRoleCodes,Procedure Performer Role Codes,"This example value set defines the set of codes that can be used to indicate a role of a procedure performer.","StructureDefinition/mii-pr-onko-mamma-operation,StructureDefinition/mii-pr-onko-prostata-operation,StructureDefinition/mii-pr-onko-systemische-therapie,StructureDefinition/mii-pr-onko-strahlentherapie,StructureDefinition/mii-pr-onko-operation,StructureDefinition/mii-pr-onko-strahlentherapie-bestrahlung-nuklearmedizin,StructureDefinition/mii-pr-onko-krk-stoma-markierung,StructureDefinition/mii-pr-onko-mamma-praeoperative-markierung,StructureDefinition/mii-pr-onko-mamma-sozialdienst,StructureDefinition/mii-pr-onko-melanom-exzision,StructureDefinition/mii-pr-onko-strahlentherapie-bestrahlung-strahlentherapie,StructureDefinition/mii-pr-onko-krk-operation,StructureDefinition/mii-pr-onko-therapieempfehlung-medikation","SCT"
http://hl7.org/fhir/ValueSet/procedure-category,4.0.1,draft,"2.16.840.1.113883.4.642.3.430",ProcedureCategoryCodes(SNOMEDCT),Procedure Category Codes (SNOMED CT),"Procedure Category code: A selection of relevant SNOMED CT codes.","StructureDefinition/mii-pr-onko-operation,StructureDefinition/mii-pr-onko-strahlentherapie-bestrahlung-nuklearmedizin,StructureDefinition/mii-pr-onko-mamma-operation,StructureDefinition/mii-pr-onko-prostata-operation,StructureDefinition/mii-pr-onko-krk-stoma-markierung,StructureDefinition/mii-pr-onko-mamma-praeoperative-markierung,StructureDefinition/mii-pr-onko-mamma-sozialdienst,StructureDefinition/mii-pr-onko-systemische-therapie,StructureDefinition/mii-pr-onko-strahlentherapie,StructureDefinition/mii-pr-onko-melanom-exzision,StructureDefinition/mii-pr-onko-krk-operation,StructureDefinition/mii-pr-onko-strahlentherapie-bestrahlung-strahlentherapie","SCT"
http://hl7.org/fhir/ValueSet/procedure-code,4.0.1,draft,"2.16.840.1.113883.4.642.3.427",ProcedureCodes(SNOMEDCT),Procedure Codes (SNOMED CT),"Procedure Code: All SNOMED CT procedure codes.","StructureDefinition/mii-pr-onko-mamma-operation,StructureDefinition/mii-pr-onko-therapieempfehlung-operation,StructureDefinition/mii-pr-onko-tumorkonferenz,StructureDefinition/mii-pr-onko-prostata-operation,StructureDefinition/mii-pr-onko-systemische-therapie,StructureDefinition/mii-pr-onko-strahlentherapie,StructureDefinition/mii-pr-onko-operation,StructureDefinition/mii-pr-onko-strahlentherapie-bestrahlung-nuklearmedizin,StructureDefinition/mii-pr-onko-krk-stoma-markierung,StructureDefinition/mii-pr-onko-mamma-praeoperative-markierung,StructureDefinition/mii-pr-onko-mamma-sozialdienst,StructureDefinition/mii-pr-onko-melanom-exzision,StructureDefinition/mii-pr-onko-krk-operation","SCT"
http://hl7.org/fhir/ValueSet/procedure-followup,4.0.1,draft,"2.16.840.1.113883.4.642.3.429",ProcedureFollowUpCodes(SNOMEDCT),Procedure Follow up Codes (SNOMED CT),"Procedure follow up codes: A selection of SNOMED CT codes relevant to procedure follow up.","StructureDefinition/mii-pr-onko-operation,StructureDefinition/mii-pr-onko-strahlentherapie-bestrahlung-nuklearmedizin,StructureDefinition/mii-pr-onko-mamma-operation,StructureDefinition/mii-pr-onko-prostata-operation,StructureDefinition/mii-pr-onko-krk-stoma-markierung,StructureDefinition/mii-pr-onko-mamma-praeoperative-markierung,StructureDefinition/mii-pr-onko-mamma-sozialdienst,StructureDefinition/mii-pr-onko-systemische-therapie,StructureDefinition/mii-pr-onko-strahlentherapie,StructureDefinition/mii-pr-onko-melanom-exzision,StructureDefinition/mii-pr-onko-krk-operation,StructureDefinition/mii-pr-onko-strahlentherapie-bestrahlung-strahlentherapie","SCT"
http://hl7.org/fhir/ValueSet/procedure-not-performed-reason,4.0.1,active,"2.16.840.1.113883.4.642.3.431",ProcedureNotPerformedReason(SNOMED-CT),Procedure Not Performed Reason (SNOMED-CT),"Situation codes describing the reason that a procedure, which might otherwise be expected, was not performed, or a procedure that was started and was not completed. Consists of SNOMED CT codes, children of procedure contraindicated (183932001), procedure discontinued (416406003), procedure not done (416237000), procedure not indicated (428119001), procedure not offered (416064006), procedure not wanted (416432009), procedure refused (183944003), and procedure stopped (394908001).","StructureDefinition/mii-pr-onko-operation,StructureDefinition/mii-pr-onko-strahlentherapie-bestrahlung-nuklearmedizin,StructureDefinition/mii-pr-onko-mamma-operation,StructureDefinition/mii-pr-onko-prostata-operation,StructureDefinition/mii-pr-onko-mamma-praeoperative-markierung,StructureDefinition/mii-pr-onko-mamma-sozialdienst,StructureDefinition/mii-pr-onko-systemische-therapie,StructureDefinition/mii-pr-onko-strahlentherapie,StructureDefinition/mii-pr-onko-melanom-exzision,StructureDefinition/mii-pr-onko-krk-operation,StructureDefinition/mii-pr-onko-strahlentherapie-bestrahlung-strahlentherapie","SCT"
http://hl7.org/fhir/ValueSet/procedure-outcome,4.0.1,draft,"2.16.840.1.113883.4.642.3.428",ProcedureOutcomeCodes(SNOMEDCT),Procedure Outcome Codes (SNOMED CT),"Procedure Outcome code: A selection of relevant SNOMED CT codes.","StructureDefinition/mii-pr-onko-strahlentherapie-bestrahlung-nuklearmedizin,StructureDefinition/mii-pr-onko-krk-stoma-markierung,StructureDefinition/mii-pr-onko-mamma-praeoperative-markierung,StructureDefinition/mii-pr-onko-strahlentherapie,StructureDefinition/mii-pr-onko-strahlentherapie-bestrahlung-strahlentherapie","SCT"
http://hl7.org/fhir/ValueSet/procedure-reason,4.0.1,draft,"2.16.840.1.113883.4.642.3.432",ProcedureReasonCodes,Procedure Reason Codes,"This example value set defines the set of codes that can be used to indicate a reason for a procedure.","StructureDefinition/mii-pr-onko-mamma-operation,StructureDefinition/mii-pr-onko-therapieempfehlung-operation,StructureDefinition/mii-pr-onko-prostata-operation,StructureDefinition/mii-pr-onko-systemische-therapie,StructureDefinition/mii-pr-onko-strahlentherapie,StructureDefinition/mii-pr-onko-operation,StructureDefinition/mii-pr-onko-strahlentherapie-bestrahlung-nuklearmedizin,StructureDefinition/mii-pr-onko-krk-stoma-markierung,StructureDefinition/mii-pr-onko-mamma-praeoperative-markierung,StructureDefinition/mii-pr-onko-mamma-sozialdienst,StructureDefinition/mii-pr-onko-melanom-exzision,StructureDefinition/mii-pr-onko-strahlentherapie-bestrahlung-strahlentherapie,StructureDefinition/mii-pr-onko-krk-operation","SCT"
http://hl7.org/fhir/ValueSet/quantity-comparator,4.0.1,active,"2.16.840.1.113883.4.642.3.59",QuantityComparator,QuantityComparator,"How the Quantity should be understood and represented.","StructureDefinition/mii-pr-onko-genetische-variante,StructureDefinition/mii-pr-onko-prostate-psa,StructureDefinition/mii-pr-onko-krk-abstand-anokutan,StructureDefinition/mii-pr-onko-melanom-sicherheitsabstand,StructureDefinition/mii-ex-onko-strahlentherapie-bestrahlung-einzeldosis,StructureDefinition/mii-pr-onko-anzahl-befallene-lymphknoten,StructureDefinition/mii-pr-onko-melanom-breslow-tiefe,StructureDefinition/mii-pr-onko-anzahl-befallene-sentinel-lymphknoten,StructureDefinition/mii-ex-onko-strahlentherapie-bestrahlung-gesamtdosis,StructureDefinition/mii-pr-onko-melanom-ldh,StructureDefinition/mii-pr-onko-krk-mrt-mesorektale-faszie,StructureDefinition/mii-pr-onko-prostate-ca-befall-stanze,StructureDefinition/mii-pr-onko-strahlentherapie-bestrahlung-nuklearmedizin,StructureDefinition/mii-pr-onko-tumorgroesse,StructureDefinition/mii-pr-onko-mamma-rezeptorstatus-estrogen,StructureDefinition/mii-pr-onko-mamma-rezeptorstatus-progesteron,StructureDefinition/mii-pr-onko-krk-abstand-aboral,StructureDefinition/mii-pr-onko-anzahl-untersuchte-lymphknoten,StructureDefinition/mii-pr-onko-strahlentherapie-bestrahlung-strahlentherapie,StructureDefinition/mii-pr-onko-systemische-therapie-medikation,StructureDefinition/mii-pr-onko-therapieempfehlung-medikation,StructureDefinition/mii-pr-onko-diagnose-primaertumor,StructureDefinition/mii-pr-onko-anzahl-untersuchte-sentinel-lymphknoten,StructureDefinition/mii-pr-onko-krk-abstand-circumferelle-resektionsebene","hl7.fhir.r4.core"
http://hl7.org/fhir/ValueSet/reason-medication-status-codes,4.0.1,draft,"2.16.840.1.113883.4.642.3.369",SNOMEDCTDrugTherapyStatusCodes,SNOMED CT Drug Therapy Status codes ,"This value set includes some taken and not taken reason codes from SNOMED CT - provided as an exemplar","StructureDefinition/mii-pr-onko-systemische-therapie-medikation","SCT"
http://hl7.org/fhir/ValueSet/referencerange-appliesto,4.0.1,draft,"2.16.840.1.113883.4.642.3.407",ObservationReferenceRangeAppliesToCodes,Observation Reference Range Applies To Codes,"This value set defines a set of codes that can be used to indicate the particular target population the reference range applies to.","StructureDefinition/mii-pr-onko-melanom-ulzeration,StructureDefinition/mii-pr-onko-prostate-psa,StructureDefinition/mii-pr-onko-allgemeiner-leistungszustand-ecog,StructureDefinition/mii-pr-onko-prostate-gleason-grade-group,StructureDefinition/mii-pr-onko-anzahl-befallene-lymphknoten,StructureDefinition/mii-pr-onko-melanom-breslow-tiefe,StructureDefinition/mii-pr-onko-tnm-a-symbol,StructureDefinition/mii-pr-onko-anzahl-befallene-sentinel-lymphknoten,StructureDefinition/mii-pr-onko-tnm-m-kategorie,StructureDefinition/mii-pr-onko-mamma-rezeptorstatus-progesteron,StructureDefinition/mii-pr-onko-krk-abstand-aboral,StructureDefinition/mii-pr-onko-krk-abstand-circumferelle-resektionsebene,StructureDefinition/mii-pr-onko-tnm-pn-kategorie,StructureDefinition/mii-pr-onko-krk-abstand-anokutan,StructureDefinition/mii-pr-onko-asa-klassifikation,StructureDefinition/mii-pr-onko-krk-anastomoseninsuffizienz,StructureDefinition/mii-pr-onko-tnm-t-kategorie,StructureDefinition/mii-pr-onko-melanom-ldh,StructureDefinition/mii-pr-onko-tnm-n-kategorie,StructureDefinition/mii-pr-onko-krk-mrt-mesorektale-faszie,StructureDefinition/mii-pr-onko-prostate-clavien-dindo,StructureDefinition/mii-pr-onko-tod,StructureDefinition/mii-pr-onko-mamma-menopause-status,StructureDefinition/mii-pr-onko-studienteilnahme,StructureDefinition/mii-pr-onko-mamma-her2neu-status,StructureDefinition/mii-pr-onko-genetische-variante,StructureDefinition/mii-pr-onko-verlauf,StructureDefinition/mii-pr-onko-tnm-y-symbol,StructureDefinition/mii-pr-onko-fernmetastasen,StructureDefinition/mii-pr-onko-tnm-s-kategorie,StructureDefinition/mii-pr-onko-tnm-klassifikation,StructureDefinition/mii-pr-onko-prostate-ca-befall-stanze,StructureDefinition/mii-pr-onko-weitere-klassifikationen,StructureDefinition/mii-pr-onko-prostate-gleason-patterns,StructureDefinition/mii-pr-onko-tnm-r-symbol,StructureDefinition/mii-pr-onko-anzahl-untersuchte-lymphknoten,StructureDefinition/mii-pr-onko-melanom-sicherheitsabstand,StructureDefinition/mii-pr-onko-tnm-m-symbol,StructureDefinition/mii-pr-onko-allgemeiner-leistungszustand-karnofsky,StructureDefinition/mii-pr-onko-prostate-gleason-score-gesamt,StructureDefinition/mii-pr-onko-tnm-klassifikation-synthetisiert,StructureDefinition/mii-pr-onko-grading,StructureDefinition/mii-pr-onko-histologie-icdo3,StructureDefinition/mii-pr-onko-tumorgroesse,StructureDefinition/mii-pr-onko-residualstatus,StructureDefinition/mii-pr-onko-mamma-rezeptorstatus-estrogen,StructureDefinition/mii-pr-onko-tnm-l-kategorie,StructureDefinition/mii-pr-onko-prostate-anzahl-positive-stanzen,StructureDefinition/mii-pr-onko-prostate-anzahl-stanzen,StructureDefinition/mii-pr-onko-anzahl-untersuchte-sentinel-lymphknoten,StructureDefinition/mii-pr-onko-tnm-v-kategorie","SCT"
http://hl7.org/fhir/ValueSet/referencerange-meaning,4.0.1,draft,"2.16.840.1.113883.4.642.3.397",ObservationReferenceRangeMeaningCodes,Observation Reference Range Meaning Codes,"This value set defines a set of codes that can be used to indicate the meaning/use of a reference range for a particular target population.","StructureDefinition/mii-pr-onko-melanom-ulzeration,StructureDefinition/mii-pr-onko-prostate-psa,StructureDefinition/mii-pr-onko-allgemeiner-leistungszustand-ecog,StructureDefinition/mii-pr-onko-prostate-gleason-grade-group,StructureDefinition/mii-pr-onko-anzahl-befallene-lymphknoten,StructureDefinition/mii-pr-onko-melanom-breslow-tiefe,StructureDefinition/mii-pr-onko-tnm-a-symbol,StructureDefinition/mii-pr-onko-anzahl-befallene-sentinel-lymphknoten,StructureDefinition/mii-pr-onko-tnm-m-kategorie,StructureDefinition/mii-pr-onko-mamma-rezeptorstatus-progesteron,StructureDefinition/mii-pr-onko-krk-abstand-aboral,StructureDefinition/mii-pr-onko-krk-abstand-circumferelle-resektionsebene,StructureDefinition/mii-pr-onko-tnm-pn-kategorie,StructureDefinition/mii-pr-onko-krk-abstand-anokutan,StructureDefinition/mii-pr-onko-asa-klassifikation,StructureDefinition/mii-pr-onko-krk-anastomoseninsuffizienz,StructureDefinition/mii-pr-onko-tnm-t-kategorie,StructureDefinition/mii-pr-onko-melanom-ldh,StructureDefinition/mii-pr-onko-tnm-n-kategorie,StructureDefinition/mii-pr-onko-krk-mrt-mesorektale-faszie,StructureDefinition/mii-pr-onko-prostate-clavien-dindo,StructureDefinition/mii-pr-onko-tod,StructureDefinition/mii-pr-onko-mamma-menopause-status,StructureDefinition/mii-pr-onko-studienteilnahme,StructureDefinition/mii-pr-onko-mamma-her2neu-status,StructureDefinition/mii-pr-onko-genetische-variante,StructureDefinition/mii-pr-onko-verlauf,StructureDefinition/mii-pr-onko-tnm-y-symbol,StructureDefinition/mii-pr-onko-fernmetastasen,StructureDefinition/mii-pr-onko-tnm-s-kategorie,StructureDefinition/mii-pr-onko-tnm-klassifikation,StructureDefinition/mii-pr-onko-prostate-ca-befall-stanze,StructureDefinition/mii-pr-onko-weitere-klassifikationen,StructureDefinition/mii-pr-onko-prostate-gleason-patterns,StructureDefinition/mii-pr-onko-tnm-r-symbol,StructureDefinition/mii-pr-onko-anzahl-untersuchte-lymphknoten,StructureDefinition/mii-pr-onko-melanom-sicherheitsabstand,StructureDefinition/mii-pr-onko-tnm-m-symbol,StructureDefinition/mii-pr-onko-allgemeiner-leistungszustand-karnofsky,StructureDefinition/mii-pr-onko-prostate-gleason-score-gesamt,StructureDefinition/mii-pr-onko-tnm-klassifikation-synthetisiert,StructureDefinition/mii-pr-onko-grading,StructureDefinition/mii-pr-onko-histologie-icdo3,StructureDefinition/mii-pr-onko-tumorgroesse,StructureDefinition/mii-pr-onko-residualstatus,StructureDefinition/mii-pr-onko-mamma-rezeptorstatus-estrogen,StructureDefinition/mii-pr-onko-tnm-l-kategorie,StructureDefinition/mii-pr-onko-prostate-anzahl-positive-stanzen,StructureDefinition/mii-pr-onko-prostate-anzahl-stanzen,StructureDefinition/mii-pr-onko-anzahl-untersuchte-sentinel-lymphknoten,StructureDefinition/mii-pr-onko-tnm-v-kategorie","THO"
http://hl7.org/fhir/ValueSet/report-codes,4.0.1,draft,"2.16.840.1.113883.4.642.3.233",LOINCDiagnosticReportCodes,LOINC Diagnostic Report Codes,"This value set includes LOINC codes that relate to Diagnostic Observations.","StructureDefinition/mii-pr-onko-befund","LOINC"
http://hl7.org/fhir/ValueSet/request-intent,4.0.1,draft,"2.16.840.1.113883.4.642.3.113",RequestIntent,RequestIntent,"Codes indicating the degree of authority/intentionality associated with a request.","StructureDefinition/mii-pr-onko-therapieempfehlung-operation,StructureDefinition/mii-pr-onko-therapieempfehlung-kombinationstherapie","hl7.fhir.r4.core"
http://hl7.org/fhir/ValueSet/request-priority,4.0.1,draft,"2.16.840.1.113883.4.642.3.115",RequestPriority,Request priority,"The clinical priority of a diagnostic order.","StructureDefinition/mii-pr-onko-therapieempfehlung-operation,StructureDefinition/mii-pr-onko-therapieempfehlung-kombinationstherapie,StructureDefinition/mii-pr-onko-therapieempfehlung-medikation","hl7.fhir.r4.core"
http://hl7.org/fhir/ValueSet/request-status,4.0.1,draft,"2.16.840.1.113883.4.642.3.111",RequestStatus,RequestStatus,"Codes identifying the lifecycle stage of a request.","StructureDefinition/mii-pr-onko-therapieempfehlung-operation,StructureDefinition/mii-pr-onko-tumorkonferenz,StructureDefinition/mii-pr-onko-therapieempfehlung-kombinationstherapie","hl7.fhir.r4.core"
http://hl7.org/fhir/ValueSet/route-codes,4.0.1,draft,"2.16.840.1.113883.4.642.3.98",SNOMEDCTRouteCodes,SNOMED CT Route Codes,"This value set includes all Route codes from SNOMED CT - provided as an exemplar.","StructureDefinition/mii-pr-onko-systemische-therapie-medikation,StructureDefinition/mii-pr-onko-therapieempfehlung-medikation","SCT"
http://hl7.org/fhir/ValueSet/security-labels,4.0.1,active,"2.16.840.1.113883.4.642.3.47",All Security Labels,SecurityLabels,"A single value set for all security labels defined by FHIR.","StructureDefinition/mii-pr-onko-melanom-ulzeration,StructureDefinition/mii-pr-onko-prostate-psa,StructureDefinition/mii-pr-onko-mamma-operation,StructureDefinition/mii-pr-onko-allgemeiner-leistungszustand-ecog,StructureDefinition/mii-pr-onko-prostata-operation,StructureDefinition/mii-pr-onko-prostate-gleason-grade-group,StructureDefinition/mii-pr-onko-specimen,StructureDefinition/mii-pr-onko-anzahl-befallene-lymphknoten,StructureDefinition/mii-pr-onko-melanom-breslow-tiefe,StructureDefinition/mii-pr-onko-systemische-therapie,StructureDefinition/mii-pr-onko-tnm-a-symbol,StructureDefinition/mii-pr-onko-anzahl-befallene-sentinel-lymphknoten,StructureDefinition/mii-pr-onko-operation,StructureDefinition/mii-pr-onko-strahlentherapie-bestrahlung-nuklearmedizin,StructureDefinition/mii-pr-onko-tnm-m-kategorie,StructureDefinition/mii-pr-onko-mamma-rezeptorstatus-progesteron,StructureDefinition/mii-pr-onko-krk-stoma-markierung,StructureDefinition/mii-pr-onko-mamma-praeoperative-markierung,StructureDefinition/mii-pr-onko-mamma-sozialdienst,StructureDefinition/mii-pr-onko-krk-abstand-aboral,StructureDefinition/mii-pr-onko-systemische-therapie-medikation,StructureDefinition/mii-pr-onko-krk-abstand-circumferelle-resektionsebene,StructureDefinition/mii-pr-onko-tnm-pn-kategorie,StructureDefinition/mii-pr-onko-krk-abstand-anokutan,StructureDefinition/mii-pr-onko-tumorkonferenz,StructureDefinition/mii-pr-onko-asa-klassifikation,StructureDefinition/mii-pr-onko-krk-anastomoseninsuffizienz,StructureDefinition/mii-pr-onko-tnm-t-kategorie,StructureDefinition/mii-pr-onko-melanom-ldh,StructureDefinition/mii-pr-onko-tnm-n-kategorie,StructureDefinition/mii-pr-onko-krk-mrt-mesorektale-faszie,StructureDefinition/mii-pr-onko-prostate-clavien-dindo,StructureDefinition/mii-pr-onko-tod,StructureDefinition/mii-pr-onko-mamma-menopause-status,StructureDefinition/mii-pr-onko-krk-specimen,StructureDefinition/mii-pr-onko-studienteilnahme,StructureDefinition/mii-pr-onko-krk-operation,StructureDefinition/mii-pr-onko-diagnose-primaertumor,StructureDefinition/mii-pr-onko-therapieempfehlung-medikation,StructureDefinition/mii-pr-onko-mamma-her2neu-status,StructureDefinition/mii-pr-onko-genetische-variante,StructureDefinition/mii-pr-onko-therapieempfehlung-operation,StructureDefinition/mii-pr-onko-verlauf,StructureDefinition/mii-pr-onko-tnm-y-symbol,StructureDefinition/mii-pr-onko-fernmetastasen,StructureDefinition/mii-pr-onko-tnm-s-kategorie,StructureDefinition/mii-pr-onko-therapieempfehlung-kombinationstherapie,StructureDefinition/mii-pr-onko-tnm-klassifikation,StructureDefinition/mii-pr-onko-prostate-ca-befall-stanze,StructureDefinition/mii-pr-onko-weitere-klassifikationen,StructureDefinition/mii-pr-onko-prostate-gleason-patterns,StructureDefinition/mii-pr-onko-nebenwirkung-adverse-event,StructureDefinition/mii-pr-onko-tnm-r-symbol,StructureDefinition/mii-pr-onko-liste-evidenz-erstdiagnose,StructureDefinition/mii-pr-onko-anzahl-untersuchte-lymphknoten,StructureDefinition/mii-pr-onko-strahlentherapie-bestrahlung-strahlentherapie,StructureDefinition/mii-pr-onko-melanom-sicherheitsabstand,StructureDefinition/mii-pr-onko-tnm-m-symbol,StructureDefinition/mii-pr-onko-allgemeiner-leistungszustand-karnofsky,StructureDefinition/mii-pr-onko-strahlentherapie,StructureDefinition/mii-pr-onko-befund,StructureDefinition/mii-pr-onko-prostate-gleason-score-gesamt,StructureDefinition/mii-pr-onko-fruehere-tumorerkrankung,StructureDefinition/mii-pr-onko-tnm-klassifikation-synthetisiert,StructureDefinition/mii-pr-onko-grading,StructureDefinition/mii-pr-onko-histologie-icdo3,StructureDefinition/mii-pr-onko-tumorgroesse,StructureDefinition/mii-pr-onko-residualstatus,StructureDefinition/mii-pr-onko-mamma-rezeptorstatus-estrogen,StructureDefinition/mii-pr-onko-tnm-l-kategorie,StructureDefinition/mii-pr-onko-prostate-anzahl-positive-stanzen,StructureDefinition/mii-pr-onko-prostate-anzahl-stanzen,StructureDefinition/mii-pr-onko-melanom-exzision,StructureDefinition/mii-pr-onko-anzahl-untersuchte-sentinel-lymphknoten,StructureDefinition/mii-pr-onko-tnm-v-kategorie",
http://hl7.org/fhir/ValueSet/servicerequest-category,4.0.1,draft,"2.16.840.1.113883.4.642.3.434",ServiceRequestCategoryCodes,Service Request Category Codes,"An example value set of SNOMED CT concepts that can classify a requested service","StructureDefinition/mii-pr-onko-therapieempfehlung-operation","SCT"
http://hl7.org/fhir/ValueSet/servicerequest-orderdetail,4.0.1,draft,"2.16.840.1.113883.4.642.3.435",ServiceRequestOrderDetailsCodes,Service Request Order Details Codes,"An example value set of Codified order entry details concepts.  These concepts only make sense in the context of what is being ordered.  This example is for a patient ventilation order","StructureDefinition/mii-pr-onko-therapieempfehlung-operation","SCT"
http://hl7.org/fhir/ValueSet/specimen-collection-method,4.0.1,draft,"2.16.840.1.113883.4.642.3.468",FHIRSpecimenCollectionMethod,FHIR Specimen Collection Method," This example value set defines a set of codes that can be used to indicate the method by which a specimen was collected.","StructureDefinition/mii-pr-onko-krk-specimen,StructureDefinition/mii-pr-onko-specimen","SCT"
http://hl7.org/fhir/ValueSet/specimen-container-type,4.0.1,draft,"2.16.840.1.113883.4.642.3.470",SpecimenContainerType,Specimen Container Type,"Checks on the patient prior specimen collection. All SNOMED CT concepts descendants of 706041008 |Device for body fluid and tissue collection/transfer/processing (physical object)|","StructureDefinition/mii-pr-onko-krk-specimen,StructureDefinition/mii-pr-onko-specimen","SCT"
http://hl7.org/fhir/ValueSet/specimen-processing-procedure,4.0.1,draft,"2.16.840.1.113883.4.642.3.469",SpecimenProcessingProcedure,Specimen processing procedure,"The technique that is used to perform the process or preserve the specimen.","StructureDefinition/mii-pr-onko-krk-specimen,StructureDefinition/mii-pr-onko-specimen","THO (V2)"
http://hl7.org/fhir/ValueSet/specimen-status,4.0.1,draft,"2.16.840.1.113883.4.642.3.471",SpecimenStatus,SpecimenStatus,"Codes providing the status/availability of a specimen.","StructureDefinition/mii-pr-onko-krk-specimen,StructureDefinition/mii-pr-onko-specimen","hl7.fhir.r4.core"
http://hl7.org/fhir/ValueSet/timing-abbreviation,4.0.1,draft,"2.16.840.1.113883.4.642.3.78",TimingAbbreviation,TimingAbbreviation,"Code for a known / defined timing pattern.","StructureDefinition/mii-pr-onko-systemische-therapie-medikation,StructureDefinition/mii-pr-onko-therapieempfehlung-medikation","THO (V3)"
http://hl7.org/fhir/ValueSet/units-of-time,4.0.1,active,"2.16.840.1.113883.4.642.3.77",UnitsOfTime,UnitsOfTime,"A unit of time (units from UCUM).","StructureDefinition/mii-pr-onko-systemische-therapie-medikation,StructureDefinition/mii-pr-onko-therapieempfehlung-medikation","UCUM"
http://hl7.org/fhir/uv/genomics-reporting/ValueSet/dna-change-type-vs,3.0.0,active,,DNAChangeTypeVS,DNA Change Type,"DNA Change Type of a variant.","StructureDefinition/mii-pr-onko-genetische-variante","hl7.terminology.r4"
http://hl7.org/fhir/uv/genomics-reporting/ValueSet/hgnc-vs,3.0.0,active,,HGNCVS,HUGO Gene Nomenclature Committee Gene Names (HGNC),"This value set includes all HGNC Codes, which includes multiple code systems. In this guide, Gene IDs from HGNC are used as CodeableConcepts, which must be sent with the HGNC gene ID including the prefix 'HGNC:' as the code and the HGNC 'gene symbol' as display. CAUTION: HGNC also indexes gene groups by numeric ID (without a prefix), and older systems may send HGNC gene IDs without the prefix, so care must be taken to confirm alignment. We have separately included the genegroup code system to draw attention to this ambiguity and potential error.","StructureDefinition/mii-pr-onko-genetische-variante","hl7.terminology.r4"
http://hl7.org/fhir/uv/genomics-reporting/ValueSet/hgvs-vs,3.0.0,active,,HGVSVS,Human Genome Variation Society (HGVS) Nomenclature,"HGVS-nomenclature is used to report and exchange information regarding variants found in DNA, RNA and protein sequences and serves as an international standard. (source: varnomen.hgvs.org)","StructureDefinition/mii-pr-onko-genetische-variante","hl7.terminology.r4"
http://hl7.org/fhir/uv/genomics-reporting/ValueSet/variant-confidence-status-vs,3.0.0,active,,VariantConfidenceStatusVS,Variant Confidence Status,"A code that classifies the confidence for calling this variant.","StructureDefinition/mii-pr-onko-genetische-variante","THO"
http://hl7.org/fhir/uv/ips/ValueSet/medicine-route-of-administration,2.0.0,active,,MedicineRouteOfAdministrationUvIps,Medicine EDQM Route of Administration - IPS,"While SNOMED remains a preferred binding for medicine route, EDQM (European Directorate for the Quality of Medicines and Healthcare) route of administration codes are allowed as additional binding.   EDQM (European Directorate for the Quality of Medicines and Healthcare) Route of Administration codes.  This Value Set includes all the EDQM Standard Terms having:   [Concept Status] = ‘C’ AND   [Concept Class] = 'ROA' AND   [Domain] = 'H+V'    C = 'Current'; ROA = 'Route of administration'; H+V = 'Human and Veterinary'","StructureDefinition/mii-pr-onko-systemische-therapie-medikation,StructureDefinition/mii-pr-onko-therapieempfehlung-medikation","Other"
http://hl7.org/fhir/uv/ips/ValueSet/target-site-uv-ips,1.1.0,active,,TargetSiteUvIps,Target Site - IPS,"This value set includes codes from SNOMED Clinical Terms®: all descendants of 442083009 | Anatomical or acquired body structure (body structure)|.","StructureDefinition/mii-pr-onko-systemische-therapie-medikation,StructureDefinition/mii-pr-onko-therapieempfehlung-medikation","SCT"
http://ig.fhir.de/igs/medication/ValueSet/DosageDoseQuantityDE,1.0.7,active,,DosageDoseQuantityDEVS,Dosage DoseQuantity ValueSet,"Diese ValueSet enthält Konzepte für die Dosierungseinheit in der Dosiermenge.","StructureDefinition/mii-pr-onko-systemische-therapie-medikation,StructureDefinition/mii-pr-onko-therapieempfehlung-medikation","UCUM,Other"
http://loinc.org/vs/LL1040-6,null,active,,LOINCAnswersLL1040-6,LOINC Answer Codes for LL1040-6,"","StructureDefinition/mii-pr-onko-genetische-variante","LOINC"
http://loinc.org/vs/LL1971-2,null,active,,LOINCAnswersLL1971-2,LOINC Answer Codes for LL1971-2,"","StructureDefinition/mii-pr-onko-genetische-variante","LOINC"
http://loinc.org/vs/LL2938-0,null,active,,LOINCAnswersLL2938-0,LOINC Answer Codes for LL2938-0,"","StructureDefinition/mii-pr-onko-genetische-variante","LOINC"
http://loinc.org/vs/LL378-1,null,active,,LOINCAnswersLL378-1,LOINC Answer Codes for LL378-1,"","StructureDefinition/mii-pr-onko-genetische-variante","LOINC"
http://loinc.org/vs/LL381-5,null,active,,LOINCAnswersLL381-5,LOINC Answer Codes for LL381-5,"","StructureDefinition/mii-pr-onko-genetische-variante","LOINC"
http://loinc.org/vs/LL4048-6,null,active,,LOINCAnswersLL4048-6,LOINC Answer Codes for LL4048-6,"","StructureDefinition/mii-pr-onko-genetische-variante","LOINC"
http://loinc.org/vs/LL4050-2,null,active,,LOINCAnswersLL4050-2,LOINC Answer Codes for LL4050-2,"","StructureDefinition/mii-pr-onko-genetische-variante","LOINC"
http://loinc.org/vs/LL4986-7,null,active,,LOINCAnswersLL4986-7,LOINC Answer Codes for LL4986-7,"","ConceptMap/mii-cm-onko-allgemeiner-leistungszustand-karnofsky-loinc","LOINC"
http://loinc.org/vs/LL529-9,null,active,,LOINCAnswersLL529-9,LOINC Answer Codes for LL529-9,"","ConceptMap/mii-cm-onko-allgemeiner-leistungszustand-ecog-loinc","LOINC"
http://loinc.org/vs/LL5323-2,null,active,,LOINCAnswersLL5323-2,LOINC Answer Codes for LL5323-2,"","StructureDefinition/mii-pr-onko-genetische-variante","LOINC"
http://loinc.org/vs/LL5489-1,null,active,,LOINCAnswersLL5489-1,LOINC Answer Codes for LL5489-1,"","StructureDefinition/mii-pr-onko-genetische-variante","LOINC"
http://snomed.info/sct?fhir_vs,null,active,,SCTValueSetAll,All Codes SCT ValueSet,"Value Set for All SNOMED CT Concepts","ConceptMap/mii-cm-onko-nebenwirkung-meddra-sct","SCT"
http://terminology.hl7.org/ValueSet/v2-0371,3.0.0,active,"2.16.840.1.113883.21.245",Hl7VSAdditivePreservative,hl7VS-additivePreservative,"Concepts specifying any additive introduced to the specimen before or at the time of collection.  These additives may be introduced in order to preserve, maintain or enhance the particular nature or component of the specimen.  Used in Version 2 messaging in the SPM segment.","StructureDefinition/mii-pr-onko-krk-specimen,StructureDefinition/mii-pr-onko-specimen","THO (V2)"
http://terminology.hl7.org/ValueSet/v2-0487,3.0.0,active,"2.16.840.1.113883.21.327",Hl7VSSpecimenType,hl7VS-specimenType,"Concepts that describe the precise nature of an entity that may be used as the source material for an observation.  This is one of two code systems that are used instead of table 0070 (code system xxxx) which conflated specimen types and specimen collection methods.   Used in Version 2 messaging in the SPM segment.","StructureDefinition/mii-pr-onko-krk-specimen,StructureDefinition/mii-pr-onko-specimen","THO (V2)"
http://terminology.hl7.org/ValueSet/v2-0493,3.0.0,active,"2.16.840.1.113883.21.333",Hl7VSSpecimenCondition,hl7VS-specimenCondition,"Concepts of modes or states of being that describe the nature of a specimen.  Used in Version 2 messaging in the SPM segment.","StructureDefinition/mii-pr-onko-specimen","THO (V2)"
http://terminology.hl7.org/ValueSet/v2-0916,3.0.0,active,"2.16.840.1.113883.21.440",Hl7VSRelevantClincialInformation,hl7VS-relevantClincialInformation,"Value Set of codes that specify additional clinical information about the patient or specimen to report the supporting and/or suspected diagnosis and clinical findings on requests for interpreted diagnostic studies.","StructureDefinition/mii-pr-onko-krk-specimen,StructureDefinition/mii-pr-onko-specimen","THO (V2)"
http://terminology.hl7.org/ValueSet/v3-ActSubstanceAdminSubstitutionCode,3.0.0,active,"2.16.840.1.113883.1.11.16621",ActSubstanceAdminSubstitutionCode,ActSubstanceAdminSubstitutionCode,"***No description***","StructureDefinition/mii-pr-onko-therapieempfehlung-medikation","THO (V3)"
http://terminology.hl7.org/ValueSet/v3-ServiceDeliveryLocationRoleType,3.0.0,active,"2.16.840.1.113883.1.11.17660",ServiceDeliveryLocationRoleType,ServiceDeliveryLocationRoleType,"A role of a place that further classifies the setting (e.g., accident site, road side, work site, community location) in which services are delivered.","StructureDefinition/mii-pr-onko-therapieempfehlung-operation","THO (V3)"
http://terminology.hl7.org/ValueSet/v3-SubstanceAdminSubstitutionReason,3.0.0,active,"2.16.840.1.113883.1.11.19377",SubstanceAdminSubstitutionReason,SubstanceAdminSubstitutionReason,"***No description***","StructureDefinition/mii-pr-onko-therapieempfehlung-medikation","THO (V3)"
https://www.medizininformatik-initiative.de/fhir/core/modul-diagnose/ValueSet/diagnoses-sct,2026.0.0,active,,MII_VS_Diagnose_DiagnoseCodes_SNOMED,MII VS Diagnose Diagnose-Codes SNOMED,"Enthaelt alle SNOMED Clinical finding, Event und Situation with explicit context codes","StructureDefinition/mii-pr-onko-diagnose-primaertumor","SCT"
https://www.medizininformatik-initiative.de/fhir/core/modul-diagnose/ValueSet/mii-vs-diagnose-alphaid,2026.0.0,active,,MII_VS_Diagnose_AlphaID,MII VS Diagnose Alpha-ID,"Enthaelt Alpha-ID-Codes der Versionen 2018 bis 2025","StructureDefinition/mii-pr-onko-diagnose-primaertumor","de.basisprofil.r4"
https://www.medizininformatik-initiative.de/fhir/core/modul-diagnose/ValueSet/mii-vs-diagnose-bodystructure-snomed,2026.0.0,active,,MII_VS_Diagnose_BodyStructure_SNOMED,MII VS Diagnose BodyStructure SNOMED,"Enthaelt alle SNOMED Body structure codes","StructureDefinition/mii-pr-onko-diagnose-primaertumor","SCT"
https://www.medizininformatik-initiative.de/fhir/core/modul-diagnose/ValueSet/mii-vs-diagnose-icd10gm,2026.0.0,active,,MII_VS_Diagnose_ICD10GM,MII VS Diagnose ICD-10-GM,"Enthaelt ICD-10-GM-Codes der Versionen 2009 bis 2025","StructureDefinition/mii-pr-onko-diagnose-primaertumor,StructureDefinition/mii-pr-onko-tod","de.basisprofil.r4"
https://www.medizininformatik-initiative.de/fhir/core/modul-diagnose/ValueSet/mii-vs-diagnose-orphanet,2026.0.0,active,,MII_VS_Diagnose_Orphanet,MII VS Diagnose Orphanet,"Enthaelt alle Orpha-Kennnummern (ORPHAcodes)","StructureDefinition/mii-pr-onko-diagnose-primaertumor","Other"
https://www.medizininformatik-initiative.de/fhir/core/modul-medikation/ValueSet/fallkontext,2026.0.1,active,,MII_VS_Medikation_Fallkontext,MII VS Medikation Fallkontext,"Codes zur Differenzierung des Kontextes in dem eine Medikationsliste verwaltet wird.","StructureDefinition/mii-pr-onko-systemische-therapie-medikation","de.ihe-d.terminology"
https://www.medizininformatik-initiative.de/fhir/core/modul-medikation/ValueSet/mii-vs-medikation-atc,2026.0.1,active,,MII_VS_Medikation_ATC,MII VS Medikation ATC,"Enthaelt ATC-Codes der Versionen 2018 bis 2024","StructureDefinition/mii-pr-onko-systemische-therapie-medikation,StructureDefinition/mii-pr-onko-therapieempfehlung-medikation","de.basisprofil.r4"
https://www.medizininformatik-initiative.de/fhir/core/modul-prozedur/ValueSet/mii-vs-prozedur-ops,2026.0.0,active,,MII_VS_Prozedur_OPS,MII VS Prozedur OPS,"Enthaelt OPS-Codes der Versionen 2010 bis 2025","StructureDefinition/mii-pr-onko-operation,StructureDefinition/mii-pr-onko-strahlentherapie-bestrahlung-nuklearmedizin,StructureDefinition/mii-pr-onko-prostata-operation,StructureDefinition/mii-pr-onko-krk-stoma-markierung,StructureDefinition/mii-pr-onko-mamma-sozialdienst,StructureDefinition/mii-pr-onko-systemische-therapie,StructureDefinition/mii-pr-onko-strahlentherapie,StructureDefinition/mii-pr-onko-melanom-exzision,StructureDefinition/mii-pr-onko-krk-operation,StructureDefinition/mii-pr-onko-strahlentherapie-bestrahlung-strahlentherapie","de.basisprofil.r4"
https://www.medizininformatik-initiative.de/fhir/core/modul-prozedur/ValueSet/procedures-category-sct,2026.0.0,active,,MII_VS_Prozedur_OpsKategorien_SNOMEDCT,MII VS Prozedur OPS Kategorien [SNOMED CT],"Enthaelt alle SNOMED CT Codes für ein Mapping der OPS Klassentitel","StructureDefinition/mii-pr-onko-operation,StructureDefinition/mii-pr-onko-strahlentherapie-bestrahlung-nuklearmedizin,StructureDefinition/mii-pr-onko-mamma-operation,StructureDefinition/mii-pr-onko-prostata-operation,StructureDefinition/mii-pr-onko-krk-stoma-markierung,StructureDefinition/mii-pr-onko-mamma-sozialdienst,StructureDefinition/mii-pr-onko-systemische-therapie,StructureDefinition/mii-pr-onko-strahlentherapie,StructureDefinition/mii-pr-onko-melanom-exzision,StructureDefinition/mii-pr-onko-krk-operation,StructureDefinition/mii-pr-onko-strahlentherapie-bestrahlung-strahlentherapie","SCT"
https://www.medizininformatik-initiative.de/fhir/core/modul-prozedur/ValueSet/procedures-sct,2026.0.0,active,,MII_VS_Prozedur_Prozeduren_SNOMEDCT,MII VS Prozedur Prozeduren [SNOMED CT],"Enthaelt alle SNOMED CT Procedure Codes","StructureDefinition/mii-pr-onko-operation,StructureDefinition/mii-pr-onko-strahlentherapie-bestrahlung-nuklearmedizin,StructureDefinition/mii-pr-onko-krk-stoma-markierung,StructureDefinition/mii-pr-onko-mamma-sozialdienst,StructureDefinition/mii-pr-onko-systemische-therapie,StructureDefinition/mii-pr-onko-strahlentherapie,StructureDefinition/mii-pr-onko-krk-operation,StructureDefinition/mii-pr-onko-strahlentherapie-bestrahlung-strahlentherapie","SCT"
https://www.medizininformatik-initiative.de/fhir/ext/modul-onko/ValueSet/mii-vs-onko-allgemeiner-leistungszustand-ecog,2026.0.3,active,,MII_VS_Onko_Allgemeiner_Leistungszustand_ECOG,MII VS Onkologie Allgemeiner Leistungszustand nach ECOG,"Value Set für oBDS-Codes für den Allgemeinen Leistungszustand nach ECOG","StructureDefinition/mii-pr-onko-allgemeiner-leistungszustand-ecog,ConceptMap/mii-cm-onko-allgemeiner-leistungszustand-ecog-loinc","Internal"
https://www.medizininformatik-initiative.de/fhir/ext/modul-onko/ValueSet/mii-vs-onko-allgemeiner-leistungszustand-ecog-loinc,2026.0.3,active,,MII_VS_Onko_Allgemeiner_Leistungszustand_ECOG_LOINC,MII VS Onkologie Allgemeiner Leistungszustand ECOG LOINC,"LOINC-Answer-Codes für den ECOG Performance Status. Enumerierte Fassung der LOINC-Answer-List LL529-9.","StructureDefinition/mii-pr-onko-allgemeiner-leistungszustand-ecog","LOINC"
https://www.medizininformatik-initiative.de/fhir/ext/modul-onko/ValueSet/mii-vs-onko-allgemeiner-leistungszustand-karnofsky,2026.0.3,active,,MII_VS_Onko_Allgemeiner_Leistungszustand_Karnofsky,MII VS Onkologie Allgemeiner Leistungszustand nach Karnofsky,"Value Set für oBDS-Codes für den Allgemeinen Leistungszustand nach Karnofsky","ConceptMap/mii-cm-onko-allgemeiner-leistungszustand-karnofsky-loinc,StructureDefinition/mii-pr-onko-allgemeiner-leistungszustand-karnofsky","Internal"
https://www.medizininformatik-initiative.de/fhir/ext/modul-onko/ValueSet/mii-vs-onko-allgemeiner-leistungszustand-karnofsky-loinc,2026.0.3,active,,MII_VS_Onko_Allgemeiner_Leistungszustand_Karnofsky_LOINC,MII VS Onkologie Allgemeiner Leistungszustand Karnofsky LOINC,"LOINC-Answer-Codes für den Karnofsky Performance Status. Enumerierte Fassung der LOINC-Answer-List LL4986-7.","StructureDefinition/mii-pr-onko-allgemeiner-leistungszustand-karnofsky","LOINC"
https://www.medizininformatik-initiative.de/fhir/ext/modul-onko/ValueSet/mii-vs-onko-asa-loinc,2026.0.3,active,,MII_VS_Onko_ASA_LOINC,MII VS Onkologie ASA LOINC,"Value Set für LOINC ASA Physical Status Classification (generalisiert für alle onkologischen Indikationen)","ConceptMap/mii-cm-onko-asa-obds-loinc","LOINC"
https://www.medizininformatik-initiative.de/fhir/ext/modul-onko/ValueSet/mii-vs-onko-asa-obds,2026.0.3,active,,MII_VS_Onko_ASA_oBDS,MII VS Onkologie ASA oBDS,"Value Set für oBDS ASA-Klassifikation (ursprünglich KR9 aus Kolorektales Karzinom Modul, generalisiert für alle onkologischen Indikationen)","ConceptMap/mii-cm-onko-asa-obds-loinc,StructureDefinition/mii-pr-onko-asa-klassifikation","Internal"
https://www.medizininformatik-initiative.de/fhir/ext/modul-onko/ValueSet/mii-vs-onko-beurteilung-lokaler-residualstatus,2026.0.3,active,,MII_VS_Onko_Beurteilung_Lokaler_Residualstatus,MII VS Onkologie Beurteilung des lokalen Residualstatus,"Value Set für oBDS-Codes für die Beurteilung des lokalen Residualstatus","StructureDefinition/mii-pr-onko-operation,StructureDefinition/mii-pr-onko-mamma-operation,StructureDefinition/mii-pr-onko-prostata-operation,StructureDefinition/mii-pr-onko-mamma-sozialdienst,StructureDefinition/mii-pr-onko-melanom-exzision,StructureDefinition/mii-pr-onko-krk-operation","Internal"
https://www.medizininformatik-initiative.de/fhir/ext/modul-onko/ValueSet/mii-vs-onko-fernmetastasen,2026.0.3,active,,MII_VS_Onko_Fernmetastasen,MII VS Onkologie Fernmetastasen,"Value Set für oBDS-Codes für Fernmetastasen","StructureDefinition/mii-pr-onko-fernmetastasen","Internal"
https://www.medizininformatik-initiative.de/fhir/ext/modul-onko/ValueSet/mii-vs-onko-genetische-variante-auspraegung,2026.0.3,active,,MII_VS_Onko_Genetische_Variante_Auspraegung,MII_VS Onkologie Genetische Variante Ausprägung,"Value Set für oBDS-Codes für Ausprägung der Genetischen Variante","StructureDefinition/mii-pr-onko-genetische-variante","Internal"
https://www.medizininformatik-initiative.de/fhir/ext/modul-onko/ValueSet/mii-vs-onko-gesamtbeurteilung-residualstatus,2026.0.3,active,,MII_VS_Onko_Gesamtbeurteilung_Residualstatus,MII VS Onkologie Gesamtbeurteilung des Residualstatus,"Value Set für oBDS-Codes für die Gesamtbeurteilung des Residualstatus","StructureDefinition/mii-pr-onko-residualstatus","Internal"
https://www.medizininformatik-initiative.de/fhir/ext/modul-onko/ValueSet/mii-vs-onko-grading,2026.0.3,active,,MII_VS_Onko_Grading,MII VS Onkologie Grading,"Codes für Histologie Grading. Gibt den Differenzierungsgrad des Tumors entsprechend der aktuellen TNM-Auflage an.","StructureDefinition/mii-pr-onko-grading","Internal"
https://www.medizininformatik-initiative.de/fhir/ext/modul-onko/ValueSet/mii-vs-onko-icd10-meldepflichtige-tumoren,2026.0.3,active,,MII_VS_Onko_ICD10_Meldepflichtige_Tumoren,MII VS Onkologie ICD-10-GM Meldepflichtige Tumoren,"ICD-10-GM-Codes der nach KFRG/§65c krebsregister-meldepflichtigen Neubildungen: bösartige Neubildungen (C00-C97), In-situ-Neubildungen (D00-D09), gutartige Neubildungen der Meningen, des Gehirns/ZNS und intrakranieller endokriner Strukturen (D32, D33, D35.2-D35.4) sowie Neubildungen unsicheren oder unbekannten Verhaltens (D37-D48, einschließlich hämatologischer Entitäten D45-D47).",,"de.basisprofil.r4"
https://www.medizininformatik-initiative.de/fhir/ext/modul-onko/ValueSet/mii-vs-onko-icdo3-morphologie,2026.0.3,active,,MII_VS_Onko_ICDO3_Morphologie,MII VS Onkologie ICD-O-3 Morphologie,"Codes für histologische Morphologie und Verhalten einer neoplastischen Veränderung","StructureDefinition/mii-pr-onko-histologie-icdo3,StructureDefinition/mii-ex-onko-histology-morphology-behavior-icdo3,StructureDefinition/mii-pr-onko-diagnose-primaertumor","THO"
https://www.medizininformatik-initiative.de/fhir/ext/modul-onko/ValueSet/mii-vs-onko-icdo3-morphologie-2014,2026.0.3,active,,MII_VS_Onko_ICDO3_Morphologie_2014,MII VS Onkologie ICD-O-3 Morphologie 2014,"Codes für histologische Morphologie und Verhalten einer neoplastischen Veränderung gemäß ICD-O-3 Erste Revision (deutsche Ausgabe 2014).","ConceptMap/mii-cm-onko-icdo3-transitions-2019","THO"
https://www.medizininformatik-initiative.de/fhir/ext/modul-onko/ValueSet/mii-vs-onko-icdo3-morphologie-2019,2026.0.3,active,,MII_VS_Onko_ICDO3_Morphologie_2019,MII VS Onkologie ICD-O-3 Morphologie 2019,"Codes für histologische Morphologie und Verhalten einer neoplastischen Veränderung gemäß ICD-O-3 Zweite Revision (deutsche Ausgabe 2019).","ConceptMap/mii-cm-onko-icdo3-transitions-2019","THO"
https://www.medizininformatik-initiative.de/fhir/ext/modul-onko/ValueSet/mii-vs-onko-icdo3-topographie,2026.0.3,active,,MII_VS_Onko_ICDO3_Topographie,MII VS Onkologie ICD-O-3 Topographie,"Codes für Topographie einer neoplastischen Veränderung","StructureDefinition/mii-pr-onko-histologie-icdo3,StructureDefinition/mii-pr-onko-fernmetastasen,StructureDefinition/mii-pr-onko-fruehere-tumorerkrankung,StructureDefinition/mii-pr-onko-diagnose-primaertumor","THO"
https://www.medizininformatik-initiative.de/fhir/ext/modul-onko/ValueSet/mii-vs-onko-icdo3-topographie-2014,2026.0.3,active,,MII_VS_Onko_ICDO3_Topographie_2014,MII VS Onkologie ICD-O-3 Topographie 2014,"Codes für die Topographie einer neoplastischen Veränderung gemäß ICD-O-3 Erste Revision (deutsche Ausgabe 2014).",,"THO"
https://www.medizininformatik-initiative.de/fhir/ext/modul-onko/ValueSet/mii-vs-onko-icdo3-topographie-2019,2026.0.3,active,,MII_VS_Onko_ICDO3_Topographie_2019,MII VS Onkologie ICD-O-3 Topographie 2019,"Codes für die Topographie einer neoplastischen Veränderung gemäß ICD-O-3 Zweite Revision (deutsche Ausgabe 2019).",,"THO"
https://www.medizininformatik-initiative.de/fhir/ext/modul-onko/ValueSet/mii-vs-onko-kdl-dokumentklassen,2026.0.3,active,,MII_VS_Onko_KDL_Dokumentklassen,MII VS Onkologie KDL Dokumentklassen,"Kuratierte Auswahl der KDL-Dokumentklassen (KDL 2025) entlang des onkologischen Behandlungspfads (oBDS-Kapitel: Diagnose/Pathologie, Staging-Bildgebung, Tumorkonferenz, Operation, Strahlentherapie, Systemische Therapie, Verlauf/Labor, Tod, Studien, übergreifende Dokumente) als Begleitartefakt für DocumentReference.type. Teilmenge des KDL-Bindings im MII-KDS-Modul Dokument; deprecated-Klassen sind ausgeschlossen.",,"Other"
https://www.medizininformatik-initiative.de/fhir/ext/modul-onko/ValueSet/mii-vs-onko-koerperstruktur-sct,2026.0.3,active,,MII_VS_Onko_Koerperstruktur_SCT,MII VS Onkologie Körperstruktur (SNOMED CT),"SNOMED CT Körperstrukturen (Body structure) zur optionalen exakten Lokalisationsangabe (z.B. bei Fernmetastasen).","StructureDefinition/mii-pr-onko-fernmetastasen","SCT"
https://www.medizininformatik-initiative.de/fhir/ext/modul-onko/ValueSet/mii-vs-onko-krk-abstand-circumferelle-resektionsrand,2026.0.3,active,,MII_VS_Onko_KRK_Abstand_Circumferelle_Resektionsrand,MII VS Onkologie KRK Abstand Circumferelle Resektionsrand,"Value Set für semantische Kodierung des oBDS-Abstand des Tumorrandes zur circumferellen Resektionsrand im Kolorektalen Karzinom","StructureDefinition/mii-pr-onko-krk-abstand-circumferelle-resektionsebene","LOINC"
https://www.medizininformatik-initiative.de/fhir/ext/modul-onko/ValueSet/mii-vs-onko-krk-abstand-resektionslinie-aboral,2026.0.3,active,,MII_VS_Onko_KRK_Abstand_Resektionslinie_Aboral,MII VS Onkologie KRK Abstand Resektionslinie Aboral,"Value Set für semantische Kodierung des oBDS-Abstand des Tumorrandes zur aboralen Resektionslinie im Kolorektalen Karzinom","StructureDefinition/mii-pr-onko-krk-abstand-aboral","LOINC"
https://www.medizininformatik-initiative.de/fhir/ext/modul-onko/ValueSet/mii-vs-onko-krk-anastomoseninsuffizienz,2026.0.3,active,,MII_VS_Onko_KRK_Anastomoseninsuffizienz,MII VS Onkologie KRK Anastomoseninsuffizienz,"Value Set für die Bewertung der Anastomoseninsuffizienz beim Kolorektalen Karzinom","StructureDefinition/mii-pr-onko-krk-anastomoseninsuffizienz","Internal"
https://www.medizininformatik-initiative.de/fhir/ext/modul-onko/ValueSet/mii-vs-onko-krk-mrt-mesorektale-faszie-status,2026.0.3,active,,MII_VS_Onko_KRK_MRT_Mesorektale_Faszie_Status,MII VS Onkologie KRK MRT Mesorektale Faszie Status,"Value Set für semantische Kodierung des oBDS-Status der MRT/CT Untersuchung zur mesorektalen Faszie beim Kolorektalen Karzinom (KR5)","StructureDefinition/mii-pr-onko-krk-mrt-mesorektale-faszie","Internal"
https://www.medizininformatik-initiative.de/fhir/ext/modul-onko/ValueSet/mii-vs-onko-krk-stoma-anzeichnung,2026.0.3,active,,MII_VS_Onko_KRK_Stoma_Anzeichnung,MII VS Onkologie KRK Stoma Anzeichnung,"Value Set für semantische Kodierung der oBDS-präoperativen Stoma-Anzeichnung beim Rektumkarzinom","ConceptMap/mii-cm-onko-krk-stoma-obds-sct","Internal"
https://www.medizininformatik-initiative.de/fhir/ext/modul-onko/ValueSet/mii-vs-onko-krk-stoma-status-reason,2026.0.3,active,,MII_VS_Onko_KRK_Stoma_Status_Reason,MII VS Onkologie KRK Stoma Status Reason,"Value Set für SNOMED CT Codes zur Begründung des Status der präoperativen Stoma-Anzeichnung","StructureDefinition/mii-pr-onko-krk-stoma-markierung","SCT"
https://www.medizininformatik-initiative.de/fhir/ext/modul-onko/ValueSet/mii-vs-onko-krk-tme-qualitaet,2026.0.3,active,,MII_VS_Onko_KRK_TME_Qualitaet,MII VS Onkologie KRK TME Qualität,"Value Set für semantische Kodierung des oBDS-Abstand des Tumorrandes zur aboralen Resektionslinie im Kolorektalen Karzinom","StructureDefinition/mii-pr-onko-krk-specimen","Internal"
https://www.medizininformatik-initiative.de/fhir/ext/modul-onko/ValueSet/mii-vs-onko-mamma-faerbeintensitaet,2026.0.3,active,,MII_VS_Onko_Mamma_Faerbeintensitaet,MII VS Onkologie Mamma Färbeintensität,"Färbeintensität der immunhistochemischen Rezeptorbestimmung (Weak, Moderate, Strong). Enumerierte Fassung der LOINC-Answer-List LL4358-9.","StructureDefinition/mii-pr-onko-mamma-rezeptorstatus-estrogen,StructureDefinition/mii-pr-onko-mamma-rezeptorstatus-progesteron","LOINC"
https://www.medizininformatik-initiative.de/fhir/ext/modul-onko/ValueSet/mii-vs-onko-mamma-her2neu-ihc-score,2026.0.3,active,,MII_VS_Onko_Mamma_Her2neu_IHC_Score,MII VS Onkologie Mamma Her2neu IHC Score,"HER2-Score der Immunhistochemie (0, 1+, 2+, 3+, Indeterminate). Enumerierte Fassung der LOINC-Answer-List LL4396-9.","StructureDefinition/mii-pr-onko-mamma-her2neu-status","LOINC"
https://www.medizininformatik-initiative.de/fhir/ext/modul-onko/ValueSet/mii-vs-onko-mamma-her2neu-status-leitlinie,2026.0.3,active,,MII_VS_Onko_Mamma_Her2neu_Status_Leitlinie,MII VS Onkologie Mamma Her2neu Status Leitlinie,"Value Set für Her2neu Status nach S3-Leitlinie und ASCO/CAP Guidelines","StructureDefinition/mii-pr-onko-mamma-her2neu-status","Internal"
https://www.medizininformatik-initiative.de/fhir/ext/modul-onko/ValueSet/mii-vs-onko-mamma-her2neu-status-obds,2026.0.3,active,,MII_VS_Onko_Mamma_Her2neu_Status_oBDS,MII VS Onkologie Mamma Her2neu Status oBDS,"Value Set für Her2neu Status nach oBDS","StructureDefinition/mii-pr-onko-mamma-her2neu-status","Internal"
https://www.medizininformatik-initiative.de/fhir/ext/modul-onko/ValueSet/mii-vs-onko-mamma-intraoperatives-imaging-praeparat,2026.0.3,active,,MII_VS_Onko_Mamma_Intraoperatives_Imaging_Praeparat,MII VS Onkologie Mamma Intraoperatives Imaging Präparat,"Value Set für intraoperatives Imaging des Präparats nach Exzision bei Mamma-Karzinom","StructureDefinition/mii-pr-onko-mamma-operation","SCT"
https://www.medizininformatik-initiative.de/fhir/ext/modul-onko/ValueSet/mii-vs-onko-mamma-ish-ergebnis,2026.0.3,active,,MII_VS_Onko_Mamma_ISH_Ergebnis,MII VS Onkologie Mamma ISH Ergebnis,"Ergebnis der In-situ-Hybridisierung (ISH/FISH): Positive, Negative, Equivocal (LOINC-Answer-Codes).","StructureDefinition/mii-pr-onko-mamma-her2neu-status","LOINC"
https://www.medizininformatik-initiative.de/fhir/ext/modul-onko/ValueSet/mii-vs-onko-mamma-menopause-status,2026.0.3,active,,MII_VS_Onko_Mamma_Menopause_Status,MII VS Onkologie Mamma Menopause Status,"Value Set für (prätherapeutischen) Status der Menopause Score","StructureDefinition/mii-pr-onko-mamma-menopause-status","SCT"
https://www.medizininformatik-initiative.de/fhir/ext/modul-onko/ValueSet/mii-vs-onko-mamma-operation-ops,2026.0.3,active,,MII_VS_Onko_Mamma_Operation_OPS,MII VS Onkologie Mamma Operation OPS,"Value Set für Mamma-Operationen basierend auf OPS","StructureDefinition/mii-pr-onko-mamma-operation","de.basisprofil.r4"
https://www.medizininformatik-initiative.de/fhir/ext/modul-onko/ValueSet/mii-vs-onko-mamma-operation-sct,2026.0.3,active,,MII_VS_Onko_Mamma_Operation_SCT,MII VS Onkologie Mamma Operation SNOMED CT,"Value Set für Mamma-Operationen basierend auf SNOMED CT","StructureDefinition/mii-pr-onko-mamma-operation","SCT"
https://www.medizininformatik-initiative.de/fhir/ext/modul-onko/ValueSet/mii-vs-onko-mamma-praeoperative-markierung-modalitaet,2026.0.3,active,,MII_VS_Onko_Mamma_Praeoperative_Markierung_Modalitaet,MII VS Onkologie Mamma Präoperative Markierung Modalität,"Value Set für Imagingmodalität der präoperativen Markierung bei Mamma-Karzinom","StructureDefinition/mii-pr-onko-mamma-operation,StructureDefinition/mii-pr-onko-mamma-praeoperative-markierung","SCT"
https://www.medizininformatik-initiative.de/fhir/ext/modul-onko/ValueSet/mii-vs-onko-mamma-rezeptorstatus-leitlinie,2026.0.3,active,,MII_VS_Onko_Mamma_Rezeptorstatus_Leitlinie,MII VS Onkologie Mamma Rezeptorstatus Leitlinie,"Value Set für oBDS-Rezeptorstatus Mamma","StructureDefinition/mii-pr-onko-mamma-rezeptorstatus-estrogen,StructureDefinition/mii-pr-onko-mamma-rezeptorstatus-progesteron","Internal"
https://www.medizininformatik-initiative.de/fhir/ext/modul-onko/ValueSet/mii-vs-onko-mamma-rezeptorstatus-obds,2026.0.3,active,,MII_VS_Onko_Mamma_Rezeptorstatus_oBDS,MII VS Onkologie Mamma Rezeptorstatus oBDS,"Value Set für oBDS-Rezeptorstatus Mamma","StructureDefinition/mii-pr-onko-mamma-rezeptorstatus-estrogen,StructureDefinition/mii-pr-onko-mamma-rezeptorstatus-progesteron","LOINC"
https://www.medizininformatik-initiative.de/fhir/ext/modul-onko/ValueSet/mii-vs-onko-melanom-exzision-snomedct,2026.0.3,active,,MII_VS_Onko_Melanom_Exzision_SNOMEDCT,MII VS Onko Melanom Exzision SNOMED CT,"Value Set für Melanom-spezifische Exzisionen basierend auf SNOMED CT. Enthält den Code für Melanom-Exzision. Weitere anatomische Details können über bodySite kodiert werden.","StructureDefinition/mii-pr-onko-melanom-exzision","SCT"
https://www.medizininformatik-initiative.de/fhir/ext/modul-onko/ValueSet/mii-vs-onko-melanom-ldh,2026.0.3,active,,MII_VS_Onko_Melanom_LDH,MII VS Onkologie Melanom LDH,"Value Set für Laktatdehydrogenase (LDH) Laborwerte beim Malignen Melanom","StructureDefinition/mii-pr-onko-melanom-ldh","LOINC"
https://www.medizininformatik-initiative.de/fhir/ext/modul-onko/ValueSet/mii-vs-onko-melanom-ulzeration,2026.0.3,active,,MII_VS_Onko_Melanom_Ulzeration,MII VS Onkologie Melanom Ulzeration,"Codes für die Ulzeration beim Malignen Melanom der Haut","StructureDefinition/mii-pr-onko-melanom-ulzeration","Internal"
https://www.medizininformatik-initiative.de/fhir/ext/modul-onko/ValueSet/mii-vs-onko-nebenwirkung-art,2026.0.3,active,,MII_VS_Onko_Nebenwirkung_Art,MII VS Onkologie Nebenwirkung nach CTCAE Art,"Alle MedDRA-Codes der CTCAE v4.03 (Art der Nebenwirkung). Deutsche/englische Displays via CodeSystem-Supplements mii-cs-onko-nebenwirkung-meddra-de/-en.","StructureDefinition/mii-pr-onko-nebenwirkung-adverse-event,ConceptMap/mii-cm-onko-nebenwirkung-meddra-sct","hl7.terminology.r4"
https://www.medizininformatik-initiative.de/fhir/ext/modul-onko/ValueSet/mii-vs-onko-nebenwirkung-ctcae-grad,2026.0.3,active,,MII_VS_Onko_Nebenwirkung_CTCAE_Grad,MII VS Onkologie Nebenwirkung nach CTCAE Grad,"oBDS-spezifisches ValueSet für Nebenwirkung nach CTCAE-Grad","StructureDefinition/mii-pr-onko-nebenwirkung-adverse-event","Internal"
https://www.medizininformatik-initiative.de/fhir/ext/modul-onko/ValueSet/mii-vs-onko-operation-intention,2026.0.3,active,,MII_VS_Onko_Operation_Intention,MII VS Onkologie Operation Intention,"Value Set für oBDS-Codes für Klassifikation von Intention der OP","StructureDefinition/mii-pr-onko-operation,StructureDefinition/mii-pr-onko-mamma-operation,StructureDefinition/mii-pr-onko-prostata-operation,StructureDefinition/mii-ex-onko-operation-intention,StructureDefinition/mii-pr-onko-mamma-sozialdienst,StructureDefinition/mii-pr-onko-melanom-exzision,StructureDefinition/mii-pr-onko-krk-operation","Internal"
https://www.medizininformatik-initiative.de/fhir/ext/modul-onko/ValueSet/mii-vs-onko-operation-komplikation,2026.0.3,active,,MII_VS_Onko_Operation_Komplikation,MII VS Onkologie Operation Komplikationen,"Value Set für oBDS-Codes für Klassifikation von Komplikationen während der OP","StructureDefinition/mii-pr-onko-operation,StructureDefinition/mii-pr-onko-mamma-operation,StructureDefinition/mii-pr-onko-prostata-operation,StructureDefinition/mii-pr-onko-mamma-sozialdienst,StructureDefinition/mii-pr-onko-melanom-exzision,StructureDefinition/mii-pr-onko-krk-operation","Internal"
https://www.medizininformatik-initiative.de/fhir/ext/modul-onko/ValueSet/mii-vs-onko-operation-urgency,2026.0.3,active,,MII_VS_Onko_Operation_Urgency,MII VS Onkologie Operation Urgency,"Value Set für semantische Kodierung der oBDS-Modalität der Eingriffsdurchführung (Art des Eingriffs KR6)","StructureDefinition/mii-pr-onko-operation,StructureDefinition/mii-pr-onko-mamma-operation,StructureDefinition/mii-pr-onko-prostata-operation,StructureDefinition/mii-pr-onko-mamma-sozialdienst,StructureDefinition/mii-ex-onko-operation-urgency,StructureDefinition/mii-pr-onko-melanom-exzision,StructureDefinition/mii-pr-onko-krk-operation","Internal"
https://www.medizininformatik-initiative.de/fhir/ext/modul-onko/ValueSet/mii-vs-onko-ops-nuklearmedizin,2026.0.3,active,,MII_VS_Onko_OPS_Nuklearmedizin,MII VS Onkologie OPS Nuklearmedizin,"OPS-Codes für Nuklearmedizinische Therapie","StructureDefinition/mii-pr-onko-strahlentherapie-bestrahlung-nuklearmedizin","de.basisprofil.r4"
https://www.medizininformatik-initiative.de/fhir/ext/modul-onko/ValueSet/mii-vs-onko-ops-strahlentherapie,2026.0.3,active,,MII_VS_Onko_OPS_Strahlentherapie,MII VS Onkologie OPS Strahlentherapie,"OPS-Codes für Strahlentherapie","StructureDefinition/mii-pr-onko-strahlentherapie-bestrahlung-strahlentherapie","de.basisprofil.r4"
https://www.medizininformatik-initiative.de/fhir/ext/modul-onko/ValueSet/mii-vs-onko-praedispositionsgene-hgnc,2026.0.3,active,,MII_VS_Onko_Praedispositionsgene_HGNC,MII VS Onkologie Krebsprädispositionsgene HGNC,"Krebsprädispositionsgene der §65c-Liste (Manual Plus, Krebsprädispositionssyndrom und -gen) als HGNC-Gen-IDs, inkl. Expansion der Sammel-Einträge (FANCA-FANCW, IDH1/2, XP-Komplementationsgruppen). Begleitartefakt ohne Profil-Binding (Andockung an die genetischen Profile folgt mit dem Konzept für genetische Marker). Zytogenetische Aberrationen der Quell-Liste (11p13/11p15, Trisomien, ETV-RUNX1-Fusion) sind keine Gene und hier nicht enthalten. Projektseitige Code-Auflösung ohne Gewähr; fachliche Prüfung vor Produktivnutzung erforderlich.",,"Other"
https://www.medizininformatik-initiative.de/fhir/ext/modul-onko/ValueSet/mii-vs-onko-praedispositionssyndrome-orpha,2026.0.3,active,,MII_VS_Onko_Praedispositionssyndrome_ORPHA,MII VS Onkologie Krebsprädispositionssyndrome ORPHA,"Krebsprädispositionssyndrome der §65c-Liste (Manual Plus, Krebsprädispositionssyndrom und -gen) als Orphanet-Codes. Begleitartefakt ohne Profil-Binding (Andockung an die genetischen Profile folgt mit dem Konzept für genetische Marker); 15 genspezifische Prädispositionen der Quell-Liste haben kein Orphanet-Konzept und sind über das Gen-ValueSet mii-vs-onko-praedispositionsgene-hgnc adressierbar. Projektseitige Code-Auflösung ohne Gewähr; fachliche Prüfung vor Produktivnutzung erforderlich.",,"Other"
https://www.medizininformatik-initiative.de/fhir/ext/modul-onko/ValueSet/mii-vs-onko-primaertumor-diagnosesicherung,2026.0.3,active,,MII_VS_Onko_Primaertumor_Diagnosesicherung,MII VS Onkologie Primärtumor Diagnosesicherung,"Codes für Primärtumor Diagnosesicherung, d.h. die höchste erreichte Diagnosesicherheit der Diagnose.","StructureDefinition/mii-pr-onko-diagnose-primaertumor","Internal"
https://www.medizininformatik-initiative.de/fhir/ext/modul-onko/ValueSet/mii-vs-onko-prostata-clavien-dindo,2026.0.3,active,,MII_VS_Onko_Prostata_Clavien_Dindo,MII VS Onkologie Prostata Clavien Dindo,"Value Set für Gleason Score","StructureDefinition/mii-pr-onko-prostate-clavien-dindo","SCT"
https://www.medizininformatik-initiative.de/fhir/ext/modul-onko/ValueSet/mii-vs-onko-prostata-gleason-pattern-loinc,2026.0.3,active,,MII_VS_Onko_Prostata_Gleason_Pattern_LOINC,MII VS Onkologie Prostata Gleason Pattern LOINC,"Value Set der LOINC-Codes für Primär-, Sekundär- und Tertiär-Gleason-Pattern. Dient als optionale LOINC-Zweitkodierung zum verpflichtenden SNOMED-CT-Slice im Profil MII_PR_Onko_Prostata_Gleason_Pattern (GitHub-Issue #259).","StructureDefinition/mii-pr-onko-prostate-gleason-patterns","LOINC"
https://www.medizininformatik-initiative.de/fhir/ext/modul-onko/ValueSet/mii-vs-onko-prostata-gleason-patterns,2026.0.3,active,,MII_VS_Onko_Prostata_Gleason_Patterns,MII VS Onkologie Prostata Gleason Patterns,"Value Set für die histopathologische Bewertung von Prostata-Adenokarzinomen mittels Gleason-Patterns. Dieser Value Set wird verwendet, um die verschiedenen Gleason-Patterns zu kodieren, die bei der Beurteilung von Prostatakarzinomen auftreten können.","StructureDefinition/mii-pr-onko-prostate-gleason-patterns","SCT"
https://www.medizininformatik-initiative.de/fhir/ext/modul-onko/ValueSet/mii-vs-onko-prostata-gleason-primary-secondary-tertiary,2026.0.3,active,,MII_VS_Onko_Prostata_Gleason_PrimarySecondaryTertiary,MII VS Onkologie Prostata Gleason Primary Secondary Tertiary,"Value Set für Primär-, Sekundär- und Tertiär-Gleason Patterns in der Onkologie Prostata. Der häufigste Gleason Pattern wird als primär, der zweithäufigste als sekundär und (seltener, meistens bei Gleason Pattern 5) der dritthäufigste als tertiär bezeichnet. Diese Value Set wird verwendet, um die verschiedenen Gleason Patterns zu kodieren, die bei der Beurteilung von Prostatakarzinomen auftreten können.","StructureDefinition/mii-pr-onko-prostate-gleason-patterns","SCT"
https://www.medizininformatik-initiative.de/fhir/ext/modul-onko/ValueSet/mii-vs-onko-prostata-gleason-score,2026.0.3,active,,MII_VS_Onko_Prostata_Gleason_Score,MII VS Onkologie Prostata Gleason Score,"Value Set für den Gleason Score in Kombination mit der ISUP Grade Group. Da ISUP Grade Groups erst ab einem Gleason-Gesamtscore von 6 definiert sind, deckt dieses Value Set nur Scores >= 6 ab. Liegt nur das Score-Ergebnis ohne Grade Group vor oder ein Gesamtscore < 6, ist MII_VS_Onko_Prostata_Gleason_Score_Gesamt zu verwenden.","StructureDefinition/mii-pr-onko-prostate-gleason-grade-group","SCT"
https://www.medizininformatik-initiative.de/fhir/ext/modul-onko/ValueSet/mii-vs-onko-prostata-gleason-score-gesamt,2026.0.3,active,,MII_VS_Onko_Prostata_Gleason_Score_Gesamt,MII VS Onkologie Prostata Gleason Score Gesamt,"Value Set für den Gleason-Gesamtscore (Summe aus primärem und sekundärem Pattern) ohne Aufschlüsselung in Primär-/Sekundär-Pattern. Enthält die Scores 2 bis 10 aus der SNOMED-CT-Hierarchie unterhalb von 385377005 (Gleason grade finding for prostatic cancer). Damit sind auch Gesamtscores < 6 abbildbar, wie sie bei TURP-Material und in historischen Befunden vorkommen. Ein Gesamtscore 1 existiert nicht, da sich der Score aus zwei Patterns mit Werten ab 1 zusammensetzt. Die ISUP Grade Groups sind bewusst nicht enthalten; sie werden über MII_VS_Onko_Prostata_Gleason_Score abgebildet.","StructureDefinition/mii-pr-onko-prostate-gleason-score-gesamt","SCT"
https://www.medizininformatik-initiative.de/fhir/ext/modul-onko/ValueSet/mii-vs-onko-prostata-operation-snomedct,2026.0.3,active,,MII_VS_Onko_Prostata_Operation_SNOMEDCT,MII VS Onko Prostata Operation SNOMED CT,"Value Set für Prostata-spezifische Operationen basierend auf SNOMED CT. Enthält alle Kinder von 118877007 |Procedure on prostate (procedure)|","StructureDefinition/mii-pr-onko-prostata-operation","SCT"
https://www.medizininformatik-initiative.de/fhir/ext/modul-onko/ValueSet/mii-vs-onko-prostata-postsurgical-complications,2026.0.3,active,,MII_VS_Onko_Prostata_Postsurgical_Complications,MII VS Onkologie Prostata Postsurgical Complications,"Value Set für Clavien-Dindo Klassifikation","StructureDefinition/mii-pr-onko-prostate-clavien-dindo","Internal"
https://www.medizininformatik-initiative.de/fhir/ext/modul-onko/ValueSet/mii-vs-onko-prostata-psa-loinc,2026.0.3,active,,MII_VS_Onko_Prostata_PSA_LOINC,MII VS Onko Prostata PSA LOINC,"Value Set für Prostata-spezifisches Antigen (PSA) LOINC Codes. Enthält LOINC Codes für Total-PSA und freies PSA, exkludiert gebundenes PSA Messungen.","StructureDefinition/mii-pr-onko-prostate-psa","LOINC"
https://www.medizininformatik-initiative.de/fhir/ext/modul-onko/ValueSet/mii-vs-onko-seitenlokalisation,2026.0.3,active,,MII_VS_Onko_Seitenlokalisation,MII VS Onkologie Primärtumor Seitenlokalisation,"Codes für Seitenlokalisation, d.h. organspezifische Angabe der betroffenen Seite.","StructureDefinition/mii-pr-onko-histologie-icdo3,StructureDefinition/mii-pr-onko-strahlentherapie-bestrahlung-nuklearmedizin,StructureDefinition/mii-pr-onko-strahlentherapie-bestrahlung-strahlentherapie,StructureDefinition/mii-pr-onko-diagnose-primaertumor,StructureDefinition/mii-ex-onko-strahlentherapie-bestrahlung-seitenlokalisation","Internal"
https://www.medizininformatik-initiative.de/fhir/ext/modul-onko/ValueSet/mii-vs-onko-strahlentherapie-applikationsart,2026.0.3,active,,MII_VS_Onko_Strahlentherapie_Applikationsart,MII VS Onkologie Strahlentherapie Applikationsart,"oBDS-spezifisches Codesystem für Klassifikation von Applikationsart der Strahlentherapie","StructureDefinition/mii-pr-onko-strahlentherapie-bestrahlung-nuklearmedizin,StructureDefinition/mii-pr-onko-strahlentherapie-bestrahlung-strahlentherapie","Internal"
https://www.medizininformatik-initiative.de/fhir/ext/modul-onko/ValueSet/mii-vs-onko-strahlentherapie-boost,2026.0.3,active,,MII_VS_Onko_Strahlentherapie_Boosts,MII VS Onkologie Strahlentherapie Boost,"oBDS-spezifisches ValueSet für Klassifikation von Boosts bei Strahlentherapie","StructureDefinition/mii-pr-onko-strahlentherapie-bestrahlung-nuklearmedizin,StructureDefinition/mii-ex-onko-strahlentherapie-bestrahlung-boost,StructureDefinition/mii-pr-onko-strahlentherapie-bestrahlung-strahlentherapie","Internal"
https://www.medizininformatik-initiative.de/fhir/ext/modul-onko/ValueSet/mii-vs-onko-strahlentherapie-intention,2026.0.3,active,,MII_VS_Onko_Strahlentherapie_Intention,MII VS Onkologie Strahlentherapie Intention,"Value Set für oBDS-Codes für Klassifikation von Intention der Strahlentherapie","StructureDefinition/mii-pr-onko-strahlentherapie,StructureDefinition/mii-ex-onko-strahlentherapie-intention","Internal"
https://www.medizininformatik-initiative.de/fhir/ext/modul-onko/ValueSet/mii-vs-onko-studienteilnahme,2026.0.3,active,,MII_VS_Onko_Studienteilnahme,MII VS Onkologie Studienteilnahme,"Value Set für oBDS-Codes des Studienteilnahme Status","StructureDefinition/mii-pr-onko-studienteilnahme","Internal"
https://www.medizininformatik-initiative.de/fhir/ext/modul-onko/ValueSet/mii-vs-onko-systemische-therapie-art,2026.0.3,active,,MII_VS_Onko_Systemische_Therapie_Art,MII VS Onkologie Systemische Therapie Art,"oBDS-spezifisches ValueSet für Klassifikation der Art der systemischen oder abwartenden Therapie","StructureDefinition/mii-pr-onko-systemische-therapie","Internal"
https://www.medizininformatik-initiative.de/fhir/ext/modul-onko/ValueSet/mii-vs-onko-systemische-therapie-intention,2026.0.3,active,,MII_VS_Onko_Systemische_Therapie_Intention,MII VS Onkologie Systemische Therapie Intention,"Value Set für oBDS-Codes für Klassifikation von Intention der Systemischen Therapie","StructureDefinition/mii-pr-onko-systemische-therapie,StructureDefinition/mii-ex-onko-systemische-therapie-intention","Internal"
https://www.medizininformatik-initiative.de/fhir/ext/modul-onko/ValueSet/mii-vs-onko-systemische-therapie-protokolle,2026.0.3,active,,MII_VS_Onko_Systemische_Therapie_Protokolle,MII VS Onkologie Systemische Therapie Protokolle,"oBDS-spezifisches ValueSet für Protokolle systemischer Therapien","StructureDefinition/mii-pr-onko-systemische-therapie,StructureDefinition/mii-pr-onko-therapieempfehlung-kombinationstherapie","Internal"
https://www.medizininformatik-initiative.de/fhir/ext/modul-onko/ValueSet/mii-vs-onko-systemische-therapie-substanzen,2026.0.3,active,,MII_VS_Onko_Systemische_Therapie_Substanzen,MII VS Onkologie Systemische Therapie Substanzen,"Validierte ATC-Codes für Substanzen der systemischen Therapie basierend auf oBDS Umsetzungsleitfaden. Automatisch generiert und gegen MII-Terminologieserver validiert.",,"de.basisprofil.r4"
https://www.medizininformatik-initiative.de/fhir/ext/modul-onko/ValueSet/mii-vs-onko-systemische-therapie-substanzen-2018,2026.0.3,active,,MII_VS_Onko_Systemische_Therapie_Substanzen_2018,MII VS Onkologie Systemische Therapie Substanzen ATC 2018,"ATC-Codes für Substanzen der systemischen Therapie, validiert gegen ATC-DE Version 2018. Für historische Datenvalidierung.",,"de.basisprofil.r4"
https://www.medizininformatik-initiative.de/fhir/ext/modul-onko/ValueSet/mii-vs-onko-systemische-therapie-substanzen-2019,2026.0.3,active,,MII_VS_Onko_Systemische_Therapie_Substanzen_2019,MII VS Onkologie Systemische Therapie Substanzen ATC 2019,"ATC-Codes für Substanzen der systemischen Therapie, validiert gegen ATC-DE Version 2019. Für historische Datenvalidierung.",,"de.basisprofil.r4"
https://www.medizininformatik-initiative.de/fhir/ext/modul-onko/ValueSet/mii-vs-onko-systemische-therapie-substanzen-2020,2026.0.3,active,,MII_VS_Onko_Systemische_Therapie_Substanzen_2020,MII VS Onkologie Systemische Therapie Substanzen ATC 2020,"ATC-Codes für Substanzen der systemischen Therapie, validiert gegen ATC-DE Version 2020. Für historische Datenvalidierung.","ConceptMap/mii-cm-onko-atc-transitions-2021","de.basisprofil.r4"
https://www.medizininformatik-initiative.de/fhir/ext/modul-onko/ValueSet/mii-vs-onko-systemische-therapie-substanzen-2021,2026.0.3,active,,MII_VS_Onko_Systemische_Therapie_Substanzen_2021,MII VS Onkologie Systemische Therapie Substanzen ATC 2021,"ATC-Codes für Substanzen der systemischen Therapie, validiert gegen ATC-DE Version 2021. Für historische Datenvalidierung.","ConceptMap/mii-cm-onko-atc-transitions-2021,ConceptMap/mii-cm-onko-atc-transitions-2022","de.basisprofil.r4"
https://www.medizininformatik-initiative.de/fhir/ext/modul-onko/ValueSet/mii-vs-onko-systemische-therapie-substanzen-2022,2026.0.3,active,,MII_VS_Onko_Systemische_Therapie_Substanzen_2022,MII VS Onkologie Systemische Therapie Substanzen ATC 2022,"ATC-Codes für Substanzen der systemischen Therapie, validiert gegen ATC-DE Version 2022. Für historische Datenvalidierung.","ConceptMap/mii-cm-onko-atc-transitions-2023,ConceptMap/mii-cm-onko-atc-transitions-2022","de.basisprofil.r4"
https://www.medizininformatik-initiative.de/fhir/ext/modul-onko/ValueSet/mii-vs-onko-systemische-therapie-substanzen-2023,2026.0.3,active,,MII_VS_Onko_Systemische_Therapie_Substanzen_2023,MII VS Onkologie Systemische Therapie Substanzen ATC 2023,"ATC-Codes für Substanzen der systemischen Therapie, validiert gegen ATC-DE Version 2023. Für historische Datenvalidierung.","ConceptMap/mii-cm-onko-atc-transitions-2024,ConceptMap/mii-cm-onko-atc-transitions-2023","de.basisprofil.r4"
https://www.medizininformatik-initiative.de/fhir/ext/modul-onko/ValueSet/mii-vs-onko-systemische-therapie-substanzen-2024,2026.0.3,active,,MII_VS_Onko_Systemische_Therapie_Substanzen_2024,MII VS Onkologie Systemische Therapie Substanzen ATC 2024,"ATC-Codes für Substanzen der systemischen Therapie, validiert gegen ATC-DE Version 2024. Für historische Datenvalidierung.","ConceptMap/mii-cm-onko-atc-transitions-2025,ConceptMap/mii-cm-onko-atc-transitions-2024","de.basisprofil.r4"
https://www.medizininformatik-initiative.de/fhir/ext/modul-onko/ValueSet/mii-vs-onko-systemische-therapie-substanzen-2025,2026.0.3,active,,MII_VS_Onko_Systemische_Therapie_Substanzen_2025,MII VS Onkologie Systemische Therapie Substanzen ATC 2025,"ATC-Codes für Substanzen der systemischen Therapie, validiert gegen ATC-DE Version 2025. Für historische Datenvalidierung.","ConceptMap/mii-cm-onko-atc-transitions-2025,ConceptMap/mii-cm-onko-atc-transitions-2026","de.basisprofil.r4"
https://www.medizininformatik-initiative.de/fhir/ext/modul-onko/ValueSet/mii-vs-onko-systemische-therapie-substanzen-2026,2026.0.3,active,,MII_VS_Onko_Systemische_Therapie_Substanzen_2026,MII VS Onkologie Systemische Therapie Substanzen ATC 2026,"ATC-Codes für Substanzen der systemischen Therapie, validiert gegen ATC-DE Version 2026. Für historische Datenvalidierung.","ConceptMap/mii-cm-onko-atc-transitions-2026","de.basisprofil.r4"
https://www.medizininformatik-initiative.de/fhir/ext/modul-onko/ValueSet/mii-vs-onko-systemische-therapie-substanzen-unii,2026.0.3,active,,MII_VS_Onko_Systemische_Therapie_Substanzen_UNII,MII VS Onkologie Systemische Therapie Substanzen (UNII),"UNII-Codes für Substanzen der systemischen Therapie ohne ATC-Code. Ergänzung zum ATC-basierten Haupt-ValueSet für neuere und experimentelle onkologische Wirkstoffe.","StructureDefinition/mii-pr-onko-systemische-therapie-medikation","hl7.terminology.r4"
https://www.medizininformatik-initiative.de/fhir/ext/modul-onko/ValueSet/mii-vs-onko-therapieabweichung,2026.0.3,active,,MII_VS_Onko_Therapieabweichung,MII VS Onkologie Therapieabweichung,"oBDS-spezifisches ValueSet für die Therapieabweichung auf Wunsch des Patients.","StructureDefinition/mii-pr-onko-tumorkonferenz","Internal"
https://www.medizininformatik-initiative.de/fhir/ext/modul-onko/ValueSet/mii-vs-onko-therapieempfehlung-typ,2026.0.3,active,,MII_VS_Onko_Therapieempfehlung_Typ,MII VS Onkologie Therapieempfehlung Typ,"oBDS-spezifisches ValueSet für den Therapieempfehlungstyp","StructureDefinition/mii-pr-onko-tumorkonferenz,StructureDefinition/mii-pr-onko-therapieempfehlung-kombinationstherapie","Internal"
https://www.medizininformatik-initiative.de/fhir/ext/modul-onko/ValueSet/mii-vs-onko-therapieplanung-typ,2026.0.3,active,,MII_VS_Onko_Therapieplanung_Typ,MII VS Onkologie Therapieplanung Typ,"oBDS-spezifisches ValueSet für den Therapieplanungstyp","StructureDefinition/mii-pr-onko-tumorkonferenz","Internal"
https://www.medizininformatik-initiative.de/fhir/ext/modul-onko/ValueSet/mii-vs-onko-tnm-cp-praefix,2026.0.3,active,,MII_VS_Onko_TNM_cp_Praefix,MII VS Onkologie TNM c/p/u Praefix,"Codes für TNM c/p/u-Präfix. Gibt an, ob die Klassifikation klinisch (c), pathologisch (p) oder mittels Ultraschall (u) erfolgte.","StructureDefinition/mii-pr-onko-tnm-m-kategorie,StructureDefinition/mii-ex-onko-tnm-cp-praefix,StructureDefinition/mii-pr-onko-tnm-t-kategorie,StructureDefinition/mii-pr-onko-tnm-n-kategorie","Internal"
https://www.medizininformatik-initiative.de/fhir/ext/modul-onko/ValueSet/mii-vs-onko-tnm-itc-suffix,2026.0.3,active,,MII_VS_Onko_TNM_ITC_Suffix,MII VS Onkologie TNM ITC Suffix,"Das ValueSet enthält die isolierten Tumorzellen (ITC) Suffixe für die N- und M-Kategorien aus der UICC TNM - Klassifikation maligner Tumoren Achte Auflage.","StructureDefinition/mii-ex-onko-tnm-itc-suffix","Internal"
https://www.medizininformatik-initiative.de/fhir/ext/modul-onko/ValueSet/mii-vs-onko-tnm-klassifikation-typ,2026.0.3,active,,MII_VS_Onko_TNM_Klassifikation_Typ,MII VS Onkologie TNM Klassifikation Typ,"Codes für TNM-Klassifikation Typ. Gibt an, ob die Klassifikation klinisch oder pathologisch erfolgte.","StructureDefinition/mii-pr-onko-tnm-klassifikation-synthetisiert,StructureDefinition/mii-pr-onko-tnm-klassifikation","SCT"
https://www.medizininformatik-initiative.de/fhir/ext/modul-onko/ValueSet/mii-vs-onko-tnm-l-kategorie-werte,2026.0.3,active,,MII_VS_Onko_TNM_L_Kategorie_Werte,MII VS Onkologie TNM L Kategorie Werte,"Das ValueSet enthält die TNM Codes für die Beurteilung der Lymphgefäßinvasion aus der UICC TNM - Klassifikation maligner Tumoren Achte Auflage.","StructureDefinition/mii-pr-onko-tnm-l-kategorie","Internal"
https://www.medizininformatik-initiative.de/fhir/ext/modul-onko/ValueSet/mii-vs-onko-tnm-m-kategorie,2026.0.3,active,,MII_VS_Onko_TNM_M_Kategorie,MII VS Onkologie TNM M Kategorie,"Codes für Codes zur Differenzierung der TNM M-Kategorie als entweder klinisch (cN) oder pathologisch (pN)","StructureDefinition/mii-pr-onko-tnm-m-kategorie","SCT"
https://www.medizininformatik-initiative.de/fhir/ext/modul-onko/ValueSet/mii-vs-onko-tnm-m-kategorie-werte,2026.0.3,active,,MII_VS_Onko_TNM_M_Kategorie_Werte,MII VS Onkologie TNM M Kategorie Werte,"Das ValueSet enthält die TNM M-Kategorie Codes aus der UICC TNM - Klassifikation maligner Tumoren Achte Auflage.","StructureDefinition/mii-pr-onko-tnm-m-kategorie","Internal"
https://www.medizininformatik-initiative.de/fhir/ext/modul-onko/ValueSet/mii-vs-onko-tnm-m-kategorie-werte-sct,2026.0.3,active,,MII_VS_Onko_TNM_M_Kategorie_Werte_SCT,MII VS Onkologie TNM M Kategorie Werte SNOMED CT,"SNOMED CT Codes für die TNM M-Kategorie (alle Präfix-Kombinationen: cM, pM, rcM, rpM).","StructureDefinition/mii-pr-onko-tnm-m-kategorie","SCT"
https://www.medizininformatik-initiative.de/fhir/ext/modul-onko/ValueSet/mii-vs-onko-tnm-m-symbol,2026.0.3,active,,MII_VS_Onko_TNM_m_Symbol,MII VS Onkologie TNM m-Symbol,"Kennzeichnet Vorhandensein multipler Primärtumoren in einem anatomischen Bezirk.","StructureDefinition/mii-pr-onko-tnm-m-symbol","Internal"
https://www.medizininformatik-initiative.de/fhir/ext/modul-onko/ValueSet/mii-vs-onko-tnm-n-kategorie,2026.0.3,active,,MII_VS_Onko_TNM_N_Kategorie,MII VS Onkologie TNM N Kategorie,"Codes für Codes zur Differenzierung der TNM N-Kategorie als entweder klinisch (cN) oder pathologisch (pN)","StructureDefinition/mii-pr-onko-tnm-n-kategorie","SCT"
https://www.medizininformatik-initiative.de/fhir/ext/modul-onko/ValueSet/mii-vs-onko-tnm-n-kategorie-werte,2026.0.3,active,,MII_VS_Onko_TNM_N_Kategorie_Werte,MII VS Onkologie TNM N Kategorie Werte,"Das ValueSet enthält die TNM N-Kategorie Codes aus der UICC TNM - Klassifikation maligner Tumoren Achte Auflage.","StructureDefinition/mii-pr-onko-tnm-n-kategorie","Internal"
https://www.medizininformatik-initiative.de/fhir/ext/modul-onko/ValueSet/mii-vs-onko-tnm-n-kategorie-werte-sct,2026.0.3,active,,MII_VS_Onko_TNM_N_Kategorie_Werte_SCT,MII VS Onkologie TNM N Kategorie Werte SNOMED CT,"SNOMED CT Codes für die TNM N-Kategorie (alle Präfix-Kombinationen: cN, pN, ycN, ypN, rcN, rpN).","StructureDefinition/mii-pr-onko-tnm-n-kategorie","SCT"
https://www.medizininformatik-initiative.de/fhir/ext/modul-onko/ValueSet/mii-vs-onko-tnm-pn-kategorie-werte,2026.0.3,active,,MII_VS_Onko_TNM_Pn_Kategorie_Werte,MII VS Onkologie TNM Pn Kategorie Werte,"Das ValueSet enthält die TNM Codes für den Grad der perineuralen Invasion aus der UICC TNM - Klassifikation maligner Tumoren Achte Auflage.","StructureDefinition/mii-pr-onko-tnm-pn-kategorie","Internal"
https://www.medizininformatik-initiative.de/fhir/ext/modul-onko/ValueSet/mii-vs-onko-tnm-s-kategorie-werte,2026.0.3,active,,MII_VS_Onko_TNM_S_Kategorie_Werte,MII VS Onkologie TNM S Kategorie Werte,"Das ValueSet enthält die TNM Codes für Serumtumormarker aus der UICC TNM - Klassifikation maligner Tumoren Achte Auflage.","StructureDefinition/mii-pr-onko-tnm-s-kategorie","Internal"
https://www.medizininformatik-initiative.de/fhir/ext/modul-onko/ValueSet/mii-vs-onko-tnm-sn-suffix,2026.0.3,active,,MII_VS_Onko_TNM_SN_Suffix,MII VS Onkologie TNM SN Suffix,"Das ValueSet enthält das Schildwächterlymphknoten (Sentinel Lymph Node) Suffix für die N-Kategorie aus der UICC TNM - Klassifikation maligner Tumoren Achte Auflage.","StructureDefinition/mii-ex-onko-tnm-sn-suffix","Internal"
https://www.medizininformatik-initiative.de/fhir/ext/modul-onko/ValueSet/mii-vs-onko-tnm-t-kategorie,2026.0.3,active,,MII_VS_Onko_TNM_T_Kategorie,MII VS Onkologie TNM T Kategorie,"Codes für Codes zur Differenzierung der TNM T-Kategorie als entweder klinisch (cT) oder pathologisch (pT)","StructureDefinition/mii-pr-onko-tnm-t-kategorie","SCT"
https://www.medizininformatik-initiative.de/fhir/ext/modul-onko/ValueSet/mii-vs-onko-tnm-t-kategorie-werte,2026.0.3,active,,MII_VS_Onko_TNM_T_Kategorie_Werte,MII VS Onkologie TNM T Kategorie Werte,"Das ValueSet enthält die TNM T-Kategorie Codes aus der UICC TNM - Klassifikation maligner Tumoren Achte Auflage.","StructureDefinition/mii-pr-onko-tnm-t-kategorie","Internal"
https://www.medizininformatik-initiative.de/fhir/ext/modul-onko/ValueSet/mii-vs-onko-tnm-t-kategorie-werte-sct,2026.0.3,active,,MII_VS_Onko_TNM_T_Kategorie_Werte_SCT,MII VS Onkologie TNM T Kategorie Werte SNOMED CT,"SNOMED CT Codes für die TNM T-Kategorie (alle Präfix-Kombinationen: cT, pT, ycT, ypT, rcT, rpT).","StructureDefinition/mii-pr-onko-tnm-t-kategorie","SCT"
https://www.medizininformatik-initiative.de/fhir/ext/modul-onko/ValueSet/mii-vs-onko-tnm-uicc-stadium,2026.0.3,active,,MII_VS_Onko_TNM_UICC_Stadium,MII VS Onkologie TNM UICC Stadium,"The ValueSet enthält Codes für die TNM-Stadien zur prognostischen Gruppeneinteilung von Patienten.","StructureDefinition/mii-pr-onko-tnm-klassifikation-synthetisiert,StructureDefinition/mii-pr-onko-tnm-klassifikation","Internal"
https://www.medizininformatik-initiative.de/fhir/ext/modul-onko/ValueSet/mii-vs-onko-tnm-v-kategorie-werte,2026.0.3,active,,MII_VS_Onko_TNM_V_Kategorie_Werte,MII VS Onkologie TNM V Kategorie Werte,"Das ValueSet enthält die TNM Codes für die Beurteilung der Veneninvasion aus der UICC TNM - Klassifikation maligner Tumoren Achte Auflage.","StructureDefinition/mii-pr-onko-tnm-v-kategorie","Internal"
https://www.medizininformatik-initiative.de/fhir/ext/modul-onko/ValueSet/mii-vs-onko-tnm-version,2026.0.3,active,,MII_VS_Onko_TNM_Version,MII VS Onkologie TNM Version,"Codes für TNM Version/Auflage nach welcher Version des TNM klassifiziert wird.","StructureDefinition/mii-pr-onko-tnm-m-kategorie,StructureDefinition/mii-pr-onko-tnm-l-kategorie,StructureDefinition/mii-pr-onko-tnm-s-kategorie,StructureDefinition/mii-pr-onko-tnm-klassifikation-synthetisiert,StructureDefinition/mii-pr-onko-tnm-t-kategorie,StructureDefinition/mii-pr-onko-tnm-klassifikation,StructureDefinition/mii-pr-onko-tnm-n-kategorie,StructureDefinition/mii-pr-onko-tnm-v-kategorie,StructureDefinition/mii-pr-onko-tnm-pn-kategorie","Internal"
https://www.medizininformatik-initiative.de/fhir/ext/modul-onko/ValueSet/mii-vs-onko-tod,2026.0.3,active,,MII_VS_Onko_Tod,MII VS Onkologie Tod,"Value Set für oBDS-Codes turmorbedingter Tod","StructureDefinition/mii-pr-onko-tod","Internal"
https://www.medizininformatik-initiative.de/fhir/ext/modul-onko/ValueSet/mii-vs-onko-verlauf-fernmetastasen,2026.0.3,active,,MII_VS_Onko_Verlauf_Fernmetastasen,MII VS Onkologie Verlauf Fernmetastasen,"oBDS-spezifisches ValueSet für die Beurteilung der Fernmetastasen im Behandlungsverlauf","StructureDefinition/mii-pr-onko-verlauf","Internal"
https://www.medizininformatik-initiative.de/fhir/ext/modul-onko/ValueSet/mii-vs-onko-verlauf-gesamtbeurteilung,2026.0.3,active,,MII_VS_Onko_Verlauf_Gesamtbeurteilung,MII VS Onkologie Verlauf Gesamtbeurteilung,"oBDS-spezifisches ValueSet für die Gesamtbeurteilung im Behandlungsverlauf","StructureDefinition/mii-pr-onko-verlauf","Internal"
https://www.medizininformatik-initiative.de/fhir/ext/modul-onko/ValueSet/mii-vs-onko-verlauf-lymphknoten,2026.0.3,active,,MII_VS_Onko_Verlauf_Lymphknoten,MII VS Onkologie Verlauf Lymphknoten,"oBDS-spezifisches ValueSet für die Beurteilung der Lymphknoten im Behandlungsverlauf","StructureDefinition/mii-pr-onko-verlauf","Internal"
https://www.medizininformatik-initiative.de/fhir/ext/modul-onko/ValueSet/mii-vs-onko-verlauf-primaertumor,2026.0.3,active,,MII_VS_Onko_Verlauf_Primaertumor,MII VS Onkologie Verlauf Primärtumor,"oBDS-spezifisches ValueSet für die Beurteilung des Primärtumors im Behandlungsverlauf","StructureDefinition/mii-pr-onko-verlauf","Internal"
https://www.medizininformatik-initiative.de/fhir/ext/modul-onko/ValueSet/mii-vs-onko-weitere-klassifikationen,2026.0.3,active,,MII_VS_Onko_Weitere_Klassifikationen,MII Value Set Onkologie - Weitere Klassifikationen,"Comprehensive collection of cancer staging systems and classification schemes used in oncology beyond TNM classification. This includes AJCC, FIGO, hematological classifications, and specialized organ-specific systems. Based on mCODE STU4 and German oBDS catalogue. Covers entity-specific classifications (e.g., FIGO for gynecological tumors), hematological classifications, and WHO classifications for CNS tumors.","StructureDefinition/mii-pr-onko-weitere-klassifikationen","SCT,hl7.terminology.r4"
https://www.medizininformatik-initiative.de/fhir/ext/modul-onko/ValueSet/mii-vs-onko-weitere-klassifikationen-auspraegungen,2026.0.3,active,,MII_VS_Onko_Weitere_Klassifikationen_Auspraegungen,MII Value Set Onkologie - Weitere Klassifikationen - Auspraegungen,"Comprehensive collection of cancer staging systems and classification schemes used in oncology beyond TNM classification. This includes AJCC, FIGO, hematological classifications, and specialized organ-specific systems. Based on mCODE STU4 and German oBDS catalogue. Covers entity-specific classifications (e.g., FIGO for gynecological tumors), hematological classifications, and WHO classifications for CNS tumors.","StructureDefinition/mii-pr-onko-weitere-klassifikationen","SCT,Internal"
https://www.medizininformatik-initiative.de/fhir/ext/modul-onko/ValueSet/mii-vs-strahlentherapie-ende-grund,2026.0.3,active,,MII_VS_Onko_Strahlentherapie_Ende_Grund,MII VS Onkologie Strahlentherapie Ende Grund,"oBDS-spezifisches ValueSet für Klassifikation des Grundes der Beendigung der Strahlentherapie","StructureDefinition/mii-pr-onko-strahlentherapie","Internal"
https://www.medizininformatik-initiative.de/fhir/ext/modul-onko/ValueSet/mii-vs-strahlentherapie-stellungzurop,2026.0.3,active,,MII_VS_Onko_Strahlentherapie_StellungZurOp,MII VS Onkologie Strahlentherapie Stellung zur OP,"oBDS-spezifisches ValueSet für Klassifikation von Stellung zur OP","StructureDefinition/mii-ex-onko-strahlentherapie-stellungzurop,StructureDefinition/mii-pr-onko-strahlentherapie","Internal"
https://www.medizininformatik-initiative.de/fhir/ext/modul-onko/ValueSet/mii-vs-strahlentherapie-strahlenart,2026.0.3,active,,MII_VS_Onko_Strahlentherapie_Strahlenart,MII VS Onkologie Strahlentherapie Strahlenart,"oBDS-spezifisches ValueSet für Klassifikation von Strahlenart bei Strahlentherapie","StructureDefinition/mii-pr-onko-strahlentherapie-bestrahlung-nuklearmedizin,StructureDefinition/mii-pr-onko-strahlentherapie-bestrahlung-strahlentherapie","Internal"
https://www.medizininformatik-initiative.de/fhir/ext/modul-onko/ValueSet/mii-vs-strahlentherapie-strahlungseinheit,2026.0.3,active,,MII_VS_Onko_Strahlentherapie_Strahlungseinheit,MII VS Onkologie Strahlentherapie Strahlungseinheit,"oBDS-spezifisches ValueSet für Strahlungseinheit en für Strahlen- und Nuklearmedizinische Therapie","StructureDefinition/mii-pr-onko-strahlentherapie-bestrahlung-nuklearmedizin,StructureDefinition/mii-ex-onko-strahlentherapie-bestrahlung-einzeldosis,StructureDefinition/mii-pr-onko-strahlentherapie-bestrahlung-strahlentherapie,StructureDefinition/mii-ex-onko-strahlentherapie-bestrahlung-gesamtdosis","UCUM"
https://www.medizininformatik-initiative.de/fhir/ext/modul-onko/ValueSet/mii-vs-strahlentherapie-zielgebiet,2026.0.3,active,,MII_VS_Onko_Strahlentherapie_Zielgebiet,MII VS Onkologie Strahlentherapie Zielgebiet,"oBDS-spezifisches ValueSet für Klassifikation von Zielgebiet bei Strahlentherapie - unterstützt sowohl oBDS 2021 als auch oBDS 2014 Legacy-Codes","StructureDefinition/mii-pr-onko-strahlentherapie-bestrahlung-nuklearmedizin,StructureDefinition/mii-pr-onko-strahlentherapie-bestrahlung-strahlentherapie","Internal"
https://www.medizininformatik-initiative.de/fhir/ext/modul-onko/ValueSet/mii-vs-systemische-therapie-ende-grund,2026.0.3,active,,MII_VS_Onko_Systemische_Therapie_Ende_Grund,MII VS Onkologie Systemische Therapie Ende Grund,"oBDS-spezifisches ValueSet für Klassifikation des Grundes der Beendigung der Systemischen Therapie","StructureDefinition/mii-pr-onko-systemische-therapie","Internal"
https://www.medizininformatik-initiative.de/fhir/ext/modul-onko/ValueSet/mii-vs-systemische-therapie-stellungzurop,2026.0.3,active,,MII_VS_Onko_Systemische_Therapie_StellungZurOp,MII VS Onkologie Systemische Therapie Stellung,"oBDS-spezifisches ValueSet für Klassifikation von Stellung zur OP","StructureDefinition/mii-ex-onko-systemische-therapie-stellungzurop,StructureDefinition/mii-pr-onko-systemische-therapie","Internal"
