"Id","Path","Slice Name","Alias(s)","Label","Min","Max","Must Support?","Is Modifier?","Is Summary?","Type(s)","Short","Definition","Comments","Requirements","Default Value","Meaning When Missing","Fixed Value","Pattern","Example","Minimum Value","Maximum Value","Maximum Length","Binding Strength","Binding Description","Binding Value Set","Code","Slicing Discriminator","Slicing Description","Slicing Ordered","Slicing Rules","Base Path","Base Min","Base Max","Condition(s)","Constraint(s)","Mapping: Onkologie LogicalModel MII Onkologie Mapping","Mapping: RIM Mapping"
"mii-lm-mvgenomseq-onkologie","mii-lm-mvgenomseq-onkologie","","","",0,*,"","","","null {[]} {[]}
","MII LM Modellvorhaben Genomsequenzierung Onkologie","MII LogicalModel Modellvorhaben Genomsequenzierung Onkologie","","","","","","","","","",,,,,"",,,,"Element",0,*,"ele-1
","ele-1:All FHIR elements must have a @value or children {hasValue() or (children().count() > id.count())}
","n/a"
"mii-lm-mvgenomseq-onkologie.id","mii-lm-mvgenomseq-onkologie.id","","","",0,1,"","","","string {[]} {[]}
","Unique id for inter-element referencing","Unique id for the element within a resource (for internal references). This may be any string value that does not contain spaces.","","","","","","","","","",,,,,"",,,,"Element.id",0,1,"","","n/a"
"mii-lm-mvgenomseq-onkologie.extension","mii-lm-mvgenomseq-onkologie.extension","","extensions
user content","",0,*,"","","","Extension {[]} {[]}
","Additional content defined by implementations","May be used to represent additional information that is not part of the basic definition of the element. To make the use of extensions safe and manageable, there is a strict set of governance  applied to the definition and use of extensions. Though any implementer can define an extension, there is a set of requirements that SHALL be met as part of the definition of the extension.","There can be no stigma associated with the use of extensions by any application, project, or standard - regardless of the institution or jurisdiction that uses or defines the extensions.  The use of extensions is what allows the FHIR specification to retain a core level of simplicity for everyone.","","","","","","","","",,,,,"","value:url}
","Extensions are always sliced by (at least) url",,"open","Element.extension",0,*,"","ele-1:All FHIR elements must have a @value or children {hasValue() or (children().count() > id.count())}
ext-1:Must have either extensions or value[x], not both {extension.exists() != value.exists()}","n/a"
"mii-lm-mvgenomseq-onkologie.OnkologieFall","mii-lm-mvgenomseq-onkologie.OnkologieFall","","","",0,*,"","","","BackboneElement {[]} {[]}
","Onkologie-Fall","Onkologie-Fall","","","","","","","","","",,,,,"",,,,"mii-lm-mvgenomseq-onkologie.OnkologieFall",0,*,"","ele-1:All FHIR elements must have a @value or children {hasValue() or (children().count() > id.count())}
"
"mii-lm-mvgenomseq-onkologie.OnkologieFall.id","mii-lm-mvgenomseq-onkologie.OnkologieFall.id","","","",0,1,"","","","string {[]} {[]}
","Unique id for inter-element referencing","Unique id for the element within a resource (for internal references). This may be any string value that does not contain spaces.","","","","","","","","","",,,,,"",,,,"Element.id",0,1,"","","n/a"
"mii-lm-mvgenomseq-onkologie.OnkologieFall.extension","mii-lm-mvgenomseq-onkologie.OnkologieFall.extension","","extensions
user content","",0,*,"","","","Extension {[]} {[]}
","Additional content defined by implementations","May be used to represent additional information that is not part of the basic definition of the element. To make the use of extensions safe and manageable, there is a strict set of governance  applied to the definition and use of extensions. Though any implementer can define an extension, there is a set of requirements that SHALL be met as part of the definition of the extension.","There can be no stigma associated with the use of extensions by any application, project, or standard - regardless of the institution or jurisdiction that uses or defines the extensions.  The use of extensions is what allows the FHIR specification to retain a core level of simplicity for everyone.","","","","","","","","",,,,,"","value:url}
","Extensions are always sliced by (at least) url",,"open","Element.extension",0,*,"","ele-1:All FHIR elements must have a @value or children {hasValue() or (children().count() > id.count())}
ext-1:Must have either extensions or value[x], not both {extension.exists() != value.exists()}","n/a"
"mii-lm-mvgenomseq-onkologie.OnkologieFall.modifierExtension","mii-lm-mvgenomseq-onkologie.OnkologieFall.modifierExtension","","extensions
user contentmodifiers","",0,*,"","Y","Y","Extension {[]} {[]}
","Extensions that cannot be ignored even if unrecognized","May be used to represent additional information that is not part of the basic definition of the element and that modifies the understanding of the element in which it is contained and/or the understanding of the containing element's descendants. Usually modifier elements provide negation or qualification. To make the use of extensions safe and manageable, there is a strict set of governance applied to the definition and use of extensions. Though any implementer can define an extension, there is a set of requirements that SHALL be met as part of the definition of the extension. Applications processing a resource are required to check for modifier extensions.

Modifier extensions SHALL NOT change the meaning of any elements on Resource or DomainResource (including cannot change the meaning of modifierExtension itself).","There can be no stigma associated with the use of extensions by any application, project, or standard - regardless of the institution or jurisdiction that uses or defines the extensions.  The use of extensions is what allows the FHIR specification to retain a core level of simplicity for everyone.","Modifier extensions allow for extensions that *cannot* be safely ignored to be clearly distinguished from the vast majority of extensions which can be safely ignored.  This promotes interoperability by eliminating the need for implementers to prohibit the presence of extensions. For further information, see the [definition of modifier extensions](http://hl7.org/fhir/R4/extensibility.html#modifierExtension).","","","","","","","",,,,,"",,,,"BackboneElement.modifierExtension",0,*,"","ele-1:All FHIR elements must have a @value or children {hasValue() or (children().count() > id.count())}
ext-1:Must have either extensions or value[x], not both {extension.exists() != value.exists()}","N/A"
"mii-lm-mvgenomseq-onkologie.OnkologieFall.Diagnose","mii-lm-mvgenomseq-onkologie.OnkologieFall.Diagnose","","","",1,1,"","","","BackboneElement {[]} {[]}
","Diagnose","Diagnose","","","","","","","","","",,,,,"",,,,"mii-lm-mvgenomseq-onkologie.OnkologieFall.Diagnose",1,1,"","ele-1:All FHIR elements must have a @value or children {hasValue() or (children().count() > id.count())}
","Condition"
"mii-lm-mvgenomseq-onkologie.OnkologieFall.Diagnose.id","mii-lm-mvgenomseq-onkologie.OnkologieFall.Diagnose.id","","","",0,1,"","","","string {[]} {[]}
","Unique id for inter-element referencing","Unique id for the element within a resource (for internal references). This may be any string value that does not contain spaces.","","","","","","","","","",,,,,"",,,,"Element.id",0,1,"","","n/a"
"mii-lm-mvgenomseq-onkologie.OnkologieFall.Diagnose.extension","mii-lm-mvgenomseq-onkologie.OnkologieFall.Diagnose.extension","","extensions
user content","",0,*,"","","","Extension {[]} {[]}
","Additional content defined by implementations","May be used to represent additional information that is not part of the basic definition of the element. To make the use of extensions safe and manageable, there is a strict set of governance  applied to the definition and use of extensions. Though any implementer can define an extension, there is a set of requirements that SHALL be met as part of the definition of the extension.","There can be no stigma associated with the use of extensions by any application, project, or standard - regardless of the institution or jurisdiction that uses or defines the extensions.  The use of extensions is what allows the FHIR specification to retain a core level of simplicity for everyone.","","","","","","","","",,,,,"","value:url}
","Extensions are always sliced by (at least) url",,"open","Element.extension",0,*,"","ele-1:All FHIR elements must have a @value or children {hasValue() or (children().count() > id.count())}
ext-1:Must have either extensions or value[x], not both {extension.exists() != value.exists()}","n/a"
"mii-lm-mvgenomseq-onkologie.OnkologieFall.Diagnose.modifierExtension","mii-lm-mvgenomseq-onkologie.OnkologieFall.Diagnose.modifierExtension","","extensions
user contentmodifiers","",0,*,"","Y","Y","Extension {[]} {[]}
","Extensions that cannot be ignored even if unrecognized","May be used to represent additional information that is not part of the basic definition of the element and that modifies the understanding of the element in which it is contained and/or the understanding of the containing element's descendants. Usually modifier elements provide negation or qualification. To make the use of extensions safe and manageable, there is a strict set of governance applied to the definition and use of extensions. Though any implementer can define an extension, there is a set of requirements that SHALL be met as part of the definition of the extension. Applications processing a resource are required to check for modifier extensions.

Modifier extensions SHALL NOT change the meaning of any elements on Resource or DomainResource (including cannot change the meaning of modifierExtension itself).","There can be no stigma associated with the use of extensions by any application, project, or standard - regardless of the institution or jurisdiction that uses or defines the extensions.  The use of extensions is what allows the FHIR specification to retain a core level of simplicity for everyone.","Modifier extensions allow for extensions that *cannot* be safely ignored to be clearly distinguished from the vast majority of extensions which can be safely ignored.  This promotes interoperability by eliminating the need for implementers to prohibit the presence of extensions. For further information, see the [definition of modifier extensions](http://hl7.org/fhir/R4/extensibility.html#modifierExtension).","","","","","","","",,,,,"",,,,"BackboneElement.modifierExtension",0,*,"","ele-1:All FHIR elements must have a @value or children {hasValue() or (children().count() > id.count())}
ext-1:Must have either extensions or value[x], not both {extension.exists() != value.exists()}","N/A"
"mii-lm-mvgenomseq-onkologie.OnkologieFall.Diagnose.Haupttumordiagnose","mii-lm-mvgenomseq-onkologie.OnkologieFall.Diagnose.Haupttumordiagnose","","","",1,1,"","","","code {[]} {[]}
","Haupttumordiagnose","Haupttumordiagnose in ICD-10-GM","","","","","","","","","",,,,,"",,,,"mii-lm-mvgenomseq-onkologie.OnkologieFall.Diagnose.Haupttumordiagnose",1,1,"","","Condition.code.coding.where(system='http://fhir.de/CodeSystem/bfarm/icd-10-gm').code"
"mii-lm-mvgenomseq-onkologie.OnkologieFall.Diagnose.WeitereOnkologischeDiagnosen","mii-lm-mvgenomseq-onkologie.OnkologieFall.Diagnose.WeitereOnkologischeDiagnosen","","","",0,*,"","","","code {[]} {[]}
","Weitere onkologische Diagnosen","Optional bei mehreren onkologischen Diagnosen, insbesondere Dokumentation als weiter onkologische Diagnose bei hereditären Tumordispositionssydroms (HT), bei HT zusätzliche Dokumentation ORPHAcode oder AlphaID, ein Code soweit vorhanden ist. Undiagnostizierte Erkrankungen sind mit ORPHA:616874 zu kodieren.","","","","","","","","","",,,,,"",,,,"mii-lm-mvgenomseq-onkologie.OnkologieFall.Diagnose.WeitereOnkologischeDiagnosen",0,*,"","","Condition.code.coding.where(system='http://fhir.de/CodeSystem/bfarm/icd-10-gm').code"
"mii-lm-mvgenomseq-onkologie.OnkologieFall.Diagnose.Hauptdiagnosedatum","mii-lm-mvgenomseq-onkologie.OnkologieFall.Diagnose.Hauptdiagnosedatum","","","",0,1,"","","","date {[]} {[]}
","Hauptdiagnosedatum","Datum der Erstdiagnose der Hauptdiagnose. Wenn Tag unbekannt -> 15. des Monats","","","","","","","","","",,,,,"",,,,"mii-lm-mvgenomseq-onkologie.OnkologieFall.Diagnose.Hauptdiagnosedatum",0,1,"","","Condition.extension.where(url='http://hl7.org/fhir/StructureDefinition/condition-assertedDate').valueDate"
"mii-lm-mvgenomseq-onkologie.OnkologieFall.Diagnose.ECOGStatus","mii-lm-mvgenomseq-onkologie.OnkologieFall.Diagnose.ECOGStatus","","","",0,1,"","","","code {[]} {[]}
","ECOG-Status","Eastern Cooperative Oncology Group (ECOG) Performance Status nach 0,1,2,3,4,5,unknown, not applicable","","","","","","","","","",,,,,"",,,,"mii-lm-mvgenomseq-onkologie.OnkologieFall.Diagnose.ECOGStatus",0,1,"","","Observation.where(code='423740007' and system='http://snomed.info/sct').valueCodeableConcept.coding.code"
"mii-lm-mvgenomseq-onkologie.OnkologieFall.Diagnose.KeimbahndiagnoseVorhanden","mii-lm-mvgenomseq-onkologie.OnkologieFall.Diagnose.KeimbahndiagnoseVorhanden","","","",0,1,"","","","code {[]} {[]}
","Keimbahndiagnose vorhanden","Ja, Nein, unbekannt","","","","","","","","","",,,,,"",,,,"mii-lm-mvgenomseq-onkologie.OnkologieFall.Diagnose.KeimbahndiagnoseVorhanden",0,1,"","","no direct match, vsl. über FHIRPath automatisch generieren, wenn Keimbahndiagnose.exists()"
"mii-lm-mvgenomseq-onkologie.OnkologieFall.Diagnose.Keimbahndiagnose","mii-lm-mvgenomseq-onkologie.OnkologieFall.Diagnose.Keimbahndiagnose","","","",0,*,"","","","code {[]} {[]}
","Keimbahndiagnose","Keimbahndiagnosen nach ICD-10-GM.Bei Diagnose eines hereditären Tumordispositionssydroms als Teil der OE ist verpflichtend anzugeben mit ICD10 und ORPHA oder AlphaID","","","","","","","","","",,,,,"",,,,"mii-lm-mvgenomseq-onkologie.OnkologieFall.Diagnose.Keimbahndiagnose",0,*,"","","no direct match. Keimbahndiagnose existiert als Konzept nicht, hier könnte / müsste mit Condition.category gearbeitet werden, z.B. SNOMED Hereditary cancer-predisposing syndrome (disorder)"
"mii-lm-mvgenomseq-onkologie.OnkologieFall.Diagnose.HPOPhaenotypisierung","mii-lm-mvgenomseq-onkologie.OnkologieFall.Diagnose.HPOPhaenotypisierung","","","",0,*,"","","","code {[]} {[]}
","Phänotypisierung nach HPO ","Human Phenotype Ontology.Bei Diagnose eines hereditären Tumordispositionssydroms als Teil der OE, wenn vorhanden angeben (optional)","","","","","","","","","",,,,,"",,,,"mii-lm-mvgenomseq-onkologie.OnkologieFall.Diagnose.HPOPhaenotypisierung",0,*,"","","Observation.where(valueCodeableConcept.coding.system='http://human-phenotype-ontology.org')"
"mii-lm-mvgenomseq-onkologie.OnkologieFall.Diagnose.Histologie","mii-lm-mvgenomseq-onkologie.OnkologieFall.Diagnose.Histologie","","","",1,1,"","","","code {[]} {[]}
","Histologie nach ICD-O-3","Histologische Morphologie und Verhalten nach ICD-O-3","","","","","","","","","",,,,,"",,,,"mii-lm-mvgenomseq-onkologie.OnkologieFall.Diagnose.Histologie",1,1,"","","Condition.extension.where(url='https://www.medizininformatik-initiative.de/fhir/ext/modul-onko/StructureDefinition/mii-ex-onko-histology-morphology-behavior-icdo3').valueCodeableConcept.coding.code"
"mii-lm-mvgenomseq-onkologie.OnkologieFall.Diagnose.Topographie","mii-lm-mvgenomseq-onkologie.OnkologieFall.Diagnose.Topographie","","","",1,1,"","","","code {[]} {[]}
","Topographie nach ICD-O-3","Topographie des Tumors nach ICD-O-3","","","","","","","","","",,,,,"",,,,"mii-lm-mvgenomseq-onkologie.OnkologieFall.Diagnose.Topographie",1,1,"","","Condition.bodySite.coding.code"
"mii-lm-mvgenomseq-onkologie.OnkologieFall.Diagnose.Grading","mii-lm-mvgenomseq-onkologie.OnkologieFall.Diagnose.Grading","","","",0,1,"","","","code {[]} {[]}
","Differenzierungsgrad","Gibt den Differenzierungsgrad des Tumors entsprechend der aktuellen TNM-Auflage an,  Bei der Klassifikation sind die einschlägigen Regeln der Literatur (TNM) zu beachten.","","","","","","","","","",,,,,"",,,,"mii-lm-mvgenomseq-onkologie.OnkologieFall.Diagnose.Grading",0,1,"","","Observation.where(code.coding.code='33732-9' and code.coding.system='http://loinc.org').valueCodeableConcept.coding.code"
"mii-lm-mvgenomseq-onkologie.OnkologieFall.Diagnose.TNMSchluessel","mii-lm-mvgenomseq-onkologie.OnkologieFall.Diagnose.TNMSchluessel","","","",0,1,"","","","string {[]} {[]}
","TNM-Klassifikation","TNM-Klassifikation des Tumors","","","","","","","","","",,,,,"",,,,"mii-lm-mvgenomseq-onkologie.OnkologieFall.Diagnose.TNMSchluessel",0,1,"","","Observation.where(code.coding.code='33732-9' and code.coding.system='http://snomed.info/sct').valueCodeableConcept.coding.code"
"mii-lm-mvgenomseq-onkologie.OnkologieFall.Diagnose.TNMSystematik","mii-lm-mvgenomseq-onkologie.OnkologieFall.Diagnose.TNMSystematik","","","",0,1,"","","","code {[]} {[]}
","TNM-Systematik","TNM-Systematik nach AJCC oder UICC","","","","","","","","","",,,,,"",,,,"mii-lm-mvgenomseq-onkologie.OnkologieFall.Diagnose.TNMSystematik",0,1,"","","Laut Krebsregisterdaten nur UICC vorgesehen? kein expiziter Datenpunkt außer Version"
"mii-lm-mvgenomseq-onkologie.OnkologieFall.Diagnose.WeitereKlassifikationen","mii-lm-mvgenomseq-onkologie.OnkologieFall.Diagnose.WeitereKlassifikationen","","","",0,*,"","","","string {[]} {[]}
","Weitere Klassifikationen","Weitere Klassifikationen des Tumors zum Diagnosezeitpunkt","","","","","","","","","",,,,,"",,,,"mii-lm-mvgenomseq-onkologie.OnkologieFall.Diagnose.WeitereKlassifikationen",0,*,"","","no direkt match - Observation - Nutzung des Profils WeitereKlassifikationen, aber aufgrund der Vielfalt der Klassifikationen keine direkte Zuordnung möglich"
"mii-lm-mvgenomseq-onkologie.OnkologieFall.Diagnose.DiagnostischeVoruntersuchungen","mii-lm-mvgenomseq-onkologie.OnkologieFall.Diagnose.DiagnostischeVoruntersuchungen","","","",0,*,"","","","code {[]} {[]}
","Diagnostische Voruntersuchungen","Diagnostische Voruntersuchungen zum Diagnosezeitpunkt. Bewertung der durchgeführten genetischen Diagnostik, nur für heriditäre Prädispositionssyndrome/ Erbliche Tumore","","","","","","","","","",,,,,"",,,,"mii-lm-mvgenomseq-onkologie.OnkologieFall.Diagnose.DiagnostischeVoruntersuchungen",0,*,"","","no direkt match"
"mii-lm-mvgenomseq-onkologie.OnkologieFall.Vordiagnostik","mii-lm-mvgenomseq-onkologie.OnkologieFall.Vordiagnostik","","","",0,*,"","","","BackboneElement {[]} {[]}
","Vordiagnostik","Vordiagnostik","","","","","","","","","",,,,,"",,,,"mii-lm-mvgenomseq-onkologie.OnkologieFall.Vordiagnostik",0,*,"","ele-1:All FHIR elements must have a @value or children {hasValue() or (children().count() > id.count())}
","Vordiagnostik"
"mii-lm-mvgenomseq-onkologie.OnkologieFall.Vordiagnostik.id","mii-lm-mvgenomseq-onkologie.OnkologieFall.Vordiagnostik.id","","","",0,1,"","","","string {[]} {[]}
","Unique id for inter-element referencing","Unique id for the element within a resource (for internal references). This may be any string value that does not contain spaces.","","","","","","","","","",,,,,"",,,,"Element.id",0,1,"","","n/a"
"mii-lm-mvgenomseq-onkologie.OnkologieFall.Vordiagnostik.extension","mii-lm-mvgenomseq-onkologie.OnkologieFall.Vordiagnostik.extension","","extensions
user content","",0,*,"","","","Extension {[]} {[]}
","Additional content defined by implementations","May be used to represent additional information that is not part of the basic definition of the element. To make the use of extensions safe and manageable, there is a strict set of governance  applied to the definition and use of extensions. Though any implementer can define an extension, there is a set of requirements that SHALL be met as part of the definition of the extension.","There can be no stigma associated with the use of extensions by any application, project, or standard - regardless of the institution or jurisdiction that uses or defines the extensions.  The use of extensions is what allows the FHIR specification to retain a core level of simplicity for everyone.","","","","","","","","",,,,,"","value:url}
","Extensions are always sliced by (at least) url",,"open","Element.extension",0,*,"","ele-1:All FHIR elements must have a @value or children {hasValue() or (children().count() > id.count())}
ext-1:Must have either extensions or value[x], not both {extension.exists() != value.exists()}","n/a"
"mii-lm-mvgenomseq-onkologie.OnkologieFall.Vordiagnostik.modifierExtension","mii-lm-mvgenomseq-onkologie.OnkologieFall.Vordiagnostik.modifierExtension","","extensions
user contentmodifiers","",0,*,"","Y","Y","Extension {[]} {[]}
","Extensions that cannot be ignored even if unrecognized","May be used to represent additional information that is not part of the basic definition of the element and that modifies the understanding of the element in which it is contained and/or the understanding of the containing element's descendants. Usually modifier elements provide negation or qualification. To make the use of extensions safe and manageable, there is a strict set of governance applied to the definition and use of extensions. Though any implementer can define an extension, there is a set of requirements that SHALL be met as part of the definition of the extension. Applications processing a resource are required to check for modifier extensions.

Modifier extensions SHALL NOT change the meaning of any elements on Resource or DomainResource (including cannot change the meaning of modifierExtension itself).","There can be no stigma associated with the use of extensions by any application, project, or standard - regardless of the institution or jurisdiction that uses or defines the extensions.  The use of extensions is what allows the FHIR specification to retain a core level of simplicity for everyone.","Modifier extensions allow for extensions that *cannot* be safely ignored to be clearly distinguished from the vast majority of extensions which can be safely ignored.  This promotes interoperability by eliminating the need for implementers to prohibit the presence of extensions. For further information, see the [definition of modifier extensions](http://hl7.org/fhir/R4/extensibility.html#modifierExtension).","","","","","","","",,,,,"",,,,"BackboneElement.modifierExtension",0,*,"","ele-1:All FHIR elements must have a @value or children {hasValue() or (children().count() > id.count())}
ext-1:Must have either extensions or value[x], not both {extension.exists() != value.exists()}","N/A"
"mii-lm-mvgenomseq-onkologie.OnkologieFall.Vordiagnostik.ArtDiagnostik","mii-lm-mvgenomseq-onkologie.OnkologieFall.Vordiagnostik.ArtDiagnostik","","","",1,1,"","","","code {[]} {[]}
","Diagnostik","Diagnostik, die vor dem MV Genomseq, durchgeführt wurde (Vorbefunde)","","","","","","","","","",,,,,"",,,,"mii-lm-mvgenomseq-onkologie.OnkologieFall.Vordiagnostik.ArtDiagnostik",1,1,"","","Diagnoste)"
"mii-lm-mvgenomseq-onkologie.OnkologieFall.Vordiagnostik.DatumDiagnostik","mii-lm-mvgenomseq-onkologie.OnkologieFall.Vordiagnostik.DatumDiagnostik","","","",0,1,"","","","date {[]} {[]}
","Datum","Datum der Diagnostik","","","","","","","","","",,,,,"",,,,"mii-lm-mvgenomseq-onkologie.OnkologieFall.Vordiagnostik.DatumDiagnostik",0,1,"","","Datum Diagnostik"
"mii-lm-mvgenomseq-onkologie.OnkologieFall.MolekulareVorbefunde","mii-lm-mvgenomseq-onkologie.OnkologieFall.MolekulareVorbefunde","","","",0,*,"","","","BackboneElement {[]} {[]}
","klinisch relevante Ergebnisse der Diagnostik","klinisch relevante Ergebnisse der Diagnostik","","","","","","","","","",,,,,"",,,,"mii-lm-mvgenomseq-onkologie.OnkologieFall.MolekulareVorbefunde",0,*,"","ele-1:All FHIR elements must have a @value or children {hasValue() or (children().count() > id.count())}
","klinisch relevante Ergebnisse der Diagnostik"
"mii-lm-mvgenomseq-onkologie.OnkologieFall.MolekulareVorbefunde.id","mii-lm-mvgenomseq-onkologie.OnkologieFall.MolekulareVorbefunde.id","","","",0,1,"","","","string {[]} {[]}
","Unique id for inter-element referencing","Unique id for the element within a resource (for internal references). This may be any string value that does not contain spaces.","","","","","","","","","",,,,,"",,,,"Element.id",0,1,"","","n/a"
"mii-lm-mvgenomseq-onkologie.OnkologieFall.MolekulareVorbefunde.extension","mii-lm-mvgenomseq-onkologie.OnkologieFall.MolekulareVorbefunde.extension","","extensions
user content","",0,*,"","","","Extension {[]} {[]}
","Additional content defined by implementations","May be used to represent additional information that is not part of the basic definition of the element. To make the use of extensions safe and manageable, there is a strict set of governance  applied to the definition and use of extensions. Though any implementer can define an extension, there is a set of requirements that SHALL be met as part of the definition of the extension.","There can be no stigma associated with the use of extensions by any application, project, or standard - regardless of the institution or jurisdiction that uses or defines the extensions.  The use of extensions is what allows the FHIR specification to retain a core level of simplicity for everyone.","","","","","","","","",,,,,"","value:url}
","Extensions are always sliced by (at least) url",,"open","Element.extension",0,*,"","ele-1:All FHIR elements must have a @value or children {hasValue() or (children().count() > id.count())}
ext-1:Must have either extensions or value[x], not both {extension.exists() != value.exists()}","n/a"
"mii-lm-mvgenomseq-onkologie.OnkologieFall.MolekulareVorbefunde.modifierExtension","mii-lm-mvgenomseq-onkologie.OnkologieFall.MolekulareVorbefunde.modifierExtension","","extensions
user contentmodifiers","",0,*,"","Y","Y","Extension {[]} {[]}
","Extensions that cannot be ignored even if unrecognized","May be used to represent additional information that is not part of the basic definition of the element and that modifies the understanding of the element in which it is contained and/or the understanding of the containing element's descendants. Usually modifier elements provide negation or qualification. To make the use of extensions safe and manageable, there is a strict set of governance applied to the definition and use of extensions. Though any implementer can define an extension, there is a set of requirements that SHALL be met as part of the definition of the extension. Applications processing a resource are required to check for modifier extensions.

Modifier extensions SHALL NOT change the meaning of any elements on Resource or DomainResource (including cannot change the meaning of modifierExtension itself).","There can be no stigma associated with the use of extensions by any application, project, or standard - regardless of the institution or jurisdiction that uses or defines the extensions.  The use of extensions is what allows the FHIR specification to retain a core level of simplicity for everyone.","Modifier extensions allow for extensions that *cannot* be safely ignored to be clearly distinguished from the vast majority of extensions which can be safely ignored.  This promotes interoperability by eliminating the need for implementers to prohibit the presence of extensions. For further information, see the [definition of modifier extensions](http://hl7.org/fhir/R4/extensibility.html#modifierExtension).","","","","","","","",,,,,"",,,,"BackboneElement.modifierExtension",0,*,"","ele-1:All FHIR elements must have a @value or children {hasValue() or (children().count() > id.count())}
ext-1:Must have either extensions or value[x], not both {extension.exists() != value.exists()}","N/A"
"mii-lm-mvgenomseq-onkologie.OnkologieFall.MolekulareVorbefunde.Gen","mii-lm-mvgenomseq-onkologie.OnkologieFall.MolekulareVorbefunde.Gen","","","",1,1,"","","","code {[]} {[]}
","Gen","Gen kodiert nach HGNC","","","","","","","","","",,,,,"",,,,"mii-lm-mvgenomseq-onkologie.OnkologieFall.MolekulareVorbefunde.Gen",1,1,"","","Genert nach HGNC"
"mii-lm-mvgenomseq-onkologie.OnkologieFall.MolekulareVorbefunde.Transkript","mii-lm-mvgenomseq-onkologie.OnkologieFall.MolekulareVorbefunde.Transkript","","","",0,1,"","","","code {[]} {[]}
","Transkript","Transkript kodiert nach Ensembl/RefSeq","","","","","","","","","",,,,,"",,,,"mii-lm-mvgenomseq-onkologie.OnkologieFall.MolekulareVorbefunde.Transkript",0,1,"","","Transkriranskript kodiert nach Ensembl/RefSeq"
"mii-lm-mvgenomseq-onkologie.OnkologieFall.MolekulareVorbefunde.DNAChange","mii-lm-mvgenomseq-onkologie.OnkologieFall.MolekulareVorbefunde.DNAChange","","","",0,1,"","","","code {[]} {[]}
","DNA-Veränderung","DNA-Verändung nach cHGVS","","","","","","","","","",,,,,"",,,,"mii-lm-mvgenomseq-onkologie.OnkologieFall.MolekulareVorbefunde.DNAChange",0,1,"","","DNA-VeränVerändung nach cHGVS"
"mii-lm-mvgenomseq-onkologie.OnkologieFall.MolekulareVorbefunde.ProteinChange","mii-lm-mvgenomseq-onkologie.OnkologieFall.MolekulareVorbefunde.ProteinChange","","","",0,1,"","","","code {[]} {[]}
","Protein-Veränderung","Protein-Veränderung nach pHGVS","","","","","","","","","",,,,,"",,,,"mii-lm-mvgenomseq-onkologie.OnkologieFall.MolekulareVorbefunde.ProteinChange",0,1,"","","Protein-Verändotein-Veränderung nach pHGVS"
"mii-lm-mvgenomseq-onkologie.OnkologieFall.MolekulareVorbefunde.TypAlteration","mii-lm-mvgenomseq-onkologie.OnkologieFall.MolekulareVorbefunde.TypAlteration","","","",0,1,"","","","code {[]} {[]}
","Typ der Alteration","Typ der Alteration / Variantenklasse nach Sequence ontology (SO)","","","","","","","","","",,,,,"",,,,"mii-lm-mvgenomseq-onkologie.OnkologieFall.MolekulareVorbefunde.TypAlteration",0,1,"","","Typ der Alteratr Alteration / Variantenklasse nach Sequence ontology (SO)"
"mii-lm-mvgenomseq-onkologie.OnkologieFall.MolekulareVorbefunde.KomplexeAlteration","mii-lm-mvgenomseq-onkologie.OnkologieFall.MolekulareVorbefunde.KomplexeAlteration","","","",0,1,"","","","string {[]} {[]}
","Komplexe Alteration","Ausführliche Beschreibung bei komplexen Alteration z.B. Fusion","","","","","","","","","",,,,,"",,,,"mii-lm-mvgenomseq-onkologie.OnkologieFall.MolekulareVorbefunde.KomplexeAlteration",0,1,"","","Komplexe AlteratAusführliche Beschreibung"
"mii-lm-mvgenomseq-onkologie.OnkologieFall.SystemischeVortherapien","mii-lm-mvgenomseq-onkologie.OnkologieFall.SystemischeVortherapien","","","",0,*,"","","","BackboneElement {[]} {[]}
","Systemische Vortherapien","Systemische Vortherapien","","","","","","","","","",,,,,"",,,,"mii-lm-mvgenomseq-onkologie.OnkologieFall.SystemischeVortherapien",0,*,"","ele-1:All FHIR elements must have a @value or children {hasValue() or (children().count() > id.count())}
","Procedure"
"mii-lm-mvgenomseq-onkologie.OnkologieFall.SystemischeVortherapien.id","mii-lm-mvgenomseq-onkologie.OnkologieFall.SystemischeVortherapien.id","","","",0,1,"","","","string {[]} {[]}
","Unique id for inter-element referencing","Unique id for the element within a resource (for internal references). This may be any string value that does not contain spaces.","","","","","","","","","",,,,,"",,,,"Element.id",0,1,"","","n/a"
"mii-lm-mvgenomseq-onkologie.OnkologieFall.SystemischeVortherapien.extension","mii-lm-mvgenomseq-onkologie.OnkologieFall.SystemischeVortherapien.extension","","extensions
user content","",0,*,"","","","Extension {[]} {[]}
","Additional content defined by implementations","May be used to represent additional information that is not part of the basic definition of the element. To make the use of extensions safe and manageable, there is a strict set of governance  applied to the definition and use of extensions. Though any implementer can define an extension, there is a set of requirements that SHALL be met as part of the definition of the extension.","There can be no stigma associated with the use of extensions by any application, project, or standard - regardless of the institution or jurisdiction that uses or defines the extensions.  The use of extensions is what allows the FHIR specification to retain a core level of simplicity for everyone.","","","","","","","","",,,,,"","value:url}
","Extensions are always sliced by (at least) url",,"open","Element.extension",0,*,"","ele-1:All FHIR elements must have a @value or children {hasValue() or (children().count() > id.count())}
ext-1:Must have either extensions or value[x], not both {extension.exists() != value.exists()}","n/a"
"mii-lm-mvgenomseq-onkologie.OnkologieFall.SystemischeVortherapien.modifierExtension","mii-lm-mvgenomseq-onkologie.OnkologieFall.SystemischeVortherapien.modifierExtension","","extensions
user contentmodifiers","",0,*,"","Y","Y","Extension {[]} {[]}
","Extensions that cannot be ignored even if unrecognized","May be used to represent additional information that is not part of the basic definition of the element and that modifies the understanding of the element in which it is contained and/or the understanding of the containing element's descendants. Usually modifier elements provide negation or qualification. To make the use of extensions safe and manageable, there is a strict set of governance applied to the definition and use of extensions. Though any implementer can define an extension, there is a set of requirements that SHALL be met as part of the definition of the extension. Applications processing a resource are required to check for modifier extensions.

Modifier extensions SHALL NOT change the meaning of any elements on Resource or DomainResource (including cannot change the meaning of modifierExtension itself).","There can be no stigma associated with the use of extensions by any application, project, or standard - regardless of the institution or jurisdiction that uses or defines the extensions.  The use of extensions is what allows the FHIR specification to retain a core level of simplicity for everyone.","Modifier extensions allow for extensions that *cannot* be safely ignored to be clearly distinguished from the vast majority of extensions which can be safely ignored.  This promotes interoperability by eliminating the need for implementers to prohibit the presence of extensions. For further information, see the [definition of modifier extensions](http://hl7.org/fhir/R4/extensibility.html#modifierExtension).","","","","","","","",,,,,"",,,,"BackboneElement.modifierExtension",0,*,"","ele-1:All FHIR elements must have a @value or children {hasValue() or (children().count() > id.count())}
ext-1:Must have either extensions or value[x], not both {extension.exists() != value.exists()}","N/A"
"mii-lm-mvgenomseq-onkologie.OnkologieFall.SystemischeVortherapien.ArtTherapie","mii-lm-mvgenomseq-onkologie.OnkologieFall.SystemischeVortherapien.ArtTherapie","","","",1,1,"","","","code {[]} {[]}
","Bezug zur operativen Therapie","Bezug der Vortherapie zu einer operativen Therapie, z.B. adjuvant, neoadjuvant","","","","","","","","","",,,,,"",,,,"mii-lm-mvgenomseq-onkologie.OnkologieFall.SystemischeVortherapien.ArtTherapie",1,1,"","","Procedure.extension.where(url='StellungZurOp')"
"mii-lm-mvgenomseq-onkologie.OnkologieFall.SystemischeVortherapien.IntentionTherapie","mii-lm-mvgenomseq-onkologie.OnkologieFall.SystemischeVortherapien.IntentionTherapie","","","",0,1,"","","","code {[]} {[]}
","Intention","Intention der Vortherapie, z.B. kurativ, palliativ","","","","","","","","","",,,,,"",,,,"mii-lm-mvgenomseq-onkologie.OnkologieFall.SystemischeVortherapien.IntentionTherapie",0,1,"","","Procedure.extension.where(url='Intention')"
"mii-lm-mvgenomseq-onkologie.OnkologieFall.SystemischeVortherapien.Substanz","mii-lm-mvgenomseq-onkologie.OnkologieFall.SystemischeVortherapien.Substanz","","","",0,*,"","","","code {[]} {[]}
","Substanz","Substanz der Vortherapie nach ATC oder Text bei nicht-ATC-Wirkstoffen","","","","","","","","","",,,,,"",,,,"mii-lm-mvgenomseq-onkologie.OnkologieFall.SystemischeVortherapien.Substanz",0,*,"","","MedicationStatement.medicationCode.coding[atc-de].code"
"mii-lm-mvgenomseq-onkologie.OnkologieFall.SystemischeVortherapien.Therapiestart","mii-lm-mvgenomseq-onkologie.OnkologieFall.SystemischeVortherapien.Therapiestart","","","",0,1,"","","","date {[]} {[]}
","Startdatum","Startdatum der Vortherapie. Wenn Datum unbekannt, dann 15. des Monats","","","","","","","","","",,,,,"",,,,"mii-lm-mvgenomseq-onkologie.OnkologieFall.SystemischeVortherapien.Therapiestart",0,1,"","","Procedure.effectivePeriod.start"
"mii-lm-mvgenomseq-onkologie.OnkologieFall.SystemischeVortherapien.Therapieende","mii-lm-mvgenomseq-onkologie.OnkologieFall.SystemischeVortherapien.Therapieende","","","",0,1,"","","","date {[]} {[]}
","Enddatum","Enddatum der Vortherapie. Wenn Datum unbekannt, dann 15. des Monats","","","","","","","","","",,,,,"",,,,"mii-lm-mvgenomseq-onkologie.OnkologieFall.SystemischeVortherapien.Therapieende",0,1,"","","Procedure.effectivePeriod.end"
"mii-lm-mvgenomseq-onkologie.OnkologieFall.SystemischeVortherapien.EndeGrund","mii-lm-mvgenomseq-onkologie.OnkologieFall.SystemischeVortherapien.EndeGrund","","","",0,1,"","","","code {[]} {[]}
","Ende der Therapie","Grund für das Ende der Vortherapie","","","","","","","","","",,,,,"",,,,"mii-lm-mvgenomseq-onkologie.OnkologieFall.SystemischeVortherapien.EndeGrund",0,1,"","","Procedure.outcome"
"mii-lm-mvgenomseq-onkologie.OnkologieFall.SystemischeVortherapien.TherapieAnsprechen","mii-lm-mvgenomseq-onkologie.OnkologieFall.SystemischeVortherapien.TherapieAnsprechen","","","",0,1,"","","","code {[]} {[]}
","Ansprechen","Therapieansprechen der fallrelevante, systemische Vortherapie (PD: Progression, SD:Stabile Erkrankung, PR:Partielle Remission, CR:Komplette Remission)","","","","","","","","","",,,,,"",,,,"mii-lm-mvgenomseq-onkologie.OnkologieFall.SystemischeVortherapien.TherapieAnsprechen",0,1,"","","Verlauf.valueCodeableConcept.coding.code"
"mii-lm-mvgenomseq-onkologie.OnkologieFall.SystemischeVortherapien.TherapieAnsprechenDatum","mii-lm-mvgenomseq-onkologie.OnkologieFall.SystemischeVortherapien.TherapieAnsprechenDatum","","","",0,1,"","","","date {[]} {[]}
","Datum","Datum des Ansprechens der Vortherapie","","","","","","","","","",,,,,"",,,,"mii-lm-mvgenomseq-onkologie.OnkologieFall.SystemischeVortherapien.TherapieAnsprechenDatum",0,1,"","","Verlauf.effectiveDateTime"
"mii-lm-mvgenomseq-onkologie.OnkologieMolekular","mii-lm-mvgenomseq-onkologie.OnkologieMolekular","","","",0,*,"","","","BackboneElement {[]} {[]}
","Molekulare Diagnostik","Molekulare Diagnostik","","","","","","","","","",,,,,"",,,,"mii-lm-mvgenomseq-onkologie.OnkologieMolekular",0,*,"","ele-1:All FHIR elements must have a @value or children {hasValue() or (children().count() > id.count())}
"
"mii-lm-mvgenomseq-onkologie.OnkologieMolekular.id","mii-lm-mvgenomseq-onkologie.OnkologieMolekular.id","","","",0,1,"","","","string {[]} {[]}
","Unique id for inter-element referencing","Unique id for the element within a resource (for internal references). This may be any string value that does not contain spaces.","","","","","","","","","",,,,,"",,,,"Element.id",0,1,"","","n/a"
"mii-lm-mvgenomseq-onkologie.OnkologieMolekular.extension","mii-lm-mvgenomseq-onkologie.OnkologieMolekular.extension","","extensions
user content","",0,*,"","","","Extension {[]} {[]}
","Additional content defined by implementations","May be used to represent additional information that is not part of the basic definition of the element. To make the use of extensions safe and manageable, there is a strict set of governance  applied to the definition and use of extensions. Though any implementer can define an extension, there is a set of requirements that SHALL be met as part of the definition of the extension.","There can be no stigma associated with the use of extensions by any application, project, or standard - regardless of the institution or jurisdiction that uses or defines the extensions.  The use of extensions is what allows the FHIR specification to retain a core level of simplicity for everyone.","","","","","","","","",,,,,"","value:url}
","Extensions are always sliced by (at least) url",,"open","Element.extension",0,*,"","ele-1:All FHIR elements must have a @value or children {hasValue() or (children().count() > id.count())}
ext-1:Must have either extensions or value[x], not both {extension.exists() != value.exists()}","n/a"
"mii-lm-mvgenomseq-onkologie.OnkologieMolekular.modifierExtension","mii-lm-mvgenomseq-onkologie.OnkologieMolekular.modifierExtension","","extensions
user contentmodifiers","",0,*,"","Y","Y","Extension {[]} {[]}
","Extensions that cannot be ignored even if unrecognized","May be used to represent additional information that is not part of the basic definition of the element and that modifies the understanding of the element in which it is contained and/or the understanding of the containing element's descendants. Usually modifier elements provide negation or qualification. To make the use of extensions safe and manageable, there is a strict set of governance applied to the definition and use of extensions. Though any implementer can define an extension, there is a set of requirements that SHALL be met as part of the definition of the extension. Applications processing a resource are required to check for modifier extensions.

Modifier extensions SHALL NOT change the meaning of any elements on Resource or DomainResource (including cannot change the meaning of modifierExtension itself).","There can be no stigma associated with the use of extensions by any application, project, or standard - regardless of the institution or jurisdiction that uses or defines the extensions.  The use of extensions is what allows the FHIR specification to retain a core level of simplicity for everyone.","Modifier extensions allow for extensions that *cannot* be safely ignored to be clearly distinguished from the vast majority of extensions which can be safely ignored.  This promotes interoperability by eliminating the need for implementers to prohibit the presence of extensions. For further information, see the [definition of modifier extensions](http://hl7.org/fhir/R4/extensibility.html#modifierExtension).","","","","","","","",,,,,"",,,,"BackboneElement.modifierExtension",0,*,"","ele-1:All FHIR elements must have a @value or children {hasValue() or (children().count() > id.count())}
ext-1:Must have either extensions or value[x], not both {extension.exists() != value.exists()}","N/A"
"mii-lm-mvgenomseq-onkologie.OnkologieMolekular.EinfacheVariante","mii-lm-mvgenomseq-onkologie.OnkologieMolekular.EinfacheVariante","","","",0,*,"","","","BackboneElement {[]} {[]}
","Einfache Variante inkl. Fusionen im codierenden Bereich","Einfache Variante inkl. Fusionen im codierenden Bereich","","","","","","","","","",,,,,"",,,,"mii-lm-mvgenomseq-onkologie.OnkologieMolekular.EinfacheVariante",0,*,"","ele-1:All FHIR elements must have a @value or children {hasValue() or (children().count() > id.count())}
"
"mii-lm-mvgenomseq-onkologie.OnkologieMolekular.EinfacheVariante.id","mii-lm-mvgenomseq-onkologie.OnkologieMolekular.EinfacheVariante.id","","","",0,1,"","","","string {[]} {[]}
","Unique id for inter-element referencing","Unique id for the element within a resource (for internal references). This may be any string value that does not contain spaces.","","","","","","","","","",,,,,"",,,,"Element.id",0,1,"","","n/a"
"mii-lm-mvgenomseq-onkologie.OnkologieMolekular.EinfacheVariante.extension","mii-lm-mvgenomseq-onkologie.OnkologieMolekular.EinfacheVariante.extension","","extensions
user content","",0,*,"","","","Extension {[]} {[]}
","Additional content defined by implementations","May be used to represent additional information that is not part of the basic definition of the element. To make the use of extensions safe and manageable, there is a strict set of governance  applied to the definition and use of extensions. Though any implementer can define an extension, there is a set of requirements that SHALL be met as part of the definition of the extension.","There can be no stigma associated with the use of extensions by any application, project, or standard - regardless of the institution or jurisdiction that uses or defines the extensions.  The use of extensions is what allows the FHIR specification to retain a core level of simplicity for everyone.","","","","","","","","",,,,,"","value:url}
","Extensions are always sliced by (at least) url",,"open","Element.extension",0,*,"","ele-1:All FHIR elements must have a @value or children {hasValue() or (children().count() > id.count())}
ext-1:Must have either extensions or value[x], not both {extension.exists() != value.exists()}","n/a"
"mii-lm-mvgenomseq-onkologie.OnkologieMolekular.EinfacheVariante.modifierExtension","mii-lm-mvgenomseq-onkologie.OnkologieMolekular.EinfacheVariante.modifierExtension","","extensions
user contentmodifiers","",0,*,"","Y","Y","Extension {[]} {[]}
","Extensions that cannot be ignored even if unrecognized","May be used to represent additional information that is not part of the basic definition of the element and that modifies the understanding of the element in which it is contained and/or the understanding of the containing element's descendants. Usually modifier elements provide negation or qualification. To make the use of extensions safe and manageable, there is a strict set of governance applied to the definition and use of extensions. Though any implementer can define an extension, there is a set of requirements that SHALL be met as part of the definition of the extension. Applications processing a resource are required to check for modifier extensions.

Modifier extensions SHALL NOT change the meaning of any elements on Resource or DomainResource (including cannot change the meaning of modifierExtension itself).","There can be no stigma associated with the use of extensions by any application, project, or standard - regardless of the institution or jurisdiction that uses or defines the extensions.  The use of extensions is what allows the FHIR specification to retain a core level of simplicity for everyone.","Modifier extensions allow for extensions that *cannot* be safely ignored to be clearly distinguished from the vast majority of extensions which can be safely ignored.  This promotes interoperability by eliminating the need for implementers to prohibit the presence of extensions. For further information, see the [definition of modifier extensions](http://hl7.org/fhir/R4/extensibility.html#modifierExtension).","","","","","","","",,,,,"",,,,"BackboneElement.modifierExtension",0,*,"","ele-1:All FHIR elements must have a @value or children {hasValue() or (children().count() > id.count())}
ext-1:Must have either extensions or value[x], not both {extension.exists() != value.exists()}","N/A"
"mii-lm-mvgenomseq-onkologie.OnkologieMolekular.EinfacheVariante.Identifier","mii-lm-mvgenomseq-onkologie.OnkologieMolekular.EinfacheVariante.Identifier","","","",0,1,"","","","string {[]} {[]}
","Identifier","interner Identifikator der Variante","","","","","","","","","",,,,,"",,,,"mii-lm-mvgenomseq-onkologie.OnkologieMolekular.EinfacheVariante.Identifier",0,1,"",""
"mii-lm-mvgenomseq-onkologie.OnkologieMolekular.EinfacheVariante.Gen","mii-lm-mvgenomseq-onkologie.OnkologieMolekular.EinfacheVariante.Gen","","","",1,1,"","","","code {[]} {[]}
","Gen","Gen kodiert nach HGNC","","","","","","","","","",,,,,"",,,,"mii-lm-mvgenomseq-onkologie.OnkologieMolekular.EinfacheVariante.Gen",1,1,"",""
"mii-lm-mvgenomseq-onkologie.OnkologieMolekular.EinfacheVariante.Transkript","mii-lm-mvgenomseq-onkologie.OnkologieMolekular.EinfacheVariante.Transkript","","","",0,1,"","","","code {[]} {[]}
","Transkript","Transkript kodiert nach Ensembl/RefSeq","","","","","","","","","",,,,,"",,,,"mii-lm-mvgenomseq-onkologie.OnkologieMolekular.EinfacheVariante.Transkript",0,1,"",""
"mii-lm-mvgenomseq-onkologie.OnkologieMolekular.EinfacheVariante.DNAChange","mii-lm-mvgenomseq-onkologie.OnkologieMolekular.EinfacheVariante.DNAChange","","","",0,1,"","","","code {[]} {[]}
","DNA-Veränderung","DNA-Verändung nach cHGVS","","","","","","","","","",,,,,"",,,,"mii-lm-mvgenomseq-onkologie.OnkologieMolekular.EinfacheVariante.DNAChange",0,1,"",""
"mii-lm-mvgenomseq-onkologie.OnkologieMolekular.EinfacheVariante.ProteinChange","mii-lm-mvgenomseq-onkologie.OnkologieMolekular.EinfacheVariante.ProteinChange","","","",0,1,"","","","code {[]} {[]}
","Protein-Veränderung","Protein-Veränderung nach pHGVS","","","","","","","","","",,,,,"",,,,"mii-lm-mvgenomseq-onkologie.OnkologieMolekular.EinfacheVariante.ProteinChange",0,1,"",""
"mii-lm-mvgenomseq-onkologie.OnkologieMolekular.EinfacheVariante.TypAlteration","mii-lm-mvgenomseq-onkologie.OnkologieMolekular.EinfacheVariante.TypAlteration","","","",0,1,"","","","code {[]} {[]}
","Typ der Alteration","Typ der Alteration / Variantenklasse nach Sequence ontology (SO)","","","","","","","","","",,,,,"",,,,"mii-lm-mvgenomseq-onkologie.OnkologieMolekular.EinfacheVariante.TypAlteration",0,1,"",""
"mii-lm-mvgenomseq-onkologie.OnkologieMolekular.EinfacheVariante.Lokalization","mii-lm-mvgenomseq-onkologie.OnkologieMolekular.EinfacheVariante.Lokalization","","","",0,1,"","","","code {[]} {[]}
","Lokalisation der Variante","Lokalisation im kodierenden, regulatorischen oder intergenischen Bereich","","","","","","","","","",,,,,"",,,,"mii-lm-mvgenomseq-onkologie.OnkologieMolekular.EinfacheVariante.Lokalization",0,1,"",""
"mii-lm-mvgenomseq-onkologie.OnkologieMolekular.EinfacheVariante.LossOfHeterozygosity","mii-lm-mvgenomseq-onkologie.OnkologieMolekular.EinfacheVariante.LossOfHeterozygosity","","","",0,1,"","","","code {[]} {[]}
","Loss of Heterozygosity (LOH)","Loss of Heterozygosity (LOH) im Bereich der Variante Ja / Nein","","","","","","","","","",,,,,"",,,,"mii-lm-mvgenomseq-onkologie.OnkologieMolekular.EinfacheVariante.LossOfHeterozygosity",0,1,"",""
"mii-lm-mvgenomseq-onkologie.OnkologieMolekular.CopyNumberVariante","mii-lm-mvgenomseq-onkologie.OnkologieMolekular.CopyNumberVariante","","","",0,*,"","","","BackboneElement {[]} {[]}
","Variante mit Kopienzahlveränderung (Copy Number Variation, CNV)","Variante mit Kopienzahlveränderung (Copy Number Variation, CNV)","","","","","","","","","",,,,,"",,,,"mii-lm-mvgenomseq-onkologie.OnkologieMolekular.CopyNumberVariante",0,*,"","ele-1:All FHIR elements must have a @value or children {hasValue() or (children().count() > id.count())}
"
"mii-lm-mvgenomseq-onkologie.OnkologieMolekular.CopyNumberVariante.id","mii-lm-mvgenomseq-onkologie.OnkologieMolekular.CopyNumberVariante.id","","","",0,1,"","","","string {[]} {[]}
","Unique id for inter-element referencing","Unique id for the element within a resource (for internal references). This may be any string value that does not contain spaces.","","","","","","","","","",,,,,"",,,,"Element.id",0,1,"","","n/a"
"mii-lm-mvgenomseq-onkologie.OnkologieMolekular.CopyNumberVariante.extension","mii-lm-mvgenomseq-onkologie.OnkologieMolekular.CopyNumberVariante.extension","","extensions
user content","",0,*,"","","","Extension {[]} {[]}
","Additional content defined by implementations","May be used to represent additional information that is not part of the basic definition of the element. To make the use of extensions safe and manageable, there is a strict set of governance  applied to the definition and use of extensions. Though any implementer can define an extension, there is a set of requirements that SHALL be met as part of the definition of the extension.","There can be no stigma associated with the use of extensions by any application, project, or standard - regardless of the institution or jurisdiction that uses or defines the extensions.  The use of extensions is what allows the FHIR specification to retain a core level of simplicity for everyone.","","","","","","","","",,,,,"","value:url}
","Extensions are always sliced by (at least) url",,"open","Element.extension",0,*,"","ele-1:All FHIR elements must have a @value or children {hasValue() or (children().count() > id.count())}
ext-1:Must have either extensions or value[x], not both {extension.exists() != value.exists()}","n/a"
"mii-lm-mvgenomseq-onkologie.OnkologieMolekular.CopyNumberVariante.modifierExtension","mii-lm-mvgenomseq-onkologie.OnkologieMolekular.CopyNumberVariante.modifierExtension","","extensions
user contentmodifiers","",0,*,"","Y","Y","Extension {[]} {[]}
","Extensions that cannot be ignored even if unrecognized","May be used to represent additional information that is not part of the basic definition of the element and that modifies the understanding of the element in which it is contained and/or the understanding of the containing element's descendants. Usually modifier elements provide negation or qualification. To make the use of extensions safe and manageable, there is a strict set of governance applied to the definition and use of extensions. Though any implementer can define an extension, there is a set of requirements that SHALL be met as part of the definition of the extension. Applications processing a resource are required to check for modifier extensions.

Modifier extensions SHALL NOT change the meaning of any elements on Resource or DomainResource (including cannot change the meaning of modifierExtension itself).","There can be no stigma associated with the use of extensions by any application, project, or standard - regardless of the institution or jurisdiction that uses or defines the extensions.  The use of extensions is what allows the FHIR specification to retain a core level of simplicity for everyone.","Modifier extensions allow for extensions that *cannot* be safely ignored to be clearly distinguished from the vast majority of extensions which can be safely ignored.  This promotes interoperability by eliminating the need for implementers to prohibit the presence of extensions. For further information, see the [definition of modifier extensions](http://hl7.org/fhir/R4/extensibility.html#modifierExtension).","","","","","","","",,,,,"",,,,"BackboneElement.modifierExtension",0,*,"","ele-1:All FHIR elements must have a @value or children {hasValue() or (children().count() > id.count())}
ext-1:Must have either extensions or value[x], not both {extension.exists() != value.exists()}","N/A"
"mii-lm-mvgenomseq-onkologie.OnkologieMolekular.CopyNumberVariante.Identifier","mii-lm-mvgenomseq-onkologie.OnkologieMolekular.CopyNumberVariante.Identifier","","","",0,1,"","","","string {[]} {[]}
","Identifier","interner Identifikator der Variante","","","","","","","","","",,,,,"",,,,"mii-lm-mvgenomseq-onkologie.OnkologieMolekular.CopyNumberVariante.Identifier",0,1,"",""
"mii-lm-mvgenomseq-onkologie.OnkologieMolekular.CopyNumberVariante.CNVTyp","mii-lm-mvgenomseq-onkologie.OnkologieMolekular.CopyNumberVariante.CNVTyp","","","",0,*,"","","","BackboneElement {[]} {[]}
","CNV-Typ","Komplettverlust, partieller Verlust, Amplifikation","","","","","","","","","",,,,,"",,,,"mii-lm-mvgenomseq-onkologie.OnkologieMolekular.CopyNumberVariante.CNVTyp",0,*,"",""
"mii-lm-mvgenomseq-onkologie.OnkologieMolekular.CopyNumberVariante.Quellprobe","mii-lm-mvgenomseq-onkologie.OnkologieMolekular.CopyNumberVariante.Quellprobe","","","",0,1,"","","","code {[]} {[]}
","Art der Quellprobe","Art der Quellprobe (somatisch oder Keimbahn)","","","","","","","","","",,,,,"",,,,"mii-lm-mvgenomseq-onkologie.OnkologieMolekular.CopyNumberVariante.Quellprobe",0,1,"",""
"mii-lm-mvgenomseq-onkologie.OnkologieMolekular.CopyNumberVariante.Gen","mii-lm-mvgenomseq-onkologie.OnkologieMolekular.CopyNumberVariante.Gen","","","",0,1,"","","","code {[]} {[]}
","Gen","Gen kodiert nach HGNC - falls nur ein Gen betreffend","","","","","","","","","",,,,,"",,,,"mii-lm-mvgenomseq-onkologie.OnkologieMolekular.CopyNumberVariante.Gen",0,1,"",""
"mii-lm-mvgenomseq-onkologie.OnkologieMolekular.CopyNumberVariante.Chromosom","mii-lm-mvgenomseq-onkologie.OnkologieMolekular.CopyNumberVariante.Chromosom","","","",0,1,"","","","code {[]} {[]}
","Chromosom","Chromosom","","","","","","","","","",,,,,"",,,,"mii-lm-mvgenomseq-onkologie.OnkologieMolekular.CopyNumberVariante.Chromosom",0,1,"",""
"mii-lm-mvgenomseq-onkologie.OnkologieMolekular.CopyNumberVariante.CNVStartPosition","mii-lm-mvgenomseq-onkologie.OnkologieMolekular.CopyNumberVariante.CNVStartPosition","","","",0,1,"","","","integer {[]} {[]}
","CNV-Start","Startposition des CNV basierend auf Hg38","","","","","","","","","",,,,,"",,,,"mii-lm-mvgenomseq-onkologie.OnkologieMolekular.CopyNumberVariante.CNVStartPosition",0,1,"",""
"mii-lm-mvgenomseq-onkologie.OnkologieMolekular.CopyNumberVariante.CNVEndPosition","mii-lm-mvgenomseq-onkologie.OnkologieMolekular.CopyNumberVariante.CNVEndPosition","","","",0,1,"","","","integer {[]} {[]}
","CNV-Ende","Endposition des CNV basierend auf Hg38","","","","","","","","","",,,,,"",,,,"mii-lm-mvgenomseq-onkologie.OnkologieMolekular.CopyNumberVariante.CNVEndPosition",0,1,"",""
"mii-lm-mvgenomseq-onkologie.OnkologieMolekular.CopyNumberVariante.CopyNumber","mii-lm-mvgenomseq-onkologie.OnkologieMolekular.CopyNumberVariante.CopyNumber","","","",0,1,"","","","integer {[]} {[]}
","Copy Number","Copy Number","","","","","","","","","",,,,,"",,,,"mii-lm-mvgenomseq-onkologie.OnkologieMolekular.CopyNumberVariante.CopyNumber",0,1,"",""
"mii-lm-mvgenomseq-onkologie.OnkologieMolekular.CopyNumberVariante.Lokalization","mii-lm-mvgenomseq-onkologie.OnkologieMolekular.CopyNumberVariante.Lokalization","","","",0,1,"","","","code {[]} {[]}
","Lokalisation der Variante","Lokalisation im kodierenden, regulatorischen oder intergenischen Bereich","","","","","","","","","",,,,,"",,,,"mii-lm-mvgenomseq-onkologie.OnkologieMolekular.CopyNumberVariante.Lokalization",0,1,"",""
"mii-lm-mvgenomseq-onkologie.OnkologieMolekular.StrukturelleVariante","mii-lm-mvgenomseq-onkologie.OnkologieMolekular.StrukturelleVariante","","","",0,*,"","","","BackboneElement {[]} {[]}
","Strukturelle Variante","Strukturelle Variante","","","","","","","","","",,,,,"",,,,"mii-lm-mvgenomseq-onkologie.OnkologieMolekular.StrukturelleVariante",0,*,"","ele-1:All FHIR elements must have a @value or children {hasValue() or (children().count() > id.count())}
"
"mii-lm-mvgenomseq-onkologie.OnkologieMolekular.StrukturelleVariante.id","mii-lm-mvgenomseq-onkologie.OnkologieMolekular.StrukturelleVariante.id","","","",0,1,"","","","string {[]} {[]}
","Unique id for inter-element referencing","Unique id for the element within a resource (for internal references). This may be any string value that does not contain spaces.","","","","","","","","","",,,,,"",,,,"Element.id",0,1,"","","n/a"
"mii-lm-mvgenomseq-onkologie.OnkologieMolekular.StrukturelleVariante.extension","mii-lm-mvgenomseq-onkologie.OnkologieMolekular.StrukturelleVariante.extension","","extensions
user content","",0,*,"","","","Extension {[]} {[]}
","Additional content defined by implementations","May be used to represent additional information that is not part of the basic definition of the element. To make the use of extensions safe and manageable, there is a strict set of governance  applied to the definition and use of extensions. Though any implementer can define an extension, there is a set of requirements that SHALL be met as part of the definition of the extension.","There can be no stigma associated with the use of extensions by any application, project, or standard - regardless of the institution or jurisdiction that uses or defines the extensions.  The use of extensions is what allows the FHIR specification to retain a core level of simplicity for everyone.","","","","","","","","",,,,,"","value:url}
","Extensions are always sliced by (at least) url",,"open","Element.extension",0,*,"","ele-1:All FHIR elements must have a @value or children {hasValue() or (children().count() > id.count())}
ext-1:Must have either extensions or value[x], not both {extension.exists() != value.exists()}","n/a"
"mii-lm-mvgenomseq-onkologie.OnkologieMolekular.StrukturelleVariante.modifierExtension","mii-lm-mvgenomseq-onkologie.OnkologieMolekular.StrukturelleVariante.modifierExtension","","extensions
user contentmodifiers","",0,*,"","Y","Y","Extension {[]} {[]}
","Extensions that cannot be ignored even if unrecognized","May be used to represent additional information that is not part of the basic definition of the element and that modifies the understanding of the element in which it is contained and/or the understanding of the containing element's descendants. Usually modifier elements provide negation or qualification. To make the use of extensions safe and manageable, there is a strict set of governance applied to the definition and use of extensions. Though any implementer can define an extension, there is a set of requirements that SHALL be met as part of the definition of the extension. Applications processing a resource are required to check for modifier extensions.

Modifier extensions SHALL NOT change the meaning of any elements on Resource or DomainResource (including cannot change the meaning of modifierExtension itself).","There can be no stigma associated with the use of extensions by any application, project, or standard - regardless of the institution or jurisdiction that uses or defines the extensions.  The use of extensions is what allows the FHIR specification to retain a core level of simplicity for everyone.","Modifier extensions allow for extensions that *cannot* be safely ignored to be clearly distinguished from the vast majority of extensions which can be safely ignored.  This promotes interoperability by eliminating the need for implementers to prohibit the presence of extensions. For further information, see the [definition of modifier extensions](http://hl7.org/fhir/R4/extensibility.html#modifierExtension).","","","","","","","",,,,,"",,,,"BackboneElement.modifierExtension",0,*,"","ele-1:All FHIR elements must have a @value or children {hasValue() or (children().count() > id.count())}
ext-1:Must have either extensions or value[x], not both {extension.exists() != value.exists()}","N/A"
"mii-lm-mvgenomseq-onkologie.OnkologieMolekular.StrukturelleVariante.Identifier","mii-lm-mvgenomseq-onkologie.OnkologieMolekular.StrukturelleVariante.Identifier","","","",0,1,"","","","string {[]} {[]}
","Identifier","interner Identifikator der Variante","","","","","","","","","",,,,,"",,,,"mii-lm-mvgenomseq-onkologie.OnkologieMolekular.StrukturelleVariante.Identifier",0,1,"",""
"mii-lm-mvgenomseq-onkologie.OnkologieMolekular.StrukturelleVariante.Quellprobe","mii-lm-mvgenomseq-onkologie.OnkologieMolekular.StrukturelleVariante.Quellprobe","","","",0,1,"","","","code {[]} {[]}
","Art der Quellprobe","Art der Quellprobe (somatisch oder Keimbahn)","","","","","","","","","",,,,,"",,,,"mii-lm-mvgenomseq-onkologie.OnkologieMolekular.StrukturelleVariante.Quellprobe",0,1,"",""
"mii-lm-mvgenomseq-onkologie.OnkologieMolekular.StrukturelleVariante.Gen","mii-lm-mvgenomseq-onkologie.OnkologieMolekular.StrukturelleVariante.Gen","","","",0,1,"","","","code {[]} {[]}
","Gen","N-terminales Gen","","","","","","","","","",,,,,"",,,,"mii-lm-mvgenomseq-onkologie.OnkologieMolekular.StrukturelleVariante.Gen",0,1,"",""
"mii-lm-mvgenomseq-onkologie.OnkologieMolekular.StrukturelleVariante.GenC","mii-lm-mvgenomseq-onkologie.OnkologieMolekular.StrukturelleVariante.GenC","","","",0,1,"","","","code {[]} {[]}
","Gen","C-terminales Gen, falls in-frame und kodierend","","","","","","","","","",,,,,"",,,,"mii-lm-mvgenomseq-onkologie.OnkologieMolekular.StrukturelleVariante.GenC",0,1,"",""
"mii-lm-mvgenomseq-onkologie.OnkologieMolekular.StrukturelleVariante.StrukturTyp","mii-lm-mvgenomseq-onkologie.OnkologieMolekular.StrukturelleVariante.StrukturTyp","","","",0,1,"","","","code {[]} {[]}
","Variantentyp","Variantentyp (Inversion, Translokation, Deletion, Insertion, Duplikation)","","","","","","","","","",,,,,"",,,,"mii-lm-mvgenomseq-onkologie.OnkologieMolekular.StrukturelleVariante.StrukturTyp",0,1,"",""
"mii-lm-mvgenomseq-onkologie.OnkologieMolekular.StrukturelleVariante.Beschreibung","mii-lm-mvgenomseq-onkologie.OnkologieMolekular.StrukturelleVariante.Beschreibung","","","",0,1,"","","","code {[]} {[]}
","Beschreibung der Variante","Beschreibung der Variante nach HGVS oder ISCN","","","","","","","","","",,,,,"",,,,"mii-lm-mvgenomseq-onkologie.OnkologieMolekular.StrukturelleVariante.Beschreibung",0,1,"",""
"mii-lm-mvgenomseq-onkologie.OnkologieMolekular.StrukturelleVariante.Nachweismethode","mii-lm-mvgenomseq-onkologie.OnkologieMolekular.StrukturelleVariante.Nachweismethode","","","",0,1,"","","","code {[]} {[]}
","Nachweismethode","Nachweismethode (DNA / RNA)","","","","","","","","","",,,,,"",,,,"mii-lm-mvgenomseq-onkologie.OnkologieMolekular.StrukturelleVariante.Nachweismethode",0,1,"",""
"mii-lm-mvgenomseq-onkologie.OnkologieMolekular.StrukturelleVariante.Lokalization","mii-lm-mvgenomseq-onkologie.OnkologieMolekular.StrukturelleVariante.Lokalization","","","",0,1,"","","","code {[]} {[]}
","Lokalisation der Variante","Lokalisation im kodierenden, regulatorischen oder intergenischen Bereich","","","","","","","","","",,,,,"",,,,"mii-lm-mvgenomseq-onkologie.OnkologieMolekular.StrukturelleVariante.Lokalization",0,1,"",""
"mii-lm-mvgenomseq-onkologie.OnkologieMolekular.ExpressionsVariante","mii-lm-mvgenomseq-onkologie.OnkologieMolekular.ExpressionsVariante","","","",0,*,"","","","BackboneElement {[]} {[]}
","Expressionsvariante","Expressionsvariante","","","","","","","","","",,,,,"",,,,"mii-lm-mvgenomseq-onkologie.OnkologieMolekular.ExpressionsVariante",0,*,"","ele-1:All FHIR elements must have a @value or children {hasValue() or (children().count() > id.count())}
"
"mii-lm-mvgenomseq-onkologie.OnkologieMolekular.ExpressionsVariante.id","mii-lm-mvgenomseq-onkologie.OnkologieMolekular.ExpressionsVariante.id","","","",0,1,"","","","string {[]} {[]}
","Unique id for inter-element referencing","Unique id for the element within a resource (for internal references). This may be any string value that does not contain spaces.","","","","","","","","","",,,,,"",,,,"Element.id",0,1,"","","n/a"
"mii-lm-mvgenomseq-onkologie.OnkologieMolekular.ExpressionsVariante.extension","mii-lm-mvgenomseq-onkologie.OnkologieMolekular.ExpressionsVariante.extension","","extensions
user content","",0,*,"","","","Extension {[]} {[]}
","Additional content defined by implementations","May be used to represent additional information that is not part of the basic definition of the element. To make the use of extensions safe and manageable, there is a strict set of governance  applied to the definition and use of extensions. Though any implementer can define an extension, there is a set of requirements that SHALL be met as part of the definition of the extension.","There can be no stigma associated with the use of extensions by any application, project, or standard - regardless of the institution or jurisdiction that uses or defines the extensions.  The use of extensions is what allows the FHIR specification to retain a core level of simplicity for everyone.","","","","","","","","",,,,,"","value:url}
","Extensions are always sliced by (at least) url",,"open","Element.extension",0,*,"","ele-1:All FHIR elements must have a @value or children {hasValue() or (children().count() > id.count())}
ext-1:Must have either extensions or value[x], not both {extension.exists() != value.exists()}","n/a"
"mii-lm-mvgenomseq-onkologie.OnkologieMolekular.ExpressionsVariante.modifierExtension","mii-lm-mvgenomseq-onkologie.OnkologieMolekular.ExpressionsVariante.modifierExtension","","extensions
user contentmodifiers","",0,*,"","Y","Y","Extension {[]} {[]}
","Extensions that cannot be ignored even if unrecognized","May be used to represent additional information that is not part of the basic definition of the element and that modifies the understanding of the element in which it is contained and/or the understanding of the containing element's descendants. Usually modifier elements provide negation or qualification. To make the use of extensions safe and manageable, there is a strict set of governance applied to the definition and use of extensions. Though any implementer can define an extension, there is a set of requirements that SHALL be met as part of the definition of the extension. Applications processing a resource are required to check for modifier extensions.

Modifier extensions SHALL NOT change the meaning of any elements on Resource or DomainResource (including cannot change the meaning of modifierExtension itself).","There can be no stigma associated with the use of extensions by any application, project, or standard - regardless of the institution or jurisdiction that uses or defines the extensions.  The use of extensions is what allows the FHIR specification to retain a core level of simplicity for everyone.","Modifier extensions allow for extensions that *cannot* be safely ignored to be clearly distinguished from the vast majority of extensions which can be safely ignored.  This promotes interoperability by eliminating the need for implementers to prohibit the presence of extensions. For further information, see the [definition of modifier extensions](http://hl7.org/fhir/R4/extensibility.html#modifierExtension).","","","","","","","",,,,,"",,,,"BackboneElement.modifierExtension",0,*,"","ele-1:All FHIR elements must have a @value or children {hasValue() or (children().count() > id.count())}
ext-1:Must have either extensions or value[x], not both {extension.exists() != value.exists()}","N/A"
"mii-lm-mvgenomseq-onkologie.OnkologieMolekular.ExpressionsVariante.Identifier","mii-lm-mvgenomseq-onkologie.OnkologieMolekular.ExpressionsVariante.Identifier","","","",0,1,"","","","string {[]} {[]}
","Identifier","interner Identifikator der Variante","","","","","","","","","",,,,,"",,,,"mii-lm-mvgenomseq-onkologie.OnkologieMolekular.ExpressionsVariante.Identifier",0,1,"",""
"mii-lm-mvgenomseq-onkologie.OnkologieMolekular.ExpressionsVariante.Gen","mii-lm-mvgenomseq-onkologie.OnkologieMolekular.ExpressionsVariante.Gen","","","",1,1,"","","","code {[]} {[]}
","Gen","Gen kodiert nach HGNC","","","","","","","","","",,,,,"",,,,"mii-lm-mvgenomseq-onkologie.OnkologieMolekular.ExpressionsVariante.Gen",1,1,"",""
"mii-lm-mvgenomseq-onkologie.OnkologieMolekular.ExpressionsVariante.Expression","mii-lm-mvgenomseq-onkologie.OnkologieMolekular.ExpressionsVariante.Expression","","","",0,1,"","","","code {[]} {[]}
","Expression","Expression des Gens (über- oder unterexprimiert)","","","","","","","","","",,,,,"",,,,"mii-lm-mvgenomseq-onkologie.OnkologieMolekular.ExpressionsVariante.Expression",0,1,"",""
"mii-lm-mvgenomseq-onkologie.OnkologieMolekular.ExpressionsVariante.Bewertungsgrundlage","mii-lm-mvgenomseq-onkologie.OnkologieMolekular.ExpressionsVariante.Bewertungsgrundlage","","","",0,1,"","","","string {[]} {[]}
","Bewertungsgrundlage","Bewertungsgrundlage der Expression (z.B. Vergleichskohorte von 400 Patienten)","","","","","","","","","",,,,,"",,,,"mii-lm-mvgenomseq-onkologie.OnkologieMolekular.ExpressionsVariante.Bewertungsgrundlage",0,1,"",""
"mii-lm-mvgenomseq-onkologie.OnkologieMolekular.ExpressionsVariante.TMB","mii-lm-mvgenomseq-onkologie.OnkologieMolekular.ExpressionsVariante.TMB","","","",0,1,"","","","decimal {[]} {[]}
","Tumor Mutational Burden (TMB)","Tumor Mutational Burden (TMB) in Mut/Mb","","","","","","","","","",,,,,"",,,,"mii-lm-mvgenomseq-onkologie.OnkologieMolekular.ExpressionsVariante.TMB",0,1,"",""
"mii-lm-mvgenomseq-onkologie.OnkologieMolekular.ExpressionsVariante.HRD","mii-lm-mvgenomseq-onkologie.OnkologieMolekular.ExpressionsVariante.HRD","","","",0,1,"","","","code {[]} {[]}
","Homologous Recombination Deficiency (HRD)","Homologous Recombination Deficiency (HRD) erhöht ja/nein","","","","","","","","","",,,,,"",,,,"mii-lm-mvgenomseq-onkologie.OnkologieMolekular.ExpressionsVariante.HRD",0,1,"",""
"mii-lm-mvgenomseq-onkologie.OnkologieMolekular.ExpressionsVariante.LST","mii-lm-mvgenomseq-onkologie.OnkologieMolekular.ExpressionsVariante.LST","","","",0,1,"","","","code {[]} {[]}
","Large Scale Transition (LST)","Large Scale Transition (LST) erhöht ja/nein","","","","","","","","","",,,,,"",,,,"mii-lm-mvgenomseq-onkologie.OnkologieMolekular.ExpressionsVariante.LST",0,1,"",""
"mii-lm-mvgenomseq-onkologie.OnkologieMolekular.ExpressionsVariante.TAI","mii-lm-mvgenomseq-onkologie.OnkologieMolekular.ExpressionsVariante.TAI","","","",0,1,"","","","code {[]} {[]}
","Telomeric Allelic Imbalance (TAI)","Telomeric Allelic Imbalance (TAI) erhöht ja/nein","","","","","","","","","",,,,,"",,,,"mii-lm-mvgenomseq-onkologie.OnkologieMolekular.ExpressionsVariante.TAI",0,1,"",""
"mii-lm-mvgenomseq-onkologie.OnkologieMolekular.ExpressionsVariante.SBS","mii-lm-mvgenomseq-onkologie.OnkologieMolekular.ExpressionsVariante.SBS","","","",0,1,"","","","code {[]} {[]}
","Single Base Substitution (SBS)","Single Base Substitution (SBS) erhöht ja/nein","","","","","","","","","",,,,,"",,,,"mii-lm-mvgenomseq-onkologie.OnkologieMolekular.ExpressionsVariante.SBS",0,1,"",""
"mii-lm-mvgenomseq-onkologie.OnkologieMolekular.ExpressionsVariante.SBSSignature","mii-lm-mvgenomseq-onkologie.OnkologieMolekular.ExpressionsVariante.SBSSignature","","","",0,1,"","","","code {[]} {[]}
","Single Base Substitution Signature","Single Base Substitution Signature","","","","","","","","","",,,,,"",,,,"mii-lm-mvgenomseq-onkologie.OnkologieMolekular.ExpressionsVariante.SBSSignature",0,1,"",""
"mii-lm-mvgenomseq-onkologie.OnkologieMolekular.ExpressionsVariante.Lokalization","mii-lm-mvgenomseq-onkologie.OnkologieMolekular.ExpressionsVariante.Lokalization","","","",0,1,"","","","code {[]} {[]}
","Lokalisation der Variante","Lokalisation im kodierenden, regulatorischen oder intergenischen Bereich","","","","","","","","","",,,,,"",,,,"mii-lm-mvgenomseq-onkologie.OnkologieMolekular.ExpressionsVariante.Lokalization",0,1,"",""
"mii-lm-mvgenomseq-onkologie.OnkologiePlan","mii-lm-mvgenomseq-onkologie.OnkologiePlan","","","",0,*,"","","","BackboneElement {[]} {[]}
","Therapieplan","Therapieplan","","","","","","","","","",,,,,"",,,,"mii-lm-mvgenomseq-onkologie.OnkologiePlan",0,*,"","ele-1:All FHIR elements must have a @value or children {hasValue() or (children().count() > id.count())}
"
"mii-lm-mvgenomseq-onkologie.OnkologiePlan.id","mii-lm-mvgenomseq-onkologie.OnkologiePlan.id","","","",0,1,"","","","string {[]} {[]}
","Unique id for inter-element referencing","Unique id for the element within a resource (for internal references). This may be any string value that does not contain spaces.","","","","","","","","","",,,,,"",,,,"Element.id",0,1,"","","n/a"
"mii-lm-mvgenomseq-onkologie.OnkologiePlan.extension","mii-lm-mvgenomseq-onkologie.OnkologiePlan.extension","","extensions
user content","",0,*,"","","","Extension {[]} {[]}
","Additional content defined by implementations","May be used to represent additional information that is not part of the basic definition of the element. To make the use of extensions safe and manageable, there is a strict set of governance  applied to the definition and use of extensions. Though any implementer can define an extension, there is a set of requirements that SHALL be met as part of the definition of the extension.","There can be no stigma associated with the use of extensions by any application, project, or standard - regardless of the institution or jurisdiction that uses or defines the extensions.  The use of extensions is what allows the FHIR specification to retain a core level of simplicity for everyone.","","","","","","","","",,,,,"","value:url}
","Extensions are always sliced by (at least) url",,"open","Element.extension",0,*,"","ele-1:All FHIR elements must have a @value or children {hasValue() or (children().count() > id.count())}
ext-1:Must have either extensions or value[x], not both {extension.exists() != value.exists()}","n/a"
"mii-lm-mvgenomseq-onkologie.OnkologiePlan.modifierExtension","mii-lm-mvgenomseq-onkologie.OnkologiePlan.modifierExtension","","extensions
user contentmodifiers","",0,*,"","Y","Y","Extension {[]} {[]}
","Extensions that cannot be ignored even if unrecognized","May be used to represent additional information that is not part of the basic definition of the element and that modifies the understanding of the element in which it is contained and/or the understanding of the containing element's descendants. Usually modifier elements provide negation or qualification. To make the use of extensions safe and manageable, there is a strict set of governance applied to the definition and use of extensions. Though any implementer can define an extension, there is a set of requirements that SHALL be met as part of the definition of the extension. Applications processing a resource are required to check for modifier extensions.

Modifier extensions SHALL NOT change the meaning of any elements on Resource or DomainResource (including cannot change the meaning of modifierExtension itself).","There can be no stigma associated with the use of extensions by any application, project, or standard - regardless of the institution or jurisdiction that uses or defines the extensions.  The use of extensions is what allows the FHIR specification to retain a core level of simplicity for everyone.","Modifier extensions allow for extensions that *cannot* be safely ignored to be clearly distinguished from the vast majority of extensions which can be safely ignored.  This promotes interoperability by eliminating the need for implementers to prohibit the presence of extensions. For further information, see the [definition of modifier extensions](http://hl7.org/fhir/R4/extensibility.html#modifierExtension).","","","","","","","",,,,,"",,,,"BackboneElement.modifierExtension",0,*,"","ele-1:All FHIR elements must have a @value or children {hasValue() or (children().count() > id.count())}
ext-1:Must have either extensions or value[x], not both {extension.exists() != value.exists()}","N/A"
"mii-lm-mvgenomseq-onkologie.OnkologiePlan.MolekularesTumorboard","mii-lm-mvgenomseq-onkologie.OnkologiePlan.MolekularesTumorboard","","","",0,*,"","","","BackboneElement {[]} {[]}
","Molekulares Tumorboard","Molekulares Tumorboard","","","","","","","","","",,,,,"",,,,"mii-lm-mvgenomseq-onkologie.OnkologiePlan.MolekularesTumorboard",0,*,"","ele-1:All FHIR elements must have a @value or children {hasValue() or (children().count() > id.count())}
"
"mii-lm-mvgenomseq-onkologie.OnkologiePlan.MolekularesTumorboard.id","mii-lm-mvgenomseq-onkologie.OnkologiePlan.MolekularesTumorboard.id","","","",0,1,"","","","string {[]} {[]}
","Unique id for inter-element referencing","Unique id for the element within a resource (for internal references). This may be any string value that does not contain spaces.","","","","","","","","","",,,,,"",,,,"Element.id",0,1,"","","n/a"
"mii-lm-mvgenomseq-onkologie.OnkologiePlan.MolekularesTumorboard.extension","mii-lm-mvgenomseq-onkologie.OnkologiePlan.MolekularesTumorboard.extension","","extensions
user content","",0,*,"","","","Extension {[]} {[]}
","Additional content defined by implementations","May be used to represent additional information that is not part of the basic definition of the element. To make the use of extensions safe and manageable, there is a strict set of governance  applied to the definition and use of extensions. Though any implementer can define an extension, there is a set of requirements that SHALL be met as part of the definition of the extension.","There can be no stigma associated with the use of extensions by any application, project, or standard - regardless of the institution or jurisdiction that uses or defines the extensions.  The use of extensions is what allows the FHIR specification to retain a core level of simplicity for everyone.","","","","","","","","",,,,,"","value:url}
","Extensions are always sliced by (at least) url",,"open","Element.extension",0,*,"","ele-1:All FHIR elements must have a @value or children {hasValue() or (children().count() > id.count())}
ext-1:Must have either extensions or value[x], not both {extension.exists() != value.exists()}","n/a"
"mii-lm-mvgenomseq-onkologie.OnkologiePlan.MolekularesTumorboard.modifierExtension","mii-lm-mvgenomseq-onkologie.OnkologiePlan.MolekularesTumorboard.modifierExtension","","extensions
user contentmodifiers","",0,*,"","Y","Y","Extension {[]} {[]}
","Extensions that cannot be ignored even if unrecognized","May be used to represent additional information that is not part of the basic definition of the element and that modifies the understanding of the element in which it is contained and/or the understanding of the containing element's descendants. Usually modifier elements provide negation or qualification. To make the use of extensions safe and manageable, there is a strict set of governance applied to the definition and use of extensions. Though any implementer can define an extension, there is a set of requirements that SHALL be met as part of the definition of the extension. Applications processing a resource are required to check for modifier extensions.

Modifier extensions SHALL NOT change the meaning of any elements on Resource or DomainResource (including cannot change the meaning of modifierExtension itself).","There can be no stigma associated with the use of extensions by any application, project, or standard - regardless of the institution or jurisdiction that uses or defines the extensions.  The use of extensions is what allows the FHIR specification to retain a core level of simplicity for everyone.","Modifier extensions allow for extensions that *cannot* be safely ignored to be clearly distinguished from the vast majority of extensions which can be safely ignored.  This promotes interoperability by eliminating the need for implementers to prohibit the presence of extensions. For further information, see the [definition of modifier extensions](http://hl7.org/fhir/R4/extensibility.html#modifierExtension).","","","","","","","",,,,,"",,,,"BackboneElement.modifierExtension",0,*,"","ele-1:All FHIR elements must have a @value or children {hasValue() or (children().count() > id.count())}
ext-1:Must have either extensions or value[x], not both {extension.exists() != value.exists()}","N/A"
"mii-lm-mvgenomseq-onkologie.OnkologiePlan.MolekularesTumorboard.Datum","mii-lm-mvgenomseq-onkologie.OnkologiePlan.MolekularesTumorboard.Datum","","","",1,1,"","","","date {[]} {[]}
","Datum","Datum des Tumorboards","","","","","","","","","",,,,,"",,,,"mii-lm-mvgenomseq-onkologie.OnkologiePlan.MolekularesTumorboard.Datum",1,1,"",""
"mii-lm-mvgenomseq-onkologie.OnkologiePlan.MolekularesTumorboard.EmpfehlungStudie","mii-lm-mvgenomseq-onkologie.OnkologiePlan.MolekularesTumorboard.EmpfehlungStudie","","","",0,1,"","","","code {[]} {[]}
","Empfehlung Studie","Empfehlung zur Studienteilnahme ja/nein","","","","","","","","","",,,,,"",,,,"mii-lm-mvgenomseq-onkologie.OnkologiePlan.MolekularesTumorboard.EmpfehlungStudie",0,1,"",""
"mii-lm-mvgenomseq-onkologie.OnkologiePlan.MolekularesTumorboard.EmpfehlungBeratung","mii-lm-mvgenomseq-onkologie.OnkologiePlan.MolekularesTumorboard.EmpfehlungBeratung","","","",0,1,"","","","code {[]} {[]}
","Empfehlung humangenetische Beratung","Empfehlung zu einer humangenetischen Beratung ja/nein","","","","","","","","","",,,,,"",,,,"mii-lm-mvgenomseq-onkologie.OnkologiePlan.MolekularesTumorboard.EmpfehlungBeratung",0,1,"",""
"mii-lm-mvgenomseq-onkologie.OnkologiePlan.MolekularesTumorboard.EmpfehlungReevaluation","mii-lm-mvgenomseq-onkologie.OnkologiePlan.MolekularesTumorboard.EmpfehlungReevaluation","","","",0,1,"","","","code {[]} {[]}
","Empfehlung Reevaluation","Empfehlung zur Reevaluation der molekularen Diagnostik ja/nein","","","","","","","","","",,,,,"",,,,"mii-lm-mvgenomseq-onkologie.OnkologiePlan.MolekularesTumorboard.EmpfehlungReevaluation",0,1,"",""
"mii-lm-mvgenomseq-onkologie.OnkologiePlan.MolekularesTumorboard.EmpfehlungOperation","mii-lm-mvgenomseq-onkologie.OnkologiePlan.MolekularesTumorboard.EmpfehlungOperation","","","",0,1,"","","","code {[]} {[]}
","Empfehlung Operation","Empfehlung zur Operation ja/nein","","","","","","","","","",,,,,"",,,,"mii-lm-mvgenomseq-onkologie.OnkologiePlan.MolekularesTumorboard.EmpfehlungOperation",0,1,"",""
"mii-lm-mvgenomseq-onkologie.OnkologiePlan.MolekularesTumorboard.EmpfehlungOperationArt","mii-lm-mvgenomseq-onkologie.OnkologiePlan.MolekularesTumorboard.EmpfehlungOperationArt","","","",0,1,"","","","code {[]} {[]}
","empfohlenene Operation","empfohlenen Operation","","","","","","","","","",,,,,"",,,,"mii-lm-mvgenomseq-onkologie.OnkologiePlan.MolekularesTumorboard.EmpfehlungOperationArt",0,1,"",""
"mii-lm-mvgenomseq-onkologie.OnkologiePlan.MolekularesTumorboard.EmpfehlungOperationRisikoreduzierend","mii-lm-mvgenomseq-onkologie.OnkologiePlan.MolekularesTumorboard.EmpfehlungOperationRisikoreduzierend","","","",0,1,"","","","code {[]} {[]}
","empfohlene Operation ist riskoreduzierend","empfohlenen Operation ist riskoreduzierend ja/nein","","","","","","","","","",,,,,"",,,,"mii-lm-mvgenomseq-onkologie.OnkologiePlan.MolekularesTumorboard.EmpfehlungOperationRisikoreduzierend",0,1,"",""
"mii-lm-mvgenomseq-onkologie.OnkologiePlan.MolekularesTumorboard.EmpfehlungOperationTherapeutisch","mii-lm-mvgenomseq-onkologie.OnkologiePlan.MolekularesTumorboard.EmpfehlungOperationTherapeutisch","","","",0,1,"","","","code {[]} {[]}
","empfohlene Operation ist therapeutisch","empfohlenene Operation ist therapeutisch ja/nein","","","","","","","","","",,,,,"",,,,"mii-lm-mvgenomseq-onkologie.OnkologiePlan.MolekularesTumorboard.EmpfehlungOperationTherapeutisch",0,1,"",""
"mii-lm-mvgenomseq-onkologie.OnkologiePlan.MolekularesTumorboard.DurchgefuehrteOperation","mii-lm-mvgenomseq-onkologie.OnkologiePlan.MolekularesTumorboard.DurchgefuehrteOperation","","","",0,*,"","","","code {[]} {[]}
","Durchgeführte Operation","Durchgeführte Operation nach OPS inkl. Version","","","","","","","","","",,,,,"",,,,"mii-lm-mvgenomseq-onkologie.OnkologiePlan.MolekularesTumorboard.DurchgefuehrteOperation",0,*,"",""
"mii-lm-mvgenomseq-onkologie.OnkologiePlan.EmpfohleneStudie","mii-lm-mvgenomseq-onkologie.OnkologiePlan.EmpfohleneStudie","","","",0,*,"","","","BackboneElement {[]} {[]}
","Empfohlene Studieneinschlüsse","Empfohlene Studieneinschlüsse","","","","","","","","","",,,,,"",,,,"mii-lm-mvgenomseq-onkologie.OnkologiePlan.EmpfohleneStudie",0,*,"","ele-1:All FHIR elements must have a @value or children {hasValue() or (children().count() > id.count())}
"
"mii-lm-mvgenomseq-onkologie.OnkologiePlan.EmpfohleneStudie.id","mii-lm-mvgenomseq-onkologie.OnkologiePlan.EmpfohleneStudie.id","","","",0,1,"","","","string {[]} {[]}
","Unique id for inter-element referencing","Unique id for the element within a resource (for internal references). This may be any string value that does not contain spaces.","","","","","","","","","",,,,,"",,,,"Element.id",0,1,"","","n/a"
"mii-lm-mvgenomseq-onkologie.OnkologiePlan.EmpfohleneStudie.extension","mii-lm-mvgenomseq-onkologie.OnkologiePlan.EmpfohleneStudie.extension","","extensions
user content","",0,*,"","","","Extension {[]} {[]}
","Additional content defined by implementations","May be used to represent additional information that is not part of the basic definition of the element. To make the use of extensions safe and manageable, there is a strict set of governance  applied to the definition and use of extensions. Though any implementer can define an extension, there is a set of requirements that SHALL be met as part of the definition of the extension.","There can be no stigma associated with the use of extensions by any application, project, or standard - regardless of the institution or jurisdiction that uses or defines the extensions.  The use of extensions is what allows the FHIR specification to retain a core level of simplicity for everyone.","","","","","","","","",,,,,"","value:url}
","Extensions are always sliced by (at least) url",,"open","Element.extension",0,*,"","ele-1:All FHIR elements must have a @value or children {hasValue() or (children().count() > id.count())}
ext-1:Must have either extensions or value[x], not both {extension.exists() != value.exists()}","n/a"
"mii-lm-mvgenomseq-onkologie.OnkologiePlan.EmpfohleneStudie.modifierExtension","mii-lm-mvgenomseq-onkologie.OnkologiePlan.EmpfohleneStudie.modifierExtension","","extensions
user contentmodifiers","",0,*,"","Y","Y","Extension {[]} {[]}
","Extensions that cannot be ignored even if unrecognized","May be used to represent additional information that is not part of the basic definition of the element and that modifies the understanding of the element in which it is contained and/or the understanding of the containing element's descendants. Usually modifier elements provide negation or qualification. To make the use of extensions safe and manageable, there is a strict set of governance applied to the definition and use of extensions. Though any implementer can define an extension, there is a set of requirements that SHALL be met as part of the definition of the extension. Applications processing a resource are required to check for modifier extensions.

Modifier extensions SHALL NOT change the meaning of any elements on Resource or DomainResource (including cannot change the meaning of modifierExtension itself).","There can be no stigma associated with the use of extensions by any application, project, or standard - regardless of the institution or jurisdiction that uses or defines the extensions.  The use of extensions is what allows the FHIR specification to retain a core level of simplicity for everyone.","Modifier extensions allow for extensions that *cannot* be safely ignored to be clearly distinguished from the vast majority of extensions which can be safely ignored.  This promotes interoperability by eliminating the need for implementers to prohibit the presence of extensions. For further information, see the [definition of modifier extensions](http://hl7.org/fhir/R4/extensibility.html#modifierExtension).","","","","","","","",,,,,"",,,,"BackboneElement.modifierExtension",0,*,"","ele-1:All FHIR elements must have a @value or children {hasValue() or (children().count() > id.count())}
ext-1:Must have either extensions or value[x], not both {extension.exists() != value.exists()}","N/A"
"mii-lm-mvgenomseq-onkologie.OnkologiePlan.EmpfohleneStudie.Identifier","mii-lm-mvgenomseq-onkologie.OnkologiePlan.EmpfohleneStudie.Identifier","","","",0,1,"","","","string {[]} {[]}
","Identifier","interner Identifikator der Studie","","","","","","","","","",,,,,"",,,,"mii-lm-mvgenomseq-onkologie.OnkologiePlan.EmpfohleneStudie.Identifier",0,1,"",""
"mii-lm-mvgenomseq-onkologie.OnkologiePlan.EmpfohleneStudie.Register","mii-lm-mvgenomseq-onkologie.OnkologiePlan.EmpfohleneStudie.Register","","","",0,1,"","","","code {[]} {[]}
","Register","Registersystematik, in dem die StudienID angegeben wird (NCT, EudraCT/CTIS, DRKS, andere, unbekannt)","","","","","","","","","",,,,,"",,,,"mii-lm-mvgenomseq-onkologie.OnkologiePlan.EmpfohleneStudie.Register",0,1,"",""
"mii-lm-mvgenomseq-onkologie.OnkologiePlan.EmpfohleneStudie.StudienID","mii-lm-mvgenomseq-onkologie.OnkologiePlan.EmpfohleneStudie.StudienID","","","",0,1,"","","","code {[]} {[]}
","Studie","StudienID in einer Registersystematik","","","","","","","","","",,,,,"",,,,"mii-lm-mvgenomseq-onkologie.OnkologiePlan.EmpfohleneStudie.StudienID",0,1,"",""
"mii-lm-mvgenomseq-onkologie.OnkologiePlan.EmpfohleneStudie.Studienname","mii-lm-mvgenomseq-onkologie.OnkologiePlan.EmpfohleneStudie.Studienname","","","",1,1,"","","","string {[]} {[]}
","Name der Studie","Name der Studie","","","","","","","","","",,,,,"",,,,"mii-lm-mvgenomseq-onkologie.OnkologiePlan.EmpfohleneStudie.Studienname",1,1,"",""
"mii-lm-mvgenomseq-onkologie.OnkologiePlan.EmpfohleneStudie.Substanzen","mii-lm-mvgenomseq-onkologie.OnkologiePlan.EmpfohleneStudie.Substanzen","","","",0,*,"","","","code {[]} {[]}
","Substanzen","Substanzen, die in der Studie eingesetzt werden, nach ATC kodiert","","","","","","","","","",,,,,"",,,,"mii-lm-mvgenomseq-onkologie.OnkologiePlan.EmpfohleneStudie.Substanzen",0,*,"",""
"mii-lm-mvgenomseq-onkologie.OnkologiePlan.EmpfohleneStudie.Evidenzgrad","mii-lm-mvgenomseq-onkologie.OnkologiePlan.EmpfohleneStudie.Evidenzgrad","","","",0,1,"","","","code {[]} {[]}
","Evidenzgrad","Evidenzgrad","","","","","","","","","",,,,,"",,,,"mii-lm-mvgenomseq-onkologie.OnkologiePlan.EmpfohleneStudie.Evidenzgrad",0,1,"",""
"mii-lm-mvgenomseq-onkologie.OnkologiePlan.EmpfohleneStudie.ZusatzverweiseEvidenzgraduierung","mii-lm-mvgenomseq-onkologie.OnkologiePlan.EmpfohleneStudie.ZusatzverweiseEvidenzgraduierung","","","",0,*,"","","","string {[]} {[]}
","Zusatzverweise zur Evidenzgraduierung","Zusatzverweise zur Evidenzgraduierung","","","","","","","","","",,,,,"",,,,"mii-lm-mvgenomseq-onkologie.OnkologiePlan.EmpfohleneStudie.ZusatzverweiseEvidenzgraduierung",0,*,"",""
"mii-lm-mvgenomseq-onkologie.OnkologiePlan.EmpfohleneStudie.Prioritaet","mii-lm-mvgenomseq-onkologie.OnkologiePlan.EmpfohleneStudie.Prioritaet","","","",0,1,"","","","code {[]} {[]}
","Priorität","Priorität der Studie, falls mehrere Studien empfohlen wurde. 1 ist höchste Priorität","","","","","","","","","",,,,,"",,,,"mii-lm-mvgenomseq-onkologie.OnkologiePlan.EmpfohleneStudie.Prioritaet",0,1,"",""
"mii-lm-mvgenomseq-onkologie.OnkologiePlan.EmpfohleneStudie.Variante","mii-lm-mvgenomseq-onkologie.OnkologiePlan.EmpfohleneStudie.Variante","","","",0,*,"","","","code {[]} {[]}
","Variante","interne VariantenID der Variante, die für die Studie relevant ist","","","","","","","","","",,,,,"",,,,"mii-lm-mvgenomseq-onkologie.OnkologiePlan.EmpfohleneStudie.Variante",0,*,"",""
"mii-lm-mvgenomseq-onkologie.OnkologiePlan.Therapieempfehlung","mii-lm-mvgenomseq-onkologie.OnkologiePlan.Therapieempfehlung","","","",0,*,"","","","BackboneElement {[]} {[]}
","String","String","","","","","","","","","",,,,,"",,,,"mii-lm-mvgenomseq-onkologie.OnkologiePlan.Therapieempfehlung",0,*,"","ele-1:All FHIR elements must have a @value or children {hasValue() or (children().count() > id.count())}
"
"mii-lm-mvgenomseq-onkologie.OnkologiePlan.Therapieempfehlung.id","mii-lm-mvgenomseq-onkologie.OnkologiePlan.Therapieempfehlung.id","","","",0,1,"","","","string {[]} {[]}
","Unique id for inter-element referencing","Unique id for the element within a resource (for internal references). This may be any string value that does not contain spaces.","","","","","","","","","",,,,,"",,,,"Element.id",0,1,"","","n/a"
"mii-lm-mvgenomseq-onkologie.OnkologiePlan.Therapieempfehlung.extension","mii-lm-mvgenomseq-onkologie.OnkologiePlan.Therapieempfehlung.extension","","extensions
user content","",0,*,"","","","Extension {[]} {[]}
","Additional content defined by implementations","May be used to represent additional information that is not part of the basic definition of the element. To make the use of extensions safe and manageable, there is a strict set of governance  applied to the definition and use of extensions. Though any implementer can define an extension, there is a set of requirements that SHALL be met as part of the definition of the extension.","There can be no stigma associated with the use of extensions by any application, project, or standard - regardless of the institution or jurisdiction that uses or defines the extensions.  The use of extensions is what allows the FHIR specification to retain a core level of simplicity for everyone.","","","","","","","","",,,,,"","value:url}
","Extensions are always sliced by (at least) url",,"open","Element.extension",0,*,"","ele-1:All FHIR elements must have a @value or children {hasValue() or (children().count() > id.count())}
ext-1:Must have either extensions or value[x], not both {extension.exists() != value.exists()}","n/a"
"mii-lm-mvgenomseq-onkologie.OnkologiePlan.Therapieempfehlung.modifierExtension","mii-lm-mvgenomseq-onkologie.OnkologiePlan.Therapieempfehlung.modifierExtension","","extensions
user contentmodifiers","",0,*,"","Y","Y","Extension {[]} {[]}
","Extensions that cannot be ignored even if unrecognized","May be used to represent additional information that is not part of the basic definition of the element and that modifies the understanding of the element in which it is contained and/or the understanding of the containing element's descendants. Usually modifier elements provide negation or qualification. To make the use of extensions safe and manageable, there is a strict set of governance applied to the definition and use of extensions. Though any implementer can define an extension, there is a set of requirements that SHALL be met as part of the definition of the extension. Applications processing a resource are required to check for modifier extensions.

Modifier extensions SHALL NOT change the meaning of any elements on Resource or DomainResource (including cannot change the meaning of modifierExtension itself).","There can be no stigma associated with the use of extensions by any application, project, or standard - regardless of the institution or jurisdiction that uses or defines the extensions.  The use of extensions is what allows the FHIR specification to retain a core level of simplicity for everyone.","Modifier extensions allow for extensions that *cannot* be safely ignored to be clearly distinguished from the vast majority of extensions which can be safely ignored.  This promotes interoperability by eliminating the need for implementers to prohibit the presence of extensions. For further information, see the [definition of modifier extensions](http://hl7.org/fhir/R4/extensibility.html#modifierExtension).","","","","","","","",,,,,"",,,,"BackboneElement.modifierExtension",0,*,"","ele-1:All FHIR elements must have a @value or children {hasValue() or (children().count() > id.count())}
ext-1:Must have either extensions or value[x], not both {extension.exists() != value.exists()}","N/A"
"mii-lm-mvgenomseq-onkologie.OnkologiePlan.Therapieempfehlung.Identifier","mii-lm-mvgenomseq-onkologie.OnkologiePlan.Therapieempfehlung.Identifier","","","",0,1,"","","","string {[]} {[]}
","Identifier","interner Identifikator der Therapieempfehlung","","","","","","","","","",,,,,"",,,,"mii-lm-mvgenomseq-onkologie.OnkologiePlan.Therapieempfehlung.Identifier",0,1,"",""
"mii-lm-mvgenomseq-onkologie.OnkologiePlan.Therapieempfehlung.EmpfehlungTyp","mii-lm-mvgenomseq-onkologie.OnkologiePlan.Therapieempfehlung.EmpfehlungTyp","","","",0,1,"","","","code {[]} {[]}
","Typ der Empfehlung","Typ der Empfehlung (z.B. inlabel, offlabel, compassionate use, unknown, secondary preventive)","","","","","","","","","",,,,,"",,,,"mii-lm-mvgenomseq-onkologie.OnkologiePlan.Therapieempfehlung.EmpfehlungTyp",0,1,"",""
"mii-lm-mvgenomseq-onkologie.OnkologiePlan.Therapieempfehlung.Substanz","mii-lm-mvgenomseq-onkologie.OnkologiePlan.Therapieempfehlung.Substanz","","","",0,*,"","","","code {[]} {[]}
","Substanzen","Substanzen, die empfohlen werden, nach ATC kodiert","","","","","","","","","",,,,,"",,,,"mii-lm-mvgenomseq-onkologie.OnkologiePlan.Therapieempfehlung.Substanz",0,*,"",""
"mii-lm-mvgenomseq-onkologie.OnkologiePlan.Therapieempfehlung.Evidenzgrad","mii-lm-mvgenomseq-onkologie.OnkologiePlan.Therapieempfehlung.Evidenzgrad","","","",0,1,"","","","code {[]} {[]}
","Evidenzgrad","Evidenzgrad (m1A - m4, unbekannt)","","","","","","","","","",,,,,"",,,,"mii-lm-mvgenomseq-onkologie.OnkologiePlan.Therapieempfehlung.Evidenzgrad",0,1,"",""
"mii-lm-mvgenomseq-onkologie.OnkologiePlan.Therapieempfehlung.Prioritaet","mii-lm-mvgenomseq-onkologie.OnkologiePlan.Therapieempfehlung.Prioritaet","","","",0,1,"","","","code {[]} {[]}
","Priorität","Priorität der Therapieempfehlung, falls mehrere Empfehlungen gegeben wurden. 1 ist höchste Priorität","","","","","","","","","",,,,,"",,,,"mii-lm-mvgenomseq-onkologie.OnkologiePlan.Therapieempfehlung.Prioritaet",0,1,"",""
"mii-lm-mvgenomseq-onkologie.OnkologiePlan.Therapieempfehlung.Variante","mii-lm-mvgenomseq-onkologie.OnkologiePlan.Therapieempfehlung.Variante","","","",0,*,"","","","code {[]} {[]}
","Variante","interne VariantenID der Variante, die für die Therapieempfehlung relevant ist","","","","","","","","","",,,,,"",,,,"mii-lm-mvgenomseq-onkologie.OnkologiePlan.Therapieempfehlung.Variante",0,*,"",""
"mii-lm-mvgenomseq-onkologie.OnkologiePlan.Therapieempfehlung.TherapeutischeStrategie","mii-lm-mvgenomseq-onkologie.OnkologiePlan.Therapieempfehlung.TherapeutischeStrategie","","","",0,1,"","","","code {[]} {[]}
","Therapeutische Strategie","Therapeutische Strategie (z.B. zielgerichtete Therapie, Immuntherapie, Chemotherapie, supportive Therapie)","","","","","","","","","",,,,,"",,,,"mii-lm-mvgenomseq-onkologie.OnkologiePlan.Therapieempfehlung.TherapeutischeStrategie",0,1,"",""
"mii-lm-mvgenomseq-onkologie.OnkologiePlan.PraeventiveUntersuchungen","mii-lm-mvgenomseq-onkologie.OnkologiePlan.PraeventiveUntersuchungen","","","",0,*,"","","","BackboneElement {[]} {[]}
","Präventive Maßnahmen","Präventive Maßnahmen","","","","","","","","","",,,,,"",,,,"mii-lm-mvgenomseq-onkologie.OnkologiePlan.PraeventiveUntersuchungen",0,*,"","ele-1:All FHIR elements must have a @value or children {hasValue() or (children().count() > id.count())}
"
"mii-lm-mvgenomseq-onkologie.OnkologiePlan.PraeventiveUntersuchungen.id","mii-lm-mvgenomseq-onkologie.OnkologiePlan.PraeventiveUntersuchungen.id","","","",0,1,"","","","string {[]} {[]}
","Unique id for inter-element referencing","Unique id for the element within a resource (for internal references). This may be any string value that does not contain spaces.","","","","","","","","","",,,,,"",,,,"Element.id",0,1,"","","n/a"
"mii-lm-mvgenomseq-onkologie.OnkologiePlan.PraeventiveUntersuchungen.extension","mii-lm-mvgenomseq-onkologie.OnkologiePlan.PraeventiveUntersuchungen.extension","","extensions
user content","",0,*,"","","","Extension {[]} {[]}
","Additional content defined by implementations","May be used to represent additional information that is not part of the basic definition of the element. To make the use of extensions safe and manageable, there is a strict set of governance  applied to the definition and use of extensions. Though any implementer can define an extension, there is a set of requirements that SHALL be met as part of the definition of the extension.","There can be no stigma associated with the use of extensions by any application, project, or standard - regardless of the institution or jurisdiction that uses or defines the extensions.  The use of extensions is what allows the FHIR specification to retain a core level of simplicity for everyone.","","","","","","","","",,,,,"","value:url}
","Extensions are always sliced by (at least) url",,"open","Element.extension",0,*,"","ele-1:All FHIR elements must have a @value or children {hasValue() or (children().count() > id.count())}
ext-1:Must have either extensions or value[x], not both {extension.exists() != value.exists()}","n/a"
"mii-lm-mvgenomseq-onkologie.OnkologiePlan.PraeventiveUntersuchungen.modifierExtension","mii-lm-mvgenomseq-onkologie.OnkologiePlan.PraeventiveUntersuchungen.modifierExtension","","extensions
user contentmodifiers","",0,*,"","Y","Y","Extension {[]} {[]}
","Extensions that cannot be ignored even if unrecognized","May be used to represent additional information that is not part of the basic definition of the element and that modifies the understanding of the element in which it is contained and/or the understanding of the containing element's descendants. Usually modifier elements provide negation or qualification. To make the use of extensions safe and manageable, there is a strict set of governance applied to the definition and use of extensions. Though any implementer can define an extension, there is a set of requirements that SHALL be met as part of the definition of the extension. Applications processing a resource are required to check for modifier extensions.

Modifier extensions SHALL NOT change the meaning of any elements on Resource or DomainResource (including cannot change the meaning of modifierExtension itself).","There can be no stigma associated with the use of extensions by any application, project, or standard - regardless of the institution or jurisdiction that uses or defines the extensions.  The use of extensions is what allows the FHIR specification to retain a core level of simplicity for everyone.","Modifier extensions allow for extensions that *cannot* be safely ignored to be clearly distinguished from the vast majority of extensions which can be safely ignored.  This promotes interoperability by eliminating the need for implementers to prohibit the presence of extensions. For further information, see the [definition of modifier extensions](http://hl7.org/fhir/R4/extensibility.html#modifierExtension).","","","","","","","",,,,,"",,,,"BackboneElement.modifierExtension",0,*,"","ele-1:All FHIR elements must have a @value or children {hasValue() or (children().count() > id.count())}
ext-1:Must have either extensions or value[x], not both {extension.exists() != value.exists()}","N/A"
"mii-lm-mvgenomseq-onkologie.OnkologiePlan.PraeventiveUntersuchungen.Identifier","mii-lm-mvgenomseq-onkologie.OnkologiePlan.PraeventiveUntersuchungen.Identifier","","","",0,1,"","","","string {[]} {[]}
","Identifier","interner Identifikator der präventiven Maßnahme","","","","","","","","","",,,,,"",,,,"mii-lm-mvgenomseq-onkologie.OnkologiePlan.PraeventiveUntersuchungen.Identifier",0,1,"",""
"mii-lm-mvgenomseq-onkologie.OnkologiePlan.PraeventiveUntersuchungen.ArtUntersuchung","mii-lm-mvgenomseq-onkologie.OnkologiePlan.PraeventiveUntersuchungen.ArtUntersuchung","","","",0,1,"","","","string {[]} {[]}
","Art der Untersuchung","Art der Untersuchung(z.B. Breast Imaging, MRI, MGR, US;Colonoscopy ; Esophago-gastro-duodenoscopy )","","","","","","","","","",,,,,"",,,,"mii-lm-mvgenomseq-onkologie.OnkologiePlan.PraeventiveUntersuchungen.ArtUntersuchung",0,1,"",""
"mii-lm-mvgenomseq-onkologie.OnkologieFollowup","mii-lm-mvgenomseq-onkologie.OnkologieFollowup","","","",0,*,"","","","BackboneElement {[]} {[]}
","Follow-up und Umsetzung der Therapieempfehlung","Follow-up und Umsetzung der Therapieempfehlung","","","","","","","","","",,,,,"",,,,"mii-lm-mvgenomseq-onkologie.OnkologieFollowup",0,*,"","ele-1:All FHIR elements must have a @value or children {hasValue() or (children().count() > id.count())}
"
"mii-lm-mvgenomseq-onkologie.OnkologieFollowup.id","mii-lm-mvgenomseq-onkologie.OnkologieFollowup.id","","","",0,1,"","","","string {[]} {[]}
","Unique id for inter-element referencing","Unique id for the element within a resource (for internal references). This may be any string value that does not contain spaces.","","","","","","","","","",,,,,"",,,,"Element.id",0,1,"","","n/a"
"mii-lm-mvgenomseq-onkologie.OnkologieFollowup.extension","mii-lm-mvgenomseq-onkologie.OnkologieFollowup.extension","","extensions
user content","",0,*,"","","","Extension {[]} {[]}
","Additional content defined by implementations","May be used to represent additional information that is not part of the basic definition of the element. To make the use of extensions safe and manageable, there is a strict set of governance  applied to the definition and use of extensions. Though any implementer can define an extension, there is a set of requirements that SHALL be met as part of the definition of the extension.","There can be no stigma associated with the use of extensions by any application, project, or standard - regardless of the institution or jurisdiction that uses or defines the extensions.  The use of extensions is what allows the FHIR specification to retain a core level of simplicity for everyone.","","","","","","","","",,,,,"","value:url}
","Extensions are always sliced by (at least) url",,"open","Element.extension",0,*,"","ele-1:All FHIR elements must have a @value or children {hasValue() or (children().count() > id.count())}
ext-1:Must have either extensions or value[x], not both {extension.exists() != value.exists()}","n/a"
"mii-lm-mvgenomseq-onkologie.OnkologieFollowup.modifierExtension","mii-lm-mvgenomseq-onkologie.OnkologieFollowup.modifierExtension","","extensions
user contentmodifiers","",0,*,"","Y","Y","Extension {[]} {[]}
","Extensions that cannot be ignored even if unrecognized","May be used to represent additional information that is not part of the basic definition of the element and that modifies the understanding of the element in which it is contained and/or the understanding of the containing element's descendants. Usually modifier elements provide negation or qualification. To make the use of extensions safe and manageable, there is a strict set of governance applied to the definition and use of extensions. Though any implementer can define an extension, there is a set of requirements that SHALL be met as part of the definition of the extension. Applications processing a resource are required to check for modifier extensions.

Modifier extensions SHALL NOT change the meaning of any elements on Resource or DomainResource (including cannot change the meaning of modifierExtension itself).","There can be no stigma associated with the use of extensions by any application, project, or standard - regardless of the institution or jurisdiction that uses or defines the extensions.  The use of extensions is what allows the FHIR specification to retain a core level of simplicity for everyone.","Modifier extensions allow for extensions that *cannot* be safely ignored to be clearly distinguished from the vast majority of extensions which can be safely ignored.  This promotes interoperability by eliminating the need for implementers to prohibit the presence of extensions. For further information, see the [definition of modifier extensions](http://hl7.org/fhir/R4/extensibility.html#modifierExtension).","","","","","","","",,,,,"",,,,"BackboneElement.modifierExtension",0,*,"","ele-1:All FHIR elements must have a @value or children {hasValue() or (children().count() > id.count())}
ext-1:Must have either extensions or value[x], not both {extension.exists() != value.exists()}","N/A"
"mii-lm-mvgenomseq-onkologie.OnkologieFollowup.Datum","mii-lm-mvgenomseq-onkologie.OnkologieFollowup.Datum","","","",1,1,"","","","date {[]} {[]}
","Datum","Datum des Follow-up","","","","","","","","","",,,,,"",,,,"mii-lm-mvgenomseq-onkologie.OnkologieFollowup.Datum",1,1,"",""
"mii-lm-mvgenomseq-onkologie.OnkologieFollowup.MetachroneTumore","mii-lm-mvgenomseq-onkologie.OnkologieFollowup.MetachroneTumore","","","",0,*,"","","","code {[]} {[]}
","Auftreten Metachroner Tumore","Auftreten metachroner Tumore ja/nein","","","","","","","","","",,,,,"",,,,"mii-lm-mvgenomseq-onkologie.OnkologieFollowup.MetachroneTumore",0,*,"",""
"mii-lm-mvgenomseq-onkologie.OnkologieFollowup.MetachroneDiagnose","mii-lm-mvgenomseq-onkologie.OnkologieFollowup.MetachroneDiagnose","","","",1,1,"","","","code {[]} {[]}
","Diagnose","Diagnose des metachronen Tumors laut ICD-10","","","","","","","","","",,,,,"",,,,"mii-lm-mvgenomseq-onkologie.OnkologieFollowup.MetachroneDiagnose",1,1,"",""
"mii-lm-mvgenomseq-onkologie.OnkologieFollowup.ECOG","mii-lm-mvgenomseq-onkologie.OnkologieFollowup.ECOG","","","",0,1,"","","","code {[]} {[]}
","ECOG-Status","Eastern Cooperative Oncology Group (ECOG) Performance Status nach 0,1,2,3,4,5,unknown, not applicable","","","","","","","","","",,,,,"",,,,"mii-lm-mvgenomseq-onkologie.OnkologieFollowup.ECOG",0,1,"",""
"mii-lm-mvgenomseq-onkologie.OnkologieFollowup.Vitalstatus","mii-lm-mvgenomseq-onkologie.OnkologieFollowup.Vitalstatus","","","",1,1,"","","","code {[]} {[]}
","Vitalstatus","Vitalstatus des Patienten zum Zeitpunkt des Follow-ups (lebend, verstorben, unbekannt)","","","","","","","","","",,,,,"",,,,"mii-lm-mvgenomseq-onkologie.OnkologieFollowup.Vitalstatus",1,1,"",""
"mii-lm-mvgenomseq-onkologie.OnkologieFollowup.LetzterKontakt","mii-lm-mvgenomseq-onkologie.OnkologieFollowup.LetzterKontakt","","","",0,1,"","","","date {[]} {[]}
","Letzter Kontakt","Datum des letzten Kontakts","","","","","","","","","",,,,,"",,,,"mii-lm-mvgenomseq-onkologie.OnkologieFollowup.LetzterKontakt",0,1,"",""
"mii-lm-mvgenomseq-onkologie.OnkologieFollowup.Todesdatum","mii-lm-mvgenomseq-onkologie.OnkologieFollowup.Todesdatum","","","",0,1,"","","","date {[]} {[]}
","Todesdatum","Datum des Todes","","","","","","","","","",,,,,"",,,,"mii-lm-mvgenomseq-onkologie.OnkologieFollowup.Todesdatum",0,1,"",""
"mii-lm-mvgenomseq-onkologie.OnkologieFollowup.Therapien","mii-lm-mvgenomseq-onkologie.OnkologieFollowup.Therapien","","","",0,*,"","","","BackboneElement {[]} {[]}
","Therapien","Therapien","","","","","","","","","",,,,,"",,,,"mii-lm-mvgenomseq-onkologie.OnkologieFollowup.Therapien",0,*,"","ele-1:All FHIR elements must have a @value or children {hasValue() or (children().count() > id.count())}
"
"mii-lm-mvgenomseq-onkologie.OnkologieFollowup.Therapien.id","mii-lm-mvgenomseq-onkologie.OnkologieFollowup.Therapien.id","","","",0,1,"","","","string {[]} {[]}
","Unique id for inter-element referencing","Unique id for the element within a resource (for internal references). This may be any string value that does not contain spaces.","","","","","","","","","",,,,,"",,,,"Element.id",0,1,"","","n/a"
"mii-lm-mvgenomseq-onkologie.OnkologieFollowup.Therapien.extension","mii-lm-mvgenomseq-onkologie.OnkologieFollowup.Therapien.extension","","extensions
user content","",0,*,"","","","Extension {[]} {[]}
","Additional content defined by implementations","May be used to represent additional information that is not part of the basic definition of the element. To make the use of extensions safe and manageable, there is a strict set of governance  applied to the definition and use of extensions. Though any implementer can define an extension, there is a set of requirements that SHALL be met as part of the definition of the extension.","There can be no stigma associated with the use of extensions by any application, project, or standard - regardless of the institution or jurisdiction that uses or defines the extensions.  The use of extensions is what allows the FHIR specification to retain a core level of simplicity for everyone.","","","","","","","","",,,,,"","value:url}
","Extensions are always sliced by (at least) url",,"open","Element.extension",0,*,"","ele-1:All FHIR elements must have a @value or children {hasValue() or (children().count() > id.count())}
ext-1:Must have either extensions or value[x], not both {extension.exists() != value.exists()}","n/a"
"mii-lm-mvgenomseq-onkologie.OnkologieFollowup.Therapien.modifierExtension","mii-lm-mvgenomseq-onkologie.OnkologieFollowup.Therapien.modifierExtension","","extensions
user contentmodifiers","",0,*,"","Y","Y","Extension {[]} {[]}
","Extensions that cannot be ignored even if unrecognized","May be used to represent additional information that is not part of the basic definition of the element and that modifies the understanding of the element in which it is contained and/or the understanding of the containing element's descendants. Usually modifier elements provide negation or qualification. To make the use of extensions safe and manageable, there is a strict set of governance applied to the definition and use of extensions. Though any implementer can define an extension, there is a set of requirements that SHALL be met as part of the definition of the extension. Applications processing a resource are required to check for modifier extensions.

Modifier extensions SHALL NOT change the meaning of any elements on Resource or DomainResource (including cannot change the meaning of modifierExtension itself).","There can be no stigma associated with the use of extensions by any application, project, or standard - regardless of the institution or jurisdiction that uses or defines the extensions.  The use of extensions is what allows the FHIR specification to retain a core level of simplicity for everyone.","Modifier extensions allow for extensions that *cannot* be safely ignored to be clearly distinguished from the vast majority of extensions which can be safely ignored.  This promotes interoperability by eliminating the need for implementers to prohibit the presence of extensions. For further information, see the [definition of modifier extensions](http://hl7.org/fhir/R4/extensibility.html#modifierExtension).","","","","","","","",,,,,"",,,,"BackboneElement.modifierExtension",0,*,"","ele-1:All FHIR elements must have a @value or children {hasValue() or (children().count() > id.count())}
ext-1:Must have either extensions or value[x], not both {extension.exists() != value.exists()}","N/A"
"mii-lm-mvgenomseq-onkologie.OnkologieFollowup.Therapien.reference","mii-lm-mvgenomseq-onkologie.OnkologieFollowup.Therapien.reference","","","",1,1,"","","","string {[]} {[]}
","Referenz Studien-/ Therapieempfehlung","Referenz auf Studien- / Therapieempfehlung","","","","","","","","","",,,,,"",,,,"mii-lm-mvgenomseq-onkologie.OnkologieFollowup.Therapien.reference",1,1,"",""
"mii-lm-mvgenomseq-onkologie.OnkologieFollowup.Therapien.TherapieStart","mii-lm-mvgenomseq-onkologie.OnkologieFollowup.Therapien.TherapieStart","","","",0,1,"","","","date {[]} {[]}
","Startdatum","Startdatum der Therapie","","","","","","","","","",,,,,"",,,,"mii-lm-mvgenomseq-onkologie.OnkologieFollowup.Therapien.TherapieStart",0,1,"",""
"mii-lm-mvgenomseq-onkologie.OnkologieFollowup.Therapien.TherapieEnde","mii-lm-mvgenomseq-onkologie.OnkologieFollowup.Therapien.TherapieEnde","","","",0,1,"","","","date {[]} {[]}
","Enddatum","Enddatum der Therapie","","","","","","","","","",,,,,"",,,,"mii-lm-mvgenomseq-onkologie.OnkologieFollowup.Therapien.TherapieEnde",0,1,"",""
"mii-lm-mvgenomseq-onkologie.OnkologieFollowup.Therapien.TherapieWirkstoff","mii-lm-mvgenomseq-onkologie.OnkologieFollowup.Therapien.TherapieWirkstoff","","","",0,*,"","","","code {[]} {[]}
","Wirkstoff","Wirkstoff der Therapie nach ATC oder Text bei nicht-ATC-Wirkstoffen","","","","","","","","","",,,,,"",,,,"mii-lm-mvgenomseq-onkologie.OnkologieFollowup.Therapien.TherapieWirkstoff",0,*,"",""
"mii-lm-mvgenomseq-onkologie.OnkologieFollowup.Therapien.TherapieAnsprechen","mii-lm-mvgenomseq-onkologie.OnkologieFollowup.Therapien.TherapieAnsprechen","","","",0,1,"","","","code {[]} {[]}
","Ansprechen","Therapieansprechen der Therapie (PD: Progression, SD:Stabile Erkrankung, PR:Partielle Remission, CR:Komplette Remission)","","","","","","","","","",,,,,"",,,,"mii-lm-mvgenomseq-onkologie.OnkologieFollowup.Therapien.TherapieAnsprechen",0,1,"",""
"mii-lm-mvgenomseq-onkologie.OnkologieFollowup.Therapien.TherapieAnsprechenDatum","mii-lm-mvgenomseq-onkologie.OnkologieFollowup.Therapien.TherapieAnsprechenDatum","","","",0,1,"","","","date {[]} {[]}
","Datum","Datum des Ansprechens der Vortherapie","","","","","","","","","",,,,,"",,,,"mii-lm-mvgenomseq-onkologie.OnkologieFollowup.Therapien.TherapieAnsprechenDatum",0,1,"",""
"mii-lm-mvgenomseq-onkologie.OnkologieFollowup.Therapien.TherapieEndeGrund","mii-lm-mvgenomseq-onkologie.OnkologieFollowup.Therapien.TherapieEndeGrund","","","",0,1,"","","","code {[]} {[]}
","Ende der Therapie","Grund für das Ende der Vortherapie","","","","","","","","","",,,,,"",,,,"mii-lm-mvgenomseq-onkologie.OnkologieFollowup.Therapien.TherapieEndeGrund",0,1,"",""
"mii-lm-mvgenomseq-onkologie.OnkologieFollowup.Therapien.DatenquelleTherapieansprechen","mii-lm-mvgenomseq-onkologie.OnkologieFollowup.Therapien.DatenquelleTherapieansprechen","","","",1,1,"","","","string {[]} {[]}
","Datenquelle Therapieansprechen","Datenquelle des Therapieansprechens (z.B. Arztbrief, Entlassungsbericht, Tumordokumentation)","","","","","","","","","",,,,,"",,,,"mii-lm-mvgenomseq-onkologie.OnkologieFollowup.Therapien.DatenquelleTherapieansprechen",1,1,"",""
"mii-lm-mvgenomseq-onkologie.OnkologieFollowup.PraeventiveMassnahmen","mii-lm-mvgenomseq-onkologie.OnkologieFollowup.PraeventiveMassnahmen","","","",0,*,"","","","BackboneElement {[]} {[]}
","Präventive Maßnahmen","Präventive Maßnahmen","","","","","","","","","",,,,,"",,,,"mii-lm-mvgenomseq-onkologie.OnkologieFollowup.PraeventiveMassnahmen",0,*,"","ele-1:All FHIR elements must have a @value or children {hasValue() or (children().count() > id.count())}
"
"mii-lm-mvgenomseq-onkologie.OnkologieFollowup.PraeventiveMassnahmen.id","mii-lm-mvgenomseq-onkologie.OnkologieFollowup.PraeventiveMassnahmen.id","","","",0,1,"","","","string {[]} {[]}
","Unique id for inter-element referencing","Unique id for the element within a resource (for internal references). This may be any string value that does not contain spaces.","","","","","","","","","",,,,,"",,,,"Element.id",0,1,"","","n/a"
"mii-lm-mvgenomseq-onkologie.OnkologieFollowup.PraeventiveMassnahmen.extension","mii-lm-mvgenomseq-onkologie.OnkologieFollowup.PraeventiveMassnahmen.extension","","extensions
user content","",0,*,"","","","Extension {[]} {[]}
","Additional content defined by implementations","May be used to represent additional information that is not part of the basic definition of the element. To make the use of extensions safe and manageable, there is a strict set of governance  applied to the definition and use of extensions. Though any implementer can define an extension, there is a set of requirements that SHALL be met as part of the definition of the extension.","There can be no stigma associated with the use of extensions by any application, project, or standard - regardless of the institution or jurisdiction that uses or defines the extensions.  The use of extensions is what allows the FHIR specification to retain a core level of simplicity for everyone.","","","","","","","","",,,,,"","value:url}
","Extensions are always sliced by (at least) url",,"open","Element.extension",0,*,"","ele-1:All FHIR elements must have a @value or children {hasValue() or (children().count() > id.count())}
ext-1:Must have either extensions or value[x], not both {extension.exists() != value.exists()}","n/a"
"mii-lm-mvgenomseq-onkologie.OnkologieFollowup.PraeventiveMassnahmen.modifierExtension","mii-lm-mvgenomseq-onkologie.OnkologieFollowup.PraeventiveMassnahmen.modifierExtension","","extensions
user contentmodifiers","",0,*,"","Y","Y","Extension {[]} {[]}
","Extensions that cannot be ignored even if unrecognized","May be used to represent additional information that is not part of the basic definition of the element and that modifies the understanding of the element in which it is contained and/or the understanding of the containing element's descendants. Usually modifier elements provide negation or qualification. To make the use of extensions safe and manageable, there is a strict set of governance applied to the definition and use of extensions. Though any implementer can define an extension, there is a set of requirements that SHALL be met as part of the definition of the extension. Applications processing a resource are required to check for modifier extensions.

Modifier extensions SHALL NOT change the meaning of any elements on Resource or DomainResource (including cannot change the meaning of modifierExtension itself).","There can be no stigma associated with the use of extensions by any application, project, or standard - regardless of the institution or jurisdiction that uses or defines the extensions.  The use of extensions is what allows the FHIR specification to retain a core level of simplicity for everyone.","Modifier extensions allow for extensions that *cannot* be safely ignored to be clearly distinguished from the vast majority of extensions which can be safely ignored.  This promotes interoperability by eliminating the need for implementers to prohibit the presence of extensions. For further information, see the [definition of modifier extensions](http://hl7.org/fhir/R4/extensibility.html#modifierExtension).","","","","","","","",,,,,"",,,,"BackboneElement.modifierExtension",0,*,"","ele-1:All FHIR elements must have a @value or children {hasValue() or (children().count() > id.count())}
ext-1:Must have either extensions or value[x], not both {extension.exists() != value.exists()}","N/A"
"mii-lm-mvgenomseq-onkologie.OnkologieFollowup.PraeventiveMassnahmen.reference","mii-lm-mvgenomseq-onkologie.OnkologieFollowup.PraeventiveMassnahmen.reference","","","",1,1,"","","","string {[]} {[]}
","Referenz präventive Maßnahme","interne Referenz auf präventive Maßnahme","","","","","","","","","",,,,,"",,,,"mii-lm-mvgenomseq-onkologie.OnkologieFollowup.PraeventiveMassnahmen.reference",1,1,"",""
"mii-lm-mvgenomseq-onkologie.OnkologieFollowup.PraeventiveMassnahmen.preventiveMeasureResult","mii-lm-mvgenomseq-onkologie.OnkologieFollowup.PraeventiveMassnahmen.preventiveMeasureResult","","","",1,1,"","","","string {[]} {[]}
","Ergebnis der präventiven Maßnahme","Ergebnis der präventiven Maßnahme (z.B. ohne Befund, benigner Befund, Malignom, unklar)","","","","","","","","","",,,,,"",,,,"mii-lm-mvgenomseq-onkologie.OnkologieFollowup.PraeventiveMassnahmen.preventiveMeasureResult",1,1,"",""
"mii-lm-mvgenomseq-onkologie.OnkologieFollowup.PraeventiveMassnahmen.preventiveMeasureDate","mii-lm-mvgenomseq-onkologie.OnkologieFollowup.PraeventiveMassnahmen.preventiveMeasureDate","","","",0,1,"","","","date {[]} {[]}
","Datum der präventiven Maßnahme","Datum der präventiven Maßnahme","","","","","","","","","",,,,,"",,,,"mii-lm-mvgenomseq-onkologie.OnkologieFollowup.PraeventiveMassnahmen.preventiveMeasureDate",0,1,"",""
