"Id","Path","Slice Name","Alias(s)","Label","Min","Max","Must Support?","Is Modifier?","Is Summary?","Type(s)","Short","Definition","Comments","Requirements","Default Value","Meaning When Missing","Fixed Value","Pattern","Example","Minimum Value","Maximum Value","Maximum Length","Binding Strength","Binding Description","Binding Value Set","Code","Slicing Discriminator","Slicing Description","Slicing Ordered","Slicing Rules","Base Path","Base Min","Base Max","Condition(s)","Constraint(s)","Mapping: Organspezifische Zusatzmodule LogicalModel FHIR Mapping","Mapping: Organspezifische Zusatzmodule LogicalModel oBDS Mapping","Mapping: RIM Mapping"
"OrganspezifischeZusatzmodule","OrganspezifischeZusatzmodule","","","",0,*,"","","","null {[]} {[]}
","MII LM Onkologie Organspezifische Zusatzmodule","Logisches Modell für die organspezifischen Zusatzmodule des oBDS","","","","","","","","","",,,,,"",,,,"Element",0,*,"ele-1
","ele-1:All FHIR elements must have a @value or children {hasValue() or (children().count() > id.count())}
","n/a"
"OrganspezifischeZusatzmodule.id","OrganspezifischeZusatzmodule.id","","","",0,1,"","","","string {[]} {[]}
","Unique id for inter-element referencing","Unique id for the element within a resource (for internal references). This may be any string value that does not contain spaces.","","","","","","","","","",,,,,"",,,,"Element.id",0,1,"","","n/a"
"OrganspezifischeZusatzmodule.extension","OrganspezifischeZusatzmodule.extension","","extensions
user content","",0,*,"","","","Extension {[]} {[]}
","Additional content defined by implementations","May be used to represent additional information that is not part of the basic definition of the element. To make the use of extensions safe and manageable, there is a strict set of governance  applied to the definition and use of extensions. Though any implementer can define an extension, there is a set of requirements that SHALL be met as part of the definition of the extension.","There can be no stigma associated with the use of extensions by any application, project, or standard - regardless of the institution or jurisdiction that uses or defines the extensions.  The use of extensions is what allows the FHIR specification to retain a core level of simplicity for everyone.","","","","","","","","",,,,,"","value:url}
","Extensions are always sliced by (at least) url",,"open","Element.extension",0,*,"","ele-1:All FHIR elements must have a @value or children {hasValue() or (children().count() > id.count())}
ext-1:Must have either extensions or value[x], not both {extension.exists() != value.exists()}","n/a"
"OrganspezifischeZusatzmodule.Mamma","OrganspezifischeZusatzmodule.Mamma","","","",0,*,"","","","BackboneElement {[]} {[]}
","Mamma","Mamma","","","","","","","","","",,,,,"",,,,"OrganspezifischeZusatzmodule.Mamma",0,*,"","ele-1:All FHIR elements must have a @value or children {hasValue() or (children().count() > id.count())}
","Brustspezifische Datenpunkte","Mamma-Zusatzmodul nach oBDS"
"OrganspezifischeZusatzmodule.Mamma.id","OrganspezifischeZusatzmodule.Mamma.id","","","",0,1,"","","","string {[]} {[]}
","Unique id for inter-element referencing","Unique id for the element within a resource (for internal references). This may be any string value that does not contain spaces.","","","","","","","","","",,,,,"",,,,"Element.id",0,1,"","","n/a"
"OrganspezifischeZusatzmodule.Mamma.extension","OrganspezifischeZusatzmodule.Mamma.extension","","extensions
user content","",0,*,"","","","Extension {[]} {[]}
","Additional content defined by implementations","May be used to represent additional information that is not part of the basic definition of the element. To make the use of extensions safe and manageable, there is a strict set of governance  applied to the definition and use of extensions. Though any implementer can define an extension, there is a set of requirements that SHALL be met as part of the definition of the extension.","There can be no stigma associated with the use of extensions by any application, project, or standard - regardless of the institution or jurisdiction that uses or defines the extensions.  The use of extensions is what allows the FHIR specification to retain a core level of simplicity for everyone.","","","","","","","","",,,,,"","value:url}
","Extensions are always sliced by (at least) url",,"open","Element.extension",0,*,"","ele-1:All FHIR elements must have a @value or children {hasValue() or (children().count() > id.count())}
ext-1:Must have either extensions or value[x], not both {extension.exists() != value.exists()}","n/a"
"OrganspezifischeZusatzmodule.Mamma.modifierExtension","OrganspezifischeZusatzmodule.Mamma.modifierExtension","","extensions
user contentmodifiers","",0,*,"","Y","Y","Extension {[]} {[]}
","Extensions that cannot be ignored even if unrecognized","May be used to represent additional information that is not part of the basic definition of the element and that modifies the understanding of the element in which it is contained and/or the understanding of the containing element's descendants. Usually modifier elements provide negation or qualification. To make the use of extensions safe and manageable, there is a strict set of governance applied to the definition and use of extensions. Though any implementer can define an extension, there is a set of requirements that SHALL be met as part of the definition of the extension. Applications processing a resource are required to check for modifier extensions.

Modifier extensions SHALL NOT change the meaning of any elements on Resource or DomainResource (including cannot change the meaning of modifierExtension itself).","There can be no stigma associated with the use of extensions by any application, project, or standard - regardless of the institution or jurisdiction that uses or defines the extensions.  The use of extensions is what allows the FHIR specification to retain a core level of simplicity for everyone.","Modifier extensions allow for extensions that *cannot* be safely ignored to be clearly distinguished from the vast majority of extensions which can be safely ignored.  This promotes interoperability by eliminating the need for implementers to prohibit the presence of extensions. For further information, see the [definition of modifier extensions](http://hl7.org/fhir/R4/extensibility.html#modifierExtension).","","","","","","","",,,,,"",,,,"BackboneElement.modifierExtension",0,*,"","ele-1:All FHIR elements must have a @value or children {hasValue() or (children().count() > id.count())}
ext-1:Must have either extensions or value[x], not both {extension.exists() != value.exists()}","N/A"
"OrganspezifischeZusatzmodule.Mamma.Menopausenstatus","OrganspezifischeZusatzmodule.Mamma.Menopausenstatus","","","",0,1,"","","","CodeableConcept {[]} {[]}
","Menopausenstatus","Prätherapeutischer Menopausenstatus einer Patientin mit Mamma-Karzinom. oBDS M1","","","","","","","","","",,,,,"",,,,"OrganspezifischeZusatzmodule.Mamma.Menopausenstatus",0,1,"","","Observation.where(code.coding.system='http://snomed.info/sct' and code.coding.code='161712005').valueCodeableConcept","M1"
"OrganspezifischeZusatzmodule.Mamma.RezeptorstatusEstrogen","OrganspezifischeZusatzmodule.Mamma.RezeptorstatusEstrogen","","","",0,1,"","","","BackboneElement {[]} {[]}
","Rezeptorstatus Estrogen","Rezeptorstatus Estrogen","","","","","","","","","",,,,,"",,,,"OrganspezifischeZusatzmodule.Mamma.RezeptorstatusEstrogen",0,1,"","ele-1:All FHIR elements must have a @value or children {hasValue() or (children().count() > id.count())}
","Observation.where(code.coding.system='http://loinc.org' and code.coding.code='40556-3')","M2.1"
"OrganspezifischeZusatzmodule.Mamma.RezeptorstatusEstrogen.id","OrganspezifischeZusatzmodule.Mamma.RezeptorstatusEstrogen.id","","","",0,1,"","","","string {[]} {[]}
","Unique id for inter-element referencing","Unique id for the element within a resource (for internal references). This may be any string value that does not contain spaces.","","","","","","","","","",,,,,"",,,,"Element.id",0,1,"","","n/a"
"OrganspezifischeZusatzmodule.Mamma.RezeptorstatusEstrogen.extension","OrganspezifischeZusatzmodule.Mamma.RezeptorstatusEstrogen.extension","","extensions
user content","",0,*,"","","","Extension {[]} {[]}
","Additional content defined by implementations","May be used to represent additional information that is not part of the basic definition of the element. To make the use of extensions safe and manageable, there is a strict set of governance  applied to the definition and use of extensions. Though any implementer can define an extension, there is a set of requirements that SHALL be met as part of the definition of the extension.","There can be no stigma associated with the use of extensions by any application, project, or standard - regardless of the institution or jurisdiction that uses or defines the extensions.  The use of extensions is what allows the FHIR specification to retain a core level of simplicity for everyone.","","","","","","","","",,,,,"","value:url}
","Extensions are always sliced by (at least) url",,"open","Element.extension",0,*,"","ele-1:All FHIR elements must have a @value or children {hasValue() or (children().count() > id.count())}
ext-1:Must have either extensions or value[x], not both {extension.exists() != value.exists()}","n/a"
"OrganspezifischeZusatzmodule.Mamma.RezeptorstatusEstrogen.modifierExtension","OrganspezifischeZusatzmodule.Mamma.RezeptorstatusEstrogen.modifierExtension","","extensions
user contentmodifiers","",0,*,"","Y","Y","Extension {[]} {[]}
","Extensions that cannot be ignored even if unrecognized","May be used to represent additional information that is not part of the basic definition of the element and that modifies the understanding of the element in which it is contained and/or the understanding of the containing element's descendants. Usually modifier elements provide negation or qualification. To make the use of extensions safe and manageable, there is a strict set of governance applied to the definition and use of extensions. Though any implementer can define an extension, there is a set of requirements that SHALL be met as part of the definition of the extension. Applications processing a resource are required to check for modifier extensions.

Modifier extensions SHALL NOT change the meaning of any elements on Resource or DomainResource (including cannot change the meaning of modifierExtension itself).","There can be no stigma associated with the use of extensions by any application, project, or standard - regardless of the institution or jurisdiction that uses or defines the extensions.  The use of extensions is what allows the FHIR specification to retain a core level of simplicity for everyone.","Modifier extensions allow for extensions that *cannot* be safely ignored to be clearly distinguished from the vast majority of extensions which can be safely ignored.  This promotes interoperability by eliminating the need for implementers to prohibit the presence of extensions. For further information, see the [definition of modifier extensions](http://hl7.org/fhir/R4/extensibility.html#modifierExtension).","","","","","","","",,,,,"",,,,"BackboneElement.modifierExtension",0,*,"","ele-1:All FHIR elements must have a @value or children {hasValue() or (children().count() > id.count())}
ext-1:Must have either extensions or value[x], not both {extension.exists() != value.exists()}","N/A"
"OrganspezifischeZusatzmodule.Mamma.RezeptorstatusEstrogen.Status","OrganspezifischeZusatzmodule.Mamma.RezeptorstatusEstrogen.Status","","","",0,1,"","","","CodeableConcept {[]} {[]}
","Estrogen-Rezeptorstatus","Kategoriale Bewertung des Estrogen-Rezeptorstatus: positiv/negativ. oBDS M2","","","","","","","","","",,,,,"",,,,"OrganspezifischeZusatzmodule.Mamma.RezeptorstatusEstrogen.Status",0,1,"","","Observation.valueCodeableConcept","M2.1.1"
"OrganspezifischeZusatzmodule.Mamma.RezeptorstatusEstrogen.AnteilPositiveZellen","OrganspezifischeZusatzmodule.Mamma.RezeptorstatusEstrogen.AnteilPositiveZellen","","","",0,1,"","","","Quantity {[]} {[]}
","Anteil positive Zellen","Quantitative Bestimmung in Prozent.","","","","","","","","","",,,,,"",,,,"OrganspezifischeZusatzmodule.Mamma.RezeptorstatusEstrogen.AnteilPositiveZellen",0,1,"","","Observation.component.where(code.coding.system='http://snomed.info/sct' and code.coding.code='1234804006').valueQuantity","M2.1.2"
"OrganspezifischeZusatzmodule.Mamma.RezeptorstatusEstrogen.Faerbeintensitaet","OrganspezifischeZusatzmodule.Mamma.RezeptorstatusEstrogen.Faerbeintensitaet","","","",0,1,"","","","CodeableConcept {[]} {[]}
","Färbeintensität","Qualitative Bewertung der Färbeintensität.","","","","","","","","","",,,,,"",,,,"OrganspezifischeZusatzmodule.Mamma.RezeptorstatusEstrogen.Faerbeintensitaet",0,1,"","","Observation.component.where(code.coding.system='http://snomed.info/sct' and code.coding.code='1236874005').valueCodeableConcept","M2.1.3"
"OrganspezifischeZusatzmodule.Mamma.RezeptorstatusProgesteron","OrganspezifischeZusatzmodule.Mamma.RezeptorstatusProgesteron","","","",0,1,"","","","BackboneElement {[]} {[]}
","Rezeptorstatus Progesteron","Rezeptorstatus Progesteron","","","","","","","","","",,,,,"",,,,"OrganspezifischeZusatzmodule.Mamma.RezeptorstatusProgesteron",0,1,"","ele-1:All FHIR elements must have a @value or children {hasValue() or (children().count() > id.count())}
","Observation.where(code.coding.system='http://loinc.org' and code.coding.code='85339-0')","M2.2"
"OrganspezifischeZusatzmodule.Mamma.RezeptorstatusProgesteron.id","OrganspezifischeZusatzmodule.Mamma.RezeptorstatusProgesteron.id","","","",0,1,"","","","string {[]} {[]}
","Unique id for inter-element referencing","Unique id for the element within a resource (for internal references). This may be any string value that does not contain spaces.","","","","","","","","","",,,,,"",,,,"Element.id",0,1,"","","n/a"
"OrganspezifischeZusatzmodule.Mamma.RezeptorstatusProgesteron.extension","OrganspezifischeZusatzmodule.Mamma.RezeptorstatusProgesteron.extension","","extensions
user content","",0,*,"","","","Extension {[]} {[]}
","Additional content defined by implementations","May be used to represent additional information that is not part of the basic definition of the element. To make the use of extensions safe and manageable, there is a strict set of governance  applied to the definition and use of extensions. Though any implementer can define an extension, there is a set of requirements that SHALL be met as part of the definition of the extension.","There can be no stigma associated with the use of extensions by any application, project, or standard - regardless of the institution or jurisdiction that uses or defines the extensions.  The use of extensions is what allows the FHIR specification to retain a core level of simplicity for everyone.","","","","","","","","",,,,,"","value:url}
","Extensions are always sliced by (at least) url",,"open","Element.extension",0,*,"","ele-1:All FHIR elements must have a @value or children {hasValue() or (children().count() > id.count())}
ext-1:Must have either extensions or value[x], not both {extension.exists() != value.exists()}","n/a"
"OrganspezifischeZusatzmodule.Mamma.RezeptorstatusProgesteron.modifierExtension","OrganspezifischeZusatzmodule.Mamma.RezeptorstatusProgesteron.modifierExtension","","extensions
user contentmodifiers","",0,*,"","Y","Y","Extension {[]} {[]}
","Extensions that cannot be ignored even if unrecognized","May be used to represent additional information that is not part of the basic definition of the element and that modifies the understanding of the element in which it is contained and/or the understanding of the containing element's descendants. Usually modifier elements provide negation or qualification. To make the use of extensions safe and manageable, there is a strict set of governance applied to the definition and use of extensions. Though any implementer can define an extension, there is a set of requirements that SHALL be met as part of the definition of the extension. Applications processing a resource are required to check for modifier extensions.

Modifier extensions SHALL NOT change the meaning of any elements on Resource or DomainResource (including cannot change the meaning of modifierExtension itself).","There can be no stigma associated with the use of extensions by any application, project, or standard - regardless of the institution or jurisdiction that uses or defines the extensions.  The use of extensions is what allows the FHIR specification to retain a core level of simplicity for everyone.","Modifier extensions allow for extensions that *cannot* be safely ignored to be clearly distinguished from the vast majority of extensions which can be safely ignored.  This promotes interoperability by eliminating the need for implementers to prohibit the presence of extensions. For further information, see the [definition of modifier extensions](http://hl7.org/fhir/R4/extensibility.html#modifierExtension).","","","","","","","",,,,,"",,,,"BackboneElement.modifierExtension",0,*,"","ele-1:All FHIR elements must have a @value or children {hasValue() or (children().count() > id.count())}
ext-1:Must have either extensions or value[x], not both {extension.exists() != value.exists()}","N/A"
"OrganspezifischeZusatzmodule.Mamma.RezeptorstatusProgesteron.Status","OrganspezifischeZusatzmodule.Mamma.RezeptorstatusProgesteron.Status","","","",0,1,"","","","CodeableConcept {[]} {[]}
","Progesteron-Rezeptorstatus","Kategoriale Bewertung des Progesteron-Rezeptorstatus: positiv/negativ. oBDS M3","","","","","","","","","",,,,,"",,,,"OrganspezifischeZusatzmodule.Mamma.RezeptorstatusProgesteron.Status",0,1,"","","Observation.valueCodeableConcept","M2.2.1"
"OrganspezifischeZusatzmodule.Mamma.RezeptorstatusProgesteron.AnteilPositiveZellen","OrganspezifischeZusatzmodule.Mamma.RezeptorstatusProgesteron.AnteilPositiveZellen","","","",0,1,"","","","Quantity {[]} {[]}
","Anteil positive Zellen","Quantitative Bestimmung in Prozent.","","","","","","","","","",,,,,"",,,,"OrganspezifischeZusatzmodule.Mamma.RezeptorstatusProgesteron.AnteilPositiveZellen",0,1,"","","Observation.component.where(code.coding.system='http://snomed.info/sct' and code.coding.code='1234803000').valueQuantity","M2.2.2"
"OrganspezifischeZusatzmodule.Mamma.RezeptorstatusProgesteron.Faerbeintensitaet","OrganspezifischeZusatzmodule.Mamma.RezeptorstatusProgesteron.Faerbeintensitaet","","","",0,1,"","","","CodeableConcept {[]} {[]}
","Färbeintensität","Qualitative Bewertung der Färbeintensität.","","","","","","","","","",,,,,"",,,,"OrganspezifischeZusatzmodule.Mamma.RezeptorstatusProgesteron.Faerbeintensitaet",0,1,"","","Observation.component.where(code.coding.system='http://snomed.info/sct' and code.coding.code='1237278006').valueCodeableConcept","M2.2.3"
"OrganspezifischeZusatzmodule.Mamma.PraeoperativeMarkierung","OrganspezifischeZusatzmodule.Mamma.PraeoperativeMarkierung","","","",0,*,"","","","BackboneElement {[]} {[]}
","Präoperative Markierung","Präoperative Markierung","","","","","","","","","",,,,,"",,,,"OrganspezifischeZusatzmodule.Mamma.PraeoperativeMarkierung",0,*,"","ele-1:All FHIR elements must have a @value or children {hasValue() or (children().count() > id.count())}
","Procedure.where(meta.profile.contains('https://www.medizininformatik-initiative.de/fhir/ext/modul-onko/StructureDefinition/mii-pr-onko-mamma-praeoperative-markierung'))","M5"
"OrganspezifischeZusatzmodule.Mamma.PraeoperativeMarkierung.id","OrganspezifischeZusatzmodule.Mamma.PraeoperativeMarkierung.id","","","",0,1,"","","","string {[]} {[]}
","Unique id for inter-element referencing","Unique id for the element within a resource (for internal references). This may be any string value that does not contain spaces.","","","","","","","","","",,,,,"",,,,"Element.id",0,1,"","","n/a"
"OrganspezifischeZusatzmodule.Mamma.PraeoperativeMarkierung.extension","OrganspezifischeZusatzmodule.Mamma.PraeoperativeMarkierung.extension","","extensions
user content","",0,*,"","","","Extension {[]} {[]}
","Additional content defined by implementations","May be used to represent additional information that is not part of the basic definition of the element. To make the use of extensions safe and manageable, there is a strict set of governance  applied to the definition and use of extensions. Though any implementer can define an extension, there is a set of requirements that SHALL be met as part of the definition of the extension.","There can be no stigma associated with the use of extensions by any application, project, or standard - regardless of the institution or jurisdiction that uses or defines the extensions.  The use of extensions is what allows the FHIR specification to retain a core level of simplicity for everyone.","","","","","","","","",,,,,"","value:url}
","Extensions are always sliced by (at least) url",,"open","Element.extension",0,*,"","ele-1:All FHIR elements must have a @value or children {hasValue() or (children().count() > id.count())}
ext-1:Must have either extensions or value[x], not both {extension.exists() != value.exists()}","n/a"
"OrganspezifischeZusatzmodule.Mamma.PraeoperativeMarkierung.modifierExtension","OrganspezifischeZusatzmodule.Mamma.PraeoperativeMarkierung.modifierExtension","","extensions
user contentmodifiers","",0,*,"","Y","Y","Extension {[]} {[]}
","Extensions that cannot be ignored even if unrecognized","May be used to represent additional information that is not part of the basic definition of the element and that modifies the understanding of the element in which it is contained and/or the understanding of the containing element's descendants. Usually modifier elements provide negation or qualification. To make the use of extensions safe and manageable, there is a strict set of governance applied to the definition and use of extensions. Though any implementer can define an extension, there is a set of requirements that SHALL be met as part of the definition of the extension. Applications processing a resource are required to check for modifier extensions.

Modifier extensions SHALL NOT change the meaning of any elements on Resource or DomainResource (including cannot change the meaning of modifierExtension itself).","There can be no stigma associated with the use of extensions by any application, project, or standard - regardless of the institution or jurisdiction that uses or defines the extensions.  The use of extensions is what allows the FHIR specification to retain a core level of simplicity for everyone.","Modifier extensions allow for extensions that *cannot* be safely ignored to be clearly distinguished from the vast majority of extensions which can be safely ignored.  This promotes interoperability by eliminating the need for implementers to prohibit the presence of extensions. For further information, see the [definition of modifier extensions](http://hl7.org/fhir/R4/extensibility.html#modifierExtension).","","","","","","","",,,,,"",,,,"BackboneElement.modifierExtension",0,*,"","ele-1:All FHIR elements must have a @value or children {hasValue() or (children().count() > id.count())}
ext-1:Must have either extensions or value[x], not both {extension.exists() != value.exists()}","N/A"
"OrganspezifischeZusatzmodule.Mamma.PraeoperativeMarkierung.Modalitaet","OrganspezifischeZusatzmodule.Mamma.PraeoperativeMarkierung.Modalitaet","","","",0,1,"","","","CodeableConcept {[]} {[]}
","Markierungsmodalität","Art der präoperativen Markierung","","","","","","","","","",,,,,"",,,,"OrganspezifischeZusatzmodule.Mamma.PraeoperativeMarkierung.Modalitaet",0,1,"","","Procedure.usedCode.coding.where(memberOf('mii-vs-onko-mamma-praeoperative-markierung-modalitaet'))","M5.1"
"OrganspezifischeZusatzmodule.Mamma.MammaOperation","OrganspezifischeZusatzmodule.Mamma.MammaOperation","","","",0,*,"","","","BackboneElement {[]} {[]}
","Mamma-Operation","Mamma-Operation","","","","","","","","","",,,,,"",,,,"OrganspezifischeZusatzmodule.Mamma.MammaOperation",0,*,"","ele-1:All FHIR elements must have a @value or children {hasValue() or (children().count() > id.count())}
","Procedure.where(meta.profile.contains('https://www.medizininformatik-initiative.de/fhir/ext/modul-onko/StructureDefinition/mii-pr-onko-mamma-operation'))","M4"
"OrganspezifischeZusatzmodule.Mamma.MammaOperation.id","OrganspezifischeZusatzmodule.Mamma.MammaOperation.id","","","",0,1,"","","","string {[]} {[]}
","Unique id for inter-element referencing","Unique id for the element within a resource (for internal references). This may be any string value that does not contain spaces.","","","","","","","","","",,,,,"",,,,"Element.id",0,1,"","","n/a"
"OrganspezifischeZusatzmodule.Mamma.MammaOperation.extension","OrganspezifischeZusatzmodule.Mamma.MammaOperation.extension","","extensions
user content","",0,*,"","","","Extension {[]} {[]}
","Additional content defined by implementations","May be used to represent additional information that is not part of the basic definition of the element. To make the use of extensions safe and manageable, there is a strict set of governance  applied to the definition and use of extensions. Though any implementer can define an extension, there is a set of requirements that SHALL be met as part of the definition of the extension.","There can be no stigma associated with the use of extensions by any application, project, or standard - regardless of the institution or jurisdiction that uses or defines the extensions.  The use of extensions is what allows the FHIR specification to retain a core level of simplicity for everyone.","","","","","","","","",,,,,"","value:url}
","Extensions are always sliced by (at least) url",,"open","Element.extension",0,*,"","ele-1:All FHIR elements must have a @value or children {hasValue() or (children().count() > id.count())}
ext-1:Must have either extensions or value[x], not both {extension.exists() != value.exists()}","n/a"
"OrganspezifischeZusatzmodule.Mamma.MammaOperation.modifierExtension","OrganspezifischeZusatzmodule.Mamma.MammaOperation.modifierExtension","","extensions
user contentmodifiers","",0,*,"","Y","Y","Extension {[]} {[]}
","Extensions that cannot be ignored even if unrecognized","May be used to represent additional information that is not part of the basic definition of the element and that modifies the understanding of the element in which it is contained and/or the understanding of the containing element's descendants. Usually modifier elements provide negation or qualification. To make the use of extensions safe and manageable, there is a strict set of governance applied to the definition and use of extensions. Though any implementer can define an extension, there is a set of requirements that SHALL be met as part of the definition of the extension. Applications processing a resource are required to check for modifier extensions.

Modifier extensions SHALL NOT change the meaning of any elements on Resource or DomainResource (including cannot change the meaning of modifierExtension itself).","There can be no stigma associated with the use of extensions by any application, project, or standard - regardless of the institution or jurisdiction that uses or defines the extensions.  The use of extensions is what allows the FHIR specification to retain a core level of simplicity for everyone.","Modifier extensions allow for extensions that *cannot* be safely ignored to be clearly distinguished from the vast majority of extensions which can be safely ignored.  This promotes interoperability by eliminating the need for implementers to prohibit the presence of extensions. For further information, see the [definition of modifier extensions](http://hl7.org/fhir/R4/extensibility.html#modifierExtension).","","","","","","","",,,,,"",,,,"BackboneElement.modifierExtension",0,*,"","ele-1:All FHIR elements must have a @value or children {hasValue() or (children().count() > id.count())}
ext-1:Must have either extensions or value[x], not both {extension.exists() != value.exists()}","N/A"
"OrganspezifischeZusatzmodule.Mamma.MammaOperation.Operationstyp","OrganspezifischeZusatzmodule.Mamma.MammaOperation.Operationstyp","","","",0,1,"","","","CodeableConcept {[]} {[]}
","Operationstyp","Art der Mamma-Operation.","","","","","","","","","",,,,,"",,,,"OrganspezifischeZusatzmodule.Mamma.MammaOperation.Operationstyp",0,1,"","","Procedure.code","M4.1"
"OrganspezifischeZusatzmodule.Mamma.MammaOperation.IntraoperativesImaging","OrganspezifischeZusatzmodule.Mamma.MammaOperation.IntraoperativesImaging","","","",0,*,"","","","CodeableConcept {[]} {[]}
","Intraoperatives Imaging","Intraoperatives Imagung und weitere Markierungen und Hilfsmittel während der Operation.","","","","","","","","","",,,,,"",,,,"OrganspezifischeZusatzmodule.Mamma.MammaOperation.IntraoperativesImaging",0,*,"","","Procedure.usedCode","M4.2"
"OrganspezifischeZusatzmodule.KolorektalesKarzinom","OrganspezifischeZusatzmodule.KolorektalesKarzinom","","","",0,*,"","","","BackboneElement {[]} {[]}
","Kolorektales Karzinom","Kolorektales Karzinom","","","","","","","","","",,,,,"",,,,"OrganspezifischeZusatzmodule.KolorektalesKarzinom",0,*,"","ele-1:All FHIR elements must have a @value or children {hasValue() or (children().count() > id.count())}
","Bundle/Collection von KRK-spezifischen Ressourcen","KRK-Zusatzmodul nach oBDS"
"OrganspezifischeZusatzmodule.KolorektalesKarzinom.id","OrganspezifischeZusatzmodule.KolorektalesKarzinom.id","","","",0,1,"","","","string {[]} {[]}
","Unique id for inter-element referencing","Unique id for the element within a resource (for internal references). This may be any string value that does not contain spaces.","","","","","","","","","",,,,,"",,,,"Element.id",0,1,"","","n/a"
"OrganspezifischeZusatzmodule.KolorektalesKarzinom.extension","OrganspezifischeZusatzmodule.KolorektalesKarzinom.extension","","extensions
user content","",0,*,"","","","Extension {[]} {[]}
","Additional content defined by implementations","May be used to represent additional information that is not part of the basic definition of the element. To make the use of extensions safe and manageable, there is a strict set of governance  applied to the definition and use of extensions. Though any implementer can define an extension, there is a set of requirements that SHALL be met as part of the definition of the extension.","There can be no stigma associated with the use of extensions by any application, project, or standard - regardless of the institution or jurisdiction that uses or defines the extensions.  The use of extensions is what allows the FHIR specification to retain a core level of simplicity for everyone.","","","","","","","","",,,,,"","value:url}
","Extensions are always sliced by (at least) url",,"open","Element.extension",0,*,"","ele-1:All FHIR elements must have a @value or children {hasValue() or (children().count() > id.count())}
ext-1:Must have either extensions or value[x], not both {extension.exists() != value.exists()}","n/a"
"OrganspezifischeZusatzmodule.KolorektalesKarzinom.modifierExtension","OrganspezifischeZusatzmodule.KolorektalesKarzinom.modifierExtension","","extensions
user contentmodifiers","",0,*,"","Y","Y","Extension {[]} {[]}
","Extensions that cannot be ignored even if unrecognized","May be used to represent additional information that is not part of the basic definition of the element and that modifies the understanding of the element in which it is contained and/or the understanding of the containing element's descendants. Usually modifier elements provide negation or qualification. To make the use of extensions safe and manageable, there is a strict set of governance applied to the definition and use of extensions. Though any implementer can define an extension, there is a set of requirements that SHALL be met as part of the definition of the extension. Applications processing a resource are required to check for modifier extensions.

Modifier extensions SHALL NOT change the meaning of any elements on Resource or DomainResource (including cannot change the meaning of modifierExtension itself).","There can be no stigma associated with the use of extensions by any application, project, or standard - regardless of the institution or jurisdiction that uses or defines the extensions.  The use of extensions is what allows the FHIR specification to retain a core level of simplicity for everyone.","Modifier extensions allow for extensions that *cannot* be safely ignored to be clearly distinguished from the vast majority of extensions which can be safely ignored.  This promotes interoperability by eliminating the need for implementers to prohibit the presence of extensions. For further information, see the [definition of modifier extensions](http://hl7.org/fhir/R4/extensibility.html#modifierExtension).","","","","","","","",,,,,"",,,,"BackboneElement.modifierExtension",0,*,"","ele-1:All FHIR elements must have a @value or children {hasValue() or (children().count() > id.count())}
ext-1:Must have either extensions or value[x], not both {extension.exists() != value.exists()}","N/A"
"OrganspezifischeZusatzmodule.KolorektalesKarzinom.TumorLokalisation","OrganspezifischeZusatzmodule.KolorektalesKarzinom.TumorLokalisation","","","",0,1,"","","","BackboneElement {[]} {[]}
","Tumor Lokalisation","Tumor Lokalisation","","","","","","","","","",,,,,"",,,,"OrganspezifischeZusatzmodule.KolorektalesKarzinom.TumorLokalisation",0,1,"","ele-1:All FHIR elements must have a @value or children {hasValue() or (children().count() > id.count())}
","KRK-spezifische Tumorlokalisation","KR1"
"OrganspezifischeZusatzmodule.KolorektalesKarzinom.TumorLokalisation.id","OrganspezifischeZusatzmodule.KolorektalesKarzinom.TumorLokalisation.id","","","",0,1,"","","","string {[]} {[]}
","Unique id for inter-element referencing","Unique id for the element within a resource (for internal references). This may be any string value that does not contain spaces.","","","","","","","","","",,,,,"",,,,"Element.id",0,1,"","","n/a"
"OrganspezifischeZusatzmodule.KolorektalesKarzinom.TumorLokalisation.extension","OrganspezifischeZusatzmodule.KolorektalesKarzinom.TumorLokalisation.extension","","extensions
user content","",0,*,"","","","Extension {[]} {[]}
","Additional content defined by implementations","May be used to represent additional information that is not part of the basic definition of the element. To make the use of extensions safe and manageable, there is a strict set of governance  applied to the definition and use of extensions. Though any implementer can define an extension, there is a set of requirements that SHALL be met as part of the definition of the extension.","There can be no stigma associated with the use of extensions by any application, project, or standard - regardless of the institution or jurisdiction that uses or defines the extensions.  The use of extensions is what allows the FHIR specification to retain a core level of simplicity for everyone.","","","","","","","","",,,,,"","value:url}
","Extensions are always sliced by (at least) url",,"open","Element.extension",0,*,"","ele-1:All FHIR elements must have a @value or children {hasValue() or (children().count() > id.count())}
ext-1:Must have either extensions or value[x], not both {extension.exists() != value.exists()}","n/a"
"OrganspezifischeZusatzmodule.KolorektalesKarzinom.TumorLokalisation.modifierExtension","OrganspezifischeZusatzmodule.KolorektalesKarzinom.TumorLokalisation.modifierExtension","","extensions
user contentmodifiers","",0,*,"","Y","Y","Extension {[]} {[]}
","Extensions that cannot be ignored even if unrecognized","May be used to represent additional information that is not part of the basic definition of the element and that modifies the understanding of the element in which it is contained and/or the understanding of the containing element's descendants. Usually modifier elements provide negation or qualification. To make the use of extensions safe and manageable, there is a strict set of governance applied to the definition and use of extensions. Though any implementer can define an extension, there is a set of requirements that SHALL be met as part of the definition of the extension. Applications processing a resource are required to check for modifier extensions.

Modifier extensions SHALL NOT change the meaning of any elements on Resource or DomainResource (including cannot change the meaning of modifierExtension itself).","There can be no stigma associated with the use of extensions by any application, project, or standard - regardless of the institution or jurisdiction that uses or defines the extensions.  The use of extensions is what allows the FHIR specification to retain a core level of simplicity for everyone.","Modifier extensions allow for extensions that *cannot* be safely ignored to be clearly distinguished from the vast majority of extensions which can be safely ignored.  This promotes interoperability by eliminating the need for implementers to prohibit the presence of extensions. For further information, see the [definition of modifier extensions](http://hl7.org/fhir/R4/extensibility.html#modifierExtension).","","","","","","","",,,,,"",,,,"BackboneElement.modifierExtension",0,*,"","ele-1:All FHIR elements must have a @value or children {hasValue() or (children().count() > id.count())}
ext-1:Must have either extensions or value[x], not both {extension.exists() != value.exists()}","N/A"
"OrganspezifischeZusatzmodule.KolorektalesKarzinom.TumorLokalisation.AbstandAnokutanlinie","OrganspezifischeZusatzmodule.KolorektalesKarzinom.TumorLokalisation.AbstandAnokutanlinie","","","",0,1,"","","","Quantity {[]} {[]}
","Abstand Anokutanlinie","Höhe des Sitzes des Rektumkarzinoms ab Anokutanlinie in cm. oBDS KR1","","","","","","","","","",,,,,"",,,,"OrganspezifischeZusatzmodule.KolorektalesKarzinom.TumorLokalisation.AbstandAnokutanlinie",0,1,"","","Observation.where(code.coding.system='http://loinc.org' and code.coding.code='33748-5').valueQuantity","KR1"
"OrganspezifischeZusatzmodule.KolorektalesKarzinom.BildgebendeVerfahren","OrganspezifischeZusatzmodule.KolorektalesKarzinom.BildgebendeVerfahren","","","",0,1,"","","","BackboneElement {[]} {[]}
","Bildgebende Verfahren","Bildgebende Verfahren","","","","","","","","","",,,,,"",,,,"OrganspezifischeZusatzmodule.KolorektalesKarzinom.BildgebendeVerfahren",0,1,"","ele-1:All FHIR elements must have a @value or children {hasValue() or (children().count() > id.count())}
","KRK-spezifische bildgebende Verfahren","KR5"
"OrganspezifischeZusatzmodule.KolorektalesKarzinom.BildgebendeVerfahren.id","OrganspezifischeZusatzmodule.KolorektalesKarzinom.BildgebendeVerfahren.id","","","",0,1,"","","","string {[]} {[]}
","Unique id for inter-element referencing","Unique id for the element within a resource (for internal references). This may be any string value that does not contain spaces.","","","","","","","","","",,,,,"",,,,"Element.id",0,1,"","","n/a"
"OrganspezifischeZusatzmodule.KolorektalesKarzinom.BildgebendeVerfahren.extension","OrganspezifischeZusatzmodule.KolorektalesKarzinom.BildgebendeVerfahren.extension","","extensions
user content","",0,*,"","","","Extension {[]} {[]}
","Additional content defined by implementations","May be used to represent additional information that is not part of the basic definition of the element. To make the use of extensions safe and manageable, there is a strict set of governance  applied to the definition and use of extensions. Though any implementer can define an extension, there is a set of requirements that SHALL be met as part of the definition of the extension.","There can be no stigma associated with the use of extensions by any application, project, or standard - regardless of the institution or jurisdiction that uses or defines the extensions.  The use of extensions is what allows the FHIR specification to retain a core level of simplicity for everyone.","","","","","","","","",,,,,"","value:url}
","Extensions are always sliced by (at least) url",,"open","Element.extension",0,*,"","ele-1:All FHIR elements must have a @value or children {hasValue() or (children().count() > id.count())}
ext-1:Must have either extensions or value[x], not both {extension.exists() != value.exists()}","n/a"
"OrganspezifischeZusatzmodule.KolorektalesKarzinom.BildgebendeVerfahren.modifierExtension","OrganspezifischeZusatzmodule.KolorektalesKarzinom.BildgebendeVerfahren.modifierExtension","","extensions
user contentmodifiers","",0,*,"","Y","Y","Extension {[]} {[]}
","Extensions that cannot be ignored even if unrecognized","May be used to represent additional information that is not part of the basic definition of the element and that modifies the understanding of the element in which it is contained and/or the understanding of the containing element's descendants. Usually modifier elements provide negation or qualification. To make the use of extensions safe and manageable, there is a strict set of governance applied to the definition and use of extensions. Though any implementer can define an extension, there is a set of requirements that SHALL be met as part of the definition of the extension. Applications processing a resource are required to check for modifier extensions.

Modifier extensions SHALL NOT change the meaning of any elements on Resource or DomainResource (including cannot change the meaning of modifierExtension itself).","There can be no stigma associated with the use of extensions by any application, project, or standard - regardless of the institution or jurisdiction that uses or defines the extensions.  The use of extensions is what allows the FHIR specification to retain a core level of simplicity for everyone.","Modifier extensions allow for extensions that *cannot* be safely ignored to be clearly distinguished from the vast majority of extensions which can be safely ignored.  This promotes interoperability by eliminating the need for implementers to prohibit the presence of extensions. For further information, see the [definition of modifier extensions](http://hl7.org/fhir/R4/extensibility.html#modifierExtension).","","","","","","","",,,,,"",,,,"BackboneElement.modifierExtension",0,*,"","ele-1:All FHIR elements must have a @value or children {hasValue() or (children().count() > id.count())}
ext-1:Must have either extensions or value[x], not both {extension.exists() != value.exists()}","N/A"
"OrganspezifischeZusatzmodule.KolorektalesKarzinom.BildgebendeVerfahren.MRTMesorektale","OrganspezifischeZusatzmodule.KolorektalesKarzinom.BildgebendeVerfahren.MRTMesorektale","","","",0,1,"","","","BackboneElement {[]} {[]}
","MRT/CT Mesorektale Faszie","MRT/CT Mesorektale Faszie","","","","","","","","","",,,,,"",,,,"OrganspezifischeZusatzmodule.KolorektalesKarzinom.BildgebendeVerfahren.MRTMesorektale",0,1,"","ele-1:All FHIR elements must have a @value or children {hasValue() or (children().count() > id.count())}
","Observation.where(code.coding.system='http://radlex.org' and code.coding.code='RDE96')","KR5"
"OrganspezifischeZusatzmodule.KolorektalesKarzinom.BildgebendeVerfahren.MRTMesorektale.id","OrganspezifischeZusatzmodule.KolorektalesKarzinom.BildgebendeVerfahren.MRTMesorektale.id","","","",0,1,"","","","string {[]} {[]}
","Unique id for inter-element referencing","Unique id for the element within a resource (for internal references). This may be any string value that does not contain spaces.","","","","","","","","","",,,,,"",,,,"Element.id",0,1,"","","n/a"
"OrganspezifischeZusatzmodule.KolorektalesKarzinom.BildgebendeVerfahren.MRTMesorektale.extension","OrganspezifischeZusatzmodule.KolorektalesKarzinom.BildgebendeVerfahren.MRTMesorektale.extension","","extensions
user content","",0,*,"","","","Extension {[]} {[]}
","Additional content defined by implementations","May be used to represent additional information that is not part of the basic definition of the element. To make the use of extensions safe and manageable, there is a strict set of governance  applied to the definition and use of extensions. Though any implementer can define an extension, there is a set of requirements that SHALL be met as part of the definition of the extension.","There can be no stigma associated with the use of extensions by any application, project, or standard - regardless of the institution or jurisdiction that uses or defines the extensions.  The use of extensions is what allows the FHIR specification to retain a core level of simplicity for everyone.","","","","","","","","",,,,,"","value:url}
","Extensions are always sliced by (at least) url",,"open","Element.extension",0,*,"","ele-1:All FHIR elements must have a @value or children {hasValue() or (children().count() > id.count())}
ext-1:Must have either extensions or value[x], not both {extension.exists() != value.exists()}","n/a"
"OrganspezifischeZusatzmodule.KolorektalesKarzinom.BildgebendeVerfahren.MRTMesorektale.modifierExtension","OrganspezifischeZusatzmodule.KolorektalesKarzinom.BildgebendeVerfahren.MRTMesorektale.modifierExtension","","extensions
user contentmodifiers","",0,*,"","Y","Y","Extension {[]} {[]}
","Extensions that cannot be ignored even if unrecognized","May be used to represent additional information that is not part of the basic definition of the element and that modifies the understanding of the element in which it is contained and/or the understanding of the containing element's descendants. Usually modifier elements provide negation or qualification. To make the use of extensions safe and manageable, there is a strict set of governance applied to the definition and use of extensions. Though any implementer can define an extension, there is a set of requirements that SHALL be met as part of the definition of the extension. Applications processing a resource are required to check for modifier extensions.

Modifier extensions SHALL NOT change the meaning of any elements on Resource or DomainResource (including cannot change the meaning of modifierExtension itself).","There can be no stigma associated with the use of extensions by any application, project, or standard - regardless of the institution or jurisdiction that uses or defines the extensions.  The use of extensions is what allows the FHIR specification to retain a core level of simplicity for everyone.","Modifier extensions allow for extensions that *cannot* be safely ignored to be clearly distinguished from the vast majority of extensions which can be safely ignored.  This promotes interoperability by eliminating the need for implementers to prohibit the presence of extensions. For further information, see the [definition of modifier extensions](http://hl7.org/fhir/R4/extensibility.html#modifierExtension).","","","","","","","",,,,,"",,,,"BackboneElement.modifierExtension",0,*,"","ele-1:All FHIR elements must have a @value or children {hasValue() or (children().count() > id.count())}
ext-1:Must have either extensions or value[x], not both {extension.exists() != value.exists()}","N/A"
"OrganspezifischeZusatzmodule.KolorektalesKarzinom.BildgebendeVerfahren.MRTMesorektale.AbstandMesorektale","OrganspezifischeZusatzmodule.KolorektalesKarzinom.BildgebendeVerfahren.MRTMesorektale.AbstandMesorektale","","","",0,1,"","","","Quantity {[]} {[]}
","Abstand Mesorektale Faszie","Abstand des Tumors zur mesorektalen Faszie in mm bei MRT/CT. oBDS KR5","","","","","","","","","",,,,,"",,,,"OrganspezifischeZusatzmodule.KolorektalesKarzinom.BildgebendeVerfahren.MRTMesorektale.AbstandMesorektale",0,1,"","","Observation.valueQuantity","KR5"
"OrganspezifischeZusatzmodule.KolorektalesKarzinom.BildgebendeVerfahren.MRTMesorektale.AbstandNichtVerfuegbarGrund","OrganspezifischeZusatzmodule.KolorektalesKarzinom.BildgebendeVerfahren.MRTMesorektale.AbstandNichtVerfuegbarGrund","","","",0,1,"","","","CodeableConcept {[]} {[]}
","Grund für fehlende Abstandsmessung","Grund warum der Abstand zur mesorektalen Faszie nicht verfügbar ist (nicht durchgeführt/nicht angegeben/unbekannt).","","","","","","","","","",,,,,"",,,,"OrganspezifischeZusatzmodule.KolorektalesKarzinom.BildgebendeVerfahren.MRTMesorektale.AbstandNichtVerfuegbarGrund",0,1,"","","Observation.valueCodeableConcept","KR5"
"OrganspezifischeZusatzmodule.KolorektalesKarzinom.Operation","OrganspezifischeZusatzmodule.KolorektalesKarzinom.Operation","","","",0,1,"","","","BackboneElement {[]} {[]}
","KRK Operation","KRK Operation","","","","","","","","","",,,,,"",,,,"OrganspezifischeZusatzmodule.KolorektalesKarzinom.Operation",0,1,"","ele-1:All FHIR elements must have a @value or children {hasValue() or (children().count() > id.count())}
","Procedure.where(meta.profile.contains('https://www.medizininformatik-initiative.de/fhir/ext/modul-onko/StructureDefinition/mii-pr-onko-krk-operation'))","KR-Operation"
"OrganspezifischeZusatzmodule.KolorektalesKarzinom.Operation.id","OrganspezifischeZusatzmodule.KolorektalesKarzinom.Operation.id","","","",0,1,"","","","string {[]} {[]}
","Unique id for inter-element referencing","Unique id for the element within a resource (for internal references). This may be any string value that does not contain spaces.","","","","","","","","","",,,,,"",,,,"Element.id",0,1,"","","n/a"
"OrganspezifischeZusatzmodule.KolorektalesKarzinom.Operation.extension","OrganspezifischeZusatzmodule.KolorektalesKarzinom.Operation.extension","","extensions
user content","",0,*,"","","","Extension {[]} {[]}
","Additional content defined by implementations","May be used to represent additional information that is not part of the basic definition of the element. To make the use of extensions safe and manageable, there is a strict set of governance  applied to the definition and use of extensions. Though any implementer can define an extension, there is a set of requirements that SHALL be met as part of the definition of the extension.","There can be no stigma associated with the use of extensions by any application, project, or standard - regardless of the institution or jurisdiction that uses or defines the extensions.  The use of extensions is what allows the FHIR specification to retain a core level of simplicity for everyone.","","","","","","","","",,,,,"","value:url}
","Extensions are always sliced by (at least) url",,"open","Element.extension",0,*,"","ele-1:All FHIR elements must have a @value or children {hasValue() or (children().count() > id.count())}
ext-1:Must have either extensions or value[x], not both {extension.exists() != value.exists()}","n/a"
"OrganspezifischeZusatzmodule.KolorektalesKarzinom.Operation.modifierExtension","OrganspezifischeZusatzmodule.KolorektalesKarzinom.Operation.modifierExtension","","extensions
user contentmodifiers","",0,*,"","Y","Y","Extension {[]} {[]}
","Extensions that cannot be ignored even if unrecognized","May be used to represent additional information that is not part of the basic definition of the element and that modifies the understanding of the element in which it is contained and/or the understanding of the containing element's descendants. Usually modifier elements provide negation or qualification. To make the use of extensions safe and manageable, there is a strict set of governance applied to the definition and use of extensions. Though any implementer can define an extension, there is a set of requirements that SHALL be met as part of the definition of the extension. Applications processing a resource are required to check for modifier extensions.

Modifier extensions SHALL NOT change the meaning of any elements on Resource or DomainResource (including cannot change the meaning of modifierExtension itself).","There can be no stigma associated with the use of extensions by any application, project, or standard - regardless of the institution or jurisdiction that uses or defines the extensions.  The use of extensions is what allows the FHIR specification to retain a core level of simplicity for everyone.","Modifier extensions allow for extensions that *cannot* be safely ignored to be clearly distinguished from the vast majority of extensions which can be safely ignored.  This promotes interoperability by eliminating the need for implementers to prohibit the presence of extensions. For further information, see the [definition of modifier extensions](http://hl7.org/fhir/R4/extensibility.html#modifierExtension).","","","","","","","",,,,,"",,,,"BackboneElement.modifierExtension",0,*,"","ele-1:All FHIR elements must have a @value or children {hasValue() or (children().count() > id.count())}
ext-1:Must have either extensions or value[x], not both {extension.exists() != value.exists()}","N/A"
"OrganspezifischeZusatzmodule.KolorektalesKarzinom.Operation.Operationstyp","OrganspezifischeZusatzmodule.KolorektalesKarzinom.Operation.Operationstyp","","","",0,1,"","","","CodeableConcept {[]} {[]}
","Operationstyp","Art der kolorektalen Operation (TME, PME, lokale Exzision, etc.).","","","","","","","","","",,,,,"",,,,"OrganspezifischeZusatzmodule.KolorektalesKarzinom.Operation.Operationstyp",0,1,"","","Procedure.code","OPS"
"OrganspezifischeZusatzmodule.KolorektalesKarzinom.Operation.ASAKlassifikation","OrganspezifischeZusatzmodule.KolorektalesKarzinom.Operation.ASAKlassifikation","","","",0,1,"","","","CodeableConcept {[]} {[]}
","ASA-Klassifikation","American Society of Anesthesiologists Physical Status Classification System. oBDS KR4","","","","","","","","","",,,,,"",,,,"OrganspezifischeZusatzmodule.KolorektalesKarzinom.Operation.ASAKlassifikation",0,1,"","","Observation.where(code.coding.system='http://loinc.org' and code.coding.code='97816-3').valueCodeableConcept","KR9"
"OrganspezifischeZusatzmodule.KolorektalesKarzinom.Operation.StomaMarkierung","OrganspezifischeZusatzmodule.KolorektalesKarzinom.Operation.StomaMarkierung","","","",0,1,"","","","BackboneElement {[]} {[]}
","Stoma Markierung","Stoma Markierung","","","","","","","","","",,,,,"",,,,"OrganspezifischeZusatzmodule.KolorektalesKarzinom.Operation.StomaMarkierung",0,1,"","ele-1:All FHIR elements must have a @value or children {hasValue() or (children().count() > id.count())}
","Procedure.where(meta.profile.contains('https://www.medizininformatik-initiative.de/fhir/ext/modul-onko/StructureDefinition/mii-pr-onko-krk-stoma-markierung'))","KR7"
"OrganspezifischeZusatzmodule.KolorektalesKarzinom.Operation.StomaMarkierung.id","OrganspezifischeZusatzmodule.KolorektalesKarzinom.Operation.StomaMarkierung.id","","","",0,1,"","","","string {[]} {[]}
","Unique id for inter-element referencing","Unique id for the element within a resource (for internal references). This may be any string value that does not contain spaces.","","","","","","","","","",,,,,"",,,,"Element.id",0,1,"","","n/a"
"OrganspezifischeZusatzmodule.KolorektalesKarzinom.Operation.StomaMarkierung.extension","OrganspezifischeZusatzmodule.KolorektalesKarzinom.Operation.StomaMarkierung.extension","","extensions
user content","",0,*,"","","","Extension {[]} {[]}
","Additional content defined by implementations","May be used to represent additional information that is not part of the basic definition of the element. To make the use of extensions safe and manageable, there is a strict set of governance  applied to the definition and use of extensions. Though any implementer can define an extension, there is a set of requirements that SHALL be met as part of the definition of the extension.","There can be no stigma associated with the use of extensions by any application, project, or standard - regardless of the institution or jurisdiction that uses or defines the extensions.  The use of extensions is what allows the FHIR specification to retain a core level of simplicity for everyone.","","","","","","","","",,,,,"","value:url}
","Extensions are always sliced by (at least) url",,"open","Element.extension",0,*,"","ele-1:All FHIR elements must have a @value or children {hasValue() or (children().count() > id.count())}
ext-1:Must have either extensions or value[x], not both {extension.exists() != value.exists()}","n/a"
"OrganspezifischeZusatzmodule.KolorektalesKarzinom.Operation.StomaMarkierung.modifierExtension","OrganspezifischeZusatzmodule.KolorektalesKarzinom.Operation.StomaMarkierung.modifierExtension","","extensions
user contentmodifiers","",0,*,"","Y","Y","Extension {[]} {[]}
","Extensions that cannot be ignored even if unrecognized","May be used to represent additional information that is not part of the basic definition of the element and that modifies the understanding of the element in which it is contained and/or the understanding of the containing element's descendants. Usually modifier elements provide negation or qualification. To make the use of extensions safe and manageable, there is a strict set of governance applied to the definition and use of extensions. Though any implementer can define an extension, there is a set of requirements that SHALL be met as part of the definition of the extension. Applications processing a resource are required to check for modifier extensions.

Modifier extensions SHALL NOT change the meaning of any elements on Resource or DomainResource (including cannot change the meaning of modifierExtension itself).","There can be no stigma associated with the use of extensions by any application, project, or standard - regardless of the institution or jurisdiction that uses or defines the extensions.  The use of extensions is what allows the FHIR specification to retain a core level of simplicity for everyone.","Modifier extensions allow for extensions that *cannot* be safely ignored to be clearly distinguished from the vast majority of extensions which can be safely ignored.  This promotes interoperability by eliminating the need for implementers to prohibit the presence of extensions. For further information, see the [definition of modifier extensions](http://hl7.org/fhir/R4/extensibility.html#modifierExtension).","","","","","","","",,,,,"",,,,"BackboneElement.modifierExtension",0,*,"","ele-1:All FHIR elements must have a @value or children {hasValue() or (children().count() > id.count())}
ext-1:Must have either extensions or value[x], not both {extension.exists() != value.exists()}","N/A"
"OrganspezifischeZusatzmodule.KolorektalesKarzinom.Operation.StomaMarkierung.Status","OrganspezifischeZusatzmodule.KolorektalesKarzinom.Operation.StomaMarkierung.Status","","","",0,1,"","","","CodeableConcept {[]} {[]}
","Markierungsstatus","Status der präoperativen Stoma-Markierung.","","","","","","","","","",,,,,"",,,,"OrganspezifischeZusatzmodule.KolorektalesKarzinom.Operation.StomaMarkierung.Status",0,1,"","","Procedure.status","KR7"
"OrganspezifischeZusatzmodule.KolorektalesKarzinom.Operation.StomaMarkierung.StatusGrund","OrganspezifischeZusatzmodule.KolorektalesKarzinom.Operation.StomaMarkierung.StatusGrund","","","",0,1,"","","","CodeableConcept {[]} {[]}
","Status Grund","Grund für Markierungsstatus (geplant/nicht geplant/abgelehnt).","","","","","","","","","",,,,,"",,,,"OrganspezifischeZusatzmodule.KolorektalesKarzinom.Operation.StomaMarkierung.StatusGrund",0,1,"","","Procedure.statusReason","KR7"
"OrganspezifischeZusatzmodule.KolorektalesKarzinom.PathologischeBewertung","OrganspezifischeZusatzmodule.KolorektalesKarzinom.PathologischeBewertung","","","",0,1,"","","","BackboneElement {[]} {[]}
","Pathologische Bewertung","Pathologische Bewertung","","","","","","","","","",,,,,"",,,,"OrganspezifischeZusatzmodule.KolorektalesKarzinom.PathologischeBewertung",0,1,"","ele-1:All FHIR elements must have a @value or children {hasValue() or (children().count() > id.count())}
","KRK-spezifische pathologische Bewertung","KR2-KR4"
"OrganspezifischeZusatzmodule.KolorektalesKarzinom.PathologischeBewertung.id","OrganspezifischeZusatzmodule.KolorektalesKarzinom.PathologischeBewertung.id","","","",0,1,"","","","string {[]} {[]}
","Unique id for inter-element referencing","Unique id for the element within a resource (for internal references). This may be any string value that does not contain spaces.","","","","","","","","","",,,,,"",,,,"Element.id",0,1,"","","n/a"
"OrganspezifischeZusatzmodule.KolorektalesKarzinom.PathologischeBewertung.extension","OrganspezifischeZusatzmodule.KolorektalesKarzinom.PathologischeBewertung.extension","","extensions
user content","",0,*,"","","","Extension {[]} {[]}
","Additional content defined by implementations","May be used to represent additional information that is not part of the basic definition of the element. To make the use of extensions safe and manageable, there is a strict set of governance  applied to the definition and use of extensions. Though any implementer can define an extension, there is a set of requirements that SHALL be met as part of the definition of the extension.","There can be no stigma associated with the use of extensions by any application, project, or standard - regardless of the institution or jurisdiction that uses or defines the extensions.  The use of extensions is what allows the FHIR specification to retain a core level of simplicity for everyone.","","","","","","","","",,,,,"","value:url}
","Extensions are always sliced by (at least) url",,"open","Element.extension",0,*,"","ele-1:All FHIR elements must have a @value or children {hasValue() or (children().count() > id.count())}
ext-1:Must have either extensions or value[x], not both {extension.exists() != value.exists()}","n/a"
"OrganspezifischeZusatzmodule.KolorektalesKarzinom.PathologischeBewertung.modifierExtension","OrganspezifischeZusatzmodule.KolorektalesKarzinom.PathologischeBewertung.modifierExtension","","extensions
user contentmodifiers","",0,*,"","Y","Y","Extension {[]} {[]}
","Extensions that cannot be ignored even if unrecognized","May be used to represent additional information that is not part of the basic definition of the element and that modifies the understanding of the element in which it is contained and/or the understanding of the containing element's descendants. Usually modifier elements provide negation or qualification. To make the use of extensions safe and manageable, there is a strict set of governance applied to the definition and use of extensions. Though any implementer can define an extension, there is a set of requirements that SHALL be met as part of the definition of the extension. Applications processing a resource are required to check for modifier extensions.

Modifier extensions SHALL NOT change the meaning of any elements on Resource or DomainResource (including cannot change the meaning of modifierExtension itself).","There can be no stigma associated with the use of extensions by any application, project, or standard - regardless of the institution or jurisdiction that uses or defines the extensions.  The use of extensions is what allows the FHIR specification to retain a core level of simplicity for everyone.","Modifier extensions allow for extensions that *cannot* be safely ignored to be clearly distinguished from the vast majority of extensions which can be safely ignored.  This promotes interoperability by eliminating the need for implementers to prohibit the presence of extensions. For further information, see the [definition of modifier extensions](http://hl7.org/fhir/R4/extensibility.html#modifierExtension).","","","","","","","",,,,,"",,,,"BackboneElement.modifierExtension",0,*,"","ele-1:All FHIR elements must have a @value or children {hasValue() or (children().count() > id.count())}
ext-1:Must have either extensions or value[x], not both {extension.exists() != value.exists()}","N/A"
"OrganspezifischeZusatzmodule.KolorektalesKarzinom.PathologischeBewertung.ResektionsraenderAboral","OrganspezifischeZusatzmodule.KolorektalesKarzinom.PathologischeBewertung.ResektionsraenderAboral","","","",0,1,"","","","Quantity {[]} {[]}
","Resektionsrand aboral","Minimaler Abstand des aboralen Tumorrandes zum aboralen Resektionsrand in mm. oBDS KR2","","","","","","","","","",,,,,"",,,,"OrganspezifischeZusatzmodule.KolorektalesKarzinom.PathologischeBewertung.ResektionsraenderAboral",0,1,"","","Observation.where(code.coding.system='http://loinc.org' and code.coding.code='81175-2').valueQuantity","KR2"
"OrganspezifischeZusatzmodule.KolorektalesKarzinom.PathologischeBewertung.ResektionsraenderCircumferell","OrganspezifischeZusatzmodule.KolorektalesKarzinom.PathologischeBewertung.ResektionsraenderCircumferell","","","",0,1,"","","","Quantity {[]} {[]}
","Resektionsrand circumferell","Minimaler Abstand des Tumors zur circumferellen Resektionsebene in mm. oBDS KR3","","","","","","","","","",,,,,"",,,,"OrganspezifischeZusatzmodule.KolorektalesKarzinom.PathologischeBewertung.ResektionsraenderCircumferell",0,1,"","","Observation.where(code.coding.system='http://loinc.org' and code.coding.code='81176-0').valueQuantity","KR3"
"OrganspezifischeZusatzmodule.KolorektalesKarzinom.PathologischeBewertung.TMEQualitaet","OrganspezifischeZusatzmodule.KolorektalesKarzinom.PathologischeBewertung.TMEQualitaet","","","",0,1,"","","","CodeableConcept {[]} {[]}
","TME Qualität","Qualität der totalen mesorektalen Exzision (Grad 1-3).","","","","","","","","","",,,,,"",,,,"OrganspezifischeZusatzmodule.KolorektalesKarzinom.PathologischeBewertung.TMEQualitaet",0,1,"","","Specimen.where(meta.profile.contains('https://www.medizininformatik-initiative.de/fhir/ext/modul-onko/StructureDefinition/mii-pr-onko-krk-specimen')).extension","KR4"
"OrganspezifischeZusatzmodule.KolorektalesKarzinom.PostoperativeKomplikationen","OrganspezifischeZusatzmodule.KolorektalesKarzinom.PostoperativeKomplikationen","","","",0,1,"","","","BackboneElement {[]} {[]}
","Postoperative Komplikationen","Postoperative Komplikationen","","","","","","","","","",,,,,"",,,,"OrganspezifischeZusatzmodule.KolorektalesKarzinom.PostoperativeKomplikationen",0,1,"","ele-1:All FHIR elements must have a @value or children {hasValue() or (children().count() > id.count())}
","KRK-spezifische postoperative Komplikationen","KR8"
"OrganspezifischeZusatzmodule.KolorektalesKarzinom.PostoperativeKomplikationen.id","OrganspezifischeZusatzmodule.KolorektalesKarzinom.PostoperativeKomplikationen.id","","","",0,1,"","","","string {[]} {[]}
","Unique id for inter-element referencing","Unique id for the element within a resource (for internal references). This may be any string value that does not contain spaces.","","","","","","","","","",,,,,"",,,,"Element.id",0,1,"","","n/a"
"OrganspezifischeZusatzmodule.KolorektalesKarzinom.PostoperativeKomplikationen.extension","OrganspezifischeZusatzmodule.KolorektalesKarzinom.PostoperativeKomplikationen.extension","","extensions
user content","",0,*,"","","","Extension {[]} {[]}
","Additional content defined by implementations","May be used to represent additional information that is not part of the basic definition of the element. To make the use of extensions safe and manageable, there is a strict set of governance  applied to the definition and use of extensions. Though any implementer can define an extension, there is a set of requirements that SHALL be met as part of the definition of the extension.","There can be no stigma associated with the use of extensions by any application, project, or standard - regardless of the institution or jurisdiction that uses or defines the extensions.  The use of extensions is what allows the FHIR specification to retain a core level of simplicity for everyone.","","","","","","","","",,,,,"","value:url}
","Extensions are always sliced by (at least) url",,"open","Element.extension",0,*,"","ele-1:All FHIR elements must have a @value or children {hasValue() or (children().count() > id.count())}
ext-1:Must have either extensions or value[x], not both {extension.exists() != value.exists()}","n/a"
"OrganspezifischeZusatzmodule.KolorektalesKarzinom.PostoperativeKomplikationen.modifierExtension","OrganspezifischeZusatzmodule.KolorektalesKarzinom.PostoperativeKomplikationen.modifierExtension","","extensions
user contentmodifiers","",0,*,"","Y","Y","Extension {[]} {[]}
","Extensions that cannot be ignored even if unrecognized","May be used to represent additional information that is not part of the basic definition of the element and that modifies the understanding of the element in which it is contained and/or the understanding of the containing element's descendants. Usually modifier elements provide negation or qualification. To make the use of extensions safe and manageable, there is a strict set of governance applied to the definition and use of extensions. Though any implementer can define an extension, there is a set of requirements that SHALL be met as part of the definition of the extension. Applications processing a resource are required to check for modifier extensions.

Modifier extensions SHALL NOT change the meaning of any elements on Resource or DomainResource (including cannot change the meaning of modifierExtension itself).","There can be no stigma associated with the use of extensions by any application, project, or standard - regardless of the institution or jurisdiction that uses or defines the extensions.  The use of extensions is what allows the FHIR specification to retain a core level of simplicity for everyone.","Modifier extensions allow for extensions that *cannot* be safely ignored to be clearly distinguished from the vast majority of extensions which can be safely ignored.  This promotes interoperability by eliminating the need for implementers to prohibit the presence of extensions. For further information, see the [definition of modifier extensions](http://hl7.org/fhir/R4/extensibility.html#modifierExtension).","","","","","","","",,,,,"",,,,"BackboneElement.modifierExtension",0,*,"","ele-1:All FHIR elements must have a @value or children {hasValue() or (children().count() > id.count())}
ext-1:Must have either extensions or value[x], not both {extension.exists() != value.exists()}","N/A"
"OrganspezifischeZusatzmodule.KolorektalesKarzinom.PostoperativeKomplikationen.Anastomoseninsuffizienz","OrganspezifischeZusatzmodule.KolorektalesKarzinom.PostoperativeKomplikationen.Anastomoseninsuffizienz","","","",0,1,"","","","CodeableConcept {[]} {[]}
","Anastomoseninsuffizienz","Bewertung der Anastomoseninsuffizienz nach Grad A/B/C.","","","","","","","","","",,,,,"",,,,"OrganspezifischeZusatzmodule.KolorektalesKarzinom.PostoperativeKomplikationen.Anastomoseninsuffizienz",0,1,"","","Observation.where(code.coding.system='http://snomed.info/sct' and code.coding.code='361317002').valueCodeableConcept","KR8"
"OrganspezifischeZusatzmodule.Prostata","OrganspezifischeZusatzmodule.Prostata","","","",0,*,"","","","BackboneElement {[]} {[]}
","Prostata","Prostata","","","","","","","","","",,,,,"",,,,"OrganspezifischeZusatzmodule.Prostata",0,*,"","ele-1:All FHIR elements must have a @value or children {hasValue() or (children().count() > id.count())}
","Bundle/Collection von Prostata-spezifischen Ressourcen","Prostata-Zusatzmodul nach oBDS"
"OrganspezifischeZusatzmodule.Prostata.id","OrganspezifischeZusatzmodule.Prostata.id","","","",0,1,"","","","string {[]} {[]}
","Unique id for inter-element referencing","Unique id for the element within a resource (for internal references). This may be any string value that does not contain spaces.","","","","","","","","","",,,,,"",,,,"Element.id",0,1,"","","n/a"
"OrganspezifischeZusatzmodule.Prostata.extension","OrganspezifischeZusatzmodule.Prostata.extension","","extensions
user content","",0,*,"","","","Extension {[]} {[]}
","Additional content defined by implementations","May be used to represent additional information that is not part of the basic definition of the element. To make the use of extensions safe and manageable, there is a strict set of governance  applied to the definition and use of extensions. Though any implementer can define an extension, there is a set of requirements that SHALL be met as part of the definition of the extension.","There can be no stigma associated with the use of extensions by any application, project, or standard - regardless of the institution or jurisdiction that uses or defines the extensions.  The use of extensions is what allows the FHIR specification to retain a core level of simplicity for everyone.","","","","","","","","",,,,,"","value:url}
","Extensions are always sliced by (at least) url",,"open","Element.extension",0,*,"","ele-1:All FHIR elements must have a @value or children {hasValue() or (children().count() > id.count())}
ext-1:Must have either extensions or value[x], not both {extension.exists() != value.exists()}","n/a"
"OrganspezifischeZusatzmodule.Prostata.modifierExtension","OrganspezifischeZusatzmodule.Prostata.modifierExtension","","extensions
user contentmodifiers","",0,*,"","Y","Y","Extension {[]} {[]}
","Extensions that cannot be ignored even if unrecognized","May be used to represent additional information that is not part of the basic definition of the element and that modifies the understanding of the element in which it is contained and/or the understanding of the containing element's descendants. Usually modifier elements provide negation or qualification. To make the use of extensions safe and manageable, there is a strict set of governance applied to the definition and use of extensions. Though any implementer can define an extension, there is a set of requirements that SHALL be met as part of the definition of the extension. Applications processing a resource are required to check for modifier extensions.

Modifier extensions SHALL NOT change the meaning of any elements on Resource or DomainResource (including cannot change the meaning of modifierExtension itself).","There can be no stigma associated with the use of extensions by any application, project, or standard - regardless of the institution or jurisdiction that uses or defines the extensions.  The use of extensions is what allows the FHIR specification to retain a core level of simplicity for everyone.","Modifier extensions allow for extensions that *cannot* be safely ignored to be clearly distinguished from the vast majority of extensions which can be safely ignored.  This promotes interoperability by eliminating the need for implementers to prohibit the presence of extensions. For further information, see the [definition of modifier extensions](http://hl7.org/fhir/R4/extensibility.html#modifierExtension).","","","","","","","",,,,,"",,,,"BackboneElement.modifierExtension",0,*,"","ele-1:All FHIR elements must have a @value or children {hasValue() or (children().count() > id.count())}
ext-1:Must have either extensions or value[x], not both {extension.exists() != value.exists()}","N/A"
"OrganspezifischeZusatzmodule.Prostata.PSAWert","OrganspezifischeZusatzmodule.Prostata.PSAWert","","","",0,1,"","","","Quantity {[]} {[]}
","PSA-Wert","Prostataspezifisches Antigen in ng/ml für Diagnostik und Verlaufskontrolle.","","","","","","","","","",,,,,"",,,,"OrganspezifischeZusatzmodule.Prostata.PSAWert",0,1,"","","Observation.where(code.coding.system='http://loinc.org' and code.coding.code='2857-1').valueQuantity","P1"
"OrganspezifischeZusatzmodule.Prostata.GleasonPattern","OrganspezifischeZusatzmodule.Prostata.GleasonPattern","","","",0,*,"","","","BackboneElement {[]} {[]}
","Gleason Pattern","Gleason Pattern","","","","","","","","","",,,,,"",,,,"OrganspezifischeZusatzmodule.Prostata.GleasonPattern",0,*,"","ele-1:All FHIR elements must have a @value or children {hasValue() or (children().count() > id.count())}
","Observation.where(code.coding.memberOf('mii-vs-onko-prostata-gleason-primary-secondary-tertiary'))","P2"
"OrganspezifischeZusatzmodule.Prostata.GleasonPattern.id","OrganspezifischeZusatzmodule.Prostata.GleasonPattern.id","","","",0,1,"","","","string {[]} {[]}
","Unique id for inter-element referencing","Unique id for the element within a resource (for internal references). This may be any string value that does not contain spaces.","","","","","","","","","",,,,,"",,,,"Element.id",0,1,"","","n/a"
"OrganspezifischeZusatzmodule.Prostata.GleasonPattern.extension","OrganspezifischeZusatzmodule.Prostata.GleasonPattern.extension","","extensions
user content","",0,*,"","","","Extension {[]} {[]}
","Additional content defined by implementations","May be used to represent additional information that is not part of the basic definition of the element. To make the use of extensions safe and manageable, there is a strict set of governance  applied to the definition and use of extensions. Though any implementer can define an extension, there is a set of requirements that SHALL be met as part of the definition of the extension.","There can be no stigma associated with the use of extensions by any application, project, or standard - regardless of the institution or jurisdiction that uses or defines the extensions.  The use of extensions is what allows the FHIR specification to retain a core level of simplicity for everyone.","","","","","","","","",,,,,"","value:url}
","Extensions are always sliced by (at least) url",,"open","Element.extension",0,*,"","ele-1:All FHIR elements must have a @value or children {hasValue() or (children().count() > id.count())}
ext-1:Must have either extensions or value[x], not both {extension.exists() != value.exists()}","n/a"
"OrganspezifischeZusatzmodule.Prostata.GleasonPattern.modifierExtension","OrganspezifischeZusatzmodule.Prostata.GleasonPattern.modifierExtension","","extensions
user contentmodifiers","",0,*,"","Y","Y","Extension {[]} {[]}
","Extensions that cannot be ignored even if unrecognized","May be used to represent additional information that is not part of the basic definition of the element and that modifies the understanding of the element in which it is contained and/or the understanding of the containing element's descendants. Usually modifier elements provide negation or qualification. To make the use of extensions safe and manageable, there is a strict set of governance applied to the definition and use of extensions. Though any implementer can define an extension, there is a set of requirements that SHALL be met as part of the definition of the extension. Applications processing a resource are required to check for modifier extensions.

Modifier extensions SHALL NOT change the meaning of any elements on Resource or DomainResource (including cannot change the meaning of modifierExtension itself).","There can be no stigma associated with the use of extensions by any application, project, or standard - regardless of the institution or jurisdiction that uses or defines the extensions.  The use of extensions is what allows the FHIR specification to retain a core level of simplicity for everyone.","Modifier extensions allow for extensions that *cannot* be safely ignored to be clearly distinguished from the vast majority of extensions which can be safely ignored.  This promotes interoperability by eliminating the need for implementers to prohibit the presence of extensions. For further information, see the [definition of modifier extensions](http://hl7.org/fhir/R4/extensibility.html#modifierExtension).","","","","","","","",,,,,"",,,,"BackboneElement.modifierExtension",0,*,"","ele-1:All FHIR elements must have a @value or children {hasValue() or (children().count() > id.count())}
ext-1:Must have either extensions or value[x], not both {extension.exists() != value.exists()}","N/A"
"OrganspezifischeZusatzmodule.Prostata.GleasonPattern.PatternTyp","OrganspezifischeZusatzmodule.Prostata.GleasonPattern.PatternTyp","","","",0,1,"","","","CodeableConcept {[]} {[]}
","Pattern Typ","Primäres, sekundäres oder tertiäres Gleason Pattern.","","","","","","","","","",,,,,"",,,,"OrganspezifischeZusatzmodule.Prostata.GleasonPattern.PatternTyp",0,1,"","","Observation.code","P2.1"
"OrganspezifischeZusatzmodule.Prostata.GleasonPattern.PatternWert","OrganspezifischeZusatzmodule.Prostata.GleasonPattern.PatternWert","","","",0,1,"","","","CodeableConcept {[]} {[]}
","Pattern Wert","Gleason Pattern Wert (1-5, ab 3 als maligne).","","","","","","","","","",,,,,"",,,,"OrganspezifischeZusatzmodule.Prostata.GleasonPattern.PatternWert",0,1,"","","Observation.valueCodeableConcept","P2.2"
"OrganspezifischeZusatzmodule.Prostata.GleasonScore","OrganspezifischeZusatzmodule.Prostata.GleasonScore","","","",0,1,"","","","BackboneElement {[]} {[]}
","Gleason Score","Gleason Score","","","","","","","","","",,,,,"",,,,"OrganspezifischeZusatzmodule.Prostata.GleasonScore",0,1,"","ele-1:All FHIR elements must have a @value or children {hasValue() or (children().count() > id.count())}
","Observation.where(code.coding.system='http://loinc.org' and code.coding.code='44642-7')","P3"
"OrganspezifischeZusatzmodule.Prostata.GleasonScore.id","OrganspezifischeZusatzmodule.Prostata.GleasonScore.id","","","",0,1,"","","","string {[]} {[]}
","Unique id for inter-element referencing","Unique id for the element within a resource (for internal references). This may be any string value that does not contain spaces.","","","","","","","","","",,,,,"",,,,"Element.id",0,1,"","","n/a"
"OrganspezifischeZusatzmodule.Prostata.GleasonScore.extension","OrganspezifischeZusatzmodule.Prostata.GleasonScore.extension","","extensions
user content","",0,*,"","","","Extension {[]} {[]}
","Additional content defined by implementations","May be used to represent additional information that is not part of the basic definition of the element. To make the use of extensions safe and manageable, there is a strict set of governance  applied to the definition and use of extensions. Though any implementer can define an extension, there is a set of requirements that SHALL be met as part of the definition of the extension.","There can be no stigma associated with the use of extensions by any application, project, or standard - regardless of the institution or jurisdiction that uses or defines the extensions.  The use of extensions is what allows the FHIR specification to retain a core level of simplicity for everyone.","","","","","","","","",,,,,"","value:url}
","Extensions are always sliced by (at least) url",,"open","Element.extension",0,*,"","ele-1:All FHIR elements must have a @value or children {hasValue() or (children().count() > id.count())}
ext-1:Must have either extensions or value[x], not both {extension.exists() != value.exists()}","n/a"
"OrganspezifischeZusatzmodule.Prostata.GleasonScore.modifierExtension","OrganspezifischeZusatzmodule.Prostata.GleasonScore.modifierExtension","","extensions
user contentmodifiers","",0,*,"","Y","Y","Extension {[]} {[]}
","Extensions that cannot be ignored even if unrecognized","May be used to represent additional information that is not part of the basic definition of the element and that modifies the understanding of the element in which it is contained and/or the understanding of the containing element's descendants. Usually modifier elements provide negation or qualification. To make the use of extensions safe and manageable, there is a strict set of governance applied to the definition and use of extensions. Though any implementer can define an extension, there is a set of requirements that SHALL be met as part of the definition of the extension. Applications processing a resource are required to check for modifier extensions.

Modifier extensions SHALL NOT change the meaning of any elements on Resource or DomainResource (including cannot change the meaning of modifierExtension itself).","There can be no stigma associated with the use of extensions by any application, project, or standard - regardless of the institution or jurisdiction that uses or defines the extensions.  The use of extensions is what allows the FHIR specification to retain a core level of simplicity for everyone.","Modifier extensions allow for extensions that *cannot* be safely ignored to be clearly distinguished from the vast majority of extensions which can be safely ignored.  This promotes interoperability by eliminating the need for implementers to prohibit the presence of extensions. For further information, see the [definition of modifier extensions](http://hl7.org/fhir/R4/extensibility.html#modifierExtension).","","","","","","","",,,,,"",,,,"BackboneElement.modifierExtension",0,*,"","ele-1:All FHIR elements must have a @value or children {hasValue() or (children().count() > id.count())}
ext-1:Must have either extensions or value[x], not both {extension.exists() != value.exists()}","N/A"
"OrganspezifischeZusatzmodule.Prostata.GleasonScore.Score","OrganspezifischeZusatzmodule.Prostata.GleasonScore.Score","","","",0,1,"","","","CodeableConcept {[]} {[]}
","Gleason Score","Summe aus primärem und sekundärem Pattern.","","","","","","","","","",,,,,"",,,,"OrganspezifischeZusatzmodule.Prostata.GleasonScore.Score",0,1,"","","Observation.valueCodeableConcept","P3.1"
"OrganspezifischeZusatzmodule.Prostata.GleasonScore.GradeGroup","OrganspezifischeZusatzmodule.Prostata.GleasonScore.GradeGroup","","","",0,1,"","","","CodeableConcept {[]} {[]}
","Grade Group","Internationale Standard Grade Group (1-5).","","","","","","","","","",,,,,"",,,,"OrganspezifischeZusatzmodule.Prostata.GleasonScore.GradeGroup",0,1,"","","Observation.component.where(code.coding.system='http://loinc.org' and code.coding.code='79892-6').valueCodeableConcept","P3.2"
"OrganspezifischeZusatzmodule.Prostata.BiopsieErgebnisse","OrganspezifischeZusatzmodule.Prostata.BiopsieErgebnisse","","","",0,1,"","","","BackboneElement {[]} {[]}
","Biopsie Ergebnisse","Biopsie Ergebnisse","","","","","","","","","",,,,,"",,,,"OrganspezifischeZusatzmodule.Prostata.BiopsieErgebnisse",0,1,"","ele-1:All FHIR elements must have a @value or children {hasValue() or (children().count() > id.count())}
","Observation Collection","P4"
"OrganspezifischeZusatzmodule.Prostata.BiopsieErgebnisse.id","OrganspezifischeZusatzmodule.Prostata.BiopsieErgebnisse.id","","","",0,1,"","","","string {[]} {[]}
","Unique id for inter-element referencing","Unique id for the element within a resource (for internal references). This may be any string value that does not contain spaces.","","","","","","","","","",,,,,"",,,,"Element.id",0,1,"","","n/a"
"OrganspezifischeZusatzmodule.Prostata.BiopsieErgebnisse.extension","OrganspezifischeZusatzmodule.Prostata.BiopsieErgebnisse.extension","","extensions
user content","",0,*,"","","","Extension {[]} {[]}
","Additional content defined by implementations","May be used to represent additional information that is not part of the basic definition of the element. To make the use of extensions safe and manageable, there is a strict set of governance  applied to the definition and use of extensions. Though any implementer can define an extension, there is a set of requirements that SHALL be met as part of the definition of the extension.","There can be no stigma associated with the use of extensions by any application, project, or standard - regardless of the institution or jurisdiction that uses or defines the extensions.  The use of extensions is what allows the FHIR specification to retain a core level of simplicity for everyone.","","","","","","","","",,,,,"","value:url}
","Extensions are always sliced by (at least) url",,"open","Element.extension",0,*,"","ele-1:All FHIR elements must have a @value or children {hasValue() or (children().count() > id.count())}
ext-1:Must have either extensions or value[x], not both {extension.exists() != value.exists()}","n/a"
"OrganspezifischeZusatzmodule.Prostata.BiopsieErgebnisse.modifierExtension","OrganspezifischeZusatzmodule.Prostata.BiopsieErgebnisse.modifierExtension","","extensions
user contentmodifiers","",0,*,"","Y","Y","Extension {[]} {[]}
","Extensions that cannot be ignored even if unrecognized","May be used to represent additional information that is not part of the basic definition of the element and that modifies the understanding of the element in which it is contained and/or the understanding of the containing element's descendants. Usually modifier elements provide negation or qualification. To make the use of extensions safe and manageable, there is a strict set of governance applied to the definition and use of extensions. Though any implementer can define an extension, there is a set of requirements that SHALL be met as part of the definition of the extension. Applications processing a resource are required to check for modifier extensions.

Modifier extensions SHALL NOT change the meaning of any elements on Resource or DomainResource (including cannot change the meaning of modifierExtension itself).","There can be no stigma associated with the use of extensions by any application, project, or standard - regardless of the institution or jurisdiction that uses or defines the extensions.  The use of extensions is what allows the FHIR specification to retain a core level of simplicity for everyone.","Modifier extensions allow for extensions that *cannot* be safely ignored to be clearly distinguished from the vast majority of extensions which can be safely ignored.  This promotes interoperability by eliminating the need for implementers to prohibit the presence of extensions. For further information, see the [definition of modifier extensions](http://hl7.org/fhir/R4/extensibility.html#modifierExtension).","","","","","","","",,,,,"",,,,"BackboneElement.modifierExtension",0,*,"","ele-1:All FHIR elements must have a @value or children {hasValue() or (children().count() > id.count())}
ext-1:Must have either extensions or value[x], not both {extension.exists() != value.exists()}","N/A"
"OrganspezifischeZusatzmodule.Prostata.BiopsieErgebnisse.AnzahlStanzen","OrganspezifischeZusatzmodule.Prostata.BiopsieErgebnisse.AnzahlStanzen","","","",0,1,"","","","Quantity {[]} {[]}
","Anzahl Stanzen","Gesamtanzahl der entnommenen Biopsie-Stanzen.","","","","","","","","","",,,,,"",,,,"OrganspezifischeZusatzmodule.Prostata.BiopsieErgebnisse.AnzahlStanzen",0,1,"","","Observation.where(code.coding.system='http://loinc.org' and code.coding.code='33747-0').valueQuantity","P4.1"
"OrganspezifischeZusatzmodule.Prostata.BiopsieErgebnisse.AnzahlPositiverStanzen","OrganspezifischeZusatzmodule.Prostata.BiopsieErgebnisse.AnzahlPositiverStanzen","","","",0,1,"","","","Quantity {[]} {[]}
","Anzahl positive Stanzen","Anzahl der tumorpositiven Stanzen.","","","","","","","","","",,,,,"",,,,"OrganspezifischeZusatzmodule.Prostata.BiopsieErgebnisse.AnzahlPositiverStanzen",0,1,"","","Observation.where(code.coding.system='http://loinc.org' and code.coding.code='33746-2').valueQuantity","P4.2"
"OrganspezifischeZusatzmodule.Prostata.BiopsieErgebnisse.KarzinomBefallStanze","OrganspezifischeZusatzmodule.Prostata.BiopsieErgebnisse.KarzinomBefallStanze","","","",0,1,"","","","Quantity {[]} {[]}
","Karzinom-Befall je Stanze","Prozentuale Ausdehnung des Karzinoms in der Stanze.","","","","","","","","","",,,,,"",,,,"OrganspezifischeZusatzmodule.Prostata.BiopsieErgebnisse.KarzinomBefallStanze",0,1,"","","Observation.where(code.coding.system='http://loinc.org' and code.coding.code='44637-7').valueQuantity","P4.3"
"OrganspezifischeZusatzmodule.Prostata.ChirurgischeKomplikationen","OrganspezifischeZusatzmodule.Prostata.ChirurgischeKomplikationen","","","",0,1,"","","","BackboneElement {[]} {[]}
","Chirurgische Komplikationen","Chirurgische Komplikationen","","","","","","","","","",,,,,"",,,,"OrganspezifischeZusatzmodule.Prostata.ChirurgischeKomplikationen",0,1,"","ele-1:All FHIR elements must have a @value or children {hasValue() or (children().count() > id.count())}
","Observation.where(method.coding.system='http://snomed.info/sct' and method.coding.code='789278003')","P5"
"OrganspezifischeZusatzmodule.Prostata.ChirurgischeKomplikationen.id","OrganspezifischeZusatzmodule.Prostata.ChirurgischeKomplikationen.id","","","",0,1,"","","","string {[]} {[]}
","Unique id for inter-element referencing","Unique id for the element within a resource (for internal references). This may be any string value that does not contain spaces.","","","","","","","","","",,,,,"",,,,"Element.id",0,1,"","","n/a"
"OrganspezifischeZusatzmodule.Prostata.ChirurgischeKomplikationen.extension","OrganspezifischeZusatzmodule.Prostata.ChirurgischeKomplikationen.extension","","extensions
user content","",0,*,"","","","Extension {[]} {[]}
","Additional content defined by implementations","May be used to represent additional information that is not part of the basic definition of the element. To make the use of extensions safe and manageable, there is a strict set of governance  applied to the definition and use of extensions. Though any implementer can define an extension, there is a set of requirements that SHALL be met as part of the definition of the extension.","There can be no stigma associated with the use of extensions by any application, project, or standard - regardless of the institution or jurisdiction that uses or defines the extensions.  The use of extensions is what allows the FHIR specification to retain a core level of simplicity for everyone.","","","","","","","","",,,,,"","value:url}
","Extensions are always sliced by (at least) url",,"open","Element.extension",0,*,"","ele-1:All FHIR elements must have a @value or children {hasValue() or (children().count() > id.count())}
ext-1:Must have either extensions or value[x], not both {extension.exists() != value.exists()}","n/a"
"OrganspezifischeZusatzmodule.Prostata.ChirurgischeKomplikationen.modifierExtension","OrganspezifischeZusatzmodule.Prostata.ChirurgischeKomplikationen.modifierExtension","","extensions
user contentmodifiers","",0,*,"","Y","Y","Extension {[]} {[]}
","Extensions that cannot be ignored even if unrecognized","May be used to represent additional information that is not part of the basic definition of the element and that modifies the understanding of the element in which it is contained and/or the understanding of the containing element's descendants. Usually modifier elements provide negation or qualification. To make the use of extensions safe and manageable, there is a strict set of governance applied to the definition and use of extensions. Though any implementer can define an extension, there is a set of requirements that SHALL be met as part of the definition of the extension. Applications processing a resource are required to check for modifier extensions.

Modifier extensions SHALL NOT change the meaning of any elements on Resource or DomainResource (including cannot change the meaning of modifierExtension itself).","There can be no stigma associated with the use of extensions by any application, project, or standard - regardless of the institution or jurisdiction that uses or defines the extensions.  The use of extensions is what allows the FHIR specification to retain a core level of simplicity for everyone.","Modifier extensions allow for extensions that *cannot* be safely ignored to be clearly distinguished from the vast majority of extensions which can be safely ignored.  This promotes interoperability by eliminating the need for implementers to prohibit the presence of extensions. For further information, see the [definition of modifier extensions](http://hl7.org/fhir/R4/extensibility.html#modifierExtension).","","","","","","","",,,,,"",,,,"BackboneElement.modifierExtension",0,*,"","ele-1:All FHIR elements must have a @value or children {hasValue() or (children().count() > id.count())}
ext-1:Must have either extensions or value[x], not both {extension.exists() != value.exists()}","N/A"
"OrganspezifischeZusatzmodule.Prostata.ChirurgischeKomplikationen.ClavienDindoGrad","OrganspezifischeZusatzmodule.Prostata.ChirurgischeKomplikationen.ClavienDindoGrad","","","",0,1,"","","","CodeableConcept {[]} {[]}
","Clavien-Dindo Grad","Graduierung postoperativer Komplikationen nach Clavien-Dindo.","","","","","","","","","",,,,,"",,,,"OrganspezifischeZusatzmodule.Prostata.ChirurgischeKomplikationen.ClavienDindoGrad",0,1,"","","Observation.valueCodeableConcept","P5.1"
"OrganspezifischeZusatzmodule.Prostata.ChirurgischeKomplikationen.KomplikationsArt","OrganspezifischeZusatzmodule.Prostata.ChirurgischeKomplikationen.KomplikationsArt","","","",0,1,"","","","CodeableConcept {[]} {[]}
","Komplikationsart","Spezifische Art der postoperativen Komplikation.","","","","","","","","","",,,,,"",,,,"OrganspezifischeZusatzmodule.Prostata.ChirurgischeKomplikationen.KomplikationsArt",0,1,"","","Observation.component.where(code.coding.system='http://loinc.org' and code.coding.code='LA462-5').valueCodeableConcept","P5.2"
"OrganspezifischeZusatzmodule.MalignesMelanom","OrganspezifischeZusatzmodule.MalignesMelanom","","","",0,*,"","","","BackboneElement {[]} {[]}
","Malignes Melanom","Malignes Melanom","","","","","","","","","",,,,,"",,,,"OrganspezifischeZusatzmodule.MalignesMelanom",0,*,"","ele-1:All FHIR elements must have a @value or children {hasValue() or (children().count() > id.count())}
","Bundle/Collection von Melanom-spezifischen Ressourcen","Melanom-Zusatzmodul nach oBDS"
"OrganspezifischeZusatzmodule.MalignesMelanom.id","OrganspezifischeZusatzmodule.MalignesMelanom.id","","","",0,1,"","","","string {[]} {[]}
","Unique id for inter-element referencing","Unique id for the element within a resource (for internal references). This may be any string value that does not contain spaces.","","","","","","","","","",,,,,"",,,,"Element.id",0,1,"","","n/a"
"OrganspezifischeZusatzmodule.MalignesMelanom.extension","OrganspezifischeZusatzmodule.MalignesMelanom.extension","","extensions
user content","",0,*,"","","","Extension {[]} {[]}
","Additional content defined by implementations","May be used to represent additional information that is not part of the basic definition of the element. To make the use of extensions safe and manageable, there is a strict set of governance  applied to the definition and use of extensions. Though any implementer can define an extension, there is a set of requirements that SHALL be met as part of the definition of the extension.","There can be no stigma associated with the use of extensions by any application, project, or standard - regardless of the institution or jurisdiction that uses or defines the extensions.  The use of extensions is what allows the FHIR specification to retain a core level of simplicity for everyone.","","","","","","","","",,,,,"","value:url}
","Extensions are always sliced by (at least) url",,"open","Element.extension",0,*,"","ele-1:All FHIR elements must have a @value or children {hasValue() or (children().count() > id.count())}
ext-1:Must have either extensions or value[x], not both {extension.exists() != value.exists()}","n/a"
"OrganspezifischeZusatzmodule.MalignesMelanom.modifierExtension","OrganspezifischeZusatzmodule.MalignesMelanom.modifierExtension","","extensions
user contentmodifiers","",0,*,"","Y","Y","Extension {[]} {[]}
","Extensions that cannot be ignored even if unrecognized","May be used to represent additional information that is not part of the basic definition of the element and that modifies the understanding of the element in which it is contained and/or the understanding of the containing element's descendants. Usually modifier elements provide negation or qualification. To make the use of extensions safe and manageable, there is a strict set of governance applied to the definition and use of extensions. Though any implementer can define an extension, there is a set of requirements that SHALL be met as part of the definition of the extension. Applications processing a resource are required to check for modifier extensions.

Modifier extensions SHALL NOT change the meaning of any elements on Resource or DomainResource (including cannot change the meaning of modifierExtension itself).","There can be no stigma associated with the use of extensions by any application, project, or standard - regardless of the institution or jurisdiction that uses or defines the extensions.  The use of extensions is what allows the FHIR specification to retain a core level of simplicity for everyone.","Modifier extensions allow for extensions that *cannot* be safely ignored to be clearly distinguished from the vast majority of extensions which can be safely ignored.  This promotes interoperability by eliminating the need for implementers to prohibit the presence of extensions. For further information, see the [definition of modifier extensions](http://hl7.org/fhir/R4/extensibility.html#modifierExtension).","","","","","","","",,,,,"",,,,"BackboneElement.modifierExtension",0,*,"","ele-1:All FHIR elements must have a @value or children {hasValue() or (children().count() > id.count())}
ext-1:Must have either extensions or value[x], not both {extension.exists() != value.exists()}","N/A"
"OrganspezifischeZusatzmodule.MalignesMelanom.Sicherheitsabstand","OrganspezifischeZusatzmodule.MalignesMelanom.Sicherheitsabstand","","","",0,1,"","","","Quantity {[]} {[]}
","Sicherheitsabstand Primärtumor","Minimaler Sicherheitsabstand zum Primärtumor in mm gemäß oBDS MM1","","","","","","","","","",,,,,"",,,,"OrganspezifischeZusatzmodule.MalignesMelanom.Sicherheitsabstand",0,1,"","","Observation.where(code.coding.system='http://snomed.info/sct' and code.coding.code='396511007').valueQuantity","MM1"
"OrganspezifischeZusatzmodule.MalignesMelanom.BreslowTiefe","OrganspezifischeZusatzmodule.MalignesMelanom.BreslowTiefe","","","",0,1,"","","","Quantity {[]} {[]}
","Breslow-Tiefe","Breslow-Tumordicke in mm beim Malignen Melanom der Haut","","","","","","","","","",,,,,"",,,,"OrganspezifischeZusatzmodule.MalignesMelanom.BreslowTiefe",0,1,"","","Observation.where(code.coding.system='http://snomed.info/sct' and code.coding.code='106243009').valueQuantity","Breslow"
"OrganspezifischeZusatzmodule.MalignesMelanom.Ulzeration","OrganspezifischeZusatzmodule.MalignesMelanom.Ulzeration","","","",0,1,"","","","CodeableConcept {[]} {[]}
","Ulzeration","Pathologisches Kriterium der Ulzeration beim Malignen Melanom der Haut gemäß oBDS MM4","","","","","","","","","",,,,,"",,,,"OrganspezifischeZusatzmodule.MalignesMelanom.Ulzeration",0,1,"","","Observation.where(code.coding.system='http://snomed.info/sct' and code.coding.code='6270001000004106').valueCodeableConcept","MM4"
"OrganspezifischeZusatzmodule.MalignesMelanom.LDH","OrganspezifischeZusatzmodule.MalignesMelanom.LDH","","","",0,1,"","","","BackboneElement {[]} {[]}
","Laktatdehydrogenase","Laktatdehydrogenase","","","","","","","","","",,,,,"",,,,"OrganspezifischeZusatzmodule.MalignesMelanom.LDH",0,1,"","ele-1:All FHIR elements must have a @value or children {hasValue() or (children().count() > id.count())}
","Observation.where(code.coding.memberOf('mii-vs-onko-melanom-ldh'))","LDH"
"OrganspezifischeZusatzmodule.MalignesMelanom.LDH.id","OrganspezifischeZusatzmodule.MalignesMelanom.LDH.id","","","",0,1,"","","","string {[]} {[]}
","Unique id for inter-element referencing","Unique id for the element within a resource (for internal references). This may be any string value that does not contain spaces.","","","","","","","","","",,,,,"",,,,"Element.id",0,1,"","","n/a"
"OrganspezifischeZusatzmodule.MalignesMelanom.LDH.extension","OrganspezifischeZusatzmodule.MalignesMelanom.LDH.extension","","extensions
user content","",0,*,"","","","Extension {[]} {[]}
","Additional content defined by implementations","May be used to represent additional information that is not part of the basic definition of the element. To make the use of extensions safe and manageable, there is a strict set of governance  applied to the definition and use of extensions. Though any implementer can define an extension, there is a set of requirements that SHALL be met as part of the definition of the extension.","There can be no stigma associated with the use of extensions by any application, project, or standard - regardless of the institution or jurisdiction that uses or defines the extensions.  The use of extensions is what allows the FHIR specification to retain a core level of simplicity for everyone.","","","","","","","","",,,,,"","value:url}
","Extensions are always sliced by (at least) url",,"open","Element.extension",0,*,"","ele-1:All FHIR elements must have a @value or children {hasValue() or (children().count() > id.count())}
ext-1:Must have either extensions or value[x], not both {extension.exists() != value.exists()}","n/a"
"OrganspezifischeZusatzmodule.MalignesMelanom.LDH.modifierExtension","OrganspezifischeZusatzmodule.MalignesMelanom.LDH.modifierExtension","","extensions
user contentmodifiers","",0,*,"","Y","Y","Extension {[]} {[]}
","Extensions that cannot be ignored even if unrecognized","May be used to represent additional information that is not part of the basic definition of the element and that modifies the understanding of the element in which it is contained and/or the understanding of the containing element's descendants. Usually modifier elements provide negation or qualification. To make the use of extensions safe and manageable, there is a strict set of governance applied to the definition and use of extensions. Though any implementer can define an extension, there is a set of requirements that SHALL be met as part of the definition of the extension. Applications processing a resource are required to check for modifier extensions.

Modifier extensions SHALL NOT change the meaning of any elements on Resource or DomainResource (including cannot change the meaning of modifierExtension itself).","There can be no stigma associated with the use of extensions by any application, project, or standard - regardless of the institution or jurisdiction that uses or defines the extensions.  The use of extensions is what allows the FHIR specification to retain a core level of simplicity for everyone.","Modifier extensions allow for extensions that *cannot* be safely ignored to be clearly distinguished from the vast majority of extensions which can be safely ignored.  This promotes interoperability by eliminating the need for implementers to prohibit the presence of extensions. For further information, see the [definition of modifier extensions](http://hl7.org/fhir/R4/extensibility.html#modifierExtension).","","","","","","","",,,,,"",,,,"BackboneElement.modifierExtension",0,*,"","ele-1:All FHIR elements must have a @value or children {hasValue() or (children().count() > id.count())}
ext-1:Must have either extensions or value[x], not both {extension.exists() != value.exists()}","N/A"
"OrganspezifischeZusatzmodule.MalignesMelanom.LDH.Wert","OrganspezifischeZusatzmodule.MalignesMelanom.LDH.Wert","","","",0,1,"","","","Quantity {[]} {[]}
","LDH-Wert","Laktatdehydrogenase Aktivität in U/L als prognostischer Marker","","","","","","","","","",,,,,"",,,,"OrganspezifischeZusatzmodule.MalignesMelanom.LDH.Wert",0,1,"","","Observation.valueQuantity","LDH"
"OrganspezifischeZusatzmodule.MalignesMelanom.LDH.Bewertung","OrganspezifischeZusatzmodule.MalignesMelanom.LDH.Bewertung","","","",0,1,"","","","CodeableConcept {[]} {[]}
","LDH-Bewertung","Klinische Bewertung des LDH-Werts (normal/erhöht)","","","","","","","","","",,,,,"",,,,"OrganspezifischeZusatzmodule.MalignesMelanom.LDH.Bewertung",0,1,"","","Observation.interpretation","LDH"
